seller_id,seller_state,primary_category,seller_vintage,first_active_month,last_active_month,sale_year,sale_month,total_orders,total_revenue,avg_review_score,on_time_delivery_pct,cancellation_pct,pct_low_reviews,category_count,review_score_change,order_volume_change,delivery_rate_change,health_score,segment,review_sharp_drop,delivery_sharp_drop,orders_sharp_drop,early_warning_flag,baseline_review,baseline_delivery,baseline_orders,baseline_revenue,order_volume_norm,review_score_norm,delivery_norm
001cca7ae9ae17fb1caed9dfb1094831,ES,garden_tools,17,2017-02,2018-07,2018,7,1,166.04,5.0,100.0,0.0,0.0,1,0.0,-1,0.0,80.0,Star Performer,0,0,1,1,3.94,94.27,11.76,1996.13,0.0,100.0,100.0
002100f778ceb8431b7a1020ff7ab48f,SP,furniture_decor,8,2017-09,2018-04,2018,4,2,141.1,3.0,100.0,0.0,0.0,1,-0.5,-1,50.0,65.07,At-Risk,1,0,0,1,3.84,84.9,6.38,257.61,0.3703703703703704,50.0,100.0
004c9cd9d87a3c30c522c48c4fc07416,SP,bed_bath_table,17,2017-01,2018-05,2018,5,1,188.1,5.0,100.0,0.0,0.0,1,2.0,-3,0.0,80.0,Star Performer,0,0,1,1,4.14,91.62,8.65,1279.44,0.0,100.0,100.0
00720abe85ba0859807595bbf045a33b,SP,housewares,8,2018-01,2018-08,2018,8,1,141.67,1.0,0.0,0.0,100.0,1,-4.0,0,-100.0,24.05,Dormant,1,1,0,1,3.46,84.38,1.62,165.44,0.0,0.0,0.0
00ee68308b45bc5e2660cd833c3f81cc,SP,bed_bath_table,12,2017-09,2018-08,2018,8,1,231.92,4.0,0.0,0.0,0.0,1,0.0,0,-100.0,47.5,Dormant,0,1,0,1,4.41,87.06,11.25,1961.46,0.0,75.0,0.0
00fc707aaaad2d31347cf883cd2dfe10,PR,computers_accessories,6,2018-01,2018-06,2018,6,2,236.67,4.0,100.0,0.0,0.0,1,0.0,1,100.0,72.57,Stable,0,0,0,0,4.23,82.55,17.17,2634.45,0.3703703703703704,75.0,100.0
013900e863eace745d3ec7614cab5b1a,PR,fashion_shoes,7,2017-03,2018-04,2018,4,2,230.28,5.0,100.0,0.0,0.0,1,0.67,-4,0.0,80.07,Star Performer,0,0,0,0,4.82,100.0,3.29,298.48,0.3703703703703704,100.0,100.0
014c0679dd340a0e338872e7ec85666a,MG,kitchen_dining_laundry_garden_furniture,12,2017-01,2018-07,2018,7,1,737.36,1.0,100.0,0.0,200.0,1,-4.0,0,0.0,48.1,Dormant,1,0,0,1,3.83,88.89,1.17,640.53,0.0,0.0,100.0
014d9a685fd57276679edd00e07089e5,PR,stationery,5,2017-11,2018-08,2018,8,3,310.0,4.67,100.0,0.0,0.0,1,-0.33,1,0.0,77.67,Stable,0,0,0,0,3.08,100.0,2.2,175.36,0.7407407407407408,91.75,100.0
0176f73cc1195f367f7b32db1e5b3aa8,SP,bed_bath_table,9,2017-11,2018-08,2018,8,2,325.19,4.0,100.0,0.0,0.0,1,-0.71,-5,0.0,72.57,Stable,0,0,1,1,3.99,90.74,4.22,668.9,0.3703703703703704,75.0,100.0
01bcc9d254a0143f0ce9791b960b2a47,GO,health_beauty,5,2017-08,2018-02,2018,2,1,183.5,5.0,100.0,0.0,0.0,1,1.0,0,0.0,80.0,Star Performer,0,0,0,0,4.54,100.0,2.2,359.77,0.0,100.0,100.0
01cf7e3d21494c41fb86034f2e714fa1,PR,air_conditioning,9,2017-01,2018-02,2018,2,5,1342.73,3.8,100.0,0.0,20.0,1,-0.2,-4,0.0,71.11,Stable,1,0,0,1,4.27,97.84,6.44,1196.06,1.4814814814814816,70.0,100.0
01fd077212124329bac32490e8ef80d9,SP,health_beauty,5,2018-04,2018-08,2018,8,11,651.78,4.85,100.0,0.0,0.0,4,1.28,5,0.0,79.62,Star Performer,0,0,0,0,4.19,97.14,6.2,356.67,3.7037037037037033,96.24999999999999,100.0
01fdefa7697d26ad920e9e0346d4bd1b,PR,health_beauty,17,2017-04,2018-08,2018,8,17,2240.37,4.47,94.12,0.0,5.88,1,0.47,10,8.41,75.68,Stable,0,0,0,0,4.34,93.32,7.59,1040.59,5.9259259259259265,86.75,94.12
0241d4d5d36f10f80c644447315af0bd,PR,furniture_decor,11,2017-10,2018-08,2018,8,26,3924.49,4.33,96.3,0.0,11.54,1,-0.23,-10,-0.92,75.79,Stable,0,0,0,0,4.18,94.78,21.64,3497.95,9.25925925925926,83.25,96.3
0249d282d911d23cb8b869ab49c99f53,SP,sports_leisure,4,2017-09,2018-03,2018,3,1,34.79,5.0,0.0,0.0,0.0,1,0.5,-3,-75.0,55.0,Dormant,0,1,1,1,4.31,68.75,2.75,132.97,0.0,100.0,0.0
02c988090b766852e088c69d7fb3b551,SP,signaling_and_security,12,2017-07,2018-08,2018,8,1,183.12,5.0,100.0,0.0,0.0,1,1.0,0,0.0,80.0,Star Performer,0,0,0,0,4.58,100.0,1.08,153.08,0.0,100.0,100.0
02d35243ea2e497335cd0f076b45675d,RN,furniture_decor,8,2017-04,2018-08,2018,8,1,303.46,1.0,100.0,0.0,100.0,1,0.0,0,100.0,49.05,Dormant,0,0,0,0,2.08,63.12,1.75,799.99,0.0,0.0,100.0
02dcd3e8e25bee036e32512bcf175493,MG,stationery,6,2017-10,2018-08,2018,8,3,405.8,5.0,100.0,0.0,0.0,1,0.0,2,0.0,80.15,Star Performer,0,0,0,0,3.53,71.67,2.33,331.11,0.7407407407407408,100.0,100.0
02ecc2a19303f05e59ce133fd923fff7,SP,garden_tools,11,2017-06,2018-08,2018,8,1,141.25,5.0,100.0,0.0,0.0,1,0.0,-1,0.0,80.0,Star Performer,0,0,0,0,4.68,100.0,1.91,522.04,0.0,100.0,100.0
02f5837340d7eb4f653d676c7256523a,PR,luggage_accessories,8,2017-11,2018-08,2018,8,1,138.1,5.0,100.0,0.0,0.0,1,0.0,0,0.0,80.0,Star Performer,0,0,0,0,4.48,87.5,3.75,557.98,0.0,100.0,100.0
02f623a8eb246f3c5f7c2f96462654e6,SP,sports_leisure,5,2018-04,2018-08,2018,8,14,2429.09,4.46,85.71,0.0,7.14,1,-0.14,-1,-0.96,73.27,Stable,0,1,0,1,4.47,94.48,8.8,1441.53,4.814814814814815,86.5,85.71
0417b067eeab773d2f7061a726dc477f,SC,auto,5,2018-03,2018-08,2018,8,3,1129.25,3.33,100.0,0.0,33.33,1,-1.67,2,100.0,67.31,At-Risk,0,0,0,0,4.22,65.0,2.6,500.35,0.7407407407407408,58.25,100.0
04308b1ee57b6625f47df1d56f00eedf,SC,health_beauty,9,2017-11,2018-08,2018,8,16,9026.74,3.75,75.0,0.0,25.0,1,0.27,-11,-21.3,65.25,At-Risk,0,1,0,1,4.16,93.48,10.44,7020.55,5.555555555555555,68.75,75.0
0432ead42b6c8a0bdf68154add917fdf,SP,toys,14,2017-04,2018-07,2018,7,1,43.41,5.0,100.0,0.0,0.0,1,1.0,0,0.0,80.0,Star Performer,0,0,1,1,4.37,94.82,6.07,642.83,0.0,100.0,100.0
048c2757535328e0d7dac690ad3c0aae,SP,fashion_shoes,17,2017-03,2018-08,2018,8,2,534.44,4.5,100.0,0.0,0.0,1,-0.5,-1,0.0,76.32,Stable,0,0,0,0,4.32,88.53,3.0,620.65,0.3703703703703704,87.5,100.0
04aa0a1c5ce6b222003403a3e11c3cc0,SP,auto,7,2017-03,2018-01,2018,1,1,207.02,4.0,100.0,0.0,0.0,1,1.29,-3,14.29,72.5,Stable,0,0,0,0,3.84,83.67,1.57,905.64,0.0,75.0,100.0
04aba03279157f6d4e0fe8ccaf21963c,RJ,health_beauty,11,2017-05,2018-08,2018,8,1,236.46,5.0,100.0,0.0,0.0,1,4.0,0,0.0,80.0,Star Performer,0,0,0,0,4.36,95.45,1.45,265.67,0.0,100.0,100.0
04e38a233f726ef161074ab1c9b0399a,SP,sports_leisure,7,2017-09,2018-05,2018,5,1,46.19,5.0,100.0,0.0,0.0,1,1.67,-2,0.0,80.0,Star Performer,0,0,0,0,4.03,93.57,3.29,258.75,0.0,100.0,100.0
04fdea0c111866e6cf812f1570d6b5bd,SP,computers_accessories,4,2017-10,2018-01,2018,1,6,692.68,3.17,100.0,16.67,16.67,1,1.67,4,50.0,65.65,At-Risk,0,0,0,0,3.67,87.5,2.5,315.49,1.8518518518518516,54.25,100.0
0509040ea3fe50071181bbc359eb7738,MG,sports_leisure,16,2017-05,2018-08,2018,8,1,70.38,5.0,100.0,0.0,0.0,1,0.5,-1,0.0,80.0,Star Performer,0,0,0,0,4.42,96.56,5.56,323.94,0.0,100.0,100.0
054694fa03fe82cec4b7551487331d74,SP,small_appliances,10,2017-01,2018-04,2018,4,1,636.31,5.0,100.0,0.0,0.0,1,2.0,-2,66.67,80.0,Star Performer,0,0,0,0,3.07,63.33,2.1,1070.38,0.0,100.0,100.0
056b4ada5bbc2c50cc7842547dda6b51,RJ,watches_gifts,9,2017-12,2018-08,2018,8,10,2453.26,4.1,90.0,0.0,10.0,2,0.19,-2,6.67,71.32,Stable,0,0,0,0,4.01,85.34,7.22,1515.49,3.3333333333333335,77.49999999999999,90.0
058cb5aeb36d7c0fcae20fc85d5e0a59,RJ,luggage_accessories,7,2017-09,2018-08,2018,8,2,330.18,2.5,50.0,0.0,50.0,1,-2.5,1,-50.0,48.35,Dormant,0,1,0,1,3.53,92.86,1.71,301.06,0.3703703703703704,37.5,50.0
058fd0aa2bfdb2274e05e1ae971dabb6,SP,perfumery,11,2017-08,2018-06,2018,6,3,354.8,5.0,100.0,0.0,0.0,1,1.33,-2,33.33,80.15,Star Performer,0,0,0,0,4.12,85.61,5.55,785.97,0.7407407407407408,100.0,100.0
05a940b4ecae36cadfd8e93bd9c43257,GO,cool_stuff,6,2017-07,2018-02,2018,2,1,65.05,4.0,100.0,0.0,0.0,1,3.0,-1,0.0,72.5,Stable,0,0,0,0,4.03,100.0,1.67,191.49,0.0,75.0,100.0
05d2173d43ea568aa0540eba70d2ca76,MG,auto,11,2017-09,2018-08,2018,8,4,445.26,4.75,100.0,0.0,0.0,1,0.75,2,0.0,78.35,Stable,0,0,0,0,4.06,96.79,5.64,676.27,1.1111111111111112,93.75,100.0
05f51e13da97139648b8125c31e5f51b,MG,baby,8,2017-07,2018-03,2018,3,2,1235.23,4.67,100.0,0.0,0.0,1,-0.33,1,0.0,77.6,Stable,0,0,0,0,4.0,91.94,7.5,1973.54,0.3703703703703704,91.75,100.0
05ff92fedb5be47920fea08e501238b9,RS,cool_stuff,18,2017-01,2018-08,2018,8,4,2160.89,4.75,75.0,0.0,0.0,2,-0.25,3,-25.0,72.1,Stable,0,1,0,1,4.22,95.83,3.17,1319.94,1.1111111111111112,93.75,75.0
062ce95fa2ad4dfaedfc79260130565f,RS,furniture_decor,9,2017-01,2017-09,2017,9,1,43.0,3.0,100.0,0.0,0.0,1,0.2,-4,50.0,65.0,At-Risk,0,0,1,1,3.58,94.44,6.11,969.05,0.0,50.0,100.0
06579cb253ecd5a3a12a9e6eb6bf8f47,SP,housewares,13,2017-08,2018-08,2018,8,8,686.92,4.11,77.78,0.0,25.0,1,-0.56,5,-22.22,68.05,Stable,0,0,0,0,3.91,87.01,4.77,478.97,2.5925925925925926,77.75000000000001,77.78
066a6914e1ebf3ea95a216c73a986b91,PR,sports_leisure,18,2017-01,2018-08,2018,8,2,96.94,4.0,100.0,0.0,0.0,2,-0.67,-1,0.0,72.57,Stable,0,0,0,0,4.04,97.69,3.72,612.48,0.3703703703703704,75.0,100.0
0691148aee60ca47977c187804f935ae,PR,sports_leisure,10,2017-11,2018-08,2018,8,13,1205.56,4.6,100.0,0.0,0.0,5,0.27,8,0.0,77.89,Stable,0,0,0,0,3.96,96.67,4.7,744.63,4.444444444444445,89.99999999999999,100.0
06a2c3af7b3aee5d69171b0e14f0ee87,MA,health_beauty,8,2018-01,2018-08,2018,8,66,8437.01,4.31,97.06,0.0,9.09,1,0.53,-7,40.48,78.82,Stable,0,0,0,0,4.05,77.67,49.0,6090.8,24.074074074074073,82.74999999999999,97.06
06bb3a2fe5e7b7a845b13e8fb91bd944,MG,health_beauty,10,2017-09,2018-07,2018,7,1,105.33,5.0,100.0,0.0,0.0,1,1.0,-1,0.0,80.0,Star Performer,0,0,0,0,4.45,100.0,1.7,186.23,0.0,100.0,100.0
06df0c10d34e459d9672bc77388742eb,PR,sports_leisure,6,2018-03,2018-08,2018,8,1,314.43,5.0,100.0,0.0,0.0,1,0.25,-6,0.0,80.0,Star Performer,0,0,1,1,4.48,92.13,4.33,1599.3,0.0,100.0,100.0
06e5eefc71ec47ae763c5c6f8db7064f,RS,computers_accessories,17,2017-04,2018-08,2018,8,9,3257.02,4.44,100.0,0.0,0.0,4,1.44,7,0.0,76.39,Stable,0,0,0,0,3.86,98.93,5.41,1434.23,2.9629629629629632,86.00000000000001,100.0
070d165398b553f3b4b851c216b8a358,SP,pet_shop,12,2017-08,2018-08,2018,8,3,353.88,3.5,75.0,0.0,33.33,1,1.5,-1,-25.0,62.33,At-Risk,0,0,0,0,3.33,82.64,2.67,366.4,0.7407407407407408,62.5,75.0
0725b8c0f3f906e58f70cbe76b7c748c,SP,housewares,7,2017-01,2018-08,2018,8,2,253.76,3.0,50.0,0.0,0.0,1,0.0,-5,-31.25,52.57,Dormant,0,0,0,0,3.63,73.85,2.43,437.86,0.3703703703703704,50.0,50.0
0747d5bb69f0586cc869d8af4c50f93e,RJ,perfumery,5,2017-01,2017-06,2017,6,3,95.94,2.33,100.0,0.0,66.67,2,1.33,2,0.0,59.49,At-Risk,0,0,0,0,3.17,96.67,2.4,90.42,0.7407407407407408,33.25,100.0
07bf9669d84d1f11be443a9dd938f698,SP,kitchen_dining_laundry_garden_furniture,10,2017-03,2018-06,2018,6,3,488.4,1.8,100.0,0.0,133.33,1,-0.53,1,0.0,54.88,Dormant,1,0,0,1,3.51,100.0,1.8,242.22,0.7407407407407408,20.0,100.0
080102cd0a76b09e0dcf55fcacc60e05,MG,computers_accessories,13,2017-07,2018-08,2018,8,18,1471.39,4.11,100.0,0.0,11.11,2,-0.64,6,0.0,74.48,Stable,1,0,0,1,4.61,96.49,9.54,608.67,6.296296296296296,77.75000000000001,100.0
080199a181c46c657dc5aa235411be3b,SP,auto,12,2017-09,2018-08,2018,8,2,342.17,5.0,100.0,0.0,0.0,1,0.0,1,0.0,80.07,Star Performer,0,0,1,1,4.72,98.21,6.58,1295.41,0.3703703703703704,100.0,100.0
08084d990eb3f53af056ccbc1730c8a7,SP,electronics,5,2018-02,2018-08,2018,8,1,31.12,5.0,100.0,0.0,0.0,1,0.0,-1,0.0,80.0,Star Performer,0,0,0,0,4.4,100.0,2.4,121.36,0.0,100.0,100.0
082e0bf4cb865a6533b1e8e498cc0255,SP,garden_tools,7,2017-10,2018-08,2018,8,2,738.41,3.17,100.0,0.0,0.0,1,-1.83,1,0.0,66.35,At-Risk,0,0,0,0,3.64,85.71,1.57,437.76,0.3703703703703704,54.25,100.0
08633c14ef2db992c11f840f04fad4cd,SP,sports_leisure,9,2017-12,2018-08,2018,8,7,607.5,4.56,88.89,0.0,0.0,3,-0.44,1,-11.11,74.37,Stable,0,0,0,0,4.32,94.11,8.22,1007.65,2.2222222222222223,88.99999999999999,88.89
0885aaf116795758dfeb5f1032487bcd,SP,bed_bath_table,8,2017-12,2018-08,2018,8,7,955.08,4.56,88.89,0.0,0.0,1,0.16,2,-11.11,74.37,Stable,0,1,0,1,4.18,98.61,3.5,395.29,2.2222222222222223,88.99999999999999,88.89
0887a9f087bcd5d9f6642b52f897fc6c,SP,telephony,7,2017-02,2017-08,2017,8,1,164.79,5.0,100.0,0.0,0.0,1,2.0,0,0.0,80.0,Star Performer,0,0,0,0,4.48,97.62,1.71,266.05,0.0,100.0,100.0
08d0949a9a17c027262db1f3c450c26c,PR,furniture_decor,7,2017-08,2018-08,2018,8,2,108.47,5.0,100.0,0.0,0.0,1,4.0,1,0.0,80.07,Star Performer,0,0,0,0,3.44,100.0,1.71,87.06,0.3703703703703704,100.0,100.0
08d2d642cf72b622b14dde1d2f5eb2f5,SP,stationery,8,2017-02,2017-12,2017,12,3,158.43,4.71,85.71,0.0,0.0,1,0.38,-1,19.04,74.4,Stable,0,0,0,0,4.67,89.88,1.88,143.94,0.7407407407407408,92.75,85.71
093805f8f2aeb63881444571e1f48f30,SP,health_beauty,6,2017-08,2018-01,2018,1,2,64.97,4.5,100.0,0.0,0.0,1,-0.5,1,0.0,76.32,Stable,0,0,0,0,4.46,97.62,3.67,259.96,0.3703703703703704,87.5,100.0
094ced053e257ae8cae57205592d6712,SP,health_beauty,4,2018-04,2018-07,2018,7,4,242.71,4.25,100.0,0.0,0.0,2,0.58,1,0.0,74.6,Stable,0,0,0,0,3.99,100.0,4.75,494.56,1.1111111111111112,81.25,100.0
099095b050cfe8eb1ddff5317587e96e,SP,housewares,6,2017-12,2018-08,2018,8,1,473.98,4.0,100.0,0.0,0.0,1,1.67,-1,0.0,72.5,Stable,0,0,0,0,3.06,77.78,2.83,984.86,0.0,75.0,100.0
09f952a5f58d2285b0372551ae8f9b01,SP,furniture_decor,12,2017-09,2018-08,2018,8,10,1781.06,3.5,100.0,0.0,30.0,1,-0.5,3,0.0,69.13,Stable,0,0,0,0,4.03,95.06,4.17,1112.2,3.3333333333333335,62.5,100.0
0a85ebe4e328db81ac9109781205e2f7,SP,furniture_decor,3,2018-05,2018-08,2018,8,7,493.39,4.43,100.0,0.0,0.0,2,-0.32,3,25.0,76.17,Stable,1,0,0,1,4.73,91.67,4.0,268.55,2.2222222222222223,85.75,100.0
0ac4201fda2c68ebc0e47cb9423cf3c9,SP,health_beauty,8,2017-06,2018-06,2018,6,2,116.59,4.5,100.0,0.0,0.0,1,-0.5,1,0.0,76.32,Stable,0,0,0,0,4.31,87.5,1.62,245.83,0.3703703703703704,87.5,100.0
0adac9fbd9a2b63cccaac4f8756c1ca8,SP,housewares,19,2017-01,2018-08,2018,8,1,284.89,5.0,100.0,0.0,0.0,1,2.0,-1,0.0,80.0,Star Performer,0,0,1,1,4.02,94.72,5.79,972.68,0.0,100.0,100.0
0afccdb8a34ee5c79f7c06faf2b4d56e,MG,telephony,10,2017-04,2018-04,2018,4,1,61.96,5.0,100.0,0.0,0.0,1,4.0,0,100.0,80.0,Star Performer,0,0,0,0,4.03,88.0,2.5,161.38,0.0,100.0,100.0
0b35c634521043bf4b47e21547b99ab5,PR,construction_tools_construction,9,2017-12,2018-08,2018,8,2,1277.18,3.4,100.0,0.0,0.0,1,-0.27,0,0.0,68.07,Stable,0,0,0,0,3.56,90.22,5.67,1667.64,0.3703703703703704,60.0,100.0
0b90b6df587eb83608a64ea8b390cf07,PR,computers_accessories,11,2017-10,2018-08,2018,8,4,474.72,4.0,100.0,0.0,25.0,1,-1.0,-1,0.0,72.48,Stable,0,0,0,0,4.06,98.8,14.91,2998.08,1.1111111111111112,75.0,100.0
0bae85eb84b9fb3bd773911e89288d54,SP,housewares,17,2017-03,2018-08,2018,8,2,160.04,4.5,100.0,0.0,0.0,2,0.5,-2,0.0,76.32,Stable,0,0,1,1,4.1,99.26,8.06,612.14,0.3703703703703704,87.5,100.0
0bb738e4d789e63e2267697c42d35a2d,SP,industry_commerce_and_business,13,2017-02,2018-06,2018,6,1,354.24,5.0,100.0,0.0,0.0,1,0.0,-1,0.0,80.0,Star Performer,0,0,0,0,4.54,96.15,2.31,233.13,0.0,100.0,100.0
0be8ff43f22e456b4e0371b2245e4d01,SP,sports_leisure,16,2017-05,2018-08,2018,8,9,775.56,4.33,100.0,11.11,11.11,5,0.52,-5,6.67,74.91,Stable,0,0,0,0,4.1,97.05,10.06,899.04,2.9629629629629632,83.25,100.0
0bf0150d5b9d60d9cd2906003332f085,SP,furniture_decor,14,2017-02,2018-07,2018,7,1,121.04,3.0,100.0,0.0,0.0,1,-0.67,-2,0.0,65.0,At-Risk,0,0,1,1,3.95,85.39,2.79,490.88,0.0,50.0,100.0
0c7533c71df861ec58ad7ff999ed0e8d,SP,perfumery,12,2017-07,2018-07,2018,7,1,63.03,5.0,100.0,0.0,0.0,1,1.0,-1,0.0,80.0,Star Performer,0,0,1,1,4.14,96.43,5.08,327.63,0.0,100.0,100.0
0c8380b62e38e8a1e6adbeba7eb9688c,MG,bed_bath_table,17,2017-01,2018-08,2018,8,4,247.52,3.75,100.0,0.0,25.0,1,-0.75,-2,0.0,70.61,Stable,0,0,0,0,3.9,94.03,9.18,1107.08,1.1111111111111112,68.75,100.0
0cbcee27c791afa0cdcb08587a2013a8,MG,fashion_bags_accessories,16,2017-02,2018-07,2018,7,1,223.19,5.0,100.0,0.0,0.0,1,0.33,-2,0.0,80.0,Star Performer,0,0,0,0,3.85,93.75,2.38,374.24,0.0,100.0,100.0
0d33a55da925bbf1ff02af5f6059fc7f,SP,books_technical,8,2017-11,2018-08,2018,8,1,44.9,5.0,100.0,0.0,0.0,1,0.0,-3,0.0,80.0,Star Performer,0,0,1,1,4.54,95.83,2.75,121.28,0.0,100.0,100.0
0d85bbda9889ce1f7e63778d24f346eb,MG,stationery,12,2017-03,2018-03,2018,3,3,382.29,2.67,66.67,0.0,66.67,1,-2.33,1,66.67,53.71,Dormant,1,0,0,1,4.19,85.77,4.25,539.14,0.7407407407407408,41.75,66.67
0db783cfcd3b73998abc6e10e59a102f,SP,telephony,16,2017-01,2018-04,2018,4,3,172.16,4.67,100.0,0.0,0.0,2,0.53,-3,14.29,77.67,Stable,0,0,1,1,4.16,92.79,8.12,685.9,0.7407407407407408,91.75,100.0
0dd184061fb0eaa7ca37932c68ab91c5,SP,industry_commerce_and_business,9,2017-12,2018-08,2018,8,4,696.52,4.2,80.0,0.0,0.0,2,0.2,-3,-20.0,69.22,Stable,0,1,1,1,4.01,91.04,17.89,2640.71,1.1111111111111112,80.0,80.0
0df3984f9dfb3d49ac6366acbd3bbb85,MG,health_beauty,16,2017-03,2018-06,2018,6,1,101.41,4.0,100.0,0.0,0.0,1,-0.8,-4,0.0,72.5,Stable,0,0,0,0,4.33,99.73,5.44,720.01,0.0,75.0,100.0
0ea22c1cfbdc755f86b9b54b39c16043,MG,fashion_bags_accessories,19,2017-01,2018-08,2018,8,7,397.47,4.0,100.0,0.0,14.29,1,-0.75,3,0.0,72.81,Stable,0,0,0,0,4.37,97.67,12.0,782.34,2.2222222222222223,75.0,100.0
0eaa7e33d73809f1f925f7d07c506cbd,SP,toys,11,2017-04,2018-08,2018,8,2,263.47,5.0,100.0,0.0,0.0,1,0.0,1,0.0,80.07,Star Performer,0,0,0,0,4.82,100.0,1.36,158.81,0.3703703703703704,100.0,100.0
0ebd97a106433a45a4aebe57c1799778,MG,fashion_bags_accessories,14,2017-05,2018-07,2018,7,1,72.18,5.0,100.0,0.0,0.0,1,0.25,-3,0.0,80.0,Star Performer,0,0,1,1,4.48,100.0,2.21,261.55,0.0,100.0,100.0
0ed6ce5d87fd9c69eaacaeb778d67235,SP,electronics,11,2017-10,2018-08,2018,8,2,59.52,4.0,100.0,0.0,0.0,1,-0.33,-4,0.0,72.57,Stable,1,0,0,1,4.42,85.81,3.91,257.2,0.3703703703703704,75.0,100.0
0ef83d7d83ed97cd2a0049ac8be5f88a,PR,health_beauty,10,2017-11,2018-08,2018,8,3,306.92,3.33,100.0,0.0,33.33,2,-1.67,2,0.0,67.31,At-Risk,1,0,0,1,4.45,99.23,4.8,576.34,0.7407407407407408,58.25,100.0
0ff83046c3fa22efee8ecf291888b191,RS,sports_leisure,7,2017-04,2018-04,2018,4,1,89.36,5.0,100.0,0.0,0.0,1,0.5,-1,0.0,80.0,Star Performer,0,0,0,0,4.86,100.0,1.43,146.2,0.0,100.0,100.0
0ffa40d54288e4f3499b8780dd0f144f,SP,books_technical,5,2018-01,2018-05,2018,5,2,156.48,5.0,100.0,0.0,0.0,1,0.0,0,0.0,80.07,Star Performer,0,0,1,1,4.58,89.33,6.6,549.29,0.3703703703703704,100.0,100.0
10076e5788b8ee532724bcd460baf762,SP,baby,11,2017-05,2018-07,2018,7,3,126.81,5.0,100.0,0.0,0.0,1,0.0,1,0.0,80.15,Star Performer,0,0,0,0,4.35,90.91,2.09,108.98,0.7407407407407408,100.0,100.0
1025f0e2d44d7041d6cf58b6550e0bfa,SP,furniture_decor,14,2017-07,2018-08,2018,8,103,21001.34,4.12,86.23,0.0,18.45,4,-0.44,-2,-13.77,77.34,Stable,0,0,0,0,3.83,92.45,65.36,12479.34,37.77777777777778,78.0,86.23
1127b7f2594683f2510f1c2c834a486b,SP,garden_tools,19,2017-02,2018-08,2018,8,5,354.42,3.6,100.0,20.0,40.0,2,-0.4,-1,0.0,68.42,Stable,0,0,0,0,4.09,96.09,6.0,458.76,1.4814814814814816,65.0,100.0
11305281b50fff20ae8bb473f8e11876,MG,home_confort,13,2017-02,2018-08,2018,8,3,474.26,4.33,66.67,0.0,0.0,2,-0.67,1,-33.33,66.79,At-Risk,0,1,0,1,4.45,89.1,2.46,587.74,0.7407407407407408,83.25,66.67
113e3a788b935f48aad63e1c41dac1bd,SP,christmas_supplies,11,2017-07,2018-08,2018,8,4,106.08,4.5,100.0,0.0,0.0,1,0.0,0,25.0,76.47,Stable,0,0,0,0,4.47,93.18,3.55,139.45,1.1111111111111112,87.5,100.0
116ccb1a1604bc88e4d234a8c23f33de,SP,auto,10,2017-11,2018-08,2018,8,4,117.72,4.75,50.0,0.0,0.0,1,0.25,-1,-50.0,65.85,At-Risk,0,1,0,1,4.68,92.67,6.0,290.6,1.1111111111111112,93.75,50.0
11bfa66332777660bd0640ee84d47006,SP,health_beauty,12,2017-09,2018-08,2018,8,4,170.09,5.0,100.0,0.0,0.0,2,0.0,2,0.0,80.22,Star Performer,0,0,0,0,4.14,89.42,6.33,488.14,1.1111111111111112,100.0,100.0
128639473a139ac0f3e5f5ade55873a5,PR,electronics,16,2017-05,2018-08,2018,8,7,278.47,4.43,100.0,0.0,0.0,1,-0.07,-8,0.0,76.17,Stable,0,0,1,1,4.29,95.53,33.31,1355.9,2.2222222222222223,85.75,100.0
128f9bfbe4c7d5185033914b1de3d39a,SP,health_beauty,9,2017-09,2018-06,2018,6,1,106.85,5.0,100.0,0.0,0.0,1,0.0,0,0.0,80.0,Star Performer,0,0,0,0,4.74,94.44,1.56,183.39,0.0,100.0,100.0
12b9676b00f60f3b700e83af21824c0e,RS,cool_stuff,18,2017-03,2018-08,2018,8,5,1157.04,4.8,100.0,0.0,0.0,2,0.8,3,0.0,78.8,Stable,0,0,0,0,4.43,98.88,7.5,1697.91,1.4814814814814816,95.0,100.0
13074f016982ff2bd6c58ced8682f000,RS,kitchen_dining_laundry_garden_furniture,7,2017-11,2018-07,2018,7,2,545.91,2.5,100.0,0.0,50.0,2,-2.5,1,0.0,60.85,At-Risk,1,0,0,1,4.16,81.63,2.0,444.53,0.3703703703703704,37.5,100.0
1336efc61c316ddf92c899eb817f7cae,SP,pet_shop,19,2017-01,2018-08,2018,8,3,279.54,3.0,75.0,0.0,66.67,2,-1.25,-1,0.0,58.26,Dormant,1,0,0,1,4.03,91.01,3.89,334.49,0.7407407407407408,50.0,75.0
1354d51653f645349064725ed204e85e,SP,furniture_decor,12,2017-06,2018-08,2018,8,2,416.31,3.0,66.67,0.0,50.0,2,0.0,0,-33.33,56.27,Dormant,0,1,0,1,4.06,97.22,1.5,239.13,0.3703703703703704,50.0,66.67
138dbe45fc62f1e244378131a6801526,SP,housewares,4,2018-05,2018-08,2018,8,10,378.08,3.3,90.0,0.0,30.0,3,-1.15,-4,-10.0,65.13,At-Risk,1,1,1,1,3.9,95.94,12.25,453.7,3.3333333333333335,57.49999999999999,90.0
13d058e4eeac2ce8217660b2f8a05812,SP,home_appliances_2,9,2017-05,2018-07,2018,7,1,182.85,5.0,100.0,0.0,0.0,1,0.5,-1,0.0,80.0,Star Performer,0,0,1,1,4.38,89.82,2.56,528.43,0.0,100.0,100.0
141440cad9341e553f8401c574a2aa38,PR,drinks,4,2018-05,2018-08,2018,8,2,230.13,4.0,100.0,0.0,0.0,2,-1.0,1,0.0,72.57,Stable,0,0,0,0,4.42,100.0,2.75,394.75,0.3703703703703704,75.0,100.0
1430239a858e7682bbc43b20758af153,SP,baby,8,2017-08,2018-08,2018,8,1,42.4,5.0,100.0,0.0,0.0,1,0.0,-3,0.0,80.0,Star Performer,0,0,1,1,4.04,100.0,2.25,116.19,0.0,100.0,100.0
1464afc72f696af775557a821c2e253f,RJ,perfumery,14,2017-04,2018-08,2018,8,1,54.97,5.0,100.0,0.0,0.0,1,0.33,-2,0.0,80.0,Star Performer,0,0,0,0,4.05,92.86,2.07,108.13,0.0,100.0,100.0
14a08204d03bb6b6bde8029f801ae0eb,SP,electronics,6,2018-03,2018-08,2018,8,10,513.29,4.0,100.0,0.0,20.0,5,1.4,4,0.0,72.98,Stable,0,0,0,0,4.11,100.0,4.67,463.18,3.3333333333333335,75.0,100.0
14d7985702e72162bbf13b6beb74ab2b,SP,sports_leisure,15,2017-03,2018-08,2018,8,4,344.51,3.75,100.0,0.0,25.0,1,-1.25,3,0.0,70.61,Stable,0,0,0,0,4.4,87.33,2.47,296.07,1.1111111111111112,68.75,100.0
1554a68530182680ad5c8b042c3ab563,MG,furniture_decor,20,2017-01,2018-08,2018,8,13,2244.84,4.5,100.0,0.0,7.69,3,0.83,6,22.22,77.07,Stable,0,0,0,0,4.25,92.99,12.05,1777.91,4.444444444444445,87.5,100.0
157c3e4b42f81ac4a44e8b1ca2fe9876,SP,furniture_decor,10,2017-10,2018-08,2018,8,3,864.59,4.0,100.0,0.0,0.0,1,1.0,2,0.0,72.65,Stable,0,0,0,0,3.96,95.83,2.3,313.18,0.7407407407407408,75.0,100.0
15aac934c58d886785ac1b17953ea898,ES,air_conditioning,9,2017-10,2018-06,2018,6,2,591.78,4.5,100.0,0.0,0.0,2,-0.5,1,0.0,76.32,Stable,0,0,0,0,4.45,94.07,2.56,428.83,0.3703703703703704,87.5,100.0
16090f2ca825584b5a147ab24aa30c86,SP,auto,20,2017-01,2018-08,2018,8,41,3690.42,3.88,67.5,0.0,19.51,3,-0.17,-24,-26.62,66.25,At-Risk,0,1,0,1,4.15,92.26,20.1,1558.66,14.814814814814813,72.0,67.5
165b1235e9e9942cb5fae67103576fb0,SP,construction_tools_construction,4,2018-05,2018-08,2018,8,6,1382.68,4.3,90.0,0.0,0.0,2,0.63,3,-10.0,72.62,Stable,0,1,0,1,4.49,97.5,2.75,622.45,1.8518518518518516,82.5,90.0
165fc07beebdcb6190fba8a06db2a449,PR,computers_accessories,11,2017-08,2018-08,2018,8,4,499.43,5.0,50.0,0.0,0.0,1,0.0,2,-50.0,67.72,At-Risk,0,0,0,0,3.41,74.96,4.55,1734.68,1.1111111111111112,100.0,50.0
1660ad786c27fd935378b6192a90b417,SP,computers_accessories,5,2017-08,2018-07,2018,7,4,658.91,4.8,100.0,0.0,0.0,1,1.8,2,0.0,78.72,Stable,0,0,0,0,4.56,90.0,2.4,363.66,1.1111111111111112,95.0,100.0
1690cada046eb7e92c12f98b1f8a8167,SP,auto,4,2018-04,2018-08,2018,8,2,359.18,4.5,50.0,0.0,0.0,1,-0.5,-1,-50.0,63.82,At-Risk,0,1,0,1,4.38,87.5,2.75,552.84,0.3703703703703704,87.5,50.0
17306570e772e7718c92a562d33f5f1d,SP,bed_bath_table,10,2017-03,2018-04,2018,4,2,375.23,4.5,100.0,0.0,0.0,1,2.17,-1,0.0,76.32,Stable,0,0,0,0,3.69,98.57,2.2,672.55,0.3703703703703704,87.5,100.0
1771297ac436903d1dd6b0e9279aa505,SP,baby,13,2017-01,2018-08,2018,8,1,69.69,4.32,100.0,0.0,0.0,1,0.0,0,0.0,74.9,Stable,0,0,0,0,4.68,96.15,2.15,266.65,0.0,83.0,100.0
17908cf9b444ee34047cadd5c0f4a516,GO,auto,7,2017-09,2018-08,2018,8,2,326.24,4.5,100.0,0.0,0.0,1,-0.5,1,0.0,76.32,Stable,0,0,0,0,4.71,95.24,1.57,356.49,0.3703703703703704,87.5,100.0
179d859f51292aac5c10806a356f7af9,SP,electronics,3,2018-06,2018-08,2018,8,6,213.16,4.67,50.0,0.0,0.0,1,0.37,-4,-50.0,65.4,At-Risk,0,1,0,1,4.21,83.33,6.0,266.76,1.8518518518518516,91.75,50.0
17a053fcb14bd219540cbde0df490be0,SP,office_furniture,14,2017-07,2018-08,2018,8,6,3304.29,3.78,100.0,0.0,33.33,1,-0.89,-2,0.0,70.9,Stable,0,0,0,0,4.13,92.93,8.64,3376.09,1.8518518518518516,69.5,100.0
17ca9b9e9b9ef8fdb529001b49ebb50f,MG,bed_bath_table,14,2017-07,2018-08,2018,8,10,854.99,3.6,88.89,0.0,20.0,2,-0.45,-7,-11.11,67.2,At-Risk,0,1,0,1,4.03,97.92,8.29,871.85,3.3333333333333335,65.0,88.89
17e34d8224d27a541263c4c64b11a56b,SP,perfumery,19,2017-02,2018-08,2018,8,18,2959.57,4.83,100.0,0.0,0.0,4,0.1,7,0.0,79.98,Star Performer,0,0,0,0,4.18,92.97,13.42,3242.27,6.296296296296296,95.75,100.0
17f51e7198701186712e53a39c564617,SP,health_beauty,19,2017-02,2018-08,2018,8,2,1321.7,5.0,100.0,0.0,0.0,1,0.67,-1,0.0,80.07,Star Performer,0,0,0,0,4.22,89.04,2.95,3042.76,0.3703703703703704,100.0,100.0
1835b56ce799e6a4dc4eddc053f04066,SP,bed_bath_table,12,2017-09,2018-08,2018,8,32,2836.22,3.96,95.65,0.0,21.88,1,-0.56,-2,-1.97,73.2,Stable,0,0,0,0,3.66,91.13,35.25,3528.0,11.481481481481481,74.0,95.65
1838dd9b8977065acf51d95e0053ea7a,MG,computers_accessories,13,2017-07,2018-08,2018,8,1,53.52,5.0,100.0,0.0,0.0,1,1.0,-9,0.0,80.0,Star Performer,0,0,1,1,4.51,93.13,4.92,313.53,0.0,100.0,100.0
18a349e75d307f4b4cc646a691ed4216,SP,telephony,12,2017-08,2018-08,2018,8,13,621.59,3.38,92.31,0.0,30.77,6,0.18,1,-7.69,66.52,At-Risk,0,0,0,0,3.65,91.84,10.08,909.13,4.444444444444445,59.5,92.31
18e694e0e48ed6f7aa3f24aade5fd697,SP,computers_accessories,3,2018-06,2018-08,2018,8,18,761.57,4.6,95.0,0.0,0.0,1,-0.26,11,-5.0,77.01,Stable,0,1,0,1,4.72,98.33,10.33,401.92,6.296296296296296,89.99999999999999,95.0
1900267e848ceeba8fa32d80c1a5f5a8,SP,bed_bath_table,16,2017-05,2018-08,2018,8,30,2206.03,4.19,79.49,0.0,10.0,1,0.09,2,-20.51,70.85,Stable,0,1,0,1,3.92,91.06,25.69,2084.1,10.74074074074074,79.75000000000001,79.49
1987cd4be10fe09ee50454f9c354d1c6,MG,pet_shop,5,2017-10,2018-03,2018,3,1,132.97,1.0,0.0,0.0,100.0,1,-2.5,-1,-100.0,24.05,Dormant,1,1,1,1,3.8,80.0,2.8,627.05,0.0,0.0,0.0
198c7ea11960a9844b544d9bcdca860c,MG,small_appliances,7,2017-01,2017-08,2017,8,4,259.18,4.75,100.0,0.0,0.0,2,0.75,-4,12.5,78.35,Stable,0,0,0,0,3.71,81.07,3.57,317.91,1.1111111111111112,93.75,100.0
1996942dc085d7773ba77a529b163cd0,SP,watches_gifts,4,2018-05,2018-08,2018,8,3,631.28,4.67,100.0,0.0,0.0,2,1.34,0,0.0,77.67,Stable,0,0,0,0,4.08,100.0,2.5,795.86,0.7407407407407408,91.75,100.0
1a3df491d1c4f1589fc2b934ada68bf2,SC,bed_bath_table,17,2017-04,2018-08,2018,8,1,105.9,5.0,100.0,0.0,0.0,1,2.0,-1,0.0,80.0,Star Performer,0,0,1,1,4.16,96.17,9.82,1638.95,0.0,100.0,100.0
1a932caad4f9d804097d7f8e615baed1,SP,construction_tools_construction,4,2018-05,2018-08,2018,8,7,1490.52,4.5,75.0,0.0,0.0,1,0.5,3,0.0,70.44,Stable,0,0,0,0,3.91,85.72,5.0,1425.36,2.2222222222222223,87.5,75.0
1b1ae47a313a825a7ccceb8e2e30fa9d,PR,sports_leisure,5,2017-10,2018-05,2018,5,2,589.77,1.0,100.0,0.0,50.0,2,0.0,1,0.0,49.6,Dormant,1,0,0,1,3.2,100.0,2.2,498.08,0.3703703703703704,0.0,100.0
1b4c3a6f53068f0b6944d2d005c9fc89,SC,housewares,18,2017-02,2018-07,2018,7,9,1637.61,4.4,100.0,0.0,0.0,3,0.07,6,33.33,76.09,Stable,0,0,0,0,4.25,95.06,6.28,993.98,2.9629629629629632,85.00000000000001,100.0
1b7e5006cb25dd23ce8686691013b121,SP,health_beauty,7,2017-09,2018-08,2018,8,1,54.47,4.0,0.0,0.0,0.0,1,1.0,0,-100.0,47.5,Dormant,0,1,0,1,4.1,80.95,1.57,397.99,0.0,75.0,0.0
1b8356dabde1d35e17cef975c3f82730,SP,sports_leisure,10,2017-02,2017-11,2017,11,3,103.45,4.33,100.0,0.0,0.0,2,0.33,-2,0.0,75.12,Stable,0,0,1,1,4.24,98.57,5.0,353.11,0.7407407407407408,83.25,100.0
1b8b75e227c9a9c100d0c210fb6176ce,SP,fashion_bags_accessories,6,2017-01,2017-11,2017,11,4,494.96,1.5,66.67,0.0,75.0,1,-2.5,3,-33.33,44.93,Dormant,1,1,0,1,3.11,94.44,2.33,251.52,1.1111111111111112,12.5,66.67
1b938a7ec6ac5061a66a3766e0e75f90,SP,baby,10,2017-09,2018-08,2018,8,3,472.29,3.33,100.0,0.0,33.33,2,-0.67,2,0.0,67.31,At-Risk,1,0,0,1,4.3,98.57,3.0,489.78,0.7407407407407408,58.25,100.0
1bb2bdb95f4841f1bba2c0d2cd83d3c9,SP,books_general_interest,15,2017-01,2018-08,2018,8,5,222.77,4.5,83.33,0.0,0.0,2,-0.5,3,-16.67,72.38,Stable,0,0,0,0,4.6,80.76,5.4,412.62,1.4814814814814816,87.5,83.33
1c129092bf23f28a5930387c980c0dfc,SP,bed_bath_table,11,2017-10,2018-08,2018,8,3,162.5,5.0,100.0,0.0,0.0,2,1.4,-1,0.0,80.15,Star Performer,0,0,1,1,4.2,96.61,18.27,1144.48,0.7407407407407408,100.0,100.0
1c40343cc5d18c2d8248ac2f3366de34,SP,perfumery,4,2018-05,2018-08,2018,8,10,1284.36,4.8,80.0,0.0,0.0,6,0.8,7,-20.0,74.17,Stable,0,1,0,1,4.56,95.0,5.25,709.86,3.3333333333333335,95.0,80.0
1c5e4e49b9079480255b49d50aac1aa9,SP,bed_bath_table,11,2017-03,2018-08,2018,8,1,604.73,1.0,100.0,0.0,100.0,1,-3.0,0,0.0,49.05,Dormant,1,0,0,1,4.32,100.0,1.09,1005.7,0.0,0.0,100.0
1c68394e931a64f90ea236c5ea590300,PR,computers_accessories,12,2017-07,2018-08,2018,8,4,621.04,3.6,100.0,0.0,50.0,1,-0.69,-1,0.0,69.25,Stable,0,0,0,0,3.97,98.94,11.83,2428.39,1.1111111111111112,65.0,100.0
1ca7077d890b907f89be8c954a02686a,SP,telephony,7,2017-09,2018-04,2018,4,1,57.06,4.0,100.0,0.0,0.0,1,2.26,-20,16.67,72.5,Stable,0,0,0,0,3.44,85.36,6.0,416.94,0.0,75.0,100.0
1caf283236cd69af44cbc09a0a1e7d32,RJ,toys,14,2017-04,2018-07,2018,7,2,98.35,5.0,100.0,0.0,0.0,2,0.0,0,0.0,80.07,Star Performer,0,0,0,0,4.48,87.5,2.36,109.3,0.3703703703703704,100.0,100.0
1cbd32d00d01bb8087a5eb088612fd9c,SP,health_beauty,4,2018-05,2018-08,2018,8,4,329.25,4.6,100.0,0.0,0.0,3,-0.4,2,0.0,77.22,Stable,0,0,0,0,4.46,75.0,2.75,322.38,1.1111111111111112,89.99999999999999,100.0
1ce3ae5a399804d1a87e706f8a813c3e,SC,furniture_decor,13,2017-08,2018-08,2018,8,3,171.87,2.0,100.0,0.0,66.67,1,-3.0,2,0.0,57.01,Dormant,1,0,0,1,3.95,92.95,3.08,262.82,0.7407407407407408,25.0,100.0
1d29dfba02015238dfbe2449a5eaa361,MG,perfumery,8,2017-02,2018-05,2018,5,2,142.3,4.5,100.0,0.0,0.0,1,-0.5,0,0.0,76.32,Stable,0,0,0,0,4.38,93.75,1.5,98.74,0.3703703703703704,87.5,100.0
1d4587203296c8f4ad134dc286fa6db0,SP,auto,9,2017-12,2018-08,2018,8,9,653.11,4.78,88.89,0.0,0.0,1,0.98,4,-11.11,76.17,Stable,0,1,0,1,4.22,96.54,4.67,336.39,2.9629629629629632,94.5,88.89
1d503743d2526f03f0c2c89540ee008c,SP,auto,7,2018-01,2018-07,2018,7,1,65.44,5.0,100.0,0.0,0.0,1,0.0,0,0.0,80.0,Star Performer,0,0,0,0,4.13,97.96,1.71,102.93,0.0,100.0,100.0
1d8dbc4f32378d715c717c1c1fc57bae,PR,baby,16,2017-03,2018-06,2018,6,3,588.32,4.67,100.0,0.0,0.0,1,0.17,1,0.0,77.67,Stable,0,0,1,1,4.02,92.07,5.75,838.82,0.7407407407407408,91.75,100.0
1da366cade6d8276e7d8beea7af5d4bf,MG,furniture_decor,8,2017-02,2017-12,2017,12,3,923.94,4.67,66.67,0.0,0.0,2,0.67,-1,-33.33,69.34,Stable,0,1,0,1,3.87,88.24,5.38,1084.22,0.7407407407407408,91.75,66.67
1da3aeb70d7989d1e6d9b0e887f97c23,SP,sports_leisure,18,2017-03,2018-08,2018,8,19,708.8,4.15,80.0,0.0,21.05,9,-0.12,-1,-15.45,69.76,Stable,0,1,0,1,4.12,95.5,14.72,727.61,6.666666666666667,78.75000000000001,80.0
1dc2de47ee26a0a5b12dc14fd6dc0dea,SP,bed_bath_table,7,2018-02,2018-08,2018,8,3,332.62,3.75,100.0,0.0,0.0,1,-1.25,0,33.33,70.77,Stable,1,0,0,1,4.55,88.1,3.57,326.79,0.7407407407407408,68.75,100.0
1dcfa3835714681d4ba4a93bc1e0fd41,SP,furniture_living_room,6,2017-07,2018-04,2018,4,1,118.62,1.0,100.0,0.0,100.0,1,0.0,0,0.0,49.05,Dormant,1,0,0,1,3.44,100.0,2.17,267.02,0.0,0.0,100.0
1dfe5347016252a7884b694d4f10f5c4,SP,bed_bath_table,6,2017-10,2018-04,2018,4,2,245.32,2.0,66.67,0.0,100.0,1,-0.33,0,66.67,48.29,Dormant,1,0,0,1,3.35,74.08,3.33,332.66,0.3703703703703704,25.0,66.67
1e483cc5c76fef08d3ca05f9a8af7d01,SP,fashion_underwear_beach,4,2017-02,2017-05,2017,5,5,137.41,4.33,100.0,0.0,0.0,2,1.0,2,0.0,75.27,Stable,0,0,0,0,4.16,100.0,2.5,73.77,1.4814814814814816,83.25,100.0
1e8b33f18b4f7598d87f5cbee2282cc2,SP,bed_bath_table,10,2017-11,2018-08,2018,8,10,1955.93,4.4,80.0,0.0,10.0,1,-0.46,-2,-12.86,71.07,Stable,0,1,0,1,4.39,95.06,12.3,2001.13,3.3333333333333335,85.00000000000001,80.0
1eade46fba20122dc4aefb379f8c636b,SP,health_beauty,15,2017-02,2018-07,2018,7,6,543.15,4.5,100.0,0.0,0.0,1,-0.5,0,0.0,76.62,Stable,0,0,0,0,4.33,86.83,3.87,311.58,1.8518518518518516,87.5,100.0
1f1bb1f0859883505541bdd6606193e5,SP,fashion_bags_accessories,13,2017-04,2018-07,2018,7,2,1120.16,5.0,100.0,0.0,0.0,1,0.0,1,0.0,80.07,Star Performer,0,0,0,0,4.49,92.95,2.0,1182.95,0.3703703703703704,100.0,100.0
1f50f920176fa81dab994f9023523100,SP,garden_tools,17,2017-04,2018-08,2018,8,35,3945.16,4.31,97.78,0.0,14.29,2,0.11,-4,0.05,76.65,Stable,0,0,0,0,4.15,92.4,82.59,8397.47,12.592592592592592,82.74999999999999,97.78
1f9ab4708f3056ede07124aad39a2554,SP,baby,17,2017-01,2018-06,2018,6,1,191.51,4.0,100.0,0.0,0.0,1,0.33,-8,0.0,72.5,Stable,0,0,1,1,4.16,97.84,4.59,943.74,0.0,75.0,100.0
1fdc574883ef3b33ad41562d93f3a74a,SP,auto,9,2017-11,2018-07,2018,7,1,300.06,5.0,100.0,0.0,0.0,1,1.0,0,0.0,80.0,Star Performer,0,0,1,1,4.46,96.3,2.0,502.7,0.0,100.0,100.0
1fe5540d7c1c37a595fefbacd5570d9e,RJ,computers_accessories,1,2018-08,2018-08,2018,8,20,5118.75,4.28,96.0,0.0,10.0,1,0.0,0,0.0,74.91,Stable,0,0,0,0,4.28,96.0,20.0,5118.75,7.037037037037037,82.0,96.0
2059c39f76271d4ca3f15b5ffaccc8b8,PR,books_general_interest,6,2017-02,2017-09,2017,9,1,70.04,4.0,100.0,0.0,0.0,1,-1.0,0,0.0,72.5,Stable,1,0,0,1,4.61,100.0,1.83,126.07,0.0,75.0,100.0
2089a6d640999f9b9141ac719b2af596,SP,sports_leisure,16,2017-04,2018-07,2018,7,2,1063.75,1.0,100.0,50.0,100.0,1,-4.0,1,0.0,46.62,Dormant,1,0,0,1,3.75,88.63,2.75,595.37,0.3703703703703704,0.0,100.0
20b54c376b794ed028df09a3cd88e8dc,SP,fixed_telephony,8,2017-09,2018-07,2018,7,1,75.15,4.0,100.0,100.0,0.0,1,1.0,0,0.0,67.5,At-Risk,0,0,0,0,2.83,81.25,1.38,188.32,0.0,75.0,100.0
20cb7c2fde3e5bf10f0bbe7394e1c6a9,PR,furniture_decor,14,2017-03,2018-08,2018,8,1,35.13,5.0,100.0,0.0,0.0,1,3.0,-1,66.67,80.0,Star Performer,0,0,0,0,4.09,88.69,2.29,118.59,0.0,100.0,100.0
20d83f3ef0e6925fd74bfd59170babf7,SP,fashion_bags_accessories,17,2017-03,2018-08,2018,8,3,209.38,4.67,100.0,0.0,0.0,1,-0.33,1,0.0,77.67,Stable,0,0,0,0,4.42,92.65,2.35,209.25,0.7407407407407408,91.75,100.0
2138ccb85b11a4ec1e37afbd1c8eda1f,SP,telephony,20,2017-01,2018-08,2018,8,14,625.47,3.19,100.0,0.0,42.86,1,-0.71,3,18.18,66.98,At-Risk,1,0,0,1,3.88,94.42,19.4,881.14,4.814814814814815,54.75,100.0
213b25e6f54661939f11710a6fddb871,SP,home_construction,9,2017-11,2018-08,2018,8,25,3459.06,3.7,81.48,0.0,24.0,3,-0.43,-9,-5.36,67.17,At-Risk,0,0,0,0,3.54,88.17,17.22,2107.96,8.88888888888889,67.5,81.48
2156f2671501a81034d7d07f217609d0,SP,computers_accessories,10,2017-08,2018-07,2018,7,1,537.16,5.0,100.0,0.0,0.0,1,1.0,-1,0.0,80.0,Star Performer,0,0,1,1,3.88,91.67,2.2,343.39,0.0,100.0,100.0
218d46b86c1881d022bce9c68a7d4b15,SP,sports_leisure,20,2017-01,2018-08,2018,8,7,846.66,4.43,85.71,0.0,0.0,2,0.32,-2,-14.29,72.6,Stable,0,0,0,0,4.18,92.54,19.4,3164.26,2.2222222222222223,85.75,85.71
218f991754f360af9c2daa5e0b8e990c,SP,housewares,7,2017-12,2018-08,2018,8,3,1156.85,3.8,100.0,0.0,0.0,1,-1.2,2,0.0,71.15,Stable,0,0,0,0,4.13,94.29,2.0,545.65,0.7407407407407408,70.0,100.0
2199e7fe213c16213bf5d6a7eadc9a5d,SP,furniture_decor,16,2017-01,2018-08,2018,8,2,190.17,4.0,100.0,0.0,0.0,1,-1.0,1,0.0,72.57,Stable,0,0,0,0,4.33,93.75,1.5,269.32,0.3703703703703704,75.0,100.0
21e83881401b92b49fb09a16d3852291,MG,garden_tools,7,2017-03,2018-01,2018,1,3,696.43,4.67,100.0,0.0,0.0,2,-0.33,2,0.0,77.67,Stable,0,0,0,0,4.18,100.0,2.0,597.5,0.7407407407407408,91.75,100.0
229c3efbfb0ea2058de4ccdfbc3d784a,MG,computers_accessories,17,2017-03,2018-08,2018,8,3,563.06,4.5,100.0,0.0,0.0,1,0.0,1,0.0,76.4,Stable,0,0,0,0,3.8,98.04,7.06,1059.47,0.7407407407407408,87.5,100.0
232a6014e7b10cba61c6c2b2ea6bb4b0,SP,pet_shop,13,2017-02,2018-07,2018,7,2,505.11,4.5,100.0,0.0,0.0,1,-0.5,-1,0.0,76.32,Stable,0,0,0,0,4.13,90.38,2.54,394.87,0.3703703703703704,87.5,100.0
23613d49c3ac2bd302259e55c06c050c,SP,furniture_decor,18,2017-03,2018-08,2018,8,1,29.13,5.0,100.0,0.0,0.0,1,1.0,-1,0.0,80.0,Star Performer,0,0,1,1,3.85,91.39,3.61,339.64,0.0,100.0,100.0
236585a4ddb5fea9fa40233e2249ed91,RS,computers_accessories,5,2017-11,2018-08,2018,8,2,180.99,4.5,100.0,0.0,0.0,1,-0.5,1,100.0,76.32,Stable,0,0,0,0,4.3,80.0,2.2,167.53,0.3703703703703704,87.5,100.0
238fac594e170b59c6d228f5a4f4f1d9,SP,pet_shop,11,2017-10,2018-08,2018,8,2,343.73,4.5,100.0,0.0,0.0,1,2.5,1,0.0,76.32,Stable,0,0,0,0,3.89,87.88,2.64,413.23,0.3703703703703704,87.5,100.0
23a0ffca143a15b9b5bbdb7d552f626a,SP,garden_tools,6,2018-03,2018-08,2018,8,2,331.23,5.0,100.0,0.0,0.0,1,1.67,-1,0.0,80.07,Star Performer,0,0,0,0,4.21,94.44,3.83,717.38,0.3703703703703704,100.0,100.0
23c38debaffe4a25a30fdbd9b586a13f,SP,garden_tools,5,2018-04,2018-08,2018,8,4,557.69,4.5,75.0,0.0,0.0,3,0.12,-4,-25.0,70.22,Stable,0,0,0,0,4.3,85.1,8.2,1243.31,1.1111111111111112,87.5,75.0
23d7c96d4a1160db1c726b248601b25a,SP,cool_stuff,14,2017-07,2018-08,2018,8,4,1102.52,4.5,100.0,0.0,0.0,4,2.1,-1,0.0,76.47,Stable,0,0,0,0,3.88,90.0,3.79,955.26,1.1111111111111112,87.5,100.0
240b9776d844d37535668549a396af32,RJ,telephony,2,2018-07,2018-08,2018,8,25,8810.4,4.48,91.67,0.0,4.0,4,0.66,14,-8.33,75.76,Stable,0,0,0,0,4.15,95.84,18.0,7226.32,8.88888888888889,87.00000000000001,91.67
244c2f1bff6afe1f2eaf9bfe9b2aed38,SP,furniture_decor,9,2017-02,2018-02,2018,2,1,164.5,5.0,100.0,0.0,0.0,1,1.5,-1,0.0,80.0,Star Performer,0,0,0,0,3.9,92.59,2.56,474.09,0.0,100.0,100.0
2528513dd95219a6013d4d05176e391a,SP,home_confort,18,2017-03,2018-08,2018,8,9,1732.82,5.0,100.0,0.0,0.0,2,0.4,4,0.0,80.59,Star Performer,0,0,0,0,3.93,95.5,8.94,2024.38,2.9629629629629632,100.0,100.0
257e61d3251fb5efb9daadddbc2cf7ca,PR,baby,5,2018-04,2018-08,2018,8,3,2933.62,5.0,100.0,0.0,0.0,2,0.0,1,0.0,80.15,Star Performer,0,0,0,0,4.85,100.0,2.4,1761.24,0.7407407407407408,100.0,100.0
259f7b5e6e482c230e5bfaa670b6bb8f,SP,bed_bath_table,16,2017-03,2018-08,2018,8,2,120.53,5.0,100.0,0.0,0.0,1,1.87,-5,0.0,80.07,Star Performer,0,0,1,1,4.17,98.72,8.62,707.06,0.3703703703703704,100.0,100.0
25c5c91f63607446a97b143d2d535d31,MG,computers_accessories,13,2017-03,2018-03,2018,3,7,2189.78,4.2,100.0,0.0,0.0,1,1.34,2,42.86,74.44,Stable,0,0,0,0,3.68,90.08,11.85,4690.15,2.2222222222222223,80.0,100.0
25cf099de44674fde97473224f9d59ab,SP,auto,14,2017-06,2018-08,2018,8,5,196.89,4.6,80.0,0.0,0.0,1,-0.4,4,-20.0,72.3,Stable,0,1,0,1,4.25,95.0,3.57,168.54,1.4814814814814816,89.99999999999999,80.0
25e47381a6c510ddeb36084e33b89f0c,SP,bed_bath_table,2,2017-05,2017-06,2017,6,10,1142.83,4.7,100.0,0.0,0.0,1,1.2,8,0.0,78.42,Stable,0,0,0,0,4.1,100.0,6.0,663.24,3.3333333333333335,92.5,100.0
25e6ffe976bd75618accfe16cefcbd0d,SP,toys,18,2017-01,2018-06,2018,6,3,237.59,4.67,100.0,0.0,0.0,1,0.87,-2,20.0,77.67,Stable,0,0,0,0,4.34,94.86,5.89,732.68,0.7407407407407408,91.75,100.0
2646baaf662d4d92ac48f047e35db92d,SP,auto,5,2018-04,2018-08,2018,8,4,160.35,4.0,50.0,0.0,25.0,2,-1.0,0,-50.0,59.98,At-Risk,0,1,0,1,4.53,90.0,3.0,309.88,1.1111111111111112,75.0,50.0
26785a546900236d66f2e4197c211158,SP,consoles_games,5,2017-11,2018-07,2018,7,6,538.01,4.33,100.0,0.0,16.67,1,-0.67,2,0.0,75.19,Stable,0,0,0,0,4.67,100.0,3.0,248.93,1.8518518518518516,83.25,100.0
26af45f5dfd967225a832838aa4e24a3,PR,auto,6,2018-01,2018-08,2018,8,2,142.9,5.0,100.0,0.0,0.0,1,0.0,0,0.0,80.07,Star Performer,0,0,0,0,4.06,100.0,1.67,128.6,0.3703703703703704,100.0,100.0
26d6bbee02420494d471c9f6436929c0,PR,auto,5,2018-04,2018-08,2018,8,5,262.62,4.6,100.0,0.0,0.0,1,0.1,2,0.0,77.3,Stable,0,0,0,0,4.82,100.0,2.4,136.34,1.4814814814814816,89.99999999999999,100.0
26d8a1c7c75d513045798992ead43aa2,PR,perfumery,12,2017-08,2018-08,2018,8,4,2959.55,3.75,66.67,0.0,25.0,2,-1.0,0,-33.33,62.28,At-Risk,0,1,0,1,4.32,91.39,3.0,745.48,1.1111111111111112,68.75,66.67
26e2c91ef821e1ff8985f408788fe35b,SP,bed_bath_table,6,2018-02,2018-07,2018,7,1,64.22,1.0,100.0,0.0,100.0,1,-1.0,0,0.0,49.05,Dormant,1,0,1,1,2.67,69.45,2.0,320.64,0.0,0.0,100.0
270297ead4c65a6cd2593960d2af6b21,SP,furniture_decor,11,2017-03,2018-08,2018,8,1,1236.03,2.0,100.0,0.0,100.0,1,-0.67,-2,0.0,56.55,Dormant,1,0,0,1,3.91,100.0,1.64,906.23,0.0,25.0,100.0
2709af9587499e95e803a6498a5a56e9,SP,health_beauty,13,2017-02,2018-08,2018,8,1,35.24,5.0,100.0,0.0,0.0,1,2.0,-1,0.0,80.0,Star Performer,0,0,0,0,3.77,82.4,2.0,143.0,0.0,100.0,100.0
271c58a1d139c45eaf3316107c6d3a3b,SP,baby,4,2018-05,2018-08,2018,8,11,1623.35,3.55,80.0,0.0,36.36,1,-0.78,5,-20.0,64.52,At-Risk,1,1,0,1,4.28,95.0,7.25,1142.18,3.7037037037037033,63.74999999999999,80.0
272f092de69afedd4d2969440b37f18f,SP,fashion_bags_accessories,10,2017-02,2017-11,2017,11,1,96.88,1.0,100.0,100.0,100.0,1,-3.33,-2,0.0,44.05,Dormant,1,0,1,1,3.5,100.0,2.6,253.53,0.0,0.0,100.0
2745f798279e0ed033addcc1474776d7,SP,sports_leisure,10,2017-08,2018-05,2018,5,2,184.03,5.0,100.0,0.0,0.0,1,0.2,-3,0.0,80.07,Star Performer,0,0,0,0,3.97,90.83,3.2,436.5,0.3703703703703704,100.0,100.0
276677b5d08786d5dce7c2149dcce48b,MG,housewares,7,2018-02,2018-08,2018,8,2,134.72,4.0,100.0,0.0,0.0,1,-1.0,0,0.0,72.57,Stable,0,0,0,0,4.04,89.48,4.71,617.23,0.3703703703703704,75.0,100.0
282f23a9769b2690c5dda22e316f9941,MG,food_drink,14,2017-07,2018-08,2018,8,8,642.33,4.22,100.0,0.0,0.0,2,0.22,1,0.0,74.67,Stable,0,0,0,0,4.42,96.86,7.07,599.07,2.5925925925925926,80.5,100.0
289cdb325fb7e7f891c38608bf9e0962,SP,perfumery,7,2018-02,2018-08,2018,8,40,5866.62,4.52,97.83,0.0,5.0,2,-0.21,13,-2.17,78.7,Stable,0,0,0,0,4.56,97.9,15.71,2234.18,14.444444444444443,87.99999999999999,97.83
28f10b1c5e5abb9d4857745bede6147c,SP,electronics,5,2018-04,2018-08,2018,8,8,372.9,3.75,62.5,0.0,25.0,3,-0.75,6,-37.5,61.53,At-Risk,1,1,0,1,4.15,84.06,5.6,237.08,2.5925925925925926,68.75,62.5
2953ce3a88f5e3c3b696d77fc9e4c8eb,SP,books_technical,5,2017-10,2018-08,2018,8,8,326.6,4.89,66.67,0.0,0.0,1,-0.11,6,-33.33,71.36,Stable,0,0,0,0,4.18,73.33,2.8,126.26,2.5925925925925926,97.24999999999999,66.67
2a1348e9addc1af5aaa619b1a3679d6b,MG,furniture_decor,15,2017-01,2018-08,2018,8,1,47.79,3.0,100.0,0.0,0.0,1,2.0,0,0.0,65.0,At-Risk,0,0,0,0,2.88,70.63,3.47,242.09,0.0,50.0,100.0
2a261b5b644fa05f4f2700eb93544f2c,SP,furniture_decor,11,2017-10,2018-08,2018,8,1,234.57,5.0,100.0,0.0,0.0,1,0.37,-7,0.0,80.0,Star Performer,0,0,1,1,3.75,84.16,4.64,678.76,0.0,100.0,100.0
2a5b78b41cd05baeac8df54c6606b92c,MG,health_beauty,14,2017-07,2018-08,2018,8,2,370.34,5.0,100.0,0.0,0.0,1,1.2,-1,0.0,80.07,Star Performer,0,0,0,0,4.23,99.35,3.5,1438.06,0.3703703703703704,100.0,100.0
2a61c271b1ac763450d846849783e922,SP,health_beauty,5,2017-09,2018-02,2018,2,4,328.12,4.5,100.0,25.0,0.0,1,0.39,-2,0.0,75.22,Stable,0,0,0,0,3.85,92.5,3.6,402.63,1.1111111111111112,87.5,100.0
2a6fbeaa7ab9e5d59a35841a8da71ce4,SC,small_appliances,13,2017-03,2018-07,2018,7,1,24.73,5.0,100.0,0.0,0.0,1,0.67,-2,0.0,80.0,Star Performer,0,0,1,1,3.83,94.62,2.31,174.25,0.0,100.0,100.0
2a7dc43cecabf23403078e2188437d1d,SP,furniture_decor,8,2017-11,2018-06,2018,6,1,46.29,4.0,100.0,0.0,0.0,1,0.0,-2,0.0,72.5,Stable,0,0,1,1,3.86,92.89,5.5,667.34,0.0,75.0,100.0
2a84855fd20af891be03bc5924d2b453,MG,stationery,9,2017-12,2018-08,2018,8,15,1549.6,4.13,92.86,0.0,13.33,6,0.07,-1,-7.14,72.6,Stable,0,0,0,0,4.29,96.77,18.22,2154.72,5.185185185185185,78.25,92.86
2aa3443d7bf9d9bb11133f420d75e083,RJ,sports_leisure,5,2017-11,2018-08,2018,8,1,37.53,5.0,100.0,0.0,0.0,1,0.0,0,100.0,80.0,Star Performer,0,0,0,0,3.55,70.0,2.0,156.22,0.0,100.0,100.0
2addf05f476d0637864454e93ba673d5,DF,computers_accessories,8,2017-08,2018-03,2018,3,1,227.17,5.0,100.0,0.0,0.0,1,0.0,0,0.0,80.0,Star Performer,0,0,0,0,5.0,100.0,1.5,609.71,0.0,100.0,100.0
2b1a40c1daabc6ca280c4b815c101841,MG,auto,13,2017-01,2018-06,2018,6,2,1136.25,5.0,100.0,0.0,0.0,1,1.0,1,0.0,80.07,Star Performer,0,0,0,0,3.74,96.15,1.69,1090.44,0.3703703703703704,100.0,100.0
2b3e4a2a3ea8e01938cabda2a3e5cc79,SP,computers_accessories,14,2017-05,2018-07,2018,7,6,3250.56,4.67,100.0,0.0,0.0,1,-0.33,4,0.0,77.9,Stable,0,0,0,0,4.35,100.0,3.71,1752.51,1.8518518518518516,91.75,100.0
2be17df1c49978426251562096c3cc09,SC,fashion_bags_accessories,11,2017-01,2018-06,2018,6,1,155.76,5.0,100.0,0.0,0.0,1,2.0,-1,0.0,80.0,Star Performer,0,0,0,0,4.32,95.45,1.45,225.23,0.0,100.0,100.0
2bf6a2c1e71bbd29a4ad64e6d3c3629f,RJ,watches_gifts,8,2017-11,2018-08,2018,8,3,4515.11,3.33,100.0,0.0,33.33,1,-1.67,0,0.0,67.31,At-Risk,1,0,0,1,4.16,91.96,3.75,6453.69,0.7407407407407408,58.25,100.0
2c4c47cb51acd5ea5db5e0ae0e26542a,SP,pet_shop,9,2017-09,2018-07,2018,7,2,476.55,4.67,100.0,0.0,0.0,1,0.34,0,0.0,77.6,Stable,0,0,0,0,4.67,100.0,1.33,324.15,0.3703703703703704,91.75,100.0
2c9e548be18521d1c43cde1c582c6de8,SP,stationery,11,2017-10,2018-08,2018,8,3,343.25,5.0,100.0,0.0,0.0,3,0.33,0,0.0,80.15,Star Performer,0,0,1,1,4.17,87.27,11.45,782.1,0.7407407407407408,100.0,100.0
2d2c62bef4c8ba0dd74e0e228e808539,SP,small_appliances,8,2017-11,2018-08,2018,8,7,1736.97,3.57,85.71,0.0,28.57,3,-1.43,5,-14.29,65.87,At-Risk,0,0,0,0,4.32,85.71,2.0,528.81,2.2222222222222223,64.25,85.71
2d42ebcda99fd55f6f4bc2f1ca035d50,GO,small_appliances,3,2018-06,2018-08,2018,8,2,181.55,4.5,100.0,0.0,0.0,1,-0.3,-3,0.0,76.32,Stable,0,0,0,0,4.02,100.0,3.33,401.32,0.3703703703703704,87.5,100.0
2d50d6282f8aa2257819a77bfaa0efe0,SP,bed_bath_table,12,2017-08,2018-08,2018,8,3,160.41,4.67,33.33,0.0,0.0,2,1.92,-1,-66.67,61.01,At-Risk,0,1,0,1,3.5,81.02,3.67,345.96,0.7407407407407408,91.75,33.33
2d518637f53161b973e01f56ea4bb88e,SP,sports_leisure,4,2018-04,2018-07,2018,7,1,143.99,5.0,100.0,0.0,0.0,1,0.0,-4,0.0,80.0,Star Performer,0,0,1,1,4.95,100.0,3.25,384.92,0.0,100.0,100.0
2dee2ce60de9709b1a24083217181a1f,MT,perfumery,7,2017-07,2018-06,2018,6,4,1109.64,5.0,100.0,0.0,0.0,1,1.0,3,0.0,80.22,Star Performer,0,0,0,0,4.51,98.81,7.71,1406.37,1.1111111111111112,100.0,100.0
2e13c71026e1a39ba5cc1b86dcb679aa,SP,sports_leisure,9,2017-12,2018-08,2018,8,4,662.12,4.6,100.0,0.0,0.0,1,3.1,2,0.0,77.22,Stable,0,0,0,0,4.37,92.59,2.67,478.91,1.1111111111111112,89.99999999999999,100.0
2e1a7d075abe038c1b2743005fe42ff1,SP,health_beauty,8,2017-08,2018-08,2018,8,1,38.86,1.0,100.0,100.0,100.0,1,-4.0,0,0.0,44.05,Dormant,1,0,0,1,3.88,85.94,2.38,218.82,0.0,0.0,100.0
2e1c9f22be269ef4643f826c9e650a52,SP,health_beauty,14,2017-07,2018-08,2018,8,7,529.88,3.86,66.67,14.29,28.57,2,-1.14,1,-33.33,62.58,At-Risk,0,1,0,1,4.18,93.28,11.93,1087.9,2.2222222222222223,71.5,66.67
2e3be8a987a30d7544dbbda6861cc14e,MG,computers_accessories,12,2017-02,2018-07,2018,7,2,232.67,2.0,100.0,0.0,50.0,1,-2.0,1,0.0,57.1,Dormant,0,0,0,0,3.32,91.67,1.5,398.13,0.3703703703703704,25.0,100.0
2e90cb1677d35cfe24eef47d441b7c87,SP,electronics,17,2017-03,2018-08,2018,8,5,876.87,3.8,60.0,0.0,20.0,2,-1.2,2,-40.0,61.11,At-Risk,0,1,0,1,4.18,88.3,7.47,987.19,1.4814814814814816,70.0,60.0
2eb70248d66e0e3ef83659f71b244378,SP,watches_gifts,6,2018-02,2018-07,2018,7,59,14131.09,3.08,96.72,0.0,38.98,1,0.44,48,-3.28,68.71,Stable,0,0,0,0,2.7,76.39,33.5,7454.76,21.48148148148148,52.0,96.72
2f4b0d3b9634b647d4edee577d7ebb7e,SP,perfumery,3,2018-01,2018-03,2018,3,2,61.58,5.0,100.0,0.0,0.0,1,0.17,-4,0.0,80.07,Star Performer,0,0,0,0,4.94,100.0,3.33,134.34,0.3703703703703704,100.0,100.0
2f74af7a0ee5636f12c2336f9fffed47,SP,sports_leisure,5,2017-06,2017-11,2017,11,3,166.44,5.0,100.0,0.0,0.0,1,4.0,2,0.0,80.15,Star Performer,0,0,0,0,4.03,100.0,2.6,144.89,0.7407407407407408,100.0,100.0
2fdde51ad3e12f297da656d4fbd5d0b5,SC,garden_tools,5,2017-04,2017-10,2017,10,2,3210.28,4.5,100.0,0.0,0.0,1,-0.5,1,0.0,76.32,Stable,0,0,0,0,4.73,100.0,2.0,1374.83,0.3703703703703704,87.5,100.0
2ff97219cb8622eaf3cd89b7d9c09824,SP,housewares,7,2018-02,2018-08,2018,8,13,1100.87,4.21,76.92,7.69,7.69,5,-0.43,-1,-23.08,68.74,Stable,1,1,0,1,4.51,94.2,12.71,838.0,4.444444444444445,80.25,76.92
3078096983cf766a32a06257648502d1,SP,toys,13,2017-05,2018-05,2018,5,2,507.76,4.5,100.0,0.0,0.0,1,0.0,0,0.0,76.32,Stable,0,0,0,0,4.24,97.8,4.31,654.94,0.3703703703703704,87.5,100.0
30829ded4523ab9224b93bc49a62c95f,RS,computers_accessories,7,2018-01,2018-08,2018,8,2,305.57,4.33,100.0,0.0,0.0,1,2.53,0,0.0,75.05,Stable,0,0,0,0,3.73,96.43,2.57,1078.53,0.3703703703703704,83.25,100.0
3092c0b297aacfb4bb6e056ebe13b9b8,SP,housewares,5,2018-01,2018-06,2018,6,3,182.41,4.0,100.0,0.0,33.33,2,0.86,-4,0.0,72.33,Stable,0,0,0,0,3.5,100.0,3.8,396.8,0.7407407407407408,75.0,100.0
30a2f535bb48308f991d0b9ad4a8c4bb,SP,furniture_decor,16,2017-02,2018-07,2018,7,2,140.15,5.0,100.0,0.0,0.0,1,1.0,1,0.0,80.07,Star Performer,0,0,0,0,4.51,96.98,4.44,367.15,0.3703703703703704,100.0,100.0
30a81d8cf85fb2ada1b1b094c9583a95,SP,pet_shop,5,2018-02,2018-08,2018,8,3,334.62,5.0,100.0,0.0,0.0,1,0.33,0,0.0,80.15,Star Performer,0,0,0,0,4.84,100.0,3.4,282.7,0.7407407407407408,100.0,100.0
31344c16881c08a8a72c6d2eb29918c1,MG,furniture_decor,16,2017-01,2018-08,2018,8,4,1074.52,5.0,100.0,0.0,0.0,1,0.0,2,0.0,80.22,Star Performer,0,0,0,0,4.32,96.67,2.69,744.54,1.1111111111111112,100.0,100.0
31561f325664a8a7aba4c8d0c3a9b3db,SP,auto,3,2018-06,2018-08,2018,8,10,601.72,4.8,90.0,0.0,0.0,2,0.21,-6,-10.0,76.67,Stable,0,1,0,1,4.58,96.67,12.0,1109.79,3.3333333333333335,95.0,90.0
318f287a62ab7ac10b703ac37435a231,SP,bed_bath_table,17,2017-02,2018-08,2018,8,1,48.02,4.0,100.0,0.0,0.0,1,1.0,-1,0.0,72.5,Stable,0,0,1,1,4.01,90.87,3.06,213.8,0.0,75.0,100.0
31ae0774c17fabd06ff707cc5bde005f,SP,agro_industry_and_commerce,9,2017-05,2018-08,2018,8,1,459.34,5.0,100.0,0.0,0.0,1,1.0,0,0.0,80.0,Star Performer,0,0,0,0,3.78,88.89,1.22,841.19,0.0,100.0,100.0
31da954dc0855f2495c6310f70a2f931,SP,health_beauty,9,2017-09,2018-08,2018,8,1,70.46,5.0,100.0,0.0,0.0,1,0.0,0,0.0,80.0,Star Performer,0,0,0,0,4.33,93.52,3.22,559.19,0.0,100.0,100.0
323ce52b5b81df2cd804b017b7f09aa7,SP,stationery,8,2018-01,2018-08,2018,8,1,158.21,4.0,0.0,0.0,0.0,1,-0.5,-1,-50.0,47.5,Dormant,0,1,0,1,4.33,72.05,3.5,352.2,0.0,75.0,0.0
325f3178fb58e2a9778334621eecdbf9,SP,perfumery,10,2017-04,2018-01,2018,1,2,52.77,4.0,100.0,0.0,0.0,1,-1.0,0,0.0,72.57,Stable,0,0,0,0,4.52,100.0,2.6,99.29,0.3703703703703704,75.0,100.0
32b8764b4ef628b53608fc34011fcc13,SC,housewares,6,2018-03,2018-08,2018,8,8,2886.54,4.75,87.5,0.0,0.0,1,2.08,5,-12.5,75.52,Stable,0,0,0,0,4.11,91.67,6.0,1975.74,2.5925925925925926,93.75,87.5
3340ef1913fb70d28420f6ceb685c339,PR,computers_accessories,9,2017-01,2017-11,2017,11,3,594.55,4.33,66.67,0.0,0.0,1,-0.67,2,-33.33,66.79,At-Risk,0,1,0,1,4.46,92.13,3.56,831.28,0.7407407407407408,83.25,66.67
334cab711dee080b079fa5779b584783,SP,furniture_decor,5,2018-04,2018-08,2018,8,1,59.0,5.0,100.0,0.0,0.0,1,0.1,-3,0.0,80.0,Star Performer,0,0,0,0,4.98,100.0,2.2,284.27,0.0,100.0,100.0
33576ec5412fb5905d876f12f33bfde6,PR,fashion_bags_accessories,9,2017-07,2018-06,2018,6,2,212.22,4.5,100.0,0.0,0.0,1,0.5,-1,0.0,76.32,Stable,0,0,0,0,3.93,97.22,3.44,376.82,0.3703703703703704,87.5,100.0
3361277dc30b7cccdb0c286b24219756,PR,pet_shop,16,2017-02,2018-08,2018,8,1,118.32,1.0,100.0,0.0,100.0,1,-3.0,0,0.0,49.05,Dormant,1,0,0,1,4.38,93.75,1.81,283.81,0.0,0.0,100.0
33a17d60c64393351ebf1ef860f4e0f2,RS,housewares,13,2017-07,2018-08,2018,8,2,684.93,5.0,100.0,0.0,0.0,1,0.4,-3,0.0,80.07,Star Performer,0,0,0,0,4.75,98.9,3.31,725.53,0.3703703703703704,100.0,100.0
33a6f4b1e7cdc205511e76ba1b6e0186,SP,bed_bath_table,8,2018-01,2018-08,2018,8,13,1413.51,5.0,100.0,0.0,0.0,2,0.25,9,0.0,80.89,Star Performer,0,0,0,0,4.42,98.53,13.12,1522.99,4.444444444444445,100.0,100.0
33ac3e28642ab8bda860a2f693000e78,SP,sports_leisure,17,2017-02,2018-07,2018,7,2,269.08,3.0,100.0,0.0,50.0,1,-2.0,1,0.0,64.6,At-Risk,1,0,0,1,4.34,100.0,2.0,244.18,0.3703703703703704,50.0,100.0
33c51922b6e3c16b24a8f28e5833c99d,PR,perfumery,7,2017-12,2018-08,2018,8,1,139.8,4.32,100.0,0.0,0.0,1,0.0,-2,0.0,74.9,Stable,0,0,1,1,3.9,95.24,2.57,1003.7,0.0,83.0,100.0
33cbbec1e7e1044aaf11d152172c776f,RS,small_appliances,5,2018-04,2018-08,2018,8,1,75.74,5.0,100.0,0.0,0.0,1,0.6,-3,0.0,80.0,Star Performer,0,0,0,0,4.82,100.0,3.0,225.9,0.0,100.0,100.0
34056b8b55c1775a22af2331670a799c,SP,auto,8,2017-11,2018-08,2018,8,9,881.82,4.67,100.0,0.0,0.0,1,0.89,0,11.11,78.12,Stable,0,0,0,0,3.89,86.92,9.75,1028.74,2.9629629629629632,91.75,100.0
343e716476e3748b069f980efbaa294e,SP,books_general_interest,12,2017-04,2018-08,2018,8,1,63.42,5.0,100.0,0.0,0.0,1,0.0,0,0.0,80.0,Star Performer,0,0,0,0,4.27,91.67,1.42,102.89,0.0,100.0,100.0
3481aa57cd91f9f9d3fa1fa12d9a3bf7,SP,furniture_decor,5,2017-02,2017-08,2017,8,4,443.71,3.25,100.0,0.0,50.0,1,-1.75,3,0.0,66.62,At-Risk,1,0,0,1,4.3,100.0,3.0,327.33,1.1111111111111112,56.25,100.0
34d1ca11b242c0fee2c834ae8d788566,MG,computers_accessories,17,2017-03,2018-08,2018,8,1,205.21,5.0,100.0,0.0,0.0,1,0.0,0,0.0,80.0,Star Performer,0,0,0,0,4.37,100.0,2.35,847.31,0.0,100.0,100.0
3504c0cb71d7fa48d967e0e4c94d59d9,SP,cool_stuff,5,2017-07,2017-11,2017,11,3,168.14,5.0,100.0,0.0,0.0,2,1.0,-6,0.0,80.15,Star Performer,0,0,1,1,4.47,100.0,10.6,607.46,0.7407407407407408,100.0,100.0
3586b8580d9c917874e053a1bb37b5ff,SP,stationery,14,2017-05,2018-08,2018,8,1,49.67,3.0,100.0,0.0,0.0,1,-1.5,-1,0.0,65.0,At-Risk,1,0,1,1,4.36,96.43,2.57,168.02,0.0,50.0,100.0
36890be00bbfc1cdb9a4a38a6af05a69,SP,baby,3,2018-06,2018-08,2018,8,6,564.34,3.67,50.0,0.0,33.33,2,-0.83,2,-50.0,57.58,Dormant,1,1,0,1,4.39,83.33,4.33,533.63,1.8518518518518516,66.75,50.0
36a968b544695394e4e9d7572688598f,SP,computers_accessories,17,2017-02,2018-08,2018,8,13,622.42,3.69,91.67,0.0,23.08,3,0.81,5,-8.33,68.76,Stable,0,0,0,0,3.5,94.41,9.06,692.91,4.444444444444445,67.25,91.67
373ee4a3a775a733770ca3f790b8b9ac,RJ,sports_leisure,10,2017-02,2018-05,2018,5,1,44.8,5.0,100.0,0.0,0.0,1,0.0,0,0.0,80.0,Star Performer,0,0,0,0,4.03,93.33,1.3,248.23,0.0,100.0,100.0
37515688008a7a40ac93e3b2e4ab203f,SP,consoles_games,13,2017-07,2018-07,2018,7,1,58.38,3.0,0.0,0.0,0.0,1,-2.0,-2,-100.0,40.0,Dormant,1,1,1,1,4.06,81.8,17.54,724.44,0.0,50.0,0.0
376a891762bbdecbc02b4b6adec3fdda,GO,sports_leisure,13,2017-05,2018-05,2018,5,1,91.19,5.0,100.0,0.0,0.0,1,0.2,-3,0.0,80.0,Star Performer,0,0,1,1,4.68,97.95,4.38,591.82,0.0,100.0,100.0
3785b653b1b82de85ab47dd139938091,PR,housewares,10,2017-08,2018-08,2018,8,1,113.33,4.0,100.0,0.0,0.0,1,0.5,-1,0.0,72.5,Stable,1,0,0,1,4.72,100.0,2.1,211.12,0.0,75.0,100.0
37be5a7c751166fbc5f8ccba4119e043,SP,bed_bath_table,11,2017-05,2018-05,2018,5,3,753.51,3.75,75.0,0.0,33.33,1,-1.25,1,-25.0,64.21,At-Risk,0,0,0,0,4.19,89.6,24.73,5686.21,0.7407407407407408,68.75,75.0
381c83fdca332ea6afd896da20bf6e4a,PR,watches_gifts,13,2017-08,2018-08,2018,8,2,310.63,4.5,100.0,0.0,0.0,1,-0.5,0,0.0,76.32,Stable,0,0,0,0,4.37,95.05,3.54,642.69,0.3703703703703704,87.5,100.0
382229d1e840115ffe3dbf5ff460e417,RJ,housewares,5,2018-04,2018-08,2018,8,13,1036.43,4.4,73.33,0.0,7.69,6,-0.1,5,-26.67,69.65,Stable,0,1,0,1,4.25,92.67,9.2,993.32,4.444444444444445,85.00000000000001,73.33
38e679b9e0064cd94c6f035707344dae,PR,sports_leisure,9,2017-01,2018-01,2018,1,3,283.82,4.5,100.0,0.0,0.0,1,3.5,2,0.0,76.4,Stable,0,0,0,0,3.8,97.78,3.0,483.6,0.7407407407407408,87.5,100.0
391fc6631aebcf3004804e51b40bcf1e,SP,furniture_decor,19,2017-02,2018-08,2018,8,22,1723.85,4.26,100.0,0.0,9.09,2,-0.55,3,0.0,75.92,Stable,0,0,0,0,4.01,91.28,27.21,2613.74,7.777777777777778,81.5,100.0
392e0502231ae2f8b29994ef6398cd77,SP,health_beauty,8,2017-01,2018-07,2018,7,1,217.52,4.0,100.0,100.0,0.0,1,1.0,0,0.0,67.5,At-Risk,0,0,0,0,4.3,86.11,2.5,278.45,0.0,75.0,100.0
3935fe5fe0f82787a9dcb8deb62be09d,SP,computers_accessories,5,2018-04,2018-08,2018,8,3,394.47,5.0,100.0,0.0,0.0,1,0.5,1,0.0,80.15,Star Performer,0,0,0,0,4.31,94.29,3.2,420.27,0.7407407407407408,100.0,100.0
3969863bb8af7f72580b3b1ffd3a17b3,SP,sports_leisure,7,2017-11,2018-08,2018,8,2,138.32,5.0,100.0,0.0,0.0,1,0.0,1,0.0,80.07,Star Performer,0,0,0,0,4.0,100.0,1.71,121.43,0.3703703703703704,100.0,100.0
39c763cca83e654764b7a4a650fb9b7c,GO,sports_leisure,6,2017-09,2018-07,2018,7,3,252.36,3.67,100.0,0.0,33.33,1,-1.33,1,0.0,69.86,Stable,0,0,0,0,3.83,77.78,1.83,164.04,0.7407407407407408,66.75,100.0
39d54ff918774174706fb065d7f9dc07,SP,auto,8,2017-11,2018-07,2018,7,2,110.24,3.0,100.0,50.0,50.0,1,-2.0,0,0.0,62.1,At-Risk,1,0,0,1,4.03,81.55,2.88,244.62,0.3703703703703704,50.0,100.0
3a1a1fec38dd360f15fc912e821e169d,SP,auto,7,2017-10,2018-05,2018,5,1,106.8,5.0,100.0,0.0,0.0,1,0.33,-2,33.33,80.0,Star Performer,0,0,1,1,3.95,77.38,2.14,339.8,0.0,100.0,100.0
3a734b715d333a2588a3d54a0c9b8746,SP,telephony,5,2017-08,2018-01,2018,1,2,222.84,2.0,100.0,0.0,50.0,2,0.0,0,100.0,57.1,Dormant,0,0,0,0,3.29,80.0,3.2,516.71,0.3703703703703704,25.0,100.0
3ab971ce71839580d2ae5b4e40fe8044,SP,housewares,3,2018-06,2018-08,2018,8,10,1741.14,3.55,81.82,0.0,30.0,2,-0.65,-2,-9.09,64.96,At-Risk,1,0,0,1,3.89,90.91,12.0,1966.35,3.3333333333333335,63.74999999999999,81.82
3ade81dab5a172b88e1871c28ae05260,SP,furniture_bedroom,10,2017-10,2018-08,2018,8,5,1373.28,5.0,100.0,0.0,0.0,1,1.0,4,0.0,80.3,Star Performer,0,0,0,0,3.89,81.0,3.0,730.3,1.4814814814814816,100.0,100.0
3b15288545f8928d3e65a8f949a28291,SP,bed_bath_table,18,2017-03,2018-08,2018,8,1,153.7,2.0,100.0,0.0,100.0,1,-1.0,-3,0.0,56.55,Dormant,1,0,1,1,3.87,95.31,5.78,938.62,0.0,25.0,100.0
3b872fd4747f01cc56206f2934198618,SP,bed_bath_table,8,2017-11,2018-08,2018,8,3,313.63,4.33,100.0,0.0,0.0,1,0.33,0,0.0,75.12,Stable,0,0,0,0,3.96,87.5,3.12,480.39,0.7407407407407408,83.25,100.0
3bb548e3cb7f70f28e3f11ee9dce0e59,PR,computers_accessories,14,2017-03,2018-08,2018,8,1,88.87,4.0,100.0,0.0,0.0,1,0.43,-6,0.0,72.5,Stable,0,0,1,1,4.21,100.0,3.29,613.34,0.0,75.0,100.0
3bdff180c7e1f6551a643b99c265a120,SP,computers_accessories,15,2017-02,2018-04,2018,4,3,234.56,4.67,100.0,0.0,0.0,1,1.84,-1,50.0,77.67,Stable,0,0,0,0,3.98,95.33,3.93,277.46,0.7407407407407408,91.75,100.0
3be634553519fb6536a03e1358e9fdc7,SP,housewares,14,2017-07,2018-08,2018,8,9,720.66,4.73,81.82,0.0,0.0,3,1.4,6,-18.18,74.02,Stable,0,1,0,1,3.99,94.93,5.93,521.31,2.9629629629629632,93.25000000000001,81.82
3c010235b7345c92f125d14ee232a76b,PR,pet_shop,2,2018-07,2018-08,2018,8,5,1329.39,4.2,100.0,0.0,0.0,1,-0.7,-5,0.0,74.3,Stable,0,0,0,0,4.55,100.0,7.5,2002.66,1.4814814814814816,80.0,100.0
3c03b12bab54d8b37d79d914bfdb1aa0,RJ,sports_leisure,9,2017-12,2018-08,2018,8,2,129.16,5.0,100.0,0.0,0.0,1,0.5,-1,0.0,80.07,Star Performer,0,0,0,0,3.98,94.81,4.11,546.64,0.3703703703703704,100.0,100.0
3c487ae8f8d7542beff5788e2e0aea83,DF,fashion_bags_accessories,12,2017-08,2018-08,2018,8,3,751.04,5.0,100.0,0.0,0.0,1,0.0,2,0.0,80.15,Star Performer,0,0,0,0,4.13,97.22,2.5,842.11,0.7407407407407408,100.0,100.0
3c4e0452bff7a2a788179488d3d77032,PR,toys,4,2017-12,2018-03,2018,3,4,419.31,4.0,100.0,0.0,25.0,1,0.86,0,0.0,72.48,Stable,0,0,0,0,3.71,98.33,8.0,1088.13,1.1111111111111112,75.0,100.0
3c7c4a49ec3c6550809089c6a2ca9370,SP,perfumery,12,2017-09,2018-08,2018,8,2,60.6,5.0,100.0,0.0,0.0,1,0.0,1,0.0,80.07,Star Performer,0,0,1,1,3.84,94.4,11.75,497.18,0.3703703703703704,100.0,100.0
3ca08eeb8d5595949fed424bd3677742,PR,toys,8,2017-05,2018-01,2018,1,2,439.72,5.0,100.0,0.0,0.0,1,0.5,0,0.0,80.07,Star Performer,0,0,0,0,4.5,100.0,1.75,279.39,0.3703703703703704,100.0,100.0
3d2531eccfbde1d7c8db7a3a12fb267a,MG,health_beauty,5,2018-04,2018-08,2018,8,1,367.45,5.0,100.0,0.0,0.0,1,1.0,0,0.0,80.0,Star Performer,0,0,0,0,4.35,100.0,2.0,442.52,0.0,100.0,100.0
3d5d0dc7073a299e31fa718ce1bc00b6,RJ,health_beauty,3,2018-06,2018-08,2018,8,6,258.7,3.43,57.14,0.0,50.0,3,-0.9,0,-42.86,57.4,Dormant,1,1,0,1,4.1,85.71,7.67,392.71,1.8518518518518516,60.75000000000001,57.14
3d621842b2ed28e2b474132480edac3c,SP,auto,4,2017-05,2017-11,2017,11,6,568.71,4.0,100.0,0.0,16.67,1,-1.0,5,0.0,72.71,Stable,0,0,0,0,3.62,100.0,2.5,270.18,1.8518518518518516,75.0,100.0
3d871de0142ce09b7081e2b9d1733cb1,SP,stationery,18,2017-03,2018-08,2018,8,25,3440.58,4.43,96.43,0.0,4.0,3,0.01,-6,-3.57,76.57,Stable,0,0,0,0,4.18,95.46,60.0,6522.75,8.88888888888889,85.75,96.43
3d8fa2f5b647373c8620330c4e077a9f,SP,garden_tools,5,2018-04,2018-08,2018,8,7,697.84,4.14,100.0,0.0,14.29,4,-0.66,-3,0.0,73.86,Stable,0,0,0,0,3.53,80.0,8.6,890.48,2.2222222222222223,78.49999999999999,100.0
3db66a856d18a9cba7c9241fc5221c50,MG,sports_leisure,14,2017-04,2018-08,2018,8,3,454.7,4.0,100.0,0.0,33.33,1,-0.17,-2,0.0,72.33,Stable,0,0,0,0,4.2,87.31,6.64,828.95,0.7407407407407408,75.0,100.0
3dbbce181edfaa4a597ec858c382d2ec,PR,books_general_interest,7,2017-04,2017-12,2017,12,3,277.84,5.0,100.0,0.0,0.0,1,1.0,1,0.0,80.15,Star Performer,0,0,0,0,4.36,92.86,2.29,179.11,0.7407407407407408,100.0,100.0
3df020b72d3d44b3af9d110fa3940b65,SP,furniture_decor,14,2017-07,2018-08,2018,8,4,807.07,5.0,100.0,0.0,0.0,1,0.2,1,0.0,80.22,Star Performer,0,0,0,0,4.07,90.18,3.93,482.1,1.1111111111111112,100.0,100.0
3f3486b61f45078d4f31ee5e43d8c5bb,SP,luggage_accessories,9,2017-12,2018-08,2018,8,10,1362.89,4.7,70.0,0.0,0.0,2,1.7,8,-30.0,70.92,Stable,0,1,0,1,4.24,89.26,4.44,525.17,3.3333333333333335,92.5,70.0
3f995f07c49d0d55a99d5c54957f7d81,SP,auto,12,2017-04,2018-08,2018,8,5,356.23,4.8,100.0,0.0,0.0,1,0.8,3,0.0,78.8,Stable,0,0,0,0,4.12,91.67,3.58,385.6,1.4814814814814816,95.0,100.0
3fac58ce0ad699020c7944d53c41329c,SP,construction_tools_lights,4,2018-05,2018-08,2018,8,4,814.18,4.75,75.0,0.0,0.0,2,0.08,0,-8.33,72.1,Stable,0,1,0,1,4.11,89.58,2.5,356.99,1.1111111111111112,93.75,75.0
3fd1e727ba94cfe122d165e176ce7967,SP,sports_leisure,5,2017-12,2018-04,2018,4,2,267.69,4.0,50.0,0.0,0.0,1,0.8,-3,10.0,60.07,At-Risk,0,0,1,1,3.74,70.5,7.4,678.88,0.3703703703703704,75.0,50.0
403aa86912527d730337ffcb0fb096ab,MG,telephony,7,2017-01,2017-11,2017,11,3,862.62,4.0,100.0,0.0,0.0,1,-1.0,1,0.0,72.65,Stable,0,0,0,0,4.05,100.0,1.57,1309.22,0.7407407407407408,75.0,100.0
406822777a0b9eb5c50e442dd4cd3ec5,SP,toys,11,2017-10,2018-08,2018,8,2,196.71,5.0,100.0,0.0,0.0,1,0.4,-3,0.0,80.07,Star Performer,0,0,0,0,4.46,92.68,4.09,417.85,0.3703703703703704,100.0,100.0
40d54b51e962dbe09cabbcfd33298dee,SP,health_beauty,12,2017-07,2018-08,2018,8,2,812.04,3.0,100.0,0.0,50.0,1,0.0,-1,0.0,64.6,At-Risk,0,0,0,0,3.85,100.0,2.5,610.27,0.3703703703703704,50.0,100.0
40db9e9aa57f7bb151bcda6b0f9bdbb7,PE,auto,5,2018-02,2018-08,2018,8,3,6235.92,1.0,100.0,0.0,66.67,1,-3.0,0,0.0,49.51,Dormant,0,0,0,0,2.13,90.0,2.4,4764.8,0.7407407407407408,0.0,100.0
411f3b52d857390502ee4e4d5ceabc2d,SP,construction_tools_construction,5,2018-04,2018-08,2018,8,5,510.94,4.44,55.56,0.0,0.0,3,-0.31,0,-44.44,64.99,At-Risk,0,0,0,0,4.09,77.78,4.2,436.54,1.4814814814814816,86.00000000000001,55.559999999999995
412a4720f3e9431b4afa1476a1acddbe,SP,sports_leisure,10,2017-09,2018-08,2018,8,3,113.85,4.0,100.0,0.0,0.0,1,-0.5,0,0.0,72.65,Stable,0,0,0,0,4.3,95.0,2.1,256.92,0.7407407407407408,75.0,100.0
41ab63a91b8b264e8c8780368bf1dd5b,MG,small_appliances,7,2017-10,2018-07,2018,7,1,169.32,5.0,100.0,0.0,0.0,1,0.5,-1,0.0,80.0,Star Performer,0,0,0,0,4.07,100.0,1.71,410.6,0.0,100.0,100.0
41b39e28db005d9731d9d485a83b4c38,SP,bed_bath_table,20,2017-01,2018-08,2018,8,1,138.07,4.0,0.0,0.0,0.0,1,1.0,-2,-100.0,47.5,Dormant,0,1,1,1,4.02,90.16,9.75,1079.58,0.0,75.0,0.0
41b86b552e54e3a7009596125aa8b167,SP,sports_leisure,2,2017-03,2017-04,2017,4,4,913.4,4.0,100.0,0.0,25.0,1,-0.57,-2,0.0,72.48,Stable,0,0,0,0,4.28,100.0,5.0,914.96,1.1111111111111112,75.0,100.0
41c2bad7229b0c25e6becf179ebf63ff,RN,books_general_interest,4,2017-11,2018-07,2018,7,1,41.98,5.0,100.0,0.0,0.0,1,0.08,-9,0.0,80.0,Star Performer,0,0,0,0,4.98,100.0,5.0,242.98,0.0,100.0,100.0
41da412d33e8da4f22baf55cb1bde82c,ES,sports_leisure,6,2018-01,2018-06,2018,6,3,143.44,4.67,100.0,0.0,0.0,1,-0.33,0,0.0,77.67,Stable,0,0,0,0,4.68,100.0,2.5,206.18,0.7407407407407408,91.75,100.0
4200ddf1967c5e41e48db62bc6d4b5ac,SP,bed_bath_table,9,2017-08,2018-04,2018,4,2,102.05,4.0,100.0,0.0,0.0,1,-0.67,0,0.0,72.57,Stable,0,0,0,0,4.43,94.44,2.44,129.81,0.3703703703703704,75.0,100.0
42b729f859728f5079499127a9c2ef37,SP,health_beauty,8,2018-01,2018-08,2018,8,15,742.12,4.8,85.71,0.0,0.0,2,0.37,-1,-14.29,75.96,Stable,0,0,0,0,4.21,85.19,13.0,679.26,5.185185185185185,95.0,85.71
42bde9fef835393bb8a8849cb6b7f245,DF,toys,9,2017-07,2018-08,2018,8,1,146.83,2.0,100.0,0.0,100.0,1,-2.33,-2,0.0,56.55,Dormant,1,0,1,1,4.24,88.89,3.89,943.09,0.0,25.0,100.0
42ef3192a9ff87a22d1867b74b3ee205,SP,toys,7,2018-01,2018-08,2018,8,1,57.09,4.0,100.0,0.0,0.0,1,-1.0,-1,0.0,72.5,Stable,1,0,1,1,4.68,100.0,3.29,236.57,0.0,75.0,100.0
430315b7bb4b6e4b3c978f9dfa9b0558,SP,housewares,7,2018-01,2018-08,2018,8,1,437.33,3.0,100.0,0.0,0.0,1,-2.0,-1,0.0,65.0,At-Risk,1,0,0,1,4.16,98.21,2.86,529.23,0.0,50.0,100.0
4305fe92735c8a43d154ff6dd2b8d927,MG,sports_leisure,6,2017-07,2018-08,2018,8,5,985.57,3.17,100.0,0.0,60.0,1,2.17,4,0.0,66.0,At-Risk,0,0,0,0,3.74,100.0,3.17,552.38,1.4814814814814816,54.25,100.0
431050a06a317f2b38168dec3dcd2b46,SP,health_beauty,5,2018-04,2018-08,2018,8,2,144.8,3.0,100.0,0.0,50.0,2,-2.0,0,0.0,64.6,At-Risk,1,0,0,1,4.08,100.0,2.4,344.19,0.3703703703703704,50.0,100.0
431af27f296bc6519d890aa5a05fdb11,SP,health_beauty,16,2017-04,2018-07,2018,7,3,474.61,5.0,100.0,0.0,0.0,1,0.0,2,0.0,80.15,Star Performer,0,0,0,0,3.97,85.89,7.31,956.46,0.7407407407407408,100.0,100.0
4324dd16853115efb0fd9d0d131ba6f4,SP,computers_accessories,6,2017-05,2018-03,2018,3,1,159.54,5.0,100.0,0.0,0.0,1,0.0,-1,0.0,80.0,Star Performer,0,0,1,1,4.44,95.83,2.0,229.91,0.0,100.0,100.0
432c37c9dfba871172ec162e20118b8c,DF,cool_stuff,14,2017-03,2018-04,2018,4,1,56.06,5.0,100.0,0.0,0.0,1,2.0,-1,50.0,80.0,Star Performer,0,0,1,1,4.06,88.21,3.14,259.46,0.0,100.0,100.0
4342d4b2ba6b161468c63a7e7cfce593,RJ,watches_gifts,4,2017-12,2018-07,2018,7,1,410.13,1.0,100.0,0.0,100.0,1,0.0,0,100.0,49.05,Dormant,0,0,0,0,1.14,75.0,5.0,790.83,0.0,0.0,100.0
4371b634e0efc0e22b09b52907d9d469,SP,sports_leisure,14,2017-06,2018-08,2018,8,2,173.33,2.5,100.0,0.0,50.0,1,-1.7,-1,0.0,60.85,At-Risk,1,0,1,1,4.44,93.24,7.29,691.34,0.3703703703703704,37.5,100.0
43f8c9950d11ecd03a0304a49e010da6,SP,consoles_games,9,2017-07,2018-05,2018,5,1,137.72,5.0,100.0,0.0,0.0,1,0.0,-1,0.0,80.0,Star Performer,0,0,1,1,4.45,87.04,4.56,534.14,0.0,100.0,100.0
44073f8b7e41514de3b7815dd0237f4f,DF,health_beauty,18,2017-02,2018-08,2018,8,1,72.18,3.0,100.0,0.0,0.0,1,2.0,0,0.0,65.0,At-Risk,0,0,1,1,3.31,97.14,7.83,1200.27,0.0,50.0,100.0
440dd6ab244315c632130ecfb63827b1,SP,sports_leisure,20,2017-01,2018-08,2018,8,1,187.83,5.0,100.0,0.0,0.0,1,1.0,0,0.0,80.0,Star Performer,0,0,1,1,3.92,90.42,4.55,773.19,0.0,100.0,100.0
45213867cefbf2cd4c6177e10216a951,SP,musical_instruments,8,2017-01,2017-10,2017,10,1,333.86,1.0,100.0,0.0,100.0,1,-3.33,-2,33.33,49.05,Dormant,1,0,0,1,3.52,83.33,1.75,673.64,0.0,0.0,100.0
4559697a8f7e637227c2eeaed843baff,SP,home_appliances,12,2017-02,2018-06,2018,6,1,84.7,5.0,100.0,0.0,0.0,1,1.0,0,0.0,80.0,Star Performer,0,0,0,0,4.0,86.86,3.5,387.91,0.0,100.0,100.0
45ba18c210d42734ec52c0c1c574e9ee,SP,baby,5,2018-04,2018-08,2018,8,4,773.38,1.0,100.0,25.0,100.0,3,-3.86,-3,0.0,48.02,Dormant,1,0,0,1,3.66,96.53,7.6,1312.42,1.1111111111111112,0.0,100.0
45d33f715e24d15a6ccf5c17b3a23e3c,SP,computers_accessories,14,2017-01,2018-08,2018,8,1,73.38,5.0,100.0,0.0,0.0,1,4.0,0,100.0,80.0,Star Performer,0,0,1,1,3.85,89.76,4.14,406.32,0.0,100.0,100.0
4677a5437afda5fa7140b927b07be1cc,PR,auto,4,2018-04,2018-08,2018,8,2,364.16,3.5,50.0,0.0,0.0,2,-1.1,-3,-50.0,56.32,Dormant,1,1,0,1,4.28,87.5,2.75,958.92,0.3703703703703704,62.5,50.0
46dc3b2cc0980fb8ec44634e21d2718e,RJ,toys,20,2017-01,2018-08,2018,8,4,1048.76,4.0,100.0,0.0,25.0,3,3.0,3,0.0,72.48,Stable,0,0,0,0,4.09,95.16,23.55,6317.47,1.1111111111111112,75.0,100.0
4736e9d642ef4257cd7622516931eb51,SP,air_conditioning,7,2017-11,2018-08,2018,8,4,344.94,4.75,100.0,0.0,0.0,4,2.42,2,0.0,78.35,Stable,0,0,0,0,4.08,100.0,2.14,200.52,1.1111111111111112,93.75,100.0
47efca563408aae19bb7206c2d969ea9,PI,auto,7,2018-01,2018-08,2018,8,1,320.76,5.0,100.0,0.0,0.0,1,0.0,0,0.0,80.0,Star Performer,0,0,0,0,4.41,100.0,1.71,423.62,0.0,100.0,100.0
48162d548f5b1b11b9d29d1e01f75a61,SP,garden_tools,19,2017-01,2018-08,2018,8,1,424.99,4.0,100.0,0.0,0.0,1,1.4,-2,0.0,72.5,Stable,0,0,1,1,3.75,96.62,3.58,1189.06,0.0,75.0,100.0
4830e40640734fc1c52cd21127c341d4,SP,housewares,14,2017-07,2018-08,2018,8,15,810.43,4.33,93.33,0.0,6.67,5,0.5,4,3.33,74.28,Stable,0,0,0,0,4.18,94.49,15.0,932.81,5.185185185185185,83.25,93.33
48436dade18ac8b2bce089ec2a041202,SP,cool_stuff,15,2017-03,2018-08,2018,8,2,205.78,4.5,100.0,0.0,0.0,1,0.5,1,0.0,76.32,Stable,0,0,0,0,4.09,94.43,9.2,1012.24,0.3703703703703704,87.5,100.0
4869f7a5dfa277a7dca6462dcf3b52b2,SP,watches_gifts,17,2017-03,2018-08,2018,8,83,16107.75,4.4,95.35,0.0,7.23,6,0.01,29,-4.65,80.34,Star Performer,0,0,0,0,4.15,90.72,66.59,14684.75,30.37037037037037,85.00000000000001,95.35
48efc9d94a9834137efd9ea76b065a38,PR,fashion_bags_accessories,1,2017-01,2017-01,2017,1,32,646.38,5.0,100.0,0.0,0.0,8,0.0,0,0.0,82.3,Star Performer,0,0,0,0,5.0,100.0,32.0,646.38,11.481481481481481,100.0,100.0
48fb026ed7455a42f5d3e9390ed5088e,RJ,auto,5,2017-05,2017-12,2017,12,1,46.09,2.0,100.0,0.0,100.0,1,-1.6,-4,0.0,56.55,Dormant,0,0,0,0,2.12,100.0,2.2,155.83,0.0,25.0,100.0
49067458c68f7701fd334ce326accbe0,MG,costruction_tools_garden,8,2017-09,2018-08,2018,8,2,177.79,1.0,100.0,0.0,200.0,1,-1.6,0,0.0,48.17,Dormant,1,0,0,1,3.29,95.0,2.0,181.28,0.3703703703703704,0.0,100.0
4917cee8d902e13428c3ec4b1ca6f315,SC,home_appliances_2,14,2017-05,2018-08,2018,8,2,480.48,5.0,100.0,0.0,0.0,1,0.0,1,0.0,80.07,Star Performer,0,0,0,0,4.46,98.21,2.36,472.97,0.3703703703703704,100.0,100.0
4978a02ea9c8be7a9b5480680f40334e,SP,construction_tools_construction,6,2018-03,2018-08,2018,8,1,25.38,5.0,100.0,0.0,0.0,1,1.67,-2,0.0,80.0,Star Performer,0,0,1,1,3.6,100.0,3.0,449.47,0.0,100.0,100.0
4992e76a42cb3aad7a7047e0d3d7e729,SP,housewares,16,2017-05,2018-08,2018,8,4,149.66,3.5,75.0,0.0,25.0,1,-0.3,0,-25.0,62.48,At-Risk,0,1,0,1,3.88,93.01,3.56,201.16,1.1111111111111112,62.5,75.0
49e7217cfe4e427191c378ec626d8737,MG,housewares,7,2017-05,2018-05,2018,5,4,839.07,4.5,100.0,0.0,0.0,1,2.0,2,0.0,76.47,Stable,0,0,0,0,4.1,100.0,1.86,482.62,1.1111111111111112,87.5,100.0
4a1f694197d05fe70026b016a7316b41,SP,furniture_decor,5,2018-02,2018-08,2018,8,3,170.63,4.33,66.67,0.0,0.0,1,-0.67,2,-33.33,66.79,At-Risk,0,1,0,1,4.63,93.33,2.8,255.75,0.7407407407407408,83.25,66.67
4a3ca9315b744ce9f8e9374361493884,SP,bed_bath_table,20,2017-01,2018-08,2018,8,49,5934.42,3.89,90.57,0.0,24.49,4,-0.35,-31,-6.93,72.64,Stable,0,0,1,1,3.84,91.14,90.3,11922.02,17.77777777777778,72.25,90.57
4a3ccda38b2129705f3fb522db62ca31,SP,construction_tools_safety,12,2017-09,2018-08,2018,8,3,692.46,4.67,66.67,0.0,0.0,1,-0.33,1,16.67,69.34,Stable,0,1,0,1,3.75,89.64,5.5,1589.72,0.7407407407407408,91.75,66.67
4aba391bc3b88717ce08eb11e44937b2,BA,sports_leisure,16,2017-02,2018-08,2018,8,1,117.16,5.0,100.0,0.0,0.0,1,0.0,0,0.0,80.0,Star Performer,0,0,0,0,4.1,90.1,1.81,527.2,0.0,100.0,100.0
4b0fdb526525f9890eb145bf1534640e,SP,bed_bath_table,7,2018-02,2018-08,2018,8,7,1360.9,3.44,100.0,0.0,42.86,2,0.44,5,0.0,68.34,Stable,1,0,0,1,4.3,100.0,2.57,422.03,2.2222222222222223,61.0,100.0
4b5f66b7adcf57f1ecc0d3c07dd6b177,PR,computers_accessories,12,2017-03,2018-07,2018,7,1,162.54,3.0,100.0,0.0,0.0,1,-2.0,0,0.0,65.0,At-Risk,1,0,0,1,4.16,97.92,1.92,593.0,0.0,50.0,100.0
4b9750c8ad28220fe6702d4ecb7c898f,SP,baby,11,2017-10,2018-08,2018,8,48,4204.27,4.56,94.0,0.0,4.17,2,-0.12,23,2.0,78.64,Stable,0,0,0,0,4.32,91.37,19.82,1755.01,17.40740740740741,88.99999999999999,94.0
4ba52dfeba874da5b9ee7b17c7494f04,SP,books_technical,4,2017-07,2017-10,2017,10,3,356.41,4.67,100.0,0.0,0.0,1,0.92,-1,25.0,77.67,Stable,0,0,0,0,4.52,93.75,2.75,416.98,0.7407407407407408,91.75,100.0
4be6b962d83299498bae2190f95d6566,SP,small_appliances,4,2018-03,2018-08,2018,8,3,159.33,4.0,100.0,0.0,0.0,1,0.33,0,0.0,72.65,Stable,0,0,0,0,4.29,95.0,2.75,172.77,0.7407407407407408,75.0,100.0
4bf2f4ee540798a61f9636d12cd9cc80,SP,fashion_underwear_beach,10,2017-03,2018-08,2018,8,1,173.78,3.0,100.0,0.0,0.0,1,-0.67,-2,0.0,65.0,At-Risk,1,0,0,1,4.21,98.75,2.9,550.1,0.0,50.0,100.0
4bfc7a4a1cf8d4d2121c27422d9e50b5,SP,housewares,6,2018-03,2018-08,2018,8,3,1304.76,5.0,100.0,0.0,0.0,1,1.6,-4,0.0,80.15,Star Performer,0,0,0,0,4.56,98.15,4.33,1531.93,0.7407407407407408,100.0,100.0
4c03b9dd4c11ee2cb35c96c49efc9420,SP,toys,6,2017-05,2017-10,2017,10,3,496.14,4.67,100.0,0.0,0.0,1,3.67,1,0.0,77.67,Stable,0,0,0,0,3.54,98.15,8.0,1217.06,0.7407407407407408,91.75,100.0
4c18691b6037662be2df78a765d98ab5,SP,housewares,7,2018-02,2018-08,2018,8,13,728.71,3.62,92.31,0.0,23.08,1,0.32,4,-7.69,68.4,Stable,0,0,0,0,3.65,95.2,9.0,616.64,4.444444444444445,65.5,92.31
4c2b230173bb36f9b240f2b8ac11786e,SP,sports_leisure,17,2017-02,2018-08,2018,8,11,693.38,4.58,100.0,0.0,0.0,1,0.45,3,0.0,77.59,Stable,0,0,0,0,4.01,92.8,15.35,1120.21,3.7037037037037033,89.5,100.0
4c498c7345e89aebad651544829beca0,SP,health_beauty,9,2017-12,2018-08,2018,8,5,433.61,4.2,60.0,0.0,20.0,1,-0.3,1,-15.0,64.11,At-Risk,0,1,0,1,4.23,86.3,5.33,598.86,1.4814814814814816,80.0,60.0
4c8b8048e33af2bf94f2eb547746a916,SP,bed_bath_table,7,2017-08,2018-08,2018,8,5,946.23,4.25,100.0,0.0,20.0,2,-0.75,4,0.0,74.48,Stable,0,0,0,0,3.24,87.62,3.29,351.26,1.4814814814814816,81.25,100.0
4d6d651bd7684af3fffabd5f08d12e5a,SP,sports_leisure,17,2017-04,2018-08,2018,8,15,1948.54,4.44,100.0,0.0,0.0,2,0.21,-14,3.33,76.84,Stable,0,0,0,0,4.18,96.78,21.71,3049.38,5.185185185185185,86.00000000000001,100.0
4da0e408c99d2fdc2126dc9fce518060,PR,sports_leisure,17,2017-01,2018-08,2018,8,1,92.6,5.0,100.0,0.0,0.0,1,2.0,0,0.0,80.0,Star Performer,0,0,0,0,4.3,100.0,2.59,258.48,0.0,100.0,100.0
4de6e4ba574aa9dfdc824bc44dc47fdd,PR,health_beauty,6,2018-01,2018-07,2018,7,1,35.4,5.0,100.0,0.0,0.0,1,0.5,-1,0.0,80.0,Star Performer,0,0,1,1,4.24,94.44,2.33,117.4,0.0,100.0,100.0
4e06067cc08b3f41d837768d392c3ee3,MG,perfumery,10,2017-07,2018-08,2018,8,1,24.06,5.0,100.0,0.0,0.0,1,0.08,-4,0.0,80.0,Star Performer,0,0,0,0,3.98,93.33,3.1,151.43,0.0,100.0,100.0
4e17c65a516f69d023a2ae78b84f28d6,SP,health_beauty,16,2017-03,2018-08,2018,8,5,447.62,4.6,100.0,0.0,0.0,2,-0.4,-2,0.0,77.3,Stable,0,0,0,0,4.08,92.43,3.81,549.67,1.4814814814814816,89.99999999999999,100.0
4e5725ba188db8252977a4f0227bd462,SP,computers_accessories,4,2018-02,2018-05,2018,5,3,312.3,2.67,100.0,0.0,66.67,1,-2.33,2,0.0,62.04,At-Risk,0,0,0,0,3.53,79.17,5.5,578.3,0.7407407407407408,41.75,100.0
4e7c18b98d84e05cbae3ff0ff03846c2,SP,small_appliances,17,2017-02,2018-07,2018,7,1,295.65,5.0,100.0,0.0,0.0,1,3.0,-1,0.0,80.0,Star Performer,0,0,1,1,3.97,92.08,4.82,738.13,0.0,100.0,100.0
4e922959ae960d389249c378d1c939f5,SP,computers_accessories,20,2017-01,2018-08,2018,8,8,1037.03,3.5,87.5,0.0,25.0,6,-0.5,0,0.0,65.91,At-Risk,1,0,1,1,3.88,90.27,20.2,2623.0,2.5925925925925926,62.5,87.5
4ebdc7e6cd6102a022dadc49156d4ea8,SP,furniture_decor,16,2017-02,2018-07,2018,7,1,55.46,1.0,100.0,0.0,200.0,1,-3.0,0,0.0,48.1,Dormant,1,0,0,1,3.81,93.75,1.44,69.93,0.0,0.0,100.0
5011f0d93373a4c5753adf58ca77af8d,SP,food_drink,5,2017-08,2018-05,2018,5,3,440.44,3.86,100.0,0.0,0.0,1,2.86,2,0.0,71.6,Stable,0,0,0,0,3.1,80.0,2.2,241.39,0.7407407407407408,71.5,100.0
503c1de08ae81a2d86f17951b204db55,SP,baby,12,2017-06,2018-07,2018,7,2,527.78,5.0,100.0,0.0,0.0,1,0.0,1,0.0,80.07,Star Performer,0,0,0,0,4.39,91.67,1.83,443.49,0.3703703703703704,100.0,100.0
5058e8c1e82653974541e83690655b4a,SP,office_furniture,11,2017-10,2018-08,2018,8,1,189.74,1.0,100.0,0.0,200.0,1,-3.0,-4,50.0,48.1,Dormant,1,0,1,1,2.76,87.87,5.73,1188.9,0.0,0.0,100.0
5075aaa8404020ae6aa8bf4792099b41,MG,drinks,8,2017-03,2018-01,2018,1,1,120.28,5.0,100.0,0.0,0.0,1,0.0,0,0.0,80.0,Star Performer,0,0,0,0,3.75,100.0,1.38,257.31,0.0,100.0,100.0
508808d438fe2ff972ed13bb8f4a82e2,SP,housewares,1,2018-08,2018-08,2018,8,10,417.47,4.27,100.0,10.0,10.0,7,0.0,0,0.0,74.6,Stable,0,0,0,0,4.27,100.0,10.0,417.47,3.3333333333333335,81.74999999999999,100.0
50c9975695009e5e6473912e83a6d1da,MG,sports_leisure,16,2017-02,2018-07,2018,7,1,84.69,5.0,100.0,0.0,0.0,1,0.0,0,0.0,80.0,Star Performer,0,0,1,1,3.93,92.23,3.12,430.25,0.0,100.0,100.0
512d298ac2a96d1931b6bd30aa21f61d,RJ,musical_instruments,6,2018-01,2018-08,2018,8,2,4627.97,5.0,100.0,0.0,0.0,1,0.0,1,0.0,80.07,Star Performer,0,0,0,0,4.2,100.0,1.83,1287.31,0.3703703703703704,100.0,100.0
5160d23075764e18e07c1f4a87fad743,SP,toys,5,2017-08,2017-12,2017,12,1,47.78,5.0,100.0,0.0,0.0,1,0.12,-5,0.0,80.0,Star Performer,0,0,1,1,4.65,98.33,6.8,583.08,0.0,100.0,100.0
516e7738bd8f735ac19a010ee5450d8d,RJ,health_beauty,4,2018-05,2018-08,2018,8,10,710.52,4.45,90.91,0.0,0.0,2,0.27,-3,-9.09,74.27,Stable,0,0,0,0,4.5,93.56,19.0,2027.33,3.3333333333333335,86.25,90.91
51702dc2a3e106c76dbff722b5bf0726,SP,furniture_decor,8,2017-02,2018-04,2018,4,1,217.92,5.0,100.0,0.0,0.0,1,0.5,-1,0.0,80.0,Star Performer,0,0,0,0,4.69,100.0,1.5,384.62,0.0,100.0,100.0
51e4e89242cbb846c2deff3dc015650e,RS,garden_tools,5,2018-04,2018-08,2018,8,2,98.24,5.0,100.0,0.0,0.0,1,0.0,-1,0.0,80.07,Star Performer,0,0,0,0,4.73,100.0,3.2,235.15,0.3703703703703704,100.0,100.0
520b493b57809f446cb0a233bb3e25c7,SP,housewares,9,2017-04,2017-12,2017,12,1,63.11,4.0,100.0,0.0,0.0,1,0.0,0,0.0,72.5,Stable,0,0,0,0,4.43,100.0,4.89,305.74,0.0,75.0,100.0
522620dcb18a6b31cd7bdf73665113a9,PR,consoles_games,19,2017-01,2018-08,2018,8,2,190.54,5.0,100.0,0.0,0.0,1,0.87,-6,0.0,80.07,Star Performer,0,0,1,1,3.84,93.12,9.0,3213.55,0.3703703703703704,100.0,100.0
52562a9f449c3dc3d53f5f5b9ed74903,RN,sports_leisure,10,2017-04,2018-04,2018,4,1,55.75,5.0,100.0,0.0,0.0,1,0.5,-1,0.0,80.0,Star Performer,0,0,0,0,4.8,100.0,1.4,371.06,0.0,100.0,100.0
525e75a6fb1454a2325ab1734bcec221,SP,auto,5,2017-04,2017-10,2017,10,1,57.68,5.0,100.0,0.0,0.0,1,1.0,-1,0.0,80.0,Star Performer,0,0,0,0,4.17,100.0,2.0,155.41,0.0,100.0,100.0
527801b552d0077ffd170872eb49683b,SP,books_general_interest,11,2017-10,2018-08,2018,8,5,453.28,4.8,80.0,0.0,0.0,1,0.23,-2,-5.71,73.8,Stable,0,0,0,0,4.61,90.45,8.18,1818.67,1.4814814814814816,95.0,80.0
52d76513f0c4d97f3b99570e2c94ee31,RS,industry_commerce_and_business,10,2017-07,2018-08,2018,8,2,1578.06,4.5,100.0,0.0,0.0,2,-0.5,1,0.0,76.32,Stable,0,0,0,0,3.79,90.0,1.9,904.24,0.3703703703703704,87.5,100.0
52f0fe436a347ddad7ed5f9aa4e27eaa,SP,computers_accessories,5,2018-01,2018-05,2018,5,5,208.76,3.0,85.71,0.0,60.0,3,0.0,-1,5.71,61.15,At-Risk,1,0,0,1,3.8,83.14,3.8,369.78,1.4814814814814816,50.0,85.71
52f9db5cfb423382a2fa5c9e39303202,SP,home_appliances,9,2017-11,2018-08,2018,8,1,73.14,1.0,100.0,0.0,100.0,1,-3.75,-2,0.0,49.05,Dormant,1,0,1,1,3.64,100.0,2.44,180.95,0.0,0.0,100.0
530ec6109d11eaaf87999465c6afee01,PR,sports_leisure,14,2017-05,2018-08,2018,8,14,2361.54,3.93,100.0,0.0,21.43,1,-0.74,-3,5.56,72.73,Stable,0,0,0,0,4.14,99.6,6.93,1117.16,4.814814814814815,73.25,100.0
53243585a1d6dc2643021fd1853d8905,BA,telephony,12,2017-08,2018-08,2018,8,54,18524.25,3.64,93.42,0.0,31.48,2,-0.24,20,-1.58,71.78,Stable,0,1,0,1,4.11,96.88,29.83,19654.72,19.62962962962963,66.0,93.42
5343d0649eca2a983820bfe93fc4d17e,SP,furniture_decor,8,2017-12,2018-07,2018,7,5,952.76,4.67,100.0,0.0,0.0,1,0.45,-1,0.0,77.82,Stable,0,0,0,0,3.94,94.93,8.88,1549.15,1.4814814814814816,91.75,100.0
537eb890efff034a88679788b647c564,RJ,furniture_decor,14,2017-07,2018-08,2018,8,16,620.85,4.47,93.75,0.0,6.25,7,0.05,-1,-0.99,75.51,Stable,0,0,0,0,4.09,94.02,11.43,516.5,5.555555555555555,86.75,93.75
53d00c40e32aeb924a84ce72b1af869d,SP,bed_bath_table,5,2018-01,2018-08,2018,8,1,394.52,5.0,0.0,0.0,0.0,1,1.0,0,-100.0,55.0,Dormant,0,0,0,0,4.45,50.0,3.4,492.41,0.0,100.0,0.0
53e4c6e0f4312d4d2107a8c9cddf45cd,SP,housewares,19,2017-02,2018-08,2018,8,22,1748.42,4.08,84.0,0.0,13.64,4,0.11,-6,-16.0,70.53,Stable,0,1,0,1,4.1,94.97,24.74,2106.42,7.777777777777778,77.0,84.0
54065e9aef7e9e9c2dc23b7594db021a,RJ,cool_stuff,5,2017-03,2018-03,2018,3,1,518.93,1.0,100.0,0.0,100.0,1,-2.0,-1,0.0,49.05,Dormant,1,0,0,1,3.46,100.0,2.4,1420.9,0.0,0.0,100.0
542917da124346b47ea1ac79a93ce454,PR,health_beauty,5,2017-03,2017-08,2017,8,3,209.6,4.75,100.0,0.0,0.0,1,1.04,-4,14.29,78.27,Stable,0,0,0,0,4.09,97.14,4.0,344.04,0.7407407407407408,93.75,100.0
54583ab379489add547fe47b628db589,SP,baby,2,2018-07,2018-08,2018,8,7,1583.54,5.0,100.0,0.0,0.0,2,0.67,4,0.0,80.44,Star Performer,0,0,0,0,4.66,100.0,5.0,1195.54,2.2222222222222223,100.0,100.0
54965bbe3e4f07ae045b90b0b8541f52,PR,bed_bath_table,5,2017-10,2018-07,2018,7,4,453.47,3.75,100.0,0.0,25.0,1,0.22,-13,0.0,70.61,Stable,0,0,0,0,3.62,89.39,15.6,2632.97,1.1111111111111112,68.75,100.0
54a1852d1b8f10312c55e906355666ee,SP,sports_leisure,20,2017-01,2018-08,2018,8,7,700.52,5.0,100.0,0.0,0.0,2,0.87,-8,0.0,80.44,Star Performer,0,0,0,0,4.43,92.93,10.0,1034.48,2.2222222222222223,100.0,100.0
54c04bdb5ec46762f8f08c7e8f86ed4a,SC,sports_leisure,7,2018-02,2018-08,2018,8,1,173.71,2.0,0.0,0.0,100.0,1,-2.67,-2,-100.0,31.55,Dormant,1,1,0,1,4.38,84.13,2.57,536.83,0.0,25.0,0.0
557f22c76691849db52d2abccf0015d0,GO,computers_accessories,4,2017-05,2017-09,2017,9,1,47.62,3.0,100.0,0.0,0.0,1,0.5,-2,0.0,65.0,At-Risk,0,0,1,1,3.02,100.0,3.25,298.14,0.0,50.0,100.0
55a5b51f93f2b70ea513f5a047b0262a,MG,sports_leisure,7,2017-04,2017-10,2017,10,2,154.99,3.5,100.0,0.0,50.0,1,-1.0,-2,0.0,68.35,Stable,1,0,0,1,4.37,95.81,5.57,692.77,0.3703703703703704,62.5,100.0
55bb6fe5bebe5012e2d7d9928e1128ff,SP,stationery,6,2018-01,2018-07,2018,7,1,91.04,5.0,100.0,0.0,0.0,1,1.0,-2,0.0,80.0,Star Performer,0,0,1,1,3.67,87.5,2.5,398.84,0.0,100.0,100.0
55d3daac7c404d59e51c2aa2f4dc5a23,SP,signaling_and_security,13,2017-05,2018-08,2018,8,1,115.51,5.0,100.0,0.0,0.0,1,0.0,0,0.0,80.0,Star Performer,0,0,0,0,4.24,100.0,1.62,445.42,0.0,100.0,100.0
55f7a3319d80f7fdf078b8f03e6725fe,SP,auto,2,2018-07,2018-08,2018,8,14,2239.49,3.79,92.86,0.0,21.43,2,0.04,6,5.36,69.9,Stable,0,0,0,0,3.77,90.18,11.0,1710.22,4.814814814814815,69.75,92.86
562f8cfc51f265411f487d07e9c40e7f,MG,cool_stuff,8,2017-10,2018-05,2018,5,2,178.16,4.0,100.0,0.0,0.0,1,-1.0,1,0.0,72.57,Stable,1,0,0,1,4.62,83.33,1.62,120.78,0.3703703703703704,75.0,100.0
562fc2f2c2863ab7e79a9e4388a58a14,SP,telephony,8,2018-01,2018-08,2018,8,14,957.49,4.5,92.86,0.0,0.0,1,0.82,-6,-7.14,75.43,Stable,0,0,0,0,4.22,96.88,32.5,1639.92,4.814814814814815,87.5,92.86
5656537e588803a555b8eb41f07a944b,DF,electronics,16,2017-05,2018-08,2018,8,23,1496.34,4.04,87.5,0.0,17.39,6,0.21,-1,-8.33,71.14,Stable,0,0,0,0,3.8,94.21,10.81,714.57,8.148148148148149,76.0,87.5
56642bcb79900e777d68e91915cb4267,SP,health_beauty,15,2017-01,2018-07,2018,7,2,170.78,4.33,100.0,0.0,0.0,2,-0.17,0,0.0,75.05,Stable,0,0,0,0,4.05,89.78,3.07,282.67,0.3703703703703704,83.25,100.0
5670f4db5b62c43d542e1b2d56b0cf7c,SP,perfumery,5,2018-04,2018-08,2018,8,3,1819.57,4.67,100.0,0.0,0.0,1,0.42,-1,0.0,77.67,Stable,0,0,0,0,4.44,96.0,4.4,1442.53,0.7407407407407408,91.75,100.0
575df70bde3f9f2b30bf8d2e9910d725,SP,furniture_decor,12,2017-01,2018-08,2018,8,2,472.33,4.0,100.0,0.0,0.0,1,-0.2,0,0.0,72.57,Stable,0,0,0,0,4.01,88.89,2.17,474.68,0.3703703703703704,75.0,100.0
57c764b4a836300be881e2ff86e449f9,SP,housewares,14,2017-02,2018-08,2018,8,1,32.7,5.0,100.0,0.0,0.0,1,0.0,0,100.0,80.0,Star Performer,0,0,0,0,4.1,79.76,2.07,120.08,0.0,100.0,100.0
57e632711dec9ec14ca7546769483e7e,SC,health_beauty,19,2017-02,2018-08,2018,8,2,261.57,4.0,100.0,0.0,0.0,2,-1.0,0,0.0,72.57,Stable,0,0,0,0,4.44,100.0,3.26,403.33,0.3703703703703704,75.0,100.0
582d4f8675b945722eda7c0cb61ba4c7,SP,electronics,19,2017-01,2018-08,2018,8,1,43.87,5.0,100.0,0.0,0.0,1,2.0,-1,0.0,80.0,Star Performer,0,0,1,1,4.13,99.34,3.11,299.15,0.0,100.0,100.0
5882820ef11c4c068eea0677a7a879b4,RS,furniture_decor,8,2017-04,2018-07,2018,7,1,1570.79,4.0,100.0,0.0,0.0,1,0.0,-1,0.0,72.5,Stable,0,0,1,1,4.31,93.75,1.75,1333.1,0.0,75.0,100.0
58f1a6197ed863543e0136bdedb3fce2,MG,watches_gifts,4,2018-05,2018-08,2018,8,2,464.22,2.5,100.0,0.0,50.0,1,-1.65,-31,0.0,60.85,At-Risk,1,0,0,1,3.96,91.67,11.0,1975.92,0.3703703703703704,37.5,100.0
59417c56835dd8e2e72f91f809cd4092,SP,small_appliances,8,2017-01,2017-10,2017,10,1,880.51,4.0,100.0,0.0,0.0,1,-0.33,-2,0.0,72.5,Stable,0,0,0,0,4.42,100.0,2.25,4707.22,0.0,75.0,100.0
594f9aaa48e5bf431f011ddc5669b0d5,MG,stationery,5,2018-04,2018-08,2018,8,14,1455.33,4.64,92.86,0.0,0.0,4,-0.36,11,-7.14,76.48,Stable,0,1,0,1,4.69,98.57,7.4,827.28,4.814814814814815,90.99999999999999,92.86
596849622429351f47b32e6cae1055ff,SP,telephony,3,2018-06,2018-08,2018,8,8,709.03,4.57,100.0,0.0,0.0,2,1.07,6,0.0,77.29,Stable,0,0,0,0,3.77,100.0,4.67,421.73,2.5925925925925926,89.25,100.0
59b22a78efb79a4797979612b885db36,MG,housewares,14,2017-07,2018-08,2018,8,11,2818.46,4.67,91.67,0.0,0.0,2,0.84,5,-8.33,76.18,Stable,0,0,0,0,4.01,87.97,8.93,2291.58,3.7037037037037033,91.75,91.67
59cea8e446d3834393058e7e0666b6fb,PR,computers_accessories,3,2018-06,2018-08,2018,8,3,178.54,5.0,100.0,0.0,0.0,2,0.0,2,0.0,80.15,Star Performer,0,0,0,0,4.78,100.0,3.33,300.38,0.7407407407407408,100.0,100.0
59fb871bf6f4522a87ba567b42dafecf,SP,health_beauty,15,2017-01,2018-04,2018,4,3,639.25,5.0,100.0,0.0,0.0,1,1.0,-5,25.0,80.15,Star Performer,0,0,1,1,4.29,93.17,8.33,1584.94,0.7407407407407408,100.0,100.0
5a05a16bb50629ee31afab8a6d4c2674,RS,housewares,5,2018-03,2018-07,2018,7,1,37.85,4.0,100.0,0.0,0.0,1,-1.0,0,0.0,72.5,Stable,0,0,0,0,4.36,93.33,2.8,215.1,0.0,75.0,100.0
5a413ade68e8f8d93071a7f52a64cb9e,SP,health_beauty,1,2018-08,2018-08,2018,8,14,932.67,4.64,85.71,0.0,7.14,1,0.0,0,0.0,74.62,Stable,0,0,0,0,4.64,85.71,14.0,932.67,4.814814814814815,90.99999999999999,85.71
5a425cc503b39b262a847fd6212bf53b,PR,toys,5,2018-04,2018-08,2018,8,8,878.77,4.14,87.5,0.0,12.5,1,-0.86,6,-12.5,70.82,Stable,0,1,0,1,4.33,97.5,3.0,326.02,2.5925925925925926,78.49999999999999,87.5
5a6a02f419701fc8c605af71d4fc57a4,SP,books_general_interest,4,2018-05,2018-08,2018,8,4,197.25,4.75,75.0,0.0,0.0,1,0.25,2,-25.0,72.1,Stable,0,1,0,1,4.81,93.75,2.5,178.6,1.1111111111111112,93.75,75.0
5a8e7d5003a1f221f9e1d6e411de7c23,SP,furniture_decor,20,2017-01,2018-08,2018,8,6,403.89,4.17,60.0,16.67,16.67,1,-0.45,-1,-40.0,63.15,At-Risk,0,1,0,1,4.15,91.99,6.9,685.84,1.8518518518518516,79.25,60.0
5a93f3ab0ef4c84ed5e1b5dbf23978bc,SP,baby,11,2017-05,2018-03,2018,3,1,60.48,5.0,100.0,0.0,0.0,1,0.89,-8,12.5,80.0,Star Performer,0,0,1,1,4.84,98.86,3.55,275.94,0.0,100.0,100.0
5ab05b6d86d417796c69ffd6774ec832,SP,health_beauty,9,2017-01,2018-08,2018,8,2,660.94,2.0,100.0,0.0,100.0,1,-2.0,1,0.0,56.62,Dormant,1,0,0,1,3.89,88.89,1.11,238.09,0.3703703703703704,25.0,100.0
5abb8ea023c77787f2c15da891c8d384,SC,cine_photo,7,2017-02,2017-12,2017,12,1,524.78,2.0,0.0,0.0,100.0,1,-2.0,-1,-100.0,31.55,Dormant,1,1,0,1,3.96,78.57,1.86,426.74,0.0,25.0,0.0
5b07547f10dd980738a1a27f685af669,SP,health_beauty,1,2018-08,2018-08,2018,8,13,1320.07,4.5,85.71,0.0,7.69,2,0.0,0,0.0,73.49,Stable,0,0,0,0,4.5,85.71,13.0,1320.07,4.444444444444445,87.5,85.71
5b0cc932433fa5184b5b94bfe6bcc256,SP,furniture_bedroom,3,2018-06,2018-08,2018,8,3,504.5,2.0,0.0,0.0,133.33,2,-1.6,-4,-100.0,31.38,Dormant,1,1,0,1,3.53,66.67,4.0,664.7,0.7407407407407408,25.0,0.0
5b179e9e8cc7ab6fd113a46ca584da81,SP,housewares,7,2017-02,2017-09,2017,9,2,307.82,4.0,100.0,0.0,0.0,2,-0.67,-4,0.0,72.57,Stable,0,0,0,0,3.75,84.52,4.29,731.71,0.3703703703703704,75.0,100.0
5b2e94f2c22b39ccc24d34ad0f669672,SP,auto,4,2018-05,2018-08,2018,8,1,120.98,4.0,100.0,0.0,0.0,1,-1.0,0,0.0,72.5,Stable,1,0,0,1,4.75,91.67,2.5,335.04,0.0,75.0,100.0
5b33b527da3c5b969cc99dc435cad09a,PR,electronics,8,2017-01,2018-08,2018,8,1,42.27,5.0,100.0,0.0,0.0,1,2.0,0,0.0,80.0,Star Performer,0,0,0,0,4.24,97.92,2.0,279.79,0.0,100.0,100.0
5b51032eddd242adc84c38acab88f23d,MG,furniture_decor,7,2017-10,2018-06,2018,6,2,417.81,4.5,100.0,0.0,0.0,1,0.5,0,0.0,76.32,Stable,0,0,0,0,3.71,100.0,1.71,506.99,0.3703703703703704,87.5,100.0
5b581417df4480f632484ba681e53944,SC,toys,7,2017-07,2018-02,2018,2,1,162.29,1.0,100.0,100.0,100.0,1,-2.0,-2,0.0,44.05,Dormant,1,0,0,1,3.05,75.0,1.71,339.47,0.0,0.0,100.0
5b664594895aefb418afaee6d40a9a23,RJ,construction_tools_construction,11,2017-01,2018-08,2018,8,2,166.3,4.5,100.0,0.0,0.0,1,3.5,1,0.0,76.32,Stable,0,0,0,0,3.72,100.0,1.45,112.29,0.3703703703703704,87.5,100.0
5b67882648febfb6e1225e6ad7164f6b,PR,sports_leisure,13,2017-07,2018-08,2018,8,1,521.54,1.0,100.0,0.0,100.0,1,-4.0,-1,0.0,49.05,Dormant,1,0,1,1,3.97,97.44,2.08,571.72,0.0,0.0,100.0
5b8154610ebb21fb90eb587365e673df,SP,computers_accessories,13,2017-07,2018-07,2018,7,2,1021.07,5.0,100.0,0.0,0.0,1,1.0,0,0.0,80.07,Star Performer,0,0,0,0,4.24,88.46,2.92,805.77,0.3703703703703704,100.0,100.0
5b85809efd0d0e4dea1a9544e1280ed9,SP,health_beauty,4,2018-05,2018-08,2018,8,2,183.1,4.5,100.0,0.0,0.0,1,1.17,-1,0.0,76.32,Stable,0,0,1,1,4.21,100.0,3.0,524.34,0.3703703703703704,87.5,100.0
5b925e1d006e9476d738aa200751b73b,SP,sports_leisure,10,2017-10,2018-08,2018,8,3,286.72,4.67,100.0,0.0,0.0,1,-0.33,2,0.0,77.67,Stable,0,0,0,0,4.57,91.24,6.3,942.08,0.7407407407407408,91.75,100.0
5bc24d989e71e93c33e50a7782431b0e,MG,auto,4,2018-05,2018-08,2018,8,4,700.11,4.75,100.0,0.0,0.0,1,-0.25,2,0.0,78.35,Stable,0,0,0,0,4.53,100.0,4.25,934.13,1.1111111111111112,93.75,100.0
5bc55dbe2f12b6af6d83ed46023e0dc8,MG,sports_leisure,6,2018-02,2018-08,2018,8,1,180.21,1.0,0.0,0.0,100.0,1,-4.0,0,-100.0,24.05,Dormant,1,1,0,1,2.52,68.06,2.83,568.23,0.0,0.0,0.0
5bffbafbb22daf6d3bfc216a46db8708,RJ,computers_accessories,5,2017-02,2017-06,2017,6,1,220.85,5.0,100.0,0.0,0.0,1,0.38,-10,0.0,80.0,Star Performer,0,0,0,0,4.68,100.0,4.2,1138.84,0.0,100.0,100.0
5c243662ce92d84573bfaff24c3e3700,SP,health_beauty,14,2017-01,2018-02,2018,2,1,128.45,5.0,100.0,0.0,0.0,1,0.0,0,0.0,80.0,Star Performer,0,0,0,0,4.19,98.41,7.0,2508.94,0.0,100.0,100.0
5c6d4016c2a288f074fa0848a2b653d2,SP,computers_accessories,12,2017-09,2018-08,2018,8,5,602.13,3.6,60.0,0.0,40.0,2,1.6,4,-40.0,59.42,At-Risk,0,1,0,1,4.21,95.83,2.67,306.1,1.4814814814814816,65.0,60.0
5c853bb56f70f4d14218944bae111d7a,SP,furniture_decor,6,2017-02,2018-08,2018,8,3,73.98,5.0,100.0,0.0,0.0,1,0.5,1,0.0,80.15,Star Performer,0,0,0,0,3.53,100.0,2.17,47.91,0.7407407407407408,100.0,100.0
5cbbd5a299cab112b7bf23862255e43e,PR,housewares,12,2017-09,2018-08,2018,8,1,76.62,5.0,100.0,0.0,0.0,1,1.0,-7,0.0,80.0,Star Performer,0,0,0,0,4.44,100.0,3.0,282.1,0.0,100.0,100.0
5cf13accae3222c70a9cac40818ae839,MG,pet_shop,19,2017-01,2018-08,2018,8,14,1703.82,4.27,100.0,0.0,14.29,2,-0.16,7,0.0,75.35,Stable,0,0,0,0,4.4,96.16,7.84,915.92,4.814814814814815,81.74999999999999,100.0
5d0363b33554b373851fc1622e4d5f3c,SP,auto,10,2017-11,2018-08,2018,8,6,756.45,4.17,100.0,0.0,16.67,2,-0.5,0,0.0,73.99,Stable,0,0,0,0,4.17,93.86,9.4,880.3,1.8518518518518516,79.25,100.0
5d3bb11474a06bdc23fb9e89f1164ee0,SP,furniture_decor,11,2017-07,2018-08,2018,8,3,448.13,2.67,100.0,0.0,33.33,2,-0.93,-2,0.0,62.36,At-Risk,1,0,0,1,4.11,97.73,2.82,379.89,0.7407407407407408,41.75,100.0
5d9dc90a686a8fddacffab6bab5653a3,SP,sports_leisure,9,2017-10,2018-08,2018,8,1,3351.35,4.0,100.0,0.0,0.0,1,-1.0,0,0.0,72.5,Stable,0,0,0,0,4.17,94.44,1.33,459.03,0.0,75.0,100.0
5dceca129747e92ff8ef7a997dc4f8ca,SP,luggage_accessories,18,2017-01,2018-06,2018,6,5,858.8,4.2,100.0,0.0,20.0,3,0.07,-3,0.0,74.11,Stable,0,0,1,1,3.97,95.34,18.06,6989.83,1.4814814814814816,80.0,100.0
5debea795b07621e1f90532e18f96145,PR,health_beauty,11,2017-10,2018-08,2018,8,1,68.98,5.0,100.0,0.0,0.0,1,0.0,0,0.0,80.0,Star Performer,0,0,1,1,4.26,100.0,2.27,217.1,0.0,100.0,100.0
5ef131ac72773e5b3f6c0d63cf424657,SP,toys,2,2018-07,2018-08,2018,8,6,465.54,4.17,100.0,0.0,16.67,1,0.77,2,0.0,73.99,Stable,0,0,0,0,3.78,100.0,5.0,411.0,1.8518518518518516,79.25,100.0
5f1dc28029d2c244352a68107ec2b542,SP,health_beauty,15,2017-01,2018-06,2018,6,1,95.65,5.0,100.0,0.0,0.0,1,0.0,-6,0.0,80.0,Star Performer,0,0,1,1,4.5,93.76,4.13,253.56,0.0,100.0,100.0
5f2684dab12e59f83bef73ae57724e45,SP,toys,18,2017-01,2018-08,2018,8,4,386.18,2.25,100.0,0.0,75.0,3,-2.75,2,0.0,58.88,Dormant,1,0,0,1,3.89,95.63,3.72,554.48,1.1111111111111112,31.25,100.0
5f26c1408a65b42a7224cd463bdf3292,PR,health_beauty,3,2018-06,2018-08,2018,8,6,795.45,4.83,100.0,0.0,0.0,1,-0.17,3,0.0,79.1,Star Performer,0,0,0,0,4.61,100.0,3.33,452.36,1.8518518518518516,95.75,100.0
5f3ae9136c875522250f8184f253413a,SP,books_technical,8,2018-01,2018-08,2018,8,6,195.51,4.67,66.67,0.0,0.0,1,0.67,5,-33.33,69.56,Stable,0,1,0,1,4.55,93.75,5.38,221.72,1.8518518518518516,91.75,66.67
5f5b43b2bffa8656e4bc6efeb13cc649,SP,stationery,6,2017-11,2018-06,2018,6,1,67.02,5.0,100.0,0.0,0.0,1,0.0,0,0.0,80.0,Star Performer,0,0,0,0,4.77,99.02,4.5,705.44,0.0,100.0,100.0
5f67c6082caacb26e431a7b17940cece,PR,computers_accessories,4,2018-02,2018-08,2018,8,1,93.8,5.0,100.0,0.0,0.0,1,0.0,0,0.0,80.0,Star Performer,0,0,0,0,4.0,80.0,3.25,467.76,0.0,100.0,100.0
602044f2c16190c2c6e45eb35c2e21cb,SP,bed_bath_table,10,2017-10,2018-08,2018,8,2,155.09,4.5,100.0,0.0,0.0,1,0.3,-3,0.0,76.32,Stable,0,0,0,0,3.15,82.71,5.0,489.97,0.3703703703703704,87.5,100.0
6039e27294dc75811c0d8a39069f52c0,SP,electronics,19,2017-02,2018-08,2018,8,3,711.29,4.67,66.67,0.0,0.0,2,-0.33,1,-33.33,69.34,Stable,0,1,0,1,4.17,89.28,3.37,853.23,0.7407407407407408,91.75,66.67
60562ab00b8054280520d390c8c0045c,SP,auto,10,2017-10,2018-08,2018,8,1,224.74,5.0,100.0,0.0,0.0,1,0.0,-1,0.0,80.0,Star Performer,0,0,1,1,4.77,100.0,1.7,324.71,0.0,100.0,100.0
6061155addc1e54b4cfb51c1c2a32ad8,SP,pet_shop,3,2018-06,2018-08,2018,8,18,11866.07,4.61,95.65,0.0,5.56,2,-0.29,10,-4.35,77.19,Stable,1,1,0,1,4.84,98.55,9.33,5609.15,6.296296296296296,90.25000000000001,95.65
609e1a9a6c2539919b8205cf7c4e6ff0,SC,bed_bath_table,8,2018-01,2018-08,2018,8,13,1117.49,4.4,93.33,0.0,15.38,2,-0.07,1,-6.67,74.57,Stable,0,1,0,1,3.29,97.98,10.88,1160.3,4.444444444444445,85.00000000000001,93.33
610f72e407cdd7caaa2f8167b0163fd8,SP,bed_bath_table,5,2018-04,2018-08,2018,8,3,2351.29,5.0,100.0,0.0,0.0,1,2.67,0,33.33,80.15,Star Performer,0,0,0,0,3.87,88.33,3.2,2885.89,0.7407407407407408,100.0,100.0
612170e34b97004b3ba37eae81836b4c,RS,watches_gifts,3,2018-06,2018-08,2018,8,27,5488.89,4.56,96.3,0.0,7.41,8,0.25,-42,-2.31,77.63,Stable,0,1,0,1,4.59,98.3,35.67,8457.36,9.62962962962963,88.99999999999999,96.3
615005a3ef192c00c6f0e977cee3d2bc,SP,sports_leisure,4,2017-08,2017-12,2017,12,2,63.34,5.0,100.0,0.0,0.0,1,2.0,-2,50.0,80.07,Star Performer,0,0,0,0,4.0,87.5,2.5,110.54,0.3703703703703704,100.0,100.0
620c87c171fb2a6dd6e8bb4dec959fc6,RJ,health_beauty,20,2017-01,2018-08,2018,8,34,6087.12,4.11,97.14,2.94,20.59,2,-0.08,2,-2.86,74.71,Stable,0,0,0,0,4.21,92.04,35.65,6160.57,12.222222222222221,77.75000000000001,97.14
624f4ece8da4aafb77699233d480f8ef,SP,furniture_decor,17,2017-02,2018-08,2018,8,3,592.01,4.0,66.67,0.0,0.0,1,-0.67,0,-33.33,64.32,At-Risk,0,1,0,1,4.12,95.15,3.06,628.82,0.7407407407407408,75.0,66.67
6288c69c4ce638e59925e59193f98b16,SP,toys,11,2017-03,2018-08,2018,8,1,51.32,5.0,100.0,0.0,0.0,1,0.33,-2,0.0,80.0,Star Performer,0,0,0,0,4.15,90.91,2.0,437.5,0.0,100.0,100.0
62c50c1af4dfdc4149d25c5222043d39,SP,fixed_telephony,5,2017-01,2017-09,2017,9,1,376.26,1.0,100.0,0.0,100.0,1,-2.5,-1,0.0,49.05,Dormant,1,0,0,1,3.1,100.0,2.4,558.9,0.0,0.0,100.0
6338ea67c41078a46ad99cc009654956,RS,auto,17,2017-02,2018-08,2018,8,1,50.5,5.0,100.0,0.0,0.0,1,1.0,-1,0.0,80.0,Star Performer,0,0,1,1,4.63,100.0,2.18,188.85,0.0,100.0,100.0
634964b17796e64304cadf1ad3050fb7,RJ,watches_gifts,10,2017-11,2018-08,2018,8,17,2124.67,4.18,82.35,0.0,11.76,5,-0.45,-1,-17.65,70.51,Stable,0,1,0,1,3.98,90.56,26.8,4542.05,5.9259259259259265,79.5,82.35
638cba8be1fb599bbb76fd6948351eb3,SP,sports_leisure,4,2017-05,2017-09,2017,9,4,238.08,4.17,100.0,0.0,25.0,1,-0.83,-1,0.0,73.76,Stable,1,0,0,1,4.62,100.0,4.25,234.91,1.1111111111111112,79.25,100.0
63a79f5a7eb5cb48a7e5787b141c7993,MG,toys,4,2018-04,2018-07,2018,7,1,73.49,4.0,100.0,0.0,0.0,1,-1.0,-1,0.0,72.5,Stable,1,0,0,1,4.61,100.0,2.75,253.98,0.0,75.0,100.0
63b464dbf392c7b80d12d932fa7cafed,SP,furniture_decor,10,2017-02,2018-01,2018,1,1,206.03,5.0,100.0,0.0,0.0,1,1.67,-4,0.0,80.0,Star Performer,0,0,0,0,3.72,98.18,3.7,766.22,0.0,100.0,100.0
640e21a7d01df7614a3b4923e990d40c,SP,bed_bath_table,6,2018-03,2018-08,2018,8,29,2433.49,4.28,81.25,0.0,3.45,1,-0.1,-6,-18.75,71.95,Stable,0,1,0,1,4.26,94.06,19.33,1674.19,10.37037037037037,82.0,81.25
6426d21aca402a131fc0a5d0960a3c90,SP,bed_bath_table,6,2017-05,2017-10,2017,10,1,52.59,4.0,100.0,0.0,0.0,1,-0.33,-2,0.0,72.5,Stable,0,0,1,1,4.14,94.44,3.83,265.64,0.0,75.0,100.0
643214e62b870443ccbe55ab29a4dccf,SP,fashion_bags_accessories,12,2017-09,2018-08,2018,8,8,394.45,4.67,66.67,0.0,0.0,2,0.04,1,-33.33,69.71,Stable,0,1,0,1,4.26,89.72,5.5,349.98,2.5925925925925926,91.75,66.67
6481e96574816ead57975da2c0f6d80d,SP,signaling_and_security,7,2017-12,2018-07,2018,7,2,534.3,4.5,100.0,0.0,0.0,1,0.0,0,0.0,76.32,Stable,0,0,0,0,4.47,98.81,4.57,620.12,0.3703703703703704,87.5,100.0
655220df33262c7e0c4949a147366f94,SP,luggage_accessories,5,2018-01,2018-05,2018,5,1,540.06,5.0,100.0,0.0,0.0,1,1.0,0,0.0,80.0,Star Performer,0,0,1,1,4.08,86.67,2.6,585.31,0.0,100.0,100.0
6560211a19b47992c3666cc44a7e94c0,SP,watches_gifts,19,2017-02,2018-08,2018,8,185,16008.5,3.92,89.55,0.0,19.46,3,0.07,-15,-8.53,82.73,Star Performer,0,0,0,0,3.92,94.13,97.58,7980.85,68.14814814814815,73.0,89.55
659e8466eb3ff1b0e8740d74fb7bbedd,BA,health_beauty,8,2017-05,2018-05,2018,5,2,231.93,5.0,100.0,0.0,0.0,1,1.0,0,0.0,80.07,Star Performer,0,0,0,0,4.25,100.0,1.38,235.0,0.3703703703703704,100.0,100.0
65b081a070633e057c462abdd6fb9dd8,GO,perfumery,8,2017-10,2018-05,2018,5,1,119.96,4.0,100.0,0.0,0.0,1,-1.0,0,0.0,72.5,Stable,0,0,1,1,4.47,100.0,2.38,290.83,0.0,75.0,100.0
65febd49fd28ec955651299159b1f527,SP,housewares,5,2018-04,2018-08,2018,8,9,1587.32,4.44,75.0,0.0,0.0,1,0.0,0,-25.0,70.14,Stable,0,1,0,1,4.19,95.0,7.0,1060.23,2.9629629629629632,86.00000000000001,75.0
66922902710d126a0e7d26b0e3805106,MG,pet_shop,16,2017-05,2018-08,2018,8,12,1542.13,4.77,84.62,0.0,0.0,1,-0.02,-2,-15.38,75.24,Stable,0,1,0,1,4.37,94.95,9.44,1098.82,4.074074074074074,94.24999999999999,84.62
669ae81880e08f269a64487cfb287169,SC,sports_leisure,20,2017-01,2018-08,2018,8,1,133.91,5.0,100.0,0.0,0.0,1,1.0,-2,0.0,80.0,Star Performer,0,0,1,1,4.11,96.13,8.1,839.26,0.0,100.0,100.0
66dc1b1632bd6a3e508510c5b3492107,SP,sports_leisure,11,2017-07,2018-08,2018,8,4,591.56,4.0,100.0,0.0,25.0,3,1.0,2,0.0,72.48,Stable,0,0,0,0,3.35,96.97,3.36,404.48,1.1111111111111112,75.0,100.0
66e0557ecc2b4dbea057e93f215f68d8,SP,consoles_games,10,2017-05,2018-02,2018,2,1,508.18,5.0,100.0,0.0,0.0,1,1.0,-5,0.0,80.0,Star Performer,0,0,0,0,4.29,78.33,3.1,1297.8,0.0,100.0,100.0
670a9dda115b5a88b18cfadee8de2332,SP,fashion_bags_accessories,6,2017-08,2018-08,2018,8,2,222.98,5.0,100.0,0.0,0.0,2,0.5,0,0.0,80.07,Star Performer,0,0,0,0,4.3,100.0,1.83,183.66,0.3703703703703704,100.0,100.0
670c26e0f1bf8d0576271d5cfaec6d2b,PR,sports_leisure,10,2017-11,2018-08,2018,8,1,72.18,5.0,100.0,0.0,0.0,1,2.25,-2,0.0,80.0,Star Performer,0,0,1,1,4.26,95.33,7.8,803.56,0.0,100.0,100.0
671585f5a2af58b6e276bc01003c0d2b,PR,housewares,2,2018-07,2018-08,2018,8,25,1572.65,4.72,100.0,0.0,4.0,1,0.22,23,0.0,79.64,Star Performer,0,0,0,0,4.61,100.0,13.5,846.06,8.88888888888889,93.0,100.0
67883baaae6134ee81b271a542613728,SP,watches_gifts,2,2018-07,2018-08,2018,8,12,4898.32,3.83,91.67,0.0,16.67,2,-0.74,5,20.24,69.8,Stable,0,0,0,0,4.2,81.55,9.5,4248.01,4.074074074074074,70.75,91.67
679769a98cfcc6da877c8486ff1c13f3,MG,health_beauty,11,2017-03,2018-08,2018,8,3,962.27,5.0,100.0,0.0,0.0,1,1.0,2,0.0,80.15,Star Performer,0,0,0,0,4.59,100.0,1.91,678.85,0.7407407407407408,100.0,100.0
67bf6941ba2f1fa1d02c375766bc3e53,PR,office_furniture,11,2017-09,2018-08,2018,8,1,510.96,5.0,100.0,0.0,0.0,1,0.0,0,0.0,80.0,Star Performer,0,0,0,0,4.35,88.64,1.45,639.06,0.0,100.0,100.0
6806dad1da97bfb5a9038eac6881f706,PR,auto,6,2017-12,2018-08,2018,8,2,274.77,4.0,100.0,0.0,0.0,2,-1.0,1,0.0,72.57,Stable,0,0,0,0,4.21,95.83,1.67,316.75,0.3703703703703704,75.0,100.0
681fce914360217db47784ae28905a96,PR,perfumery,8,2017-10,2018-07,2018,7,3,477.03,5.0,100.0,0.0,0.0,2,0.5,1,0.0,80.15,Star Performer,0,0,0,0,3.91,87.5,2.88,571.48,0.7407407407407408,100.0,100.0
6860153b69cc696d5dcfe1cdaaafcf62,SP,construction_tools_construction,9,2017-11,2018-08,2018,8,21,1697.08,4.14,85.71,0.0,14.29,1,-0.04,11,-5.2,71.32,Stable,0,0,0,0,4.24,93.7,8.22,590.91,7.4074074074074066,78.49999999999999,85.71
688756f717c462a206ad854c5027a64a,SP,housewares,5,2018-04,2018-08,2018,8,8,558.59,3.13,85.71,0.0,37.5,2,-0.76,-15,-10.44,62.56,At-Risk,1,0,1,1,3.69,89.94,16.6,1609.51,2.5925925925925926,53.25,85.71
68f86ba270525243e68ae74044f992b9,RJ,health_beauty,9,2017-08,2018-08,2018,8,1,107.11,3.0,100.0,0.0,0.0,1,-1.0,0,0.0,65.0,At-Risk,1,0,0,1,4.28,88.89,1.22,119.03,0.0,50.0,100.0
6973a06f484aacf400ece213dbf3d946,SP,computers_accessories,6,2018-01,2018-07,2018,7,1,93.22,1.0,100.0,100.0,100.0,1,-1.0,-2,0.0,44.05,Dormant,1,0,1,1,2.84,86.29,15.83,2096.62,0.0,0.0,100.0
6a0cbc8af2e8abd1bdfb777943d174c6,SP,sports_leisure,12,2017-05,2018-07,2018,7,1,120.61,4.0,100.0,0.0,0.0,1,1.0,0,0.0,72.5,Stable,0,0,0,0,4.25,96.88,2.92,386.62,0.0,75.0,100.0
6a38087bc8ad4f89ff453561005f6dea,GO,computers_accessories,4,2018-05,2018-08,2018,8,6,980.88,4.86,100.0,0.0,0.0,2,0.11,2,0.0,79.32,Star Performer,0,0,0,0,4.4,100.0,3.75,595.34,1.8518518518518516,96.50000000000001,100.0
6a51fc556dab5f766ced6fbc860bc613,SP,air_conditioning,14,2017-04,2018-08,2018,8,1,335.73,4.0,100.0,0.0,0.0,1,-1.0,0,0.0,72.5,Stable,0,0,1,1,3.87,95.24,1.86,597.88,0.0,75.0,100.0
6a8a889bde935bafa76d7848782dfaf9,SP,small_appliances,4,2018-03,2018-06,2018,6,7,285.65,4.29,100.0,0.0,0.0,2,0.29,6,0.0,75.12,Stable,0,0,0,0,4.24,97.22,6.5,307.15,2.2222222222222223,82.25,100.0
6a8b085f816a1f75f92dbac6eb545f8f,SP,auto,14,2017-07,2018-08,2018,8,7,426.51,4.75,100.0,0.0,0.0,1,0.35,-3,10.0,78.57,Stable,0,0,0,0,4.31,93.51,9.07,590.74,2.2222222222222223,93.75,100.0
6aa3928696eab49a19a466e665a649fd,RJ,health_beauty,5,2018-03,2018-08,2018,8,2,133.53,5.0,100.0,0.0,0.0,1,0.0,-1,0.0,80.07,Star Performer,0,0,0,0,4.5,90.0,3.6,482.14,0.3703703703703704,100.0,100.0
6b15924333bd1a741595fe981ea04822,SP,health_beauty,6,2017-02,2017-07,2017,7,3,119.36,5.0,100.0,0.0,0.0,1,0.6,-2,0.0,80.15,Star Performer,0,0,0,0,4.73,91.11,3.5,142.41,0.7407407407407408,100.0,100.0
6b243f80ed07b10f0e8aa0f21a205f3c,PR,sports_leisure,14,2017-07,2018-08,2018,8,9,741.65,4.5,100.0,0.0,11.11,1,0.0,5,0.0,76.74,Stable,0,0,0,0,4.08,94.22,5.64,557.67,2.9629629629629632,87.5,100.0
6b333a05bf188ef3e1f1662a86bd9855,DF,auto,6,2018-01,2018-08,2018,8,4,962.68,4.0,100.0,0.0,25.0,3,-1.0,3,0.0,72.48,Stable,1,0,0,1,4.61,94.44,2.0,759.15,1.1111111111111112,75.0,100.0
6b3bd31ad8fcda4b2635ec9f3ff2ecdf,RJ,sports_leisure,6,2018-03,2018-08,2018,8,2,201.65,5.0,100.0,0.0,0.0,1,1.0,1,0.0,80.07,Star Performer,0,0,0,0,3.87,92.77,6.0,825.99,0.3703703703703704,100.0,100.0
6b536a23086fba0d58c08d68814397f6,RJ,sports_leisure,8,2017-10,2018-07,2018,7,7,539.01,4.14,100.0,0.0,14.29,1,0.14,6,0.0,73.86,Stable,0,0,0,0,3.74,91.67,2.38,304.75,2.2222222222222223,78.49999999999999,100.0
6b90f847357d8981edd79a1eb1bf0acb,SP,health_beauty,3,2018-06,2018-08,2018,8,14,1218.33,4.31,87.5,0.0,7.14,6,-0.4,1,-12.5,72.59,Stable,0,1,0,1,4.4,95.83,15.0,1361.01,4.814814814814815,82.74999999999999,87.5
6b9b80d53ba3676eafe60268a810b5a1,SP,sports_leisure,6,2017-02,2017-08,2017,8,2,213.48,4.5,100.0,0.0,0.0,1,3.5,1,0.0,76.32,Stable,0,0,0,0,3.75,100.0,1.67,175.94,0.3703703703703704,87.5,100.0
6bb0724edf0b62fb91ac404873a97241,SP,electronics,10,2017-02,2018-04,2018,4,1,371.14,2.0,0.0,0.0,100.0,1,-3.0,0,-100.0,31.55,Dormant,1,1,0,1,4.42,82.5,1.7,441.65,0.0,25.0,0.0
6bbcb8924baf70b7fe2fe2097e8cd407,SC,party_supplies,7,2017-11,2018-08,2018,8,1,269.73,5.0,100.0,0.0,0.0,1,0.0,0,0.0,80.0,Star Performer,0,0,0,0,4.64,100.0,1.43,378.12,0.0,100.0,100.0
6c12e40690c335dbc2f68a4134d30dc1,PR,sports_leisure,10,2017-02,2018-08,2018,8,1,78.42,5.0,100.0,0.0,0.0,1,1.0,0,0.0,80.0,Star Performer,0,0,0,0,4.05,100.0,1.6,962.43,0.0,100.0,100.0
6c177e38df6d3f34182b1f1d427231bf,PR,telephony,16,2017-02,2018-08,2018,8,2,424.97,5.0,100.0,0.0,0.0,1,1.0,1,0.0,80.07,Star Performer,0,0,0,0,4.09,94.79,3.44,586.03,0.3703703703703704,100.0,100.0
6c7d50c24b3ccd2fd83b44d8bb34e073,SP,furniture_decor,13,2017-07,2018-08,2018,8,1,64.38,5.0,100.0,0.0,0.0,1,4.0,0,0.0,80.0,Star Performer,0,0,1,1,4.16,98.66,8.77,882.32,0.0,100.0,100.0
6cd68b3ed6d59aaa9fece558ad360c0a,MG,luggage_accessories,16,2017-01,2018-04,2018,4,3,188.86,4.33,100.0,0.0,0.0,2,-0.17,1,0.0,75.12,Stable,0,0,1,1,4.46,97.53,8.69,823.92,0.7407407407407408,83.25,100.0
6d22a1fcebb6dd08c9cd90b92a93e8d0,SC,health_beauty,6,2017-08,2018-01,2018,1,4,466.8,4.6,100.0,0.0,0.0,2,-0.4,3,0.0,77.22,Stable,0,0,0,0,4.14,100.0,2.0,157.74,1.1111111111111112,89.99999999999999,100.0
6d66611d7c44cc30ce351abc49a68421,SP,musical_instruments,18,2017-02,2018-08,2018,8,17,1327.06,4.33,94.44,0.0,5.88,3,0.06,3,1.11,74.71,Stable,0,0,0,0,3.96,93.96,9.22,936.35,5.9259259259259265,83.25,94.44
6d803cb79cc31c41c4c789a75933b3c7,SP,sports_leisure,12,2017-07,2018-06,2018,6,1,285.36,3.0,100.0,0.0,0.0,1,-1.8,-4,0.0,65.0,At-Risk,1,0,1,1,4.25,95.69,4.83,843.89,0.0,50.0,100.0
6d988d6174a2c27441597174f8905515,PR,housewares,10,2017-04,2018-08,2018,8,2,64.84,5.0,100.0,0.0,0.0,1,1.33,-1,0.0,80.07,Star Performer,0,0,0,0,4.32,90.0,1.9,73.72,0.3703703703703704,100.0,100.0
6ddc28b61be28373b4503a1f61cf98a9,SP,toys,3,2018-06,2018-08,2018,8,4,620.46,4.0,100.0,0.0,0.0,1,0.0,0,25.0,72.72,Stable,0,0,0,0,4.22,91.67,3.67,633.36,1.1111111111111112,75.0,100.0
6df688df543f90e9b38f4319e75a9d88,MG,health_beauty,10,2017-02,2017-11,2017,11,2,121.74,4.5,100.0,0.0,0.0,1,-0.1,-1,0.0,76.32,Stable,0,0,0,0,4.6,100.0,3.6,251.75,0.3703703703703704,87.5,100.0
6e386f64c84e482f0b9abf960797ee1b,SP,health_beauty,6,2018-03,2018-08,2018,8,10,5169.42,4.89,77.78,0.0,0.0,1,-0.11,8,-22.22,74.29,Stable,0,0,0,0,4.47,90.74,5.0,2260.61,3.3333333333333335,97.24999999999999,77.78
6e864f5c4669eff3d98140a07cc50202,SP,books_general_interest,7,2017-08,2018-05,2018,5,4,184.73,4.5,75.0,0.0,0.0,3,-0.5,3,-25.0,70.22,Stable,0,1,0,1,4.57,96.43,1.86,133.19,1.1111111111111112,87.5,75.0
6eb94e1466490d327a09abf8f3552a50,SP,health_beauty,4,2018-04,2018-08,2018,8,4,629.43,5.0,75.0,0.0,0.0,1,0.33,0,-25.0,73.97,Stable,0,1,0,1,3.92,93.75,2.5,437.44,1.1111111111111112,100.0,75.0
6ec1a01e866584bb679eb9b098345919,SP,health_beauty,13,2017-07,2018-08,2018,8,1,45.78,5.0,100.0,0.0,0.0,1,0.0,0,0.0,80.0,Star Performer,0,0,0,0,4.31,86.92,2.38,389.52,0.0,100.0,100.0
6edacfd9f9074789dad6d62ba7950b9c,SP,furniture_decor,20,2017-01,2018-08,2018,8,11,784.46,3.73,54.55,0.0,27.27,7,-0.52,3,-20.45,59.59,At-Risk,1,1,0,1,4.35,94.12,10.4,807.63,3.7037037037037033,68.25,54.55
6f229cc508fc6915ed5c499efd93baa4,RJ,sports_leisure,6,2017-08,2018-08,2018,8,5,1049.74,4.2,80.0,0.0,20.0,1,-0.8,2,-20.0,69.11,Stable,0,0,0,0,4.2,80.0,2.17,498.11,1.4814814814814816,80.0,80.0
6f892e20a171e98efe17fdb971ff319b,SP,telephony,6,2017-07,2017-12,2017,12,4,649.17,2.0,100.0,0.0,75.0,2,-2.0,2,0.0,57.01,Dormant,1,0,0,1,3.89,96.38,7.33,1223.81,1.1111111111111112,25.0,100.0
6fc26fe110feebd80a433e1f012a84f9,SP,furniture_decor,17,2017-01,2018-08,2018,8,2,309.6,4.2,100.0,0.0,0.0,1,3.2,1,0.0,74.07,Stable,0,0,0,0,4.08,94.16,2.06,301.65,0.3703703703703704,80.0,100.0
6fd52c528dcb38be2eea044946b811f8,SP,bed_bath_table,13,2017-08,2018-08,2018,8,6,568.13,4.17,100.0,0.0,16.67,1,-0.69,4,0.0,73.99,Stable,0,0,0,0,3.45,86.91,5.15,683.2,1.8518518518518516,79.25,100.0
7008613ea464bad5cb9b83456e1e6a8f,SC,sports_leisure,19,2017-01,2018-08,2018,8,1,104.85,5.0,100.0,0.0,0.0,1,1.0,0,0.0,80.0,Star Performer,0,0,1,1,4.37,96.51,6.63,568.66,0.0,100.0,100.0
701938c450705b8ae65fc923b70f35c7,SP,furniture_living_room,15,2017-01,2018-04,2018,4,1,134.6,1.0,0.0,0.0,100.0,1,-2.25,-2,-50.0,24.05,Dormant,1,1,1,1,3.72,86.89,5.0,1052.81,0.0,0.0,0.0
7040e82f899a04d1b434b795a43b4617,SP,audio,12,2017-09,2018-08,2018,8,22,1013.19,3.33,96.3,0.0,40.91,3,-0.61,7,-3.7,67.72,At-Risk,0,0,0,0,3.54,89.78,17.67,1079.66,7.777777777777778,58.25,96.3
70849ca4f400aaabb62cb7462a6f1428,MG,musical_instruments,7,2017-12,2018-08,2018,8,2,134.79,4.0,100.0,0.0,0.0,2,-1.0,1,0.0,72.57,Stable,0,0,0,0,4.52,88.1,1.71,163.32,0.3703703703703704,75.0,100.0
709e16e2b25c7474d980076c6bfc4806,SP,health_beauty,11,2017-10,2018-08,2018,8,8,881.65,3.89,100.0,0.0,12.5,3,-0.61,-4,0.0,72.07,Stable,1,0,0,1,4.61,97.73,5.45,579.9,2.5925925925925926,72.25,100.0
70a12e78e608ac31179aea7f8422044b,SP,computers_accessories,19,2017-01,2018-08,2018,8,2,226.52,5.0,100.0,0.0,0.0,2,0.0,-2,0.0,80.07,Star Performer,0,0,1,1,3.88,91.03,16.58,1919.23,0.3703703703703704,100.0,100.0
70c27847eca8195c983ed7e798c56743,RJ,pet_shop,5,2018-04,2018-08,2018,8,21,3067.41,4.32,76.0,0.0,19.05,1,-0.55,6,-24.0,70.2,Stable,0,1,0,1,4.03,91.87,15.4,2705.84,7.4074074074074066,83.0,76.0
70eea00b476a314817cefde4aad4f89a,SP,sports_leisure,19,2017-02,2018-08,2018,8,3,912.53,5.0,100.0,0.0,0.0,2,0.12,-5,12.5,80.15,Star Performer,0,0,0,0,4.48,95.39,5.68,1842.43,0.7407407407407408,100.0,100.0
71039d19d4303bf9054d69e9a9236699,SP,toys,10,2017-10,2018-08,2018,8,1,81.9,1.0,0.0,0.0,300.0,1,-4.0,0,-100.0,22.14,Dormant,1,1,0,1,3.46,67.0,3.5,415.87,0.0,0.0,0.0
710e3548e02bc1d2831dfc4f1b5b14d4,PR,furniture_decor,19,2017-01,2018-08,2018,8,5,993.52,2.6,100.0,0.0,60.0,2,-0.8,0,0.0,61.72,At-Risk,1,0,0,1,3.54,96.17,7.05,1445.29,1.4814814814814816,40.0,100.0
712e6ed8aa4aa1fa65dab41fed5737e4,SC,auto,14,2017-02,2018-05,2018,5,10,6252.17,3.64,100.0,0.0,30.0,1,-1.36,9,0.0,70.18,Stable,0,0,0,0,4.01,87.95,5.64,3344.09,3.3333333333333335,66.0,100.0
7139dc5186aa238b006e066d8fbab2e4,SP,furniture_decor,8,2018-01,2018-08,2018,8,1,44.88,5.0,100.0,0.0,0.0,1,0.5,-1,0.0,80.0,Star Performer,0,0,0,0,4.24,90.18,2.75,280.99,0.0,100.0,100.0
7142540dd4c91e2237acb7e911c4eba2,SP,auto,18,2017-03,2018-08,2018,8,2,542.98,4.5,100.0,0.0,0.0,1,0.07,-11,0.0,76.32,Stable,0,0,1,1,4.11,94.11,17.72,2476.81,0.3703703703703704,87.5,100.0
715bbd5ba4e6b74cb0d2f29eb45058b0,SP,watches_gifts,12,2017-09,2018-08,2018,8,6,504.52,4.83,83.33,0.0,0.0,2,-0.17,-3,-16.67,74.93,Stable,0,0,0,0,4.42,90.42,5.17,442.99,1.8518518518518516,95.75,83.33
7178f9f4dd81dcef02f62acdf8151e01,SC,health_beauty,18,2017-03,2018-08,2018,8,3,1075.87,5.0,100.0,0.0,0.0,2,0.0,2,0.0,80.15,Star Performer,0,0,0,0,4.13,89.67,11.28,2307.72,0.7407407407407408,100.0,100.0
718539d38d07dd351c76db862760e2e2,SP,pet_shop,8,2017-04,2018-02,2018,2,2,70.34,1.0,100.0,100.0,100.0,2,-4.0,1,0.0,44.12,Dormant,1,0,0,1,4.24,100.0,4.62,247.24,0.3703703703703704,0.0,100.0
7202e2ba20579a9bd1acb29e61fe71f6,SP,telephony,14,2017-07,2018-08,2018,8,10,2662.87,4.4,90.0,0.0,10.0,2,1.73,7,-10.0,73.57,Stable,0,0,0,0,3.83,96.07,3.79,994.01,3.3333333333333335,85.00000000000001,90.0
7238a95bb63ef7e498389fb863b834a1,SP,baby,5,2018-04,2018-08,2018,8,2,205.35,4.0,50.0,0.0,0.0,2,-0.89,-7,-50.0,60.07,At-Risk,1,1,0,1,4.68,90.0,3.0,567.02,0.3703703703703704,75.0,50.0
723cd880edaacdb998898b67c8f9da30,SP,bed_bath_table,5,2018-03,2018-08,2018,8,2,547.65,4.67,100.0,0.0,0.0,1,-0.08,-2,0.0,77.6,Stable,0,0,0,0,3.82,93.33,2.2,509.93,0.3703703703703704,91.75,100.0
725c32fa80c2faacc4fc88450d27314e,SP,toys,20,2017-01,2018-08,2018,8,3,324.49,5.0,100.0,0.0,0.0,1,0.0,0,0.0,80.15,Star Performer,0,0,0,0,4.6,98.33,4.45,458.33,0.7407407407407408,100.0,100.0
7299e27ed73d2ad986de7f7c77d919fa,MG,consoles_games,18,2017-03,2018-08,2018,8,20,2648.67,4.45,90.0,0.0,5.0,3,0.16,-3,-10.0,74.73,Stable,0,0,0,0,4.47,94.19,18.78,2310.06,7.037037037037037,86.25,90.0
729b2d09b2a0bdab221076327f13d050,SP,health_beauty,9,2017-11,2018-08,2018,8,5,323.99,4.83,100.0,0.0,0.0,1,0.05,-3,11.11,79.02,Star Performer,0,0,0,0,4.59,94.14,5.44,307.63,1.4814814814814816,95.75,100.0
729f06993dac8e860d4f02d7088ca48a,SP,housewares,18,2017-03,2018-08,2018,8,5,1293.07,4.0,87.5,0.0,40.0,1,-1.0,0,-12.5,69.29,Stable,0,0,0,0,4.32,91.18,5.33,1415.54,1.4814814814814816,75.0,87.5
72bc2cce903c872fe376a8faaa81d237,SP,books_technical,8,2017-09,2018-08,2018,8,3,294.13,4.67,100.0,0.0,0.0,2,-0.33,2,0.0,77.67,Stable,0,0,0,0,4.71,100.0,2.12,300.62,0.7407407407407408,91.75,100.0
72c5da29406b4234927b81855e7b64f6,SP,construction_tools_construction,5,2018-04,2018-08,2018,8,5,1475.12,4.4,100.0,0.0,20.0,2,0.11,-2,0.0,75.61,Stable,0,0,0,0,4.18,97.5,6.2,2530.49,1.4814814814814816,85.00000000000001,100.0
730937bf88cb151eb2eb849f642fc213,SP,sports_leisure,4,2018-04,2018-08,2018,8,3,345.28,5.0,100.0,0.0,0.0,1,1.0,-1,0.0,80.15,Star Performer,0,0,0,0,4.59,98.53,5.5,819.29,0.7407407407407408,100.0,100.0
7357b52d27cbaa90f81a96cbc1279396,MG,housewares,4,2018-05,2018-08,2018,8,4,500.12,3.75,100.0,0.0,25.0,1,-0.5,0,25.0,70.61,Stable,1,0,0,1,4.5,93.75,3.0,386.46,1.1111111111111112,68.75,100.0
73a63f72308aa20a46f4b1632018f196,PR,garden_tools,13,2017-03,2018-08,2018,8,1,143.36,3.0,100.0,0.0,0.0,1,-0.1,-3,0.0,65.0,At-Risk,1,0,1,1,4.16,100.0,2.23,829.68,0.0,50.0,100.0
744dac408745240a2c2528fb1b6028f3,PR,watches_gifts,16,2017-04,2018-08,2018,8,1,196.18,5.0,100.0,0.0,0.0,1,0.0,-2,0.0,80.0,Star Performer,0,0,1,1,4.66,98.75,4.94,1524.06,0.0,100.0,100.0
750303a20e9c56b2a6bc45cdce0b897d,GO,sports_leisure,12,2017-09,2018-08,2018,8,8,1455.93,3.88,100.0,0.0,12.5,4,-0.32,3,0.0,72.0,Stable,0,0,0,0,4.19,94.64,4.5,782.9,2.5925925925925926,72.0,100.0
751bdc4d83a466c7206cd42e8f426b03,SP,sports_leisure,14,2017-05,2018-07,2018,7,4,534.56,3.67,100.0,0.0,25.0,2,-0.13,1,0.0,70.01,Stable,0,0,0,0,3.59,92.86,3.86,557.42,1.1111111111111112,66.75,100.0
7586919161935337bf6b6d7ff5779648,RJ,sports_leisure,6,2017-06,2018-03,2018,3,2,244.78,1.0,85.71,0.0,350.0,1,0.0,1,85.71,43.17,Dormant,1,0,0,1,3.5,80.95,1.83,332.49,0.3703703703703704,0.0,85.71
75d34ebb1bd0bd7dde40dd507b8169c3,BA,telephony,13,2017-01,2018-02,2018,2,1,237.29,5.0,100.0,0.0,0.0,1,1.33,-2,0.0,80.0,Star Performer,0,0,0,0,3.69,79.81,4.77,1267.65,0.0,100.0,100.0
75fbb52eda0cbc24f479d3b2fbfa8d3e,GO,dvds_blu_ray,17,2017-01,2018-06,2018,6,1,172.32,5.0,100.0,0.0,0.0,1,1.0,0,0.0,80.0,Star Performer,0,0,0,0,4.58,98.04,2.35,122.03,0.0,100.0,100.0
7681ef142fd2c19048da7430856b5588,SP,computers,7,2018-02,2018-08,2018,8,8,5310.36,3.33,77.78,0.0,25.0,3,-0.84,2,-22.22,62.2,At-Risk,1,0,0,1,4.15,89.05,8.43,4993.56,2.5925925925925926,58.25,77.78
768a86e36ad6aae3d03ee3c6433d61df,SP,toys,3,2018-06,2018-08,2018,8,11,468.54,4.55,72.73,0.0,0.0,2,-0.45,7,-27.27,70.55,Stable,0,1,0,1,4.68,90.91,5.67,255.9,3.7037037037037033,88.75,72.73
768de2a4fc06aacecb9a586ccc30746a,DF,cool_stuff,7,2017-08,2018-05,2018,5,1,50.22,1.0,100.0,0.0,100.0,1,-3.67,-2,0.0,49.05,Dormant,1,0,0,1,4.14,100.0,2.0,101.93,0.0,0.0,100.0
76d5af76d0271110f9af36c92573f765,SP,sports_leisure,20,2017-01,2018-08,2018,8,1,758.32,5.0,100.0,0.0,0.0,1,1.33,-1,0.0,80.0,Star Performer,0,0,1,1,4.1,92.36,6.4,1791.05,0.0,100.0,100.0
76d64c4aca3a7baf218bf93ef7fa768d,PR,toys,14,2017-05,2018-08,2018,8,3,739.9,4.67,100.0,0.0,0.0,2,0.17,1,0.0,77.67,Stable,0,0,0,0,4.48,98.41,4.57,1481.79,0.7407407407407408,91.75,100.0
76ea5315acb3f5f7ade3cd261faf922a,SP,auto,4,2018-05,2018-08,2018,8,1,74.46,1.0,100.0,0.0,100.0,1,-3.0,-1,0.0,49.05,Dormant,1,0,0,1,3.54,96.43,3.75,327.77,0.0,0.0,100.0
7722b1df1b0e383e000397b2c11e3e19,SP,housewares,20,2017-01,2018-08,2018,8,2,61.82,3.5,100.0,0.0,0.0,1,-0.79,-4,0.0,68.82,Stable,1,0,1,1,4.25,98.21,6.6,451.72,0.3703703703703704,62.5,100.0
77530e9772f57a62c906e1c21538ab82,PR,furniture_decor,20,2017-01,2018-08,2018,8,17,2123.24,4.3,90.0,0.0,17.65,2,-0.6,1,-5.0,73.27,Stable,0,0,0,0,4.13,90.83,15.95,2774.49,5.9259259259259265,82.5,90.0
77a515caa36327151d1cc6c32a9f00e1,SP,stationery,6,2018-02,2018-08,2018,8,3,296.3,5.0,100.0,0.0,0.0,1,0.8,-2,20.0,80.15,Star Performer,0,0,0,0,3.87,74.45,4.33,435.6,0.7407407407407408,100.0,100.0
77e4abfd739aed9c46480f90f81c0eb4,DF,stationery,8,2018-01,2018-08,2018,8,2,683.19,5.0,100.0,0.0,0.0,2,0.0,-1,0.0,80.07,Star Performer,0,0,0,0,4.88,100.0,2.25,511.53,0.3703703703703704,100.0,100.0
77fccaae319668a8ab6cd0fd16aec48c,RJ,sports_leisure,2,2018-05,2018-07,2018,7,3,692.99,3.25,100.0,0.0,33.33,2,-1.63,-5,0.0,66.71,At-Risk,0,0,0,0,4.06,100.0,5.5,944.22,0.7407407407407408,56.25,100.0
784ba75dd9d20200c4caed3d7a77141a,SP,stationery,9,2017-03,2017-12,2017,12,2,2839.86,2.5,0.0,0.0,50.0,2,-2.5,1,-100.0,35.85,Dormant,1,1,0,1,4.06,88.89,2.0,969.72,0.3703703703703704,37.5,0.0
788e857f317e53de488d393e65a80f45,SP,stationery,3,2018-05,2018-08,2018,8,8,1026.02,4.88,100.0,0.0,0.0,1,-0.12,6,0.0,79.62,Star Performer,1,0,0,1,4.96,100.0,3.67,464.98,2.5925925925925926,97.0,100.0
78c99c6dff4eeae5be99bf635ed21e3f,SP,sports_leisure,7,2017-02,2017-08,2017,8,12,1023.96,4.6,93.33,0.0,8.33,1,-0.4,8,-6.67,76.07,Stable,0,0,0,0,4.25,88.57,4.43,385.11,4.074074074074074,89.99999999999999,93.33
7901646fdd36a55f564ffaf2dbccaaf7,RJ,garden_tools,12,2017-03,2018-08,2018,8,2,245.94,5.0,100.0,0.0,0.0,1,0.5,0,0.0,80.07,Star Performer,0,0,0,0,4.5,83.33,1.83,1039.9,0.3703703703703704,100.0,100.0
79ebd9a61bac3eaf882805ed4ecfa12a,PR,furniture_decor,11,2017-10,2018-08,2018,8,10,1572.23,3.8,100.0,0.0,20.0,1,-0.3,-11,0.0,71.48,Stable,0,0,0,0,3.99,94.85,12.36,1768.19,3.3333333333333335,70.0,100.0
79ed755314cfe6df0daef2c6cd3022cd,SP,garden_tools,9,2017-02,2018-08,2018,8,2,460.07,4.33,100.0,0.0,0.0,2,-0.67,1,0.0,75.05,Stable,1,0,0,1,4.8,100.0,2.56,485.18,0.3703703703703704,83.25,100.0
7a241947449cc45dbfda4f9d0798d9d0,MG,housewares,17,2017-03,2018-08,2018,8,2,257.39,3.0,100.0,0.0,0.0,2,-1.25,-2,0.0,65.07,At-Risk,0,0,0,0,3.48,91.34,3.65,589.3,0.3703703703703704,50.0,100.0
7a2d2949aea47fab95fd98d6c9f618b1,PR,pet_shop,9,2017-02,2018-06,2018,6,1,135.94,4.0,100.0,0.0,0.0,1,0.0,0,0.0,72.5,Stable,0,0,0,0,4.19,100.0,1.22,205.58,0.0,75.0,100.0
7a425d299613df3e613bcf9d2eaf5c49,RJ,perfumery,7,2017-11,2018-08,2018,8,1,45.21,5.0,100.0,0.0,0.0,1,0.0,0,0.0,80.0,Star Performer,0,0,0,0,4.21,97.96,2.57,215.07,0.0,100.0,100.0
7a67c85e85bb2ce8582c35f2203ad736,SP,cool_stuff,20,2017-01,2018-08,2018,8,18,2017.72,4.39,88.24,0.0,5.56,2,0.04,-5,1.28,73.69,Stable,0,1,1,1,4.16,93.96,58.0,8163.94,6.296296296296296,84.74999999999999,88.24
7aa4334be125fcdd2ba64b3180029f14,SP,toys,11,2017-02,2017-12,2017,12,55,5776.14,3.05,65.57,0.0,47.27,4,-0.81,23,-14.43,60.32,At-Risk,1,1,0,1,4.4,93.64,19.73,1873.03,20.0,51.24999999999999,65.57
7ad32824caee82087b3e2e5f33b1bf32,SP,bed_bath_table,8,2018-01,2018-08,2018,8,27,3527.26,4.0,96.67,0.0,11.11,1,-0.69,15,-3.33,73.49,Stable,0,0,0,0,3.53,86.71,18.88,3256.29,9.62962962962963,75.0,96.67
7ade73f1b9b4e965f9009a4c3a7e2c15,SP,computers_accessories,5,2018-04,2018-08,2018,8,2,224.58,5.0,100.0,0.0,0.0,2,0.0,-1,0.0,80.07,Star Performer,0,0,0,0,4.86,100.0,5.4,467.63,0.3703703703703704,100.0,100.0
7b07b3c7487f0ea825fc6df75abd658b,SP,sports_leisure,19,2017-01,2018-08,2018,8,7,1123.26,4.56,100.0,0.0,14.29,2,0.81,3,0.0,77.01,Stable,0,0,0,0,4.55,97.79,4.89,582.88,2.2222222222222223,88.99999999999999,100.0
7b0df942f46435babab05d49b744b2c4,SP,musical_instruments,14,2017-02,2018-06,2018,6,1,367.72,5.0,100.0,0.0,0.0,1,0.0,0,0.0,80.0,Star Performer,0,0,0,0,4.31,90.48,2.29,1662.34,0.0,100.0,100.0
7b1222c3624aa89b9558b50a2594188c,SP,toys,11,2017-02,2018-06,2018,6,2,942.76,4.0,100.0,0.0,0.0,2,-0.5,0,50.0,72.57,Stable,0,0,0,0,4.53,89.39,2.0,960.1,0.3703703703703704,75.0,100.0
7b7f91e98f8c6def45a1407923304402,SP,housewares,4,2018-04,2018-07,2018,7,3,157.35,5.0,100.0,0.0,0.0,2,2.67,0,0.0,80.15,Star Performer,0,0,0,0,3.75,87.5,2.75,155.12,0.7407407407407408,100.0,100.0
7bac63f6603d382cc8d0832eb6c100a8,SP,sports_leisure,7,2017-11,2018-08,2018,8,1,599.26,5.0,0.0,0.0,0.0,1,1.67,-2,-66.67,55.0,Dormant,0,1,0,1,4.34,79.17,2.71,1159.23,0.0,100.0,0.0
7c1fea10b5b006671d608b1d7c446ec4,SP,telephony,7,2017-10,2018-06,2018,6,1,37.65,4.0,100.0,0.0,0.0,1,1.5,-1,50.0,72.5,Stable,0,0,1,1,3.98,92.86,1.86,84.95,0.0,75.0,100.0
7c4618c82226628831613e95e9c22f44,SP,sports_leisure,7,2017-12,2018-08,2018,8,4,194.48,3.5,75.0,0.0,25.0,1,-1.5,3,-25.0,62.48,At-Risk,1,0,0,1,4.36,89.29,1.86,71.35,1.1111111111111112,62.5,75.0
7c5b05cbdb5542049f38d90d7815b97d,SP,books_imported,4,2018-04,2018-07,2018,7,5,478.82,3.29,83.33,0.0,60.0,1,-1.71,-3,-16.67,62.73,At-Risk,1,1,0,1,4.29,95.83,5.5,336.36,1.4814814814814816,57.25,83.33
7c67e1448b00f6e969d365cea6b010ab,SP,office_furniture,20,2017-01,2018-08,2018,8,9,1744.45,4.08,83.33,0.0,22.22,1,0.61,-29,-5.13,69.31,Stable,0,1,1,1,3.46,91.25,49.1,12068.74,2.9629629629629632,77.0,83.33
7d13fca15225358621be4086e1eb0964,SP,watches_gifts,7,2018-02,2018-08,2018,8,50,10768.84,4.34,97.96,0.0,10.0,4,0.01,14,-2.04,78.07,Stable,0,0,0,0,3.92,86.22,80.71,17465.86,18.14814814814815,83.5,97.96
7d456afc660226829370f3173d14520c,SP,bed_bath_table,14,2017-04,2018-08,2018,8,6,944.61,4.0,100.0,0.0,33.33,2,-0.44,3,0.0,72.55,Stable,0,0,0,0,4.25,97.62,3.93,712.58,1.8518518518518516,75.0,100.0
7d76b645482be4a332374e8223836592,SP,telephony,14,2017-07,2018-08,2018,8,6,168.12,4.0,100.0,0.0,16.67,1,1.0,4,0.0,72.71,Stable,0,0,0,0,3.91,92.94,12.57,459.4,1.8518518518518516,75.0,100.0
7dc8c42cc750eeafea6c85712ffee9bf,SP,housewares,14,2017-02,2018-08,2018,8,5,767.65,4.0,100.0,0.0,40.0,4,-1.0,0,0.0,72.42,Stable,0,0,0,0,4.15,90.48,2.86,512.8,1.4814814814814816,75.0,100.0
7ddcbb64b5bc1ef36ca8c151f6ec77df,SP,cool_stuff,12,2017-07,2018-06,2018,6,1,208.66,4.0,100.0,0.0,0.0,1,0.67,-5,16.67,72.5,Stable,0,0,1,1,3.79,91.38,27.83,5311.76,0.0,75.0,100.0
7e1fb0a3ebfb01ffb3a7dae98bf3238d,SP,health_beauty,19,2017-02,2018-08,2018,8,3,561.91,5.0,75.0,0.0,0.0,1,0.67,0,-25.0,73.9,Stable,0,0,0,0,4.22,88.32,8.37,1596.63,0.7407407407407408,100.0,75.0
7e3f87d16fb353f408d467e74fbd8014,SP,computers_accessories,14,2017-06,2018-08,2018,8,9,695.67,3.89,100.0,0.0,22.22,2,0.0,0,33.33,72.06,Stable,0,0,0,0,4.0,91.88,6.57,442.41,2.9629629629629632,72.25,100.0
7e93a43ef30c4f03f38b393420bc753a,SP,watches_gifts,19,2017-01,2018-07,2018,7,1,229.37,5.0,100.0,0.0,0.0,1,4.0,0,100.0,80.0,Star Performer,0,0,1,1,4.08,90.06,17.63,9543.71,0.0,100.0,100.0
7ea5bfa6c340f58f8e71fc1f0412b0d6,MG,baby,10,2017-11,2018-08,2018,8,1,112.83,5.0,100.0,0.0,0.0,1,0.5,-1,0.0,80.0,Star Performer,0,0,1,1,4.19,93.45,9.8,1266.39,0.0,100.0,100.0
7ecd59e5e20407131822c1a68ac59c1f,DF,stationery,10,2017-11,2018-08,2018,8,2,201.62,5.0,66.67,0.0,0.0,1,1.0,0,-33.33,71.74,Stable,0,0,0,0,4.37,83.33,2.4,205.45,0.3703703703703704,100.0,66.67
7f152321c60a266edc53af1925ef96c1,SC,sports_leisure,10,2017-08,2018-08,2018,8,1,180.3,5.0,100.0,0.0,0.0,1,0.0,-1,0.0,80.0,Star Performer,0,0,0,0,4.18,77.67,2.0,447.19,0.0,100.0,100.0
7f2617c58d5d06806987308b45654351,SP,sports_leisure,11,2017-04,2018-06,2018,6,1,193.82,5.0,100.0,0.0,0.0,1,0.0,-1,0.0,80.0,Star Performer,0,0,0,0,3.95,90.91,2.0,362.12,0.0,100.0,100.0
7f7b8245c336066a1f9933c359f11d77,SP,health_beauty,5,2018-04,2018-08,2018,8,8,537.27,4.89,100.0,0.0,0.0,1,-0.11,5,0.0,79.69,Star Performer,0,0,0,0,4.69,96.67,7.6,526.05,2.5925925925925926,97.24999999999999,100.0
7fc87cc3e89b3d1d5cabdca32f8485aa,SP,office_furniture,4,2018-05,2018-08,2018,8,1,190.4,1.0,0.0,0.0,100.0,1,-2.33,-5,-50.0,24.05,Dormant,1,1,0,1,3.33,62.5,3.5,708.96,0.0,0.0,0.0
7ff588a03c2aeae4fbd23f9ae64b760d,SP,auto,3,2018-06,2018-08,2018,8,9,1044.9,4.9,100.0,0.0,0.0,1,0.15,6,0.0,79.84,Star Performer,0,0,0,0,4.38,100.0,4.67,467.79,2.9629629629629632,97.50000000000001,100.0
808d4348b916efa08e766ebad39f61eb,SP,perfumery,2,2018-07,2018-08,2018,8,10,459.51,4.4,100.0,0.0,10.0,1,-0.05,-1,9.09,76.07,Stable,0,0,0,0,4.43,95.46,10.5,507.46,3.3333333333333335,85.00000000000001,100.0
8090490573c6c0aa343a7231ebcb8c86,SP,health_beauty,10,2017-09,2018-08,2018,8,4,862.15,3.5,75.0,0.0,25.0,1,-1.21,-3,-25.0,62.48,At-Risk,0,1,0,1,4.12,92.5,2.6,429.8,1.1111111111111112,62.5,75.0
80e6699fe29150b372a0c8a1ebf7dcc8,PR,sports_leisure,17,2017-01,2018-05,2018,5,2,299.93,2.5,100.0,0.0,50.0,1,-2.5,-2,0.0,60.85,At-Risk,1,0,1,1,4.3,96.13,5.41,785.08,0.3703703703703704,37.5,100.0
813348c996469b40f2e028d5429d3495,SP,housewares,12,2017-05,2018-04,2018,4,3,231.56,5.0,100.0,0.0,0.0,1,0.0,0,0.0,80.15,Star Performer,0,0,0,0,3.98,97.23,14.92,1233.37,0.7407407407407408,100.0,100.0
81336a0f57a33776419727a300249e90,SP,sports_leisure,9,2017-07,2018-04,2018,4,2,48.98,5.0,100.0,0.0,0.0,1,1.2,-2,0.0,80.07,Star Performer,0,0,0,0,3.79,77.78,1.78,185.65,0.3703703703703704,100.0,100.0
8160255418d5aaa7dbdc9f4c64ebda44,SP,bed_bath_table,11,2017-10,2018-08,2018,8,16,1883.15,4.31,100.0,0.0,6.25,1,0.1,-15,0.0,75.88,Stable,0,0,1,1,4.04,89.78,35.0,5018.18,5.555555555555555,82.74999999999999,100.0
817245bcc3badd82bbd222e0366951a6,SP,auto,9,2017-11,2018-07,2018,7,1,163.61,4.0,100.0,0.0,0.0,1,0.11,-4,0.0,72.5,Stable,0,0,1,1,4.05,98.15,3.22,700.34,0.0,75.0,100.0
81783131d2a97c8d44d406a4be81b5d9,SP,toys,2,2018-07,2018-08,2018,8,9,1517.3,3.2,100.0,55.56,44.44,3,-0.8,5,33.33,63.89,At-Risk,0,0,0,0,3.6,83.34,6.5,988.79,2.9629629629629632,55.00000000000001,100.0
817f85dbb65aa3e70831d90fe75cdf89,SP,toys,3,2017-01,2017-03,2017,3,2,439.28,4.5,100.0,0.0,0.0,2,-0.5,1,0.0,76.32,Stable,1,0,0,1,4.83,100.0,1.67,297.49,0.3703703703703704,87.5,100.0
81a1104df0f08b59c68aa5b03cfe398e,PR,garden_tools,10,2017-05,2018-04,2018,4,4,559.11,5.0,100.0,0.0,0.0,1,0.83,-2,0.0,80.22,Star Performer,0,0,0,0,4.49,97.0,7.3,1123.53,1.1111111111111112,100.0,100.0
81f89e42267213cb94da7ddc301651da,SP,perfumery,1,2018-08,2018-08,2018,8,46,4721.18,3.54,100.0,0.0,28.26,3,0.0,0,0.0,72.11,Stable,0,0,0,0,3.54,100.0,46.0,4721.18,16.666666666666664,63.5,100.0
820cc752a266cdc6c1a1e61dd4583330,PR,small_appliances,11,2017-01,2018-04,2018,4,1,57.06,5.0,100.0,0.0,0.0,1,1.0,0,0.0,80.0,Star Performer,0,0,0,0,4.2,81.82,1.36,279.89,0.0,100.0,100.0
821fb029fc6e495ca4f08a35d51e53a5,SP,sports_leisure,7,2018-01,2018-08,2018,8,2,1663.3,5.0,100.0,0.0,0.0,1,1.0,0,0.0,80.07,Star Performer,0,0,0,0,3.5,70.07,4.0,2962.89,0.3703703703703704,100.0,100.0
822166ed1e47908f7cfb49946d03c726,RJ,bed_bath_table,14,2017-05,2018-07,2018,7,2,203.7,5.0,100.0,0.0,0.0,1,0.0,1,0.0,80.07,Star Performer,0,0,1,1,4.28,98.57,4.93,400.26,0.3703703703703704,100.0,100.0
822bad9bc42b51213ba522fe87b7ab5d,SC,telephony,8,2017-08,2018-06,2018,6,1,236.48,3.0,100.0,0.0,0.0,1,-1.75,-3,0.0,65.0,At-Risk,0,0,0,0,3.84,75.0,2.25,710.92,0.0,50.0,100.0
827f8f69dfa529c561901c4f2e0f332f,PR,fashion_shoes,14,2017-01,2018-03,2018,3,3,154.22,3.67,66.67,0.0,33.33,1,2.67,1,66.67,61.52,At-Risk,0,0,0,0,4.22,86.31,6.43,357.54,0.7407407407407408,66.75,66.67
82bd0703a4aefd6b599e5bfdaed378fb,SP,health_beauty,7,2017-01,2017-08,2017,8,3,193.28,2.33,66.67,0.0,66.67,1,-1.67,1,-33.33,51.16,Dormant,1,1,0,1,4.09,95.24,2.43,397.45,0.7407407407407408,33.25,66.67
82cb9f452fe8334df74b22d37824b431,RS,small_appliances,5,2018-04,2018-08,2018,8,1,56.17,5.0,100.0,0.0,0.0,1,1.0,0,0.0,80.0,Star Performer,0,0,0,0,4.68,100.0,2.8,231.05,0.0,100.0,100.0
82e0a475a88cc9595229d8029273f045,SP,furniture_decor,11,2017-02,2018-01,2018,1,4,1129.46,5.0,100.0,0.0,0.0,1,2.29,1,0.0,80.22,Star Performer,0,0,0,0,3.56,97.77,3.73,1173.12,1.1111111111111112,100.0,100.0
834f3294fba9f932f56edc879193f925,SP,cool_stuff,12,2017-05,2018-08,2018,8,2,1463.25,5.0,100.0,0.0,0.0,1,0.0,1,0.0,80.07,Star Performer,0,0,0,0,4.47,89.43,5.5,3683.95,0.3703703703703704,100.0,100.0
834f8533b2ecb6598dd004ff3de7203a,SP,pet_shop,15,2017-01,2018-08,2018,8,4,469.07,4.5,100.0,0.0,0.0,3,0.0,0,0.0,76.47,Stable,0,0,0,0,3.9,86.22,2.73,358.95,1.1111111111111112,87.5,100.0
835f0f7810c76831d6c7d24c7a646d4d,SP,housewares,13,2017-02,2018-02,2018,2,2,268.36,1.0,100.0,50.0,150.0,1,-1.67,-1,66.67,46.15,Dormant,1,0,0,1,3.21,63.25,3.38,468.77,0.3703703703703704,0.0,100.0
83645b1645cdee8953ee54c29ceed564,PR,baby,8,2017-03,2018-08,2018,8,2,168.91,5.0,100.0,0.0,0.0,2,2.0,1,0.0,80.07,Star Performer,0,0,0,0,4.31,100.0,1.75,155.64,0.3703703703703704,100.0,100.0
83deb69e889cf80f82be1dc6d5f2d486,SC,musical_instruments,14,2017-07,2018-08,2018,8,3,481.38,5.0,100.0,0.0,0.0,1,0.0,0,0.0,80.15,Star Performer,0,0,0,0,4.43,96.73,2.86,448.33,0.7407407407407408,100.0,100.0
83e197e95a1bbabc8c75e883ed016c47,RJ,books_general_interest,12,2017-01,2018-02,2018,2,1,129.78,5.0,100.0,0.0,0.0,1,0.0,0,0.0,80.0,Star Performer,0,0,0,0,4.72,95.83,3.83,627.96,0.0,100.0,100.0
8444e55c1f13cd5c179851e5ca5ebd00,MG,perfumery,17,2017-03,2018-07,2018,7,3,701.61,1.0,100.0,100.0,100.0,1,-0.79,-5,0.0,44.2,Dormant,1,0,0,1,3.1,93.94,5.82,1467.72,0.7407407407407408,0.0,100.0
845e8036c3f7bf62099352f5ed910240,RJ,bed_bath_table,4,2018-05,2018-08,2018,8,9,825.84,4.4,100.0,0.0,11.11,2,0.11,2,0.0,75.99,Stable,0,0,0,0,3.55,100.0,5.25,511.31,2.9629629629629632,85.00000000000001,100.0
8476243f92442881ddd5b578975cf115,RS,health_beauty,5,2018-03,2018-08,2018,8,4,2649.25,5.0,100.0,0.0,0.0,1,0.5,2,0.0,80.22,Star Performer,0,0,0,0,4.17,93.33,2.4,1622.61,1.1111111111111112,100.0,100.0
850913d59ce317156b00f3705f1c3edb,SP,telephony,5,2018-03,2018-07,2018,7,1,56.6,5.0,100.0,0.0,0.0,1,2.75,-3,0.0,80.0,Star Performer,0,0,1,1,3.72,91.52,6.4,654.19,0.0,100.0,100.0
850f4f8af5ea87287ac68de36e29107f,SP,toys,15,2017-04,2018-06,2018,6,4,1564.55,4.33,100.0,0.0,0.0,2,-0.4,-7,0.0,75.2,Stable,0,0,0,0,4.37,95.36,12.47,3231.32,1.1111111111111112,83.25,100.0
851773c885feb5e2da3b4f82bc2b17ce,SP,health_beauty,5,2018-02,2018-08,2018,8,1,113.33,5.0,100.0,0.0,0.0,1,1.33,-2,33.33,80.0,Star Performer,0,0,0,0,4.33,86.67,2.0,167.43,0.0,100.0,100.0
855668e0971d4dfd7bef1b6a4133b41b,SP,baby,16,2017-05,2018-08,2018,8,3,179.1,4.67,100.0,0.0,0.0,2,2.04,-8,9.09,77.67,Stable,0,0,1,1,3.75,87.69,19.5,2507.71,0.7407407407407408,91.75,100.0
8581055ce74af1daba164fdbd55a40de,SP,auto,16,2017-01,2018-04,2018,4,16,2680.54,4.47,94.12,0.0,12.5,1,0.86,-13,21.71,75.55,Stable,0,0,0,0,4.27,90.34,24.19,4746.18,5.555555555555555,86.75,94.12
85d9eb9ddc5d00ca9336a2219c97bb13,MG,computers_accessories,20,2017-01,2018-08,2018,8,31,1292.77,4.13,100.0,0.0,6.45,1,-0.24,-10,2.44,75.64,Stable,0,0,0,0,4.19,96.33,25.4,1207.41,11.11111111111111,78.25,100.0
8602a61d680a10a82cceeeda0d99ea3d,SP,fashion_bags_accessories,11,2017-08,2018-08,2018,8,1,50.35,5.0,100.0,0.0,0.0,1,0.0,-1,50.0,80.0,Star Performer,0,0,1,1,4.5,95.45,1.55,98.17,0.0,100.0,100.0
8629c241b3622ac12cd4118afdc8d394,SP,perfumery,5,2018-03,2018-07,2018,7,1,49.12,5.0,100.0,0.0,0.0,1,0.5,-5,0.0,80.0,Star Performer,0,0,0,0,3.85,80.0,2.6,300.4,0.0,100.0,100.0
863d2ebcd347ce4922de7a0f9a5581d6,RJ,auto,9,2017-07,2018-08,2018,8,2,204.16,4.0,50.0,0.0,0.0,1,0.0,1,-50.0,60.07,At-Risk,0,1,0,1,4.21,86.67,2.0,187.91,0.3703703703703704,75.0,50.0
8648b1e89e9b349e32d3741b30ec737e,SP,construction_tools_construction,12,2017-09,2018-08,2018,8,7,631.92,3.38,75.0,0.0,42.86,1,-1.62,2,-25.0,61.64,At-Risk,0,1,0,1,3.97,93.16,7.42,729.27,2.2222222222222223,59.5,75.0
86bb7c4b535e49a541baf3266b1c95b1,SP,toys,6,2017-09,2018-02,2018,2,1,364.69,5.0,100.0,0.0,0.0,1,2.25,-3,25.0,80.0,Star Performer,0,0,0,0,3.24,81.94,2.17,1187.88,0.0,100.0,100.0
86ccac0b835037332a596a33b6949ee1,SC,watches_gifts,17,2017-03,2018-07,2018,7,1,74.49,5.0,100.0,0.0,0.0,1,0.0,-1,0.0,80.0,Star Performer,0,0,1,1,4.09,97.67,10.59,1215.7,0.0,100.0,100.0
870d0118f7a9d85960f29ad89d5d989a,MG,furniture_living_room,16,2017-04,2018-08,2018,8,2,301.42,3.0,100.0,0.0,50.0,2,0.0,0,0.0,64.6,At-Risk,1,0,0,1,3.99,96.13,2.81,286.67,0.3703703703703704,50.0,100.0
87142160b41353c4e5fca2360caf6f92,RS,computers_accessories,19,2017-02,2018-08,2018,8,15,2136.93,3.95,78.95,0.0,20.0,3,-0.82,-7,-16.7,67.71,At-Risk,1,1,0,1,4.35,93.67,16.05,2036.39,5.185185185185185,73.75,78.95
87b740daf17b5d1be335a64164ec6842,SP,sports_leisure,8,2017-02,2018-03,2018,3,2,2280.41,2.5,100.0,0.0,50.0,1,-1.5,1,100.0,60.85,At-Risk,1,0,0,1,3.88,87.5,1.5,1847.7,0.3703703703703704,37.5,100.0
87d30a6a0cbf89356e49324971ab1d24,SP,toys,7,2017-12,2018-06,2018,6,3,305.89,5.0,100.0,0.0,0.0,1,0.0,1,0.0,80.15,Star Performer,0,0,0,0,4.45,97.14,2.43,335.7,0.7407407407407408,100.0,100.0
87d3c3aeb3ead335511b3ce315eb341e,SP,toys,3,2018-06,2018-08,2018,8,3,131.24,2.33,66.67,0.0,33.33,2,-0.67,-2,-33.33,51.47,Dormant,0,1,0,1,3.28,88.89,5.0,321.02,0.7407407407407408,33.25,66.67
88460e8ebdecbfecb5f9601833981930,PR,computers_accessories,9,2017-11,2018-08,2018,8,14,1521.35,3.88,87.5,0.0,28.57,1,-0.08,-25,-5.83,69.17,Stable,0,0,0,0,3.35,82.89,27.56,4170.12,4.814814814814815,72.0,87.5
888faa8bfb0b159c37de6d898b961c31,SC,sports_leisure,6,2017-08,2018-08,2018,8,6,1208.96,4.43,100.0,0.0,0.0,4,-0.24,3,0.0,76.1,Stable,0,0,0,0,3.8,100.0,3.17,490.83,1.8518518518518516,85.75,100.0
88cf19ec1fc2c58f161aee259d57142c,SP,small_appliances_home_oven_and_coffee,3,2018-05,2018-08,2018,8,6,629.67,4.5,100.0,0.0,0.0,1,-0.07,0,0.0,76.62,Stable,0,0,0,0,4.36,100.0,4.67,585.43,1.8518518518518516,87.5,100.0
891071be6ba827b591264c90c2ae8a63,SP,fashion_bags_accessories,14,2017-01,2018-08,2018,8,3,153.57,5.0,33.33,0.0,0.0,2,0.5,-5,-66.67,63.48,At-Risk,0,1,0,1,4.04,85.72,6.57,392.58,0.7407407407407408,100.0,33.33
8931a84a914b3fe9b1ddaa4d704947ca,SP,perfumery,15,2017-03,2018-07,2018,7,1,74.51,5.0,100.0,0.0,0.0,1,0.2,-4,0.0,80.0,Star Performer,0,0,0,0,4.11,91.11,1.93,339.53,0.0,100.0,100.0
897060da8b9a21f655304d50fd935913,SP,computers_accessories,16,2017-02,2018-06,2018,6,5,294.66,4.8,100.0,0.0,0.0,1,0.67,-3,0.0,78.8,Stable,0,0,1,1,3.68,91.38,18.81,1751.93,1.4814814814814816,95.0,100.0
89a51f50b8095ea78d5768f34c13a76f,DF,perfumery,4,2018-04,2018-07,2018,7,1,74.19,5.0,100.0,0.0,0.0,1,0.5,-1,0.0,80.0,Star Performer,0,0,1,1,4.74,100.0,2.5,213.56,0.0,100.0,100.0
89bc797e2e29667aa035d4368f9b7f92,SP,telephony,3,2017-01,2017-04,2017,4,1,44.42,4.0,0.0,0.0,0.0,1,0.4,-8,-77.78,47.5,Dormant,0,1,0,1,4.03,59.26,4.33,148.49,0.0,75.0,0.0
89f69225956f951295ca4c7fb1266553,RJ,toys,4,2018-05,2018-08,2018,8,4,401.77,4.75,75.0,0.0,0.0,4,-0.25,3,-25.0,72.1,Stable,0,1,0,1,4.48,93.75,2.75,329.68,1.1111111111111112,93.75,75.0
8a130737016f838139d31878787a39c9,SP,home_construction,8,2017-12,2018-07,2018,7,8,892.73,4.25,100.0,0.0,0.0,2,-0.75,5,0.0,74.89,Stable,0,0,0,0,4.44,94.09,7.0,633.04,2.5925925925925926,81.25,100.0
8a2d12a90e92f012ce5226fc6592b653,PR,housewares,9,2017-12,2018-08,2018,8,2,373.59,5.0,100.0,0.0,0.0,1,0.0,-1,0.0,80.07,Star Performer,0,0,0,0,4.41,100.0,2.0,230.19,0.3703703703703704,100.0,100.0
8a32e327fe2c1b3511609d81aaf9f042,SP,furniture_decor,13,2017-01,2018-02,2018,2,4,281.73,2.18,100.0,150.0,175.0,2,-1.02,-2,0.0,49.91,Dormant,1,0,1,1,3.66,95.01,10.08,677.4,1.1111111111111112,29.500000000000004,100.0
8a432f4e5b471f8da497d7dc517666e2,SP,bed_bath_table,5,2018-04,2018-08,2018,8,29,2950.62,4.42,100.0,0.0,6.9,2,0.75,12,0.0,77.66,Stable,0,0,0,0,4.2,92.72,19.0,1904.02,10.37037037037037,85.5,100.0
8a87611c08849ffeeccab52aa798b6c7,PR,garden_tools,3,2017-01,2017-03,2017,3,2,715.31,1.0,100.0,0.0,100.0,1,-3.5,-2,0.0,49.12,Dormant,0,0,0,0,2.54,100.0,4.33,951.71,0.3703703703703704,0.0,100.0
8ab42aa58097fd4668d60cc648225d5f,GO,bed_bath_table,10,2017-10,2018-08,2018,8,1,73.22,5.0,100.0,0.0,0.0,1,0.5,-3,0.0,80.0,Star Performer,0,0,0,0,4.33,100.0,2.0,321.04,0.0,100.0,100.0
8ae520247981aa06bc94abddf5f46d34,SC,watches_gifts,10,2017-11,2018-08,2018,8,8,1475.92,4.38,100.0,0.0,12.5,2,-0.29,2,0.0,75.75,Stable,0,0,0,0,4.47,98.57,6.5,1776.63,2.5925925925925926,84.5,100.0
8b2492b7ff4468839593fafeed55bad9,RJ,health_beauty,12,2017-08,2018-07,2018,7,4,902.31,4.83,100.0,0.0,0.0,1,2.5,2,0.0,78.95,Stable,0,0,0,0,3.92,86.11,2.42,361.36,1.1111111111111112,95.75,100.0
8b28d096634035667e8263d57ba3368c,SP,health_beauty,18,2017-02,2018-07,2018,7,5,324.79,4.83,100.0,0.0,0.0,2,1.33,3,0.0,79.02,Star Performer,0,0,0,0,3.97,85.48,7.94,664.84,1.4814814814814816,95.75,100.0
8b321bb669392f5163d04c59e235e066,SP,electronics,11,2017-10,2018-08,2018,8,8,503.73,4.1,90.0,0.0,0.0,4,0.02,-27,-7.3,71.27,Stable,0,0,1,1,4.04,91.81,85.73,2881.1,2.5925925925925926,77.49999999999999,90.0
8b8cfc8305aa441e4239358c9f6f2485,PR,cool_stuff,10,2017-01,2018-04,2018,4,1,866.36,5.0,100.0,0.0,0.0,1,3.0,0,0.0,80.0,Star Performer,0,0,0,0,4.12,95.0,1.5,1311.07,0.0,100.0,100.0
8b9d6eec4a7eb7d0f9d579ce0b38324d,RJ,furniture_living_room,4,2018-05,2018-08,2018,8,15,1663.57,3.4,73.33,0.0,33.33,2,-1.06,-8,-10.67,62.05,At-Risk,1,1,0,1,4.06,89.33,12.25,1479.24,5.185185185185185,60.0,73.33
8bb48dc19fccaa8613b6229bf7f452a2,SP,costruction_tools_garden,10,2017-10,2018-07,2018,7,5,249.26,4.8,100.0,0.0,0.0,2,0.36,-4,0.0,78.8,Stable,0,0,0,0,4.4,98.33,8.2,608.44,1.4814814814814816,95.0,100.0
8bd0f31cf0a614c658f6763bd02dea69,SP,furniture_decor,13,2017-01,2018-08,2018,8,2,599.85,5.0,100.0,0.0,0.0,2,0.0,1,0.0,80.07,Star Performer,0,0,0,0,4.34,98.08,2.54,417.18,0.3703703703703704,100.0,100.0
8bdd8e3fd58bafa48af76b2c5fd71974,SP,toys,5,2018-01,2018-08,2018,8,1,363.46,5.0,100.0,0.0,0.0,1,1.0,-3,0.0,80.0,Star Performer,0,0,0,0,4.75,95.0,2.2,503.11,0.0,100.0,100.0
8c16d1f32a54d92897cc437244442e1b,SC,computers_accessories,17,2017-02,2018-08,2018,8,3,329.04,5.0,100.0,0.0,0.0,2,0.0,0,0.0,80.15,Star Performer,0,0,0,0,4.21,96.08,6.18,446.77,0.7407407407407408,100.0,100.0
8ca1551acf9832a4cf467bbbac15851f,PR,furniture_decor,5,2018-02,2018-08,2018,8,1,222.03,4.0,100.0,0.0,0.0,1,-1.0,0,0.0,72.5,Stable,0,0,0,0,3.65,80.0,2.2,488.59,0.0,75.0,100.0
8cbac7e12637ed9cffa18c7875207478,SC,cool_stuff,18,2017-01,2018-08,2018,8,3,153.12,4.0,100.0,0.0,0.0,1,-1.0,0,0.0,72.65,Stable,0,0,0,0,4.19,96.69,3.72,258.58,0.7407407407407408,75.0,100.0
8cc6a0e5738e61a87b03c78b2ba9db4b,MG,stationery,3,2017-02,2017-04,2017,4,3,3963.79,3.0,75.0,0.0,33.33,3,-1.67,-6,-25.0,58.58,Dormant,1,1,1,1,3.89,87.96,7.33,3931.52,0.7407407407407408,50.0,75.0
8d46553a36e68f95350a200c12f8f2e2,SP,perfumery,4,2017-08,2018-03,2018,3,1,546.25,5.0,100.0,0.0,0.0,1,4.0,-2,0.0,80.0,Star Performer,0,0,0,0,3.46,100.0,3.25,242.4,0.0,100.0,100.0
8d79c8a04e42d722a75097ce5cbcf2ef,CE,food,11,2017-01,2018-03,2018,3,1,173.49,5.0,100.0,0.0,0.0,1,0.0,0,0.0,80.0,Star Performer,0,0,0,0,4.43,83.93,2.45,321.38,0.0,100.0,100.0
8d956fec2e4337affcb520f56fd8cbfd,SP,sports_leisure,11,2017-10,2018-08,2018,8,32,2096.0,4.47,73.53,0.0,6.25,7,0.16,5,-23.35,71.64,Stable,0,1,0,1,4.31,92.56,19.18,1307.96,11.481481481481481,86.75,73.53
8daab2245ebdc277c51098d01c5ad8ef,SP,costruction_tools_tools,5,2018-04,2018-08,2018,8,1,64.45,4.0,0.0,0.0,0.0,1,-1.0,0,-100.0,47.5,Dormant,1,1,1,1,4.58,80.0,3.2,377.73,0.0,75.0,0.0
8e2b3afb420011ef0c88c9d5f11ea526,SP,sports_leisure,2,2017-11,2018-01,2018,1,10,1381.73,4.3,100.0,0.0,10.0,2,0.3,9,100.0,75.32,Stable,0,0,0,0,4.15,50.0,5.5,766.22,3.3333333333333335,82.5,100.0
8e6cc767478edae941d9bd9eb778d77a,MG,housewares,14,2017-01,2018-06,2018,6,2,205.17,1.0,100.0,50.0,100.0,1,-4.0,1,0.0,46.62,Dormant,1,0,0,1,3.8,95.13,7.57,656.6,0.3703703703703704,0.0,100.0
8e6d7754bc7e0f22c96d255ebda59eba,SP,computers_accessories,5,2017-12,2018-08,2018,8,2,179.45,2.5,100.0,0.0,50.0,1,-0.65,-9,38.46,60.85,At-Risk,0,0,0,0,3.32,88.02,17.0,3297.98,0.3703703703703704,37.5,100.0
8e8a7ce9f2f970dc00e2acf6f6e199f6,RJ,computers_accessories,10,2017-11,2018-08,2018,8,10,1451.2,4.0,90.0,0.0,0.0,1,0.12,2,-10.0,70.67,Stable,0,0,0,0,4.1,92.32,6.5,1043.45,3.3333333333333335,75.0,90.0
8ed8ea9a57c862f2c18c2fe41f601d56,SC,cool_stuff,3,2018-04,2018-06,2018,6,1,277.7,4.0,100.0,0.0,0.0,1,-0.67,-11,0.0,72.5,Stable,0,0,0,0,4.28,100.0,6.33,1520.99,0.0,75.0,100.0
8f119a0aee85c0c8fc534629734e94fd,SP,toys,18,2017-01,2018-08,2018,8,1,32.43,5.0,0.0,0.0,0.0,1,0.2,-3,-100.0,55.0,Dormant,0,1,1,1,4.18,91.67,4.28,268.14,0.0,100.0,0.0
8f2ce03f928b567e3d56181ae20ae952,SP,sports_leisure,16,2017-04,2018-08,2018,8,9,1211.09,4.33,77.78,0.0,11.11,1,-0.45,-7,-22.22,69.91,Stable,0,0,0,0,4.2,86.06,9.56,1596.88,2.9629629629629632,83.25,77.78
8f54d64f28a993550aa7943f12572959,MG,health_beauty,9,2017-11,2018-08,2018,8,1,223.44,5.0,100.0,0.0,0.0,1,3.33,-2,0.0,80.0,Star Performer,0,0,0,0,3.96,94.44,1.67,348.12,0.0,100.0,100.0
8f78f0903005064036736c7173a5c2ed,MG,furniture_decor,10,2017-04,2018-07,2018,7,1,186.39,5.0,100.0,0.0,0.0,1,4.0,0,0.0,80.0,Star Performer,0,0,0,0,3.72,95.0,1.3,274.59,0.0,100.0,100.0
8fdca8e349553f99bc738833a62c8802,SP,electronics,7,2017-02,2017-08,2017,8,2,113.76,5.0,100.0,0.0,0.0,1,0.5,-4,0.0,80.07,Star Performer,0,0,0,0,3.74,96.43,3.0,178.63,0.3703703703703704,100.0,100.0
8ff1a9df749e454105c55cda13e79143,SP,housewares,6,2017-11,2018-06,2018,6,1,165.26,2.0,100.0,0.0,100.0,1,-2.0,-1,0.0,56.55,Dormant,1,0,0,1,3.56,100.0,2.17,279.64,0.0,25.0,100.0
900ba814c251a692506d7834c1218441,SP,health_beauty,14,2017-07,2018-08,2018,8,10,3549.03,4.5,80.0,0.0,0.0,1,-0.17,7,-20.0,71.92,Stable,0,0,0,0,4.23,87.78,6.29,2247.71,3.3333333333333335,87.5,80.0
903037660cf848a717166eb7a06d616e,SP,furniture_decor,16,2017-01,2018-08,2018,8,3,520.1,3.5,50.0,0.0,66.67,3,0.9,-5,-30.0,55.76,Dormant,0,1,0,1,3.82,88.12,2.81,567.71,0.7407407407407408,62.5,50.0
916748bc99315c2d202898ae58b1617e,SP,sports_leisure,10,2017-02,2017-11,2017,11,3,72.68,5.0,100.0,0.0,0.0,1,0.0,1,0.0,80.15,Star Performer,0,0,0,0,4.26,100.0,2.3,69.74,0.7407407407407408,100.0,100.0
916c9de0b5ad957346eeeb12f332687e,PR,health_beauty,10,2017-06,2018-07,2018,7,5,1624.47,4.38,100.0,0.0,0.0,1,-0.62,2,0.0,75.65,Stable,0,0,0,0,4.32,100.0,2.3,597.38,1.4814814814814816,84.5,100.0
91f0eec23d4a61d7d7caeefa3f0ad1ca,SC,auto,7,2017-02,2018-07,2018,7,1,251.26,5.0,100.0,0.0,0.0,1,4.0,0,100.0,80.0,Star Performer,0,0,1,1,3.5,71.43,1.57,363.61,0.0,100.0,100.0
91f848e9f4be368f4318775aac733370,SP,housewares,6,2017-03,2017-08,2017,8,1,131.17,4.32,100.0,0.0,0.0,1,0.0,-1,0.0,74.9,Stable,0,0,1,1,4.4,99.21,8.67,1101.81,0.0,83.0,100.0
921323538c9f1c4e816f2720eac02bea,SP,sports_leisure,6,2017-11,2018-08,2018,8,3,167.67,2.67,33.33,0.0,33.33,3,-2.08,-1,-66.67,45.69,Dormant,0,0,0,0,3.56,72.22,2.5,273.7,0.7407407407407408,41.75,33.33
92eb0f42c21942b6552362b9b114707d,SP,telephony,17,2017-02,2018-08,2018,8,24,718.01,4.23,88.46,0.0,0.0,2,0.61,12,-2.45,73.04,Stable,0,0,0,0,3.9,94.09,20.06,676.04,8.518518518518519,80.75000000000001,88.46
93b9a99027bd8bd6af682aff18dd19bf,SP,furniture_decor,12,2017-01,2018-06,2018,6,3,540.12,4.5,100.0,0.0,0.0,2,0.5,2,0.0,76.4,Stable,0,0,0,0,3.96,100.0,1.42,179.76,0.7407407407407408,87.5,100.0
93dc87703c046b603023e75222018b45,MG,watches_gifts,9,2017-11,2018-07,2018,7,3,1502.88,4.0,100.0,0.0,0.0,1,0.0,1,0.0,72.65,Stable,0,0,0,0,3.88,93.21,3.89,1022.92,0.7407407407407408,75.0,100.0
94144541854e298c2d976cb893b81343,RS,health_beauty,13,2017-02,2018-02,2018,2,2,97.0,3.0,100.0,0.0,50.0,1,-0.6,-3,0.0,64.6,At-Risk,0,0,0,0,3.81,87.61,5.23,1443.1,0.3703703703703704,50.0,100.0
9449f25aeaf531019b76999ea49a6949,RJ,health_beauty,5,2017-06,2018-04,2018,4,1,254.66,5.0,100.0,0.0,0.0,1,0.0,0,0.0,80.0,Star Performer,0,0,0,0,4.43,85.0,2.0,445.17,0.0,100.0,100.0
94e93ce877be27a515118dbfd2c2be41,SP,housewares,6,2017-04,2017-09,2017,9,1,96.19,4.0,100.0,0.0,0.0,1,-1.0,-1,0.0,72.5,Stable,0,0,0,0,4.1,100.0,4.83,1076.8,0.0,75.0,100.0
951e8cef368f09bb3f3d03c00ca4702c,SP,bed_bath_table,5,2018-04,2018-08,2018,8,13,1125.97,4.18,100.0,0.0,7.69,2,0.36,-7,18.18,74.67,Stable,0,0,0,0,4.15,93.29,12.8,1098.62,4.444444444444445,79.5,100.0
955fee9216a65b617aa5c0531780ce60,SP,furniture_decor,14,2017-07,2018-08,2018,8,67,8736.22,4.4,88.06,0.0,10.45,14,0.12,7,-9.0,77.3,Stable,0,0,0,0,4.09,92.8,91.93,11478.2,24.444444444444443,85.00000000000001,88.06
9596c870880d900012f2e8e6e30d06d7,MG,construction_tools_construction,11,2017-04,2018-08,2018,8,1,105.29,4.0,100.0,0.0,0.0,1,-1.0,0,0.0,72.5,Stable,0,0,0,0,4.23,98.18,2.0,965.03,0.0,75.0,100.0
95e03ca3d4146e4011985981aeb959b9,RJ,housewares,16,2017-05,2018-08,2018,8,2,165.3,5.0,100.0,0.0,0.0,2,0.67,0,0.0,80.07,Star Performer,0,0,1,1,4.03,98.22,10.94,898.33,0.3703703703703704,100.0,100.0
95ec4458365c4d11f452ccf538377619,SP,furniture_decor,7,2018-01,2018-08,2018,8,5,382.86,2.57,87.5,0.0,80.0,3,-2.31,-2,-12.5,58.18,Dormant,1,1,0,1,4.54,98.21,3.86,329.06,1.4814814814814816,39.24999999999999,87.5
95f83f51203c626648c875dd41874c7f,MG,furniture_decor,10,2017-11,2018-08,2018,8,5,401.24,4.4,100.0,0.0,0.0,2,0.65,1,25.0,75.8,Stable,0,0,0,0,3.3,93.89,5.2,492.25,1.4814814814814816,85.00000000000001,100.0
960945e1a9535cbc0cd6ddd35fbe7ae8,SP,construction_tools_construction,4,2018-05,2018-08,2018,8,8,1153.3,4.56,100.0,0.0,0.0,2,-0.32,0,0.0,77.22,Stable,0,0,0,0,4.72,100.0,7.0,965.38,2.5925925925925926,88.99999999999999,100.0
9616352088dcf83a7c06637f4ebf1c80,PR,sports_leisure,13,2017-02,2018-08,2018,8,3,186.11,3.67,100.0,0.0,0.0,1,-0.33,0,0.0,70.17,Stable,0,0,0,0,3.86,100.0,7.08,582.1,0.7407407407407408,66.75,100.0
9646c3513289980f17226a2fc4720dbd,SP,computers_accessories,19,2017-01,2018-08,2018,8,1,33.34,1.0,100.0,100.0,100.0,1,-4.0,0,0.0,44.05,Dormant,1,0,0,1,4.35,98.42,3.63,216.92,0.0,0.0,100.0
96493fab2fbb13a14d0c0e8772eef5c3,SP,computers_accessories,16,2017-02,2018-06,2018,6,1,453.92,5.0,100.0,0.0,0.0,1,1.33,-2,0.0,80.0,Star Performer,0,0,1,1,4.13,94.24,3.94,1261.33,0.0,100.0,100.0
966cb4760537b1404caedd472cc610a5,SP,watches_gifts,6,2018-03,2018-08,2018,8,3,1893.17,4.0,100.0,0.0,0.0,1,-0.41,-14,5.88,72.65,Stable,0,0,1,1,3.89,96.94,12.5,8924.74,0.7407407407407408,75.0,100.0
9674754b5a0cb32b638cec001178f799,SP,small_appliances,15,2017-06,2018-08,2018,8,2,82.54,5.0,100.0,0.0,0.0,2,0.4,-2,0.0,80.07,Star Performer,0,0,0,0,4.05,98.33,5.73,427.14,0.3703703703703704,100.0,100.0
96804ea39d96eb908e7c3afdb671bb9e,MG,sports_leisure,14,2017-02,2018-04,2018,4,3,61.31,3.33,100.0,0.0,33.33,1,-1.67,0,0.0,67.31,At-Risk,0,0,0,0,4.05,96.43,2.71,311.84,0.7407407407407408,58.25,100.0
968268a686aa05d1f529fb07dff08130,SP,stationery,7,2018-01,2018-08,2018,8,2,275.92,4.5,100.0,0.0,0.0,1,-0.5,0,0.0,76.32,Stable,0,0,0,0,3.57,100.0,1.71,697.26,0.3703703703703704,87.5,100.0
972d0f9cf61b499a4812cf0bfa3ad3c4,SC,bed_bath_table,11,2017-10,2018-08,2018,8,3,283.07,1.33,100.0,0.0,100.0,1,-1.67,-1,25.0,51.67,Dormant,1,0,0,1,2.82,90.45,7.55,930.96,0.7407407407407408,8.250000000000002,100.0
973f21788dfab357250f69a8dcb7ddee,MG,sports_leisure,8,2017-01,2018-06,2018,6,1,136.62,1.0,100.0,200.0,200.0,1,0.0,-2,0.0,38.1,Dormant,0,0,0,0,2.25,62.5,1.25,180.71,0.0,0.0,100.0
974cf2cb8f4b7add98709c30df02fe10,SP,computers_accessories,11,2017-10,2018-08,2018,8,4,413.64,4.75,100.0,0.0,0.0,1,1.25,2,0.0,78.35,Stable,0,0,0,0,4.02,90.91,3.0,323.61,1.1111111111111112,93.75,100.0
97512d3fc193b2d1dfcdba0f9d1f0f8a,SP,computers_accessories,6,2018-03,2018-08,2018,8,3,697.43,4.67,100.0,0.0,0.0,1,1.67,1,0.0,77.67,Stable,0,0,0,0,4.28,94.44,2.0,300.07,0.7407407407407408,91.75,100.0
977f9f63dd360c2a32ece2f93ad6d306,SP,baby,11,2017-09,2018-08,2018,8,3,340.55,4.0,100.0,0.0,33.33,1,-0.33,0,0.0,72.33,Stable,0,0,0,0,3.46,85.61,2.18,344.9,0.7407407407407408,75.0,100.0
9803a40e82e45418ab7fb84091af5231,GO,computers_accessories,4,2018-05,2018-08,2018,8,1,328.69,5.0,100.0,0.0,0.0,1,0.8,-3,0.0,80.0,Star Performer,0,0,1,1,3.68,100.0,2.75,1197.84,0.0,100.0,100.0
980640c45d7a4635885491d077167e4d,SP,fashion_bags_accessories,2,2018-07,2018-08,2018,8,11,1081.21,4.73,90.91,0.0,0.0,3,0.4,8,-9.09,76.44,Stable,0,0,0,0,4.53,95.46,7.0,623.33,3.7037037037037033,93.25000000000001,90.91
985c92cc412091f8529c12d7f23d3fef,MG,health_beauty,3,2018-05,2018-08,2018,8,3,295.6,4.67,66.67,0.0,0.0,1,0.34,0,-33.33,69.34,Stable,0,1,0,1,4.67,88.89,4.0,535.54,0.7407407407407408,91.75,66.67
989becdce12ebc39863c2bceab6f3ca1,PR,sports_leisure,9,2017-07,2018-07,2018,7,3,417.18,5.0,66.67,0.0,0.0,3,0.0,2,-33.33,71.82,Stable,0,1,0,1,4.7,92.59,1.89,970.32,0.7407407407407408,100.0,66.67
98dac6635aee4995d501a3972e047414,SP,housewares,16,2017-04,2018-08,2018,8,3,231.9,5.0,83.33,0.0,0.0,1,3.25,0,-16.67,75.98,Stable,0,1,0,1,4.0,96.4,5.69,417.21,0.7407407407407408,100.0,83.33
99002261c568a84cce14d43fcffb43ea,MT,baby,10,2017-10,2018-08,2018,8,2,276.47,5.0,100.0,0.0,0.0,1,2.0,-2,0.0,80.07,Star Performer,0,0,0,0,4.03,93.75,3.6,518.83,0.3703703703703704,100.0,100.0
9906e7aa42a3c067b7c9a564d01c4320,PR,sports_leisure,7,2018-02,2018-08,2018,8,1,184.83,4.0,100.0,0.0,0.0,1,1.4,-1,0.0,72.5,Stable,0,0,0,0,4.42,80.95,1.71,445.09,0.0,75.0,100.0
994f04b3718c2bab35c2adfa8afecd2a,SP,housewares,10,2017-11,2018-08,2018,8,1,130.85,5.0,100.0,100.0,0.0,1,2.0,-1,0.0,75.0,Stable,0,0,1,1,4.2,94.57,4.9,422.12,0.0,100.0,100.0
99a54764c341d5dc80b4a8fac4eba3fb,SP,housewares,5,2018-04,2018-08,2018,8,8,330.13,3.89,66.67,0.0,12.5,2,1.33,-4,-16.66,63.74,At-Risk,0,0,0,0,3.54,79.92,9.0,1005.25,2.5925925925925926,72.25,66.67
99eaacc9e6046db1c82b163c5f84869f,SP,telephony,10,2017-03,2018-02,2018,2,1,307.79,1.0,0.0,0.0,100.0,1,-1.5,-1,-100.0,24.05,Dormant,1,1,1,1,3.47,81.67,5.2,1164.14,0.0,0.0,0.0
9a84ba99f5367fdbd4598363496f1ea2,GO,sports_leisure,9,2017-03,2018-07,2018,7,1,745.69,5.0,100.0,0.0,0.0,1,1.0,0,0.0,80.0,Star Performer,0,0,0,0,3.61,100.0,1.78,314.21,0.0,100.0,100.0
9add47bf45ce8e8c7db6b9cf670b1e09,PR,furniture_decor,14,2017-02,2018-08,2018,8,3,426.64,5.0,100.0,0.0,0.0,2,0.67,0,0.0,80.15,Star Performer,0,0,0,0,4.28,98.57,3.07,427.66,0.7407407407407408,100.0,100.0
9b00ed88b7fdb95d6ff76e27c1b52d16,SP,sports_leisure,12,2017-08,2018-08,2018,8,1,67.68,1.0,100.0,100.0,100.0,1,-4.0,0,0.0,44.05,Dormant,1,0,0,1,4.18,95.28,3.92,183.61,0.0,0.0,100.0
9b013e03b2ab786505a1d3b5c0756754,SP,health_beauty,11,2017-10,2018-08,2018,8,23,1405.32,4.11,96.3,0.0,17.39,4,-0.29,13,-3.7,73.86,Stable,0,0,0,0,3.87,94.26,15.82,1057.42,8.148148148148149,77.75000000000001,96.3
9baf5cb77970f539089d09a38bcec5c3,SP,housewares,18,2017-01,2018-08,2018,8,1,122.05,1.0,100.0,0.0,100.0,1,-4.0,-1,0.0,49.05,Dormant,1,0,1,1,4.35,100.0,1.72,350.34,0.0,0.0,100.0
9bcdfa7b615b3abb9461d9e3ad9886ae,SC,sports_leisure,9,2017-01,2018-04,2018,4,1,393.07,2.0,0.0,0.0,100.0,1,-3.0,-1,-100.0,31.55,Dormant,1,1,0,1,4.24,88.89,1.56,280.42,0.0,25.0,0.0
9c068d10aca38e85c50202e17b4a7e88,MS,auto,6,2017-10,2018-07,2018,7,1,191.89,1.0,0.0,0.0,100.0,1,-3.5,-1,-50.0,24.05,Dormant,1,1,0,1,3.83,71.67,2.83,518.14,0.0,0.0,0.0
9c0e69c7bf2619675bbadf47b43f655a,SP,computers_accessories,13,2017-05,2018-06,2018,6,1,78.76,1.0,100.0,100.0,100.0,1,-4.0,0,0.0,44.05,Dormant,1,0,0,1,3.61,82.22,12.08,2880.27,0.0,0.0,100.0
9c690ceacd5c66731bf443ea810195cb,MG,garden_tools,7,2017-08,2018-08,2018,8,1,125.08,5.0,100.0,0.0,0.0,1,0.0,0,0.0,80.0,Star Performer,0,0,0,0,4.48,100.0,1.43,160.15,0.0,100.0,100.0
9d39404483343dd55c7ae254494d8388,SP,telephony,6,2017-11,2018-04,2018,4,3,131.52,1.67,66.67,0.0,66.67,1,-3.33,2,-33.33,46.21,Dormant,1,1,0,1,4.03,94.44,1.67,72.38,0.7407407407407408,16.75,66.67
9d4db00d65d7760644ac0c14edb5fd86,SP,toys,9,2017-12,2018-08,2018,8,3,268.6,4.5,66.67,0.0,0.0,1,-0.21,-4,-33.33,68.07,Stable,0,1,0,1,4.53,94.11,10.89,1279.2,0.7407407407407408,87.5,66.67
9d5604a1f112324ad6b2aa552122e0fb,SP,home_construction,7,2017-11,2018-08,2018,8,1,54.04,1.0,100.0,0.0,100.0,1,-2.0,-2,0.0,49.05,Dormant,1,0,0,1,3.17,100.0,1.86,108.85,0.0,0.0,100.0
9d5a9018aee56acb367ba9c3f05d1d6a,GO,baby,12,2017-03,2018-03,2018,3,1,128.13,1.0,100.0,0.0,100.0,1,-3.0,-2,0.0,49.05,Dormant,1,0,1,1,4.02,99.58,5.58,998.52,0.0,0.0,100.0
9d681c7e12db302cb261e721040dde65,PR,sports_leisure,4,2018-05,2018-08,2018,8,2,131.27,5.0,100.0,0.0,0.0,1,0.0,-2,0.0,80.07,Star Performer,0,0,1,1,4.94,100.0,3.25,264.67,0.3703703703703704,100.0,100.0
9d7a1d34a5052409006425275ba1c2b4,SP,stationery,6,2017-07,2018-08,2018,8,3,73.15,4.33,100.0,0.0,0.0,2,0.33,1,0.0,75.12,Stable,0,0,0,0,4.19,94.44,2.17,221.98,0.7407407407407408,83.25,100.0
9dd59e43f0c9f0553244e8f9c2fb247e,PR,perfumery,4,2017-10,2018-01,2018,1,3,147.18,5.0,66.67,0.0,0.0,1,0.0,0,-33.33,71.82,Stable,0,1,0,1,4.75,91.67,2.5,127.03,0.7407407407407408,100.0,66.67
9dda5bbacd45e18d6485fee649205d09,MG,furniture_decor,13,2017-03,2018-08,2018,8,2,338.26,3.0,100.0,0.0,50.0,1,-1.0,1,0.0,64.6,At-Risk,1,0,0,1,4.23,89.74,1.46,186.1,0.3703703703703704,50.0,100.0
9de4643a8dbde634fe55621059d92273,SC,housewares,14,2017-01,2018-02,2018,2,6,1641.39,4.71,71.43,0.0,0.0,1,-0.04,2,-28.57,71.05,Stable,0,1,0,1,4.55,93.32,5.14,1377.32,1.8518518518518516,92.75,71.43
9df5750209b83567ec144eb299d7d634,RS,garden_tools,7,2017-04,2018-07,2018,7,1,1013.81,4.0,100.0,0.0,0.0,1,-1.0,0,0.0,72.5,Stable,0,0,0,0,3.81,85.71,1.43,652.11,0.0,75.0,100.0
9e6229250fedbe05838fef417b74e7fb,SP,baby,10,2017-09,2018-08,2018,8,14,2503.71,3.36,100.0,0.0,28.57,3,-0.77,-2,6.25,68.39,Stable,1,0,0,1,4.23,95.52,7.4,1498.67,4.814814814814815,59.0,100.0
9f50216bfd01913736a55a11b55ea842,SP,computers_accessories,3,2018-06,2018-08,2018,8,6,471.9,3.83,83.33,0.0,16.67,4,-0.87,-3,13.33,67.27,At-Risk,1,0,0,1,4.51,84.44,5.67,557.03,1.8518518518518516,70.75,83.33
9f505651f4a6abe901a56cdc21508025,SP,computers_accessories,11,2017-10,2018-08,2018,8,70,5844.34,4.75,94.67,0.0,1.43,5,0.41,8,-0.64,81.89,Star Performer,0,0,0,0,4.27,95.56,36.09,2952.02,25.555555555555554,93.75,94.67
a0415d9b25ede3c4b1e477e9916ffc03,RJ,watches_gifts,5,2017-04,2018-01,2018,1,2,2052.97,4.5,100.0,0.0,0.0,1,-0.5,1,0.0,76.32,Stable,0,0,0,0,4.1,100.0,2.0,849.6,0.3703703703703704,87.5,100.0
a066df7361163e7ddc5d7452dd17448b,SP,telephony,6,2017-12,2018-05,2018,5,1,38.13,5.0,100.0,0.0,0.0,1,0.0,0,0.0,80.0,Star Performer,0,0,0,0,4.63,90.48,2.5,224.1,0.0,100.0,100.0
a1043bafd471dff536d0c462352beb48,MG,garden_tools,19,2017-02,2018-08,2018,8,25,4168.4,4.52,100.0,0.0,0.0,2,-0.15,-2,3.33,78.18,Stable,0,0,0,0,4.19,95.1,37.79,7039.22,8.88888888888889,87.99999999999999,100.0
a13580f0e8f782b7a543885a0ef99f08,RJ,perfumery,4,2017-08,2018-05,2018,5,1,147.13,5.0,100.0,0.0,0.0,1,0.83,-5,0.0,80.0,Star Performer,0,0,0,0,4.67,75.0,2.5,390.92,0.0,100.0,100.0
a1474fd46fd3430168f7ec202da39408,SP,auto,6,2017-02,2017-10,2017,10,4,1005.23,4.75,100.0,0.0,0.0,1,-0.25,3,0.0,78.35,Stable,0,0,0,0,4.06,75.0,2.0,568.92,1.1111111111111112,93.75,100.0
a17f621c590ea0fab3d5d883e1630ec6,SP,sports_leisure,14,2017-03,2018-04,2018,4,2,136.37,4.5,100.0,0.0,0.0,1,3.5,0,50.0,76.32,Stable,0,0,0,0,3.71,90.56,4.64,278.68,0.3703703703703704,87.5,100.0
a23266650e7c84bb93fbbba502137478,RS,garden_tools,5,2017-08,2017-12,2017,12,3,372.09,3.8,100.0,0.0,0.0,2,1.47,1,0.0,71.15,Stable,0,0,0,0,3.45,100.0,2.2,358.29,0.7407407407407408,70.0,100.0
a2b5b6105ea5942300631d2e76f4ffe0,SP,toys,4,2018-05,2018-08,2018,8,5,1057.6,4.8,60.0,0.0,0.0,2,0.09,-2,-40.0,68.8,Stable,0,1,0,1,4.8,90.0,4.0,1002.34,1.4814814814814816,95.0,60.0
a2deecd5398f5df4987110c80a1972a3,SP,home_appliances,5,2018-04,2018-08,2018,8,4,338.59,3.0,100.0,50.0,50.0,2,-1.0,1,0.0,62.25,At-Risk,1,0,0,1,3.87,100.0,3.2,233.9,1.1111111111111112,50.0,100.0
a2e874074c877c5a05abae80ad6e488f,SP,housewares,13,2017-03,2018-08,2018,8,9,910.3,4.7,100.0,0.0,0.0,1,-0.3,6,0.0,78.34,Stable,0,0,0,0,4.13,96.34,3.38,713.45,2.9629629629629632,92.5,100.0
a2fa0bdc798ee84cdb08281337cf4fb6,SC,books_general_interest,7,2017-03,2018-03,2018,3,1,37.05,1.0,100.0,0.0,100.0,1,-4.0,0,0.0,49.05,Dormant,1,0,0,1,4.0,100.0,1.43,87.29,0.0,0.0,100.0
a369d693961cb93b61ca2cc518872a85,SP,home_construction,8,2017-11,2018-07,2018,7,1,349.16,5.0,100.0,0.0,0.0,1,0.0,0,0.0,80.0,Star Performer,0,0,0,0,3.66,100.0,1.38,401.72,0.0,100.0,100.0
a36b125ac6d5fdbc7f50de85c9157bdc,SP,sports_leisure,13,2017-02,2018-08,2018,8,1,57.97,2.0,100.0,0.0,100.0,1,-1.5,-1,50.0,56.55,Dormant,1,0,1,1,3.85,91.03,1.77,167.05,0.0,25.0,100.0
a3a38f4affed601eb87a97788c949667,SC,toys,20,2017-01,2018-08,2018,8,8,1456.32,5.0,100.0,0.0,0.0,3,2.0,6,0.0,80.52,Star Performer,0,0,0,0,4.45,96.0,12.6,1572.25,2.5925925925925926,100.0,100.0
a3dd39f583bc80bd8c5901c95878921e,BA,food_drink,8,2017-08,2018-04,2018,4,2,201.53,5.0,100.0,0.0,0.0,1,0.0,1,0.0,80.07,Star Performer,0,0,0,0,4.72,98.96,4.25,685.66,0.3703703703703704,100.0,100.0
a3e9a2c700480d9bb01fba070ba80a0e,SP,bed_bath_table,16,2017-05,2018-08,2018,8,7,801.44,4.43,100.0,0.0,14.29,1,-0.12,-1,0.0,76.03,Stable,0,0,0,0,4.1,91.21,8.12,1047.2,2.2222222222222223,85.75,100.0
a3f0b55de503387383c7b1de3ad7f678,PR,fashion_bags_accessories,7,2017-09,2018-05,2018,5,10,1574.58,4.4,100.0,0.0,0.0,2,0.4,6,20.0,76.17,Stable,0,0,0,0,4.49,97.14,3.43,796.82,3.3333333333333335,85.00000000000001,100.0
a416b6a846a11724393025641d4edd5e,SP,health_beauty,20,2017-01,2018-08,2018,8,9,1543.1,4.33,87.5,11.11,11.11,1,0.47,2,4.17,71.78,Stable,0,0,0,0,4.18,89.56,8.1,1433.53,2.9629629629629632,83.25,87.5
a420f60ff1aa9acc80d0e42959f2b313,SP,baby,13,2017-08,2018-08,2018,8,2,103.82,2.5,100.0,0.0,50.0,2,-1.63,-6,12.5,60.85,At-Risk,1,0,0,1,4.04,94.66,5.15,657.17,0.3703703703703704,37.5,100.0
a425f92c199eb576938df686728acd20,PR,furniture_decor,7,2017-10,2018-07,2018,7,3,237.37,5.0,100.0,0.0,0.0,3,0.0,1,0.0,80.15,Star Performer,0,0,0,0,4.52,100.0,2.29,199.96,0.7407407407407408,100.0,100.0
a44fb5a447105f8469bdf16bf9159f25,RS,sports_leisure,8,2017-11,2018-08,2018,8,2,525.35,5.0,50.0,0.0,0.0,1,2.0,1,-50.0,67.57,At-Risk,0,0,0,0,4.15,70.0,2.38,536.59,0.3703703703703704,100.0,50.0
a49928bcdf77c55c6d6e05e09a9b4ca5,SP,toys,12,2017-06,2018-05,2018,5,4,433.02,2.75,25.0,0.0,50.0,1,1.25,2,25.0,44.12,Dormant,0,0,0,0,2.66,60.94,8.17,881.19,1.1111111111111112,43.75,25.0
a5a1bfcf728ab0e19182959cf0771ee4,SP,food,7,2018-01,2018-08,2018,8,4,439.35,4.5,75.0,0.0,0.0,2,-0.5,2,-25.0,70.22,Stable,0,1,0,1,4.3,91.67,3.0,308.69,1.1111111111111112,87.5,75.0
a5cba26a62b8b4d0145b68b841e62e7f,PR,health_beauty,13,2017-07,2018-08,2018,8,3,845.47,4.67,100.0,0.0,0.0,2,0.0,-3,0.0,77.67,Stable,0,0,0,0,4.67,99.41,4.15,1240.05,0.7407407407407408,91.75,100.0
a673821011d0cec28146ea42f5ab767f,SP,bed_bath_table,19,2017-02,2018-08,2018,8,9,1084.87,4.78,88.89,0.0,0.0,2,2.78,8,-11.11,76.17,Stable,0,0,0,0,3.89,90.2,6.79,882.5,2.9629629629629632,94.5,88.89
a6bd7d1ccdac48c6b33b28596b7eb122,PB,watches_gifts,9,2017-06,2018-07,2018,7,1,697.23,1.0,100.0,0.0,100.0,1,-4.0,-1,0.0,49.05,Dormant,1,0,0,1,3.11,85.19,1.78,1671.85,0.0,0.0,100.0
a6fe7de3d16f6149ffe280349a8535a0,SP,fashion_underwear_beach,14,2017-07,2018-08,2018,8,1,72.98,1.0,100.0,0.0,100.0,1,-2.0,-1,0.0,49.05,Dormant,1,0,1,1,3.76,84.29,3.64,260.53,0.0,0.0,100.0
a7f13822ceb966b076af67121f87b063,SP,office_furniture,4,2017-02,2017-05,2017,5,6,1076.63,2.43,71.43,0.0,66.67,3,-1.22,-14,-24.22,53.32,Dormant,1,1,1,1,3.38,90.77,17.25,3597.4,1.8518518518518516,35.75000000000001,71.43
a8739afb32aaa45e01815ca76f76f54b,SP,electronics,2,2018-06,2018-08,2018,8,5,212.46,2.83,83.33,0.0,60.0,1,-1.06,-3,-16.67,59.28,At-Risk,0,0,0,0,3.36,91.66,6.5,281.78,1.4814814814814816,45.75,83.33
a888faf2d1baececa6baf9c3d603ee1f,PR,perfumery,14,2017-01,2018-05,2018,5,1,274.58,4.0,100.0,0.0,0.0,1,0.0,-3,25.0,72.5,Stable,0,0,0,0,4.05,88.21,3.86,1349.09,0.0,75.0,100.0
a938325a4b357fd23a6a4d5bb126408e,RJ,auto,10,2017-09,2018-08,2018,8,2,368.29,4.5,100.0,0.0,0.0,1,1.17,-1,0.0,76.32,Stable,0,0,0,0,4.11,95.0,2.4,379.18,0.3703703703703704,87.5,100.0
aac29b1b99776be73c3049939652091d,MG,cool_stuff,19,2017-01,2018-08,2018,8,2,94.66,2.33,100.0,0.0,100.0,2,-1.67,1,0.0,59.1,At-Risk,1,0,0,1,4.12,93.44,5.16,504.83,0.3703703703703704,33.25,100.0
aac51c486b672a9850d59f3e84b1cf88,SP,food,1,2018-08,2018-08,2018,8,10,859.57,4.77,100.0,0.0,0.0,3,0.0,0,0.0,78.94,Stable,0,0,0,0,4.77,100.0,10.0,859.57,3.3333333333333335,94.24999999999999,100.0
aae3bfea055532c57fb453ed3ec80b30,SP,market_place,13,2017-01,2018-05,2018,5,1,193.7,1.0,100.0,0.0,100.0,1,-2.0,-1,0.0,49.05,Dormant,1,0,1,1,3.4,100.0,3.69,296.71,0.0,0.0,100.0
aaed1309374718fdd995ee4c58c9dfcd,SC,sports_leisure,20,2017-01,2018-08,2018,8,1,250.91,4.0,100.0,0.0,0.0,1,-1.0,-1,0.0,72.5,Stable,0,0,1,1,4.21,98.37,5.2,581.39,0.0,75.0,100.0
aafe36600ce604f205b86b5084d3d767,SC,baby,19,2017-02,2018-08,2018,8,4,304.73,2.75,100.0,0.0,50.0,3,-1.5,-3,0.0,62.87,At-Risk,1,0,0,1,4.41,96.19,6.79,614.38,1.1111111111111112,43.75,100.0
aba1721a889e04decc910aa13b768ef4,SP,stationery,19,2017-02,2018-08,2018,8,5,894.42,4.83,50.0,0.0,0.0,1,0.33,0,-33.33,66.52,At-Risk,0,1,0,1,4.5,91.28,4.37,808.02,1.4814814814814816,95.75,50.0
abc015ebac1d283a323ca9db35ede4b9,SP,air_conditioning,8,2017-02,2017-12,2017,12,1,217.96,4.0,100.0,0.0,0.0,1,-1.0,0,0.0,72.5,Stable,0,0,0,0,4.19,100.0,1.5,166.21,0.0,75.0,100.0
abcd2cb37d46c2c8fb1bf071c859fc5b,MT,health_beauty,15,2017-05,2018-08,2018,8,1,354.26,5.0,100.0,0.0,0.0,1,0.0,0,0.0,80.0,Star Performer,0,0,0,0,4.35,98.72,3.0,413.37,0.0,100.0,100.0
abe42c5d03695b4257b5c6cbf4e6784e,RJ,health_beauty,13,2017-08,2018-08,2018,8,1,346.4,1.0,0.0,0.0,100.0,1,-4.0,-1,-100.0,24.05,Dormant,1,1,1,1,3.87,81.02,3.85,1396.79,0.0,0.0,0.0
ac3508719a1d8f5b7614b798f70af136,RS,toys,16,2017-05,2018-08,2018,8,2,308.89,5.0,0.0,0.0,0.0,1,0.0,1,-100.0,55.07,Dormant,0,1,0,1,4.55,93.36,6.44,987.01,0.3703703703703704,100.0,0.0
acadd4d36859671cb635527c6c977533,SP,garden_tools,7,2017-12,2018-08,2018,8,1,880.8,4.0,100.0,0.0,0.0,1,-1.0,0,0.0,72.5,Stable,0,0,0,0,4.44,91.67,1.71,378.13,0.0,75.0,100.0
acb6c2ca5c82411c1fdb88d5fd5eb95e,SP,sports_leisure,6,2017-02,2018-08,2018,8,1,41.16,5.0,100.0,0.0,0.0,1,2.5,-1,0.0,80.0,Star Performer,0,0,0,0,3.58,100.0,1.67,95.92,0.0,100.0,100.0
acce39e832338debb07b02385cde5967,MG,stationery,4,2018-05,2018-08,2018,8,23,3265.26,4.35,100.0,0.0,8.7,2,-0.18,6,0.0,76.67,Stable,1,0,0,1,4.72,100.0,11.0,1480.92,8.148148148148149,83.74999999999999,100.0
aced59e9b31ef866a94f9e7f29d8d418,SP,housewares,19,2017-02,2018-08,2018,8,4,320.93,5.0,25.0,0.0,0.0,1,0.0,2,-75.0,61.47,At-Risk,0,1,0,1,4.51,91.67,3.21,440.39,1.1111111111111112,100.0,25.0
ad273c9eb54ecb4532de4bf75bae9e4e,PR,housewares,9,2017-03,2018-08,2018,8,1,107.42,5.0,100.0,0.0,0.0,1,0.0,0,0.0,80.0,Star Performer,0,0,0,0,4.06,100.0,1.11,92.19,0.0,100.0,100.0
ad420dd0c4f92f8af951ac24b86d0cf5,MG,health_beauty,13,2017-04,2018-08,2018,8,2,504.78,3.67,100.0,0.0,50.0,1,-0.66,-2,0.0,69.62,Stable,0,0,0,0,3.82,83.33,3.23,432.18,0.3703703703703704,66.75,100.0
ad781527c93d00d89a11eecd9dcad7c1,SP,baby,10,2017-07,2018-05,2018,5,6,1119.19,1.83,100.0,16.67,66.67,1,-3.17,2,0.0,55.13,Dormant,0,0,0,0,3.1,85.28,4.4,927.93,1.8518518518518516,20.75,100.0
ad97a199236354e53fcd91a5a913e9a2,SC,small_appliances,8,2017-11,2018-07,2018,7,2,2086.51,4.33,100.0,0.0,0.0,2,0.33,1,0.0,75.05,Stable,0,0,0,0,4.6,92.71,2.12,1759.34,0.3703703703703704,83.25,100.0
adbc26658d6c7b4b6219f9d934598091,PR,baby,13,2017-08,2018-08,2018,8,4,587.46,3.75,75.0,0.0,25.0,2,-0.92,1,-25.0,64.36,At-Risk,0,1,0,1,4.2,89.23,6.77,1053.25,1.1111111111111112,68.75,75.0
adcf50477d6a1f5d91bb9d54c4903cb5,MG,sports_leisure,6,2017-02,2018-06,2018,6,2,290.37,4.5,100.0,0.0,0.0,2,1.1,-2,66.67,76.32,Stable,0,0,0,0,3.25,83.33,3.17,370.63,0.3703703703703704,87.5,100.0
ade45994b717ccee333492330fbf037b,PR,telephony,3,2018-06,2018-08,2018,8,2,1205.13,4.5,100.0,0.0,0.0,1,0.0,0,0.0,76.32,Stable,0,0,0,0,4.5,100.0,3.33,2493.21,0.3703703703703704,87.5,100.0
af3ef48d0e13835e529c29ac573c63e5,SP,pet_shop,4,2018-05,2018-08,2018,8,5,401.1,2.8,80.0,0.0,40.0,1,-1.2,1,-20.0,58.42,Dormant,1,1,0,1,3.79,95.0,5.25,468.28,1.4814814814814816,44.99999999999999,80.0
af4a0e4cfe1d9c26b6712b1be25a72e5,MG,computers_accessories,7,2017-08,2018-03,2018,3,5,2059.23,3.4,80.0,0.0,40.0,1,-0.27,3,-20.0,62.92,At-Risk,0,1,0,1,3.56,93.57,2.86,1289.62,1.4814814814814816,60.0,80.0
afa6714acee029b2dfdf357e5579cc03,SP,toys,9,2017-01,2018-08,2018,8,2,896.59,5.0,100.0,0.0,0.0,2,0.5,0,0.0,80.07,Star Performer,0,0,0,0,4.06,77.78,1.67,385.41,0.3703703703703704,100.0,100.0
afe0067131b73e40875c9b6c10bd2e21,MG,perfumery,13,2017-02,2018-06,2018,6,1,172.25,5.0,100.0,0.0,0.0,1,1.0,0,0.0,80.0,Star Performer,0,0,0,0,4.13,95.9,3.54,481.22,0.0,100.0,100.0
b080809eaacb49e5ca07290981472431,MG,books_general_interest,7,2017-02,2018-05,2018,5,1,62.06,5.0,100.0,0.0,0.0,1,0.0,-2,0.0,80.0,Star Performer,0,0,0,0,4.71,100.0,1.57,81.06,0.0,100.0,100.0
b0b346d3a89f5eb4c2968af3f083cd43,SP,drinks,7,2017-11,2018-08,2018,8,1,104.37,5.0,100.0,0.0,0.0,1,0.0,0,0.0,80.0,Star Performer,0,0,1,1,3.5,57.14,1.57,118.09,0.0,100.0,100.0
b127efdabeffb5d559349c7b172eb75d,SP,fashion_bags_accessories,5,2017-01,2017-05,2017,5,4,158.67,5.0,100.0,0.0,0.0,1,2.0,3,100.0,80.22,Star Performer,0,0,0,0,4.6,80.0,2.0,84.25,1.1111111111111112,100.0,100.0
b14db04aa7881970e83ffa9426897925,SP,furniture_decor,19,2017-01,2018-08,2018,8,3,192.58,4.0,100.0,0.0,0.0,1,-0.5,1,0.0,72.65,Stable,0,0,0,0,3.81,89.48,4.21,412.47,0.7407407407407408,75.0,100.0
b16d3dadc47d4eb18be3d88bad0775ce,RS,sports_leisure,4,2018-05,2018-08,2018,8,1,53.72,5.0,0.0,0.0,0.0,1,1.2,-4,-100.0,55.0,Dormant,0,1,0,1,4.45,75.0,2.5,225.14,0.0,100.0,0.0
b17b679f4f5ce2e03ce6968c62648246,SP,health_beauty,12,2017-01,2018-05,2018,5,2,235.96,4.5,100.0,0.0,0.0,1,2.9,-2,40.0,76.32,Stable,0,0,0,0,3.53,80.56,4.0,381.89,0.3703703703703704,87.5,100.0
b18dc380845b24038cfc48006478f099,SP,health_beauty,10,2017-10,2018-08,2018,8,1,232.45,5.0,0.0,0.0,0.0,1,0.5,-3,-100.0,55.0,Dormant,0,1,0,1,3.97,82.23,4.4,924.89,0.0,100.0,0.0
b19f3ca2ea475913750f25a5c37c8d8f,MG,housewares,9,2017-10,2018-08,2018,8,3,579.75,3.0,100.0,0.0,33.33,1,-1.6,-2,0.0,64.83,At-Risk,0,0,0,0,2.51,55.56,2.67,838.84,0.7407407407407408,50.0,100.0
b1a81260566c1bac3114a6d124413f27,RS,luggage_accessories,6,2018-03,2018-08,2018,8,8,1394.44,4.0,100.0,0.0,25.0,4,-0.89,-1,11.11,72.78,Stable,0,0,0,0,4.24,98.15,8.5,1708.37,2.5925925925925926,75.0,100.0
b1aaae6b66ad3c40f54b389d7ea4bee0,SP,fashion_underwear_beach,5,2017-01,2017-05,2017,5,4,666.6,4.6,100.0,0.0,0.0,2,-0.4,3,0.0,77.22,Stable,0,0,0,0,4.32,100.0,3.0,313.85,1.1111111111111112,89.99999999999999,100.0
b1ac6ea7895bc3dd6f0f6f4abbdd2821,RS,sports_leisure,11,2017-03,2018-01,2018,1,1,151.32,1.0,100.0,0.0,200.0,1,-3.0,0,0.0,48.1,Dormant,1,0,1,1,3.9,100.0,3.64,360.39,0.0,0.0,100.0
b1b3948701c5c72445495bd161b83a4c,SP,auto,3,2017-06,2017-08,2017,8,5,2030.09,1.8,100.0,20.0,80.0,1,0.8,3,100.0,54.53,Dormant,0,0,0,0,1.54,43.33,6.0,8395.16,1.4814814814814816,20.0,100.0
b1fc4f64df5a0e8b6913ab38803c57a9,RJ,watches_gifts,15,2017-05,2018-08,2018,8,3,447.88,2.0,100.0,0.0,100.0,1,-2.5,-1,0.0,56.7,Dormant,1,0,0,1,3.82,90.12,7.13,676.07,0.7407407407407408,25.0,100.0
b1fecf4da1fa2689bccffa0121953643,MS,health_beauty,4,2017-01,2017-05,2017,5,7,1365.79,5.0,100.0,0.0,0.0,1,0.2,2,0.0,80.44,Star Performer,0,0,0,0,4.95,100.0,4.25,929.97,2.2222222222222223,100.0,100.0
b2479f944e1b90cf8a5de1bbfde284d6,SP,bed_bath_table,8,2018-01,2018-08,2018,8,9,643.83,4.55,100.0,0.0,0.0,1,0.3,2,0.0,77.22,Stable,0,0,0,0,3.61,90.5,12.88,902.35,2.9629629629629632,88.75,100.0
b2a6d334e2833acea353624840e25a0e,SP,small_appliances,6,2017-08,2018-06,2018,6,1,38.19,5.0,100.0,0.0,0.0,1,0.2,-4,0.0,80.0,Star Performer,0,0,1,1,4.3,100.0,4.17,339.76,0.0,100.0,100.0
b2ac621f0d0322434d04a12b078b9369,PR,health_beauty,11,2017-08,2018-08,2018,8,6,2931.74,4.83,100.0,0.0,0.0,1,-0.17,5,0.0,79.1,Star Performer,0,0,0,0,4.25,85.61,2.73,941.54,1.8518518518518516,95.75,100.0
b2ba3715d723d245138f291a6fe42594,SP,stationery,20,2017-01,2018-08,2018,8,6,497.73,4.0,83.33,0.0,16.67,4,0.87,-2,-16.67,68.54,Stable,0,1,0,1,4.08,92.93,16.8,2900.49,1.8518518518518516,75.0,83.33
b2c97074649f92197d9387d9033dda5f,SP,health_beauty,5,2018-04,2018-08,2018,8,4,319.47,5.0,100.0,0.0,0.0,2,0.5,2,0.0,80.22,Star Performer,0,0,0,0,4.57,80.0,2.0,192.82,1.1111111111111112,100.0,100.0
b32be1695eb7ec5f10f72d9610a12527,RS,kitchen_dining_laundry_garden_furniture,10,2017-11,2018-08,2018,8,3,1866.98,3.67,100.0,0.0,33.33,3,0.67,1,0.0,69.86,Stable,0,0,0,0,3.87,95.83,4.5,2983.1,0.7407407407407408,66.75,100.0
b335c59ab742f751a85db9c411a86739,MG,housewares,8,2017-01,2017-12,2017,12,2,455.4,1.67,100.0,0.0,100.0,1,-1.83,0,0.0,54.15,Dormant,1,0,0,1,3.36,87.5,2.88,298.69,0.3703703703703704,16.75,100.0
b33aaadd1a8891d2dfef0c4c3bdf0371,SP,housewares,6,2018-01,2018-06,2018,6,3,413.92,2.5,100.0,0.0,66.67,1,-2.5,0,0.0,60.76,At-Risk,1,0,0,1,4.06,90.28,2.67,310.51,0.7407407407407408,37.5,100.0
b33e7c55446eabf8fe1a42d037ac7d6d,SP,watches_gifts,11,2017-10,2018-08,2018,8,1,148.91,5.0,100.0,0.0,0.0,1,0.75,-3,0.0,80.0,Star Performer,0,0,0,0,4.14,90.92,13.82,4337.29,0.0,100.0,100.0
b347677812ea483b0f528eaf8cbc09b7,PR,housewares,8,2017-11,2018-06,2018,6,2,1014.81,5.0,100.0,0.0,0.0,1,1.0,0,0.0,80.07,Star Performer,0,0,0,0,4.52,100.0,2.5,991.24,0.3703703703703704,100.0,100.0
b372ee768ed69e46ca8cdbd267aa7a38,SP,fashion_bags_accessories,15,2017-03,2018-08,2018,8,1,68.05,4.0,100.0,0.0,0.0,1,-0.43,-6,0.0,72.5,Stable,0,0,1,1,4.24,100.0,4.2,924.05,0.0,75.0,100.0
b39d7fe263ef469605dbb32608aee0af,SP,bed_bath_table,10,2017-09,2018-08,2018,8,12,1804.08,4.57,100.0,0.0,0.0,1,0.57,8,0.0,77.59,Stable,0,0,0,0,3.63,85.0,4.4,625.58,4.074074074074074,89.25,100.0
b410bdd36d5db7a65dcd42b7ead933b8,GO,housewares,8,2018-01,2018-08,2018,8,5,952.12,4.8,100.0,0.0,0.0,1,-0.2,0,0.0,78.8,Stable,0,0,0,0,4.52,99.11,5.5,1091.7,1.4814814814814816,95.0,100.0
b494891378bd8f4560abe576c52deacd,SP,health_beauty,3,2018-06,2018-08,2018,8,14,2187.54,4.6,100.0,0.0,7.14,3,-0.07,9,40.0,77.89,Stable,0,0,0,0,4.76,86.67,6.67,1090.27,4.814814814814815,89.99999999999999,100.0
b499c00f28f4b7069ff6550af8c1348a,SP,furniture_decor,15,2017-01,2018-08,2018,8,14,1146.13,4.4,80.0,0.0,0.0,5,-0.16,5,-20.0,71.46,Stable,0,0,0,0,3.87,84.26,10.07,860.94,4.814814814814815,85.00000000000001,80.0
b4a476fbd28de64b1e347abf9089366a,SP,electronics,13,2017-03,2018-06,2018,6,1,48.31,4.0,100.0,0.0,0.0,1,1.0,-1,0.0,72.5,Stable,0,0,0,0,3.9,96.25,2.54,518.15,0.0,75.0,100.0
b4f8921fcc4ff77b66bea6dda43dcd51,RS,bed_bath_table,3,2018-05,2018-08,2018,8,6,4909.95,5.0,83.33,0.0,0.0,1,0.62,-5,-16.67,76.2,Stable,0,1,0,1,4.79,94.44,6.0,4287.8,1.8518518518518516,100.0,83.33
b4ffb71f0cb1b1c3d63fad021ecf93e1,SP,auto,17,2017-02,2018-08,2018,8,10,872.95,4.18,90.91,0.0,20.0,1,-0.73,0,-9.09,72.05,Stable,0,1,0,1,4.21,97.5,8.47,552.42,3.3333333333333335,79.5,90.91
b55638ad525e906c698fa2ce742c1742,SC,pet_shop,6,2017-11,2018-08,2018,8,1,356.76,3.0,0.0,0.0,0.0,1,-2.0,0,-100.0,40.0,Dormant,1,1,0,1,4.08,77.78,1.83,230.95,0.0,50.0,0.0
b561927807645834b59ef0d16ba55a24,SP,stationery,8,2018-01,2018-08,2018,8,17,1181.2,4.53,84.21,0.0,11.76,4,0.24,2,1.86,73.6,Stable,0,0,0,0,3.92,75.61,10.62,725.88,5.9259259259259265,88.25,84.21
b56906f7fd1696e043f1bcce164c487b,SP,health_beauty,16,2017-02,2018-08,2018,8,1,57.11,5.0,100.0,0.0,0.0,1,0.0,0,0.0,80.0,Star Performer,0,0,0,0,4.27,97.86,2.38,171.33,0.0,100.0,100.0
b5abf4f36adc043117b4fca82c22984c,DF,bed_bath_table,8,2017-04,2018-08,2018,8,2,136.53,3.5,100.0,0.0,0.0,1,2.5,0,0.0,68.82,Stable,0,0,0,0,2.31,75.0,1.38,191.47,0.3703703703703704,62.5,100.0
b5e3e38609125694d2ea2417522a60b7,SC,sports_leisure,5,2017-04,2017-09,2017,9,3,286.15,4.0,33.33,0.0,0.0,1,-0.83,-2,-50.0,55.98,Dormant,0,1,0,1,4.33,83.33,2.8,208.84,0.7407407407407408,75.0,33.33
b64d51f0435e884e8de603b1655155ae,SP,housewares,4,2018-04,2018-08,2018,8,6,201.25,4.83,66.67,0.0,0.0,1,1.03,3,-33.33,70.76,Stable,0,1,0,1,4.28,91.67,3.25,143.88,1.8518518518518516,95.75,66.67
b6d44737c043328708f6749c2dbe50bd,SP,housewares,15,2017-03,2018-08,2018,8,3,390.52,4.5,75.0,0.0,0.0,1,-0.39,-1,-25.0,70.15,Stable,0,1,0,1,4.51,95.99,4.13,462.35,0.7407407407407408,87.5,75.0
b6dc74ed30f124f95227bed4e43a3bed,PR,sports_leisure,9,2017-01,2017-12,2017,12,1,100.35,4.0,100.0,0.0,0.0,1,-1.0,-1,50.0,72.5,Stable,0,0,0,0,3.78,94.44,1.22,88.11,0.0,75.0,100.0
b74d1c09cb380e1d03a6f859c6f4224b,RJ,housewares,6,2018-02,2018-07,2018,7,1,68.62,3.0,100.0,0.0,0.0,1,-2.0,0,0.0,65.0,At-Risk,1,0,0,1,4.28,95.56,3.5,338.66,0.0,50.0,100.0
b76dba6c951ab00dc4edf0a1aa88037e,SP,telephony,19,2017-01,2018-08,2018,8,11,451.01,2.73,81.82,0.0,54.55,2,-1.27,7,6.82,58.65,Dormant,1,1,0,1,4.12,96.38,8.37,256.94,3.7037037037037033,43.25,81.82
b839e41795b7f3ad94cc2014a52f6796,SP,construction_tools_construction,6,2018-03,2018-08,2018,8,4,7820.89,5.0,100.0,0.0,0.0,2,0.0,3,0.0,80.22,Star Performer,0,0,0,0,4.23,95.83,5.5,7291.66,1.1111111111111112,100.0,100.0
b83cedfb587e7911540e3f576d6917ce,SP,health_beauty,11,2017-06,2018-05,2018,5,1,78.14,5.0,100.0,0.0,0.0,1,1.0,0,0.0,80.0,Star Performer,0,0,0,0,4.18,86.36,2.18,233.52,0.0,100.0,100.0
b8555308bfdb4ca1ed54325a58da9a97,SP,office_furniture,9,2017-12,2018-08,2018,8,4,499.77,3.75,100.0,0.0,25.0,1,0.25,2,0.0,70.61,Stable,0,0,0,0,4.09,92.59,2.89,403.34,1.1111111111111112,68.75,100.0
b8630e1121437d41cb08e3c749c2c2e2,RJ,musical_instruments,7,2017-11,2018-08,2018,8,1,37.54,5.0,0.0,0.0,0.0,1,0.0,-1,-100.0,55.0,Dormant,0,1,0,1,3.86,71.43,1.71,1047.73,0.0,100.0,0.0
b8bc237ba3788b23da09c0f1f3a3288c,SC,housewares,11,2017-08,2018-06,2018,6,3,1232.35,4.33,100.0,0.0,0.0,1,0.13,-2,0.0,75.12,Stable,0,0,0,0,4.14,99.09,4.09,1420.11,0.7407407407407408,83.25,100.0
b90e891671cffd9557f33a97dc523645,PR,health_beauty,12,2017-08,2018-08,2018,8,3,490.2,5.0,100.0,0.0,0.0,2,0.0,1,0.0,80.15,Star Performer,0,0,0,0,4.03,100.0,2.83,423.44,0.7407407407407408,100.0,100.0
b92e3c8f9738272ff7c59e111e108d7c,MG,furniture_decor,19,2017-01,2018-08,2018,8,1,320.04,5.0,100.0,0.0,0.0,1,0.0,0,0.0,80.0,Star Performer,0,0,1,1,4.32,97.89,3.21,558.59,0.0,100.0,100.0
b94cc9f10ddc85e4ba73a6f7974e7101,RJ,toys,5,2017-11,2018-06,2018,6,1,828.65,1.0,0.0,0.0,100.0,1,-3.0,-3,-100.0,24.05,Dormant,1,1,0,1,3.71,75.8,7.8,5273.7,0.0,0.0,0.0
b9a03475e6447e631b6799ec8274800f,PR,christmas_supplies,5,2017-11,2018-07,2018,7,2,474.94,4.33,100.0,0.0,0.0,2,1.33,0,0.0,75.05,Stable,0,0,0,0,4.3,100.0,2.0,328.82,0.3703703703703704,83.25,100.0
b9ca8e8baa5d4aa038394a700f63e69f,SP,bed_bath_table,5,2018-04,2018-08,2018,8,3,221.15,4.0,100.0,0.0,0.0,2,-1.0,1,0.0,72.65,Stable,0,0,0,0,4.28,95.0,2.8,335.59,0.7407407407407408,75.0,100.0
ba143b05f0110f0dc71ad71b4466ce92,SP,books_technical,5,2018-04,2018-08,2018,8,8,783.77,4.75,62.5,0.0,0.0,1,0.4,-10,-31.25,69.27,Stable,0,1,0,1,4.54,87.06,17.0,1490.72,2.5925925925925926,93.75,62.5
ba5daa4041e1f15cdf34b76e3e18a450,SP,toys,7,2018-02,2018-08,2018,8,1,83.04,5.0,100.0,0.0,0.0,1,0.0,0,0.0,80.0,Star Performer,0,0,0,0,4.45,100.0,2.14,137.05,0.0,100.0,100.0
ba90964cff9b9e0e6f32b23b82465f7b,SP,small_appliances_home_oven_and_coffee,7,2018-02,2018-08,2018,8,1,312.11,5.0,100.0,0.0,0.0,1,2.0,0,0.0,80.0,Star Performer,0,0,0,0,4.46,97.14,5.0,6048.27,0.0,100.0,100.0
bacb1f0ed56ad24198f5810d2b3fe9a5,SP,toys,9,2017-04,2018-01,2018,1,1,201.65,5.0,100.0,0.0,0.0,1,0.0,0,0.0,80.0,Star Performer,0,0,0,0,4.0,98.99,4.67,870.38,0.0,100.0,100.0
bb135baca94c82fcb731335ad5b04a03,SP,furniture_decor,12,2017-01,2018-08,2018,8,1,52.58,5.0,100.0,0.0,0.0,1,0.0,0,0.0,80.0,Star Performer,0,0,0,0,3.37,100.0,1.5,126.89,0.0,100.0,100.0
bb5bd94c8f59cc050072d2930c869cac,SP,fashion_bags_accessories,11,2017-02,2018-06,2018,6,1,368.06,5.0,100.0,0.0,0.0,1,0.0,0,0.0,80.0,Star Performer,0,0,0,0,4.43,90.91,1.45,264.7,0.0,100.0,100.0
bb7a14e229b1c95156719c3d9552eeee,RJ,small_appliances,5,2017-10,2018-04,2018,4,1,269.29,1.0,0.0,0.0,100.0,1,-1.5,-1,-100.0,24.05,Dormant,1,1,0,1,3.7,80.0,2.2,703.89,0.0,0.0,0.0
bba3293d6f5d5af2f415e004e8b93ae3,SP,health_beauty,7,2017-09,2018-06,2018,6,1,681.82,4.0,100.0,0.0,0.0,1,-1.0,-1,0.0,72.5,Stable,0,0,0,0,4.04,85.71,2.43,1718.4,0.0,75.0,100.0
bba74270a87732727b5a3b4fd9ac1c39,MG,sports_leisure,8,2017-10,2018-05,2018,5,1,137.31,3.0,100.0,0.0,0.0,1,0.0,-1,0.0,65.0,At-Risk,0,0,1,1,3.72,100.0,4.38,832.93,0.0,50.0,100.0
bbad7e518d7af88a0897397ffdca1979,SP,baby,15,2017-06,2018-08,2018,8,1,66.43,1.0,100.0,0.0,100.0,1,-1.5,-5,58.33,49.05,Dormant,1,0,1,1,2.95,78.11,4.6,386.69,0.0,0.0,100.0
bbaff50f3b708fda865918715276cd87,SP,food_drink,10,2017-03,2018-08,2018,8,1,167.2,5.0,100.0,0.0,0.0,1,0.0,0,0.0,80.0,Star Performer,0,0,0,0,4.7,90.0,1.2,65.18,0.0,100.0,100.0
bbf9ad41dca6603e614efcdad7aab8c4,CE,health_beauty,10,2017-02,2018-06,2018,6,1,632.23,1.0,100.0,0.0,100.0,1,-4.0,0,0.0,49.05,Dormant,1,0,0,1,4.42,100.0,1.4,862.23,0.0,0.0,100.0
bc07d855eac23aab5ac8a120f21d16b2,SP,health_beauty,5,2018-03,2018-08,2018,8,1,145.94,5.0,100.0,0.0,0.0,1,0.0,-1,0.0,80.0,Star Performer,0,0,1,1,4.43,86.67,2.4,299.24,0.0,100.0,100.0
bc2ac6b95e1accce9858528ee566c17e,SP,books_imported,8,2017-08,2018-05,2018,5,1,251.43,5.0,100.0,0.0,0.0,1,0.0,-2,0.0,80.0,Star Performer,0,0,0,0,4.76,100.0,2.25,284.94,0.0,100.0,100.0
bc302730ea8cf49b5c74f579febb5bbf,SP,telephony,8,2017-08,2018-08,2018,8,1,29.4,3.0,100.0,0.0,0.0,1,1.0,0,0.0,65.0,At-Risk,0,0,0,0,3.6,93.75,1.38,366.27,0.0,50.0,100.0
bc47d5d1490df2b36add65d733eafaba,SP,sports_leisure,8,2018-01,2018-08,2018,8,2,181.4,3.0,100.0,0.0,50.0,1,1.0,0,0.0,64.6,At-Risk,0,0,0,0,3.44,93.75,3.0,177.49,0.3703703703703704,50.0,100.0
bccf933e006e9b94a6184af782963e77,SP,health_beauty,9,2017-10,2018-08,2018,8,3,410.21,4.67,100.0,0.0,0.0,1,-0.33,2,0.0,77.67,Stable,0,0,0,0,4.58,97.78,5.0,560.8,0.7407407407407408,91.75,100.0
bce6a5ecf98e99fd2a8868b15c51f04b,SP,watches_gifts,3,2018-06,2018-08,2018,8,5,791.79,3.67,50.0,0.0,40.0,1,-1.16,-1,-50.0,57.44,Dormant,0,1,0,1,4.06,83.33,4.67,1235.5,1.4814814814814816,66.75,50.0
bd0389da23d89b726abf911cccc54596,DF,computers_accessories,16,2017-03,2018-08,2018,8,3,424.9,4.67,100.0,0.0,0.0,2,1.17,1,50.0,77.67,Stable,0,0,0,0,4.27,91.65,5.44,570.53,0.7407407407407408,91.75,100.0
bd15ee794d5e640d9dd71b665b2ab15b,SP,sports_leisure,6,2018-03,2018-08,2018,8,1,41.16,4.0,100.0,0.0,0.0,1,-1.0,0,0.0,72.5,Stable,0,0,0,0,4.07,83.33,2.0,99.02,0.0,75.0,100.0
bd1d49a326abfa9b1036772e40445430,SP,health_beauty,6,2017-11,2018-06,2018,6,2,110.6,5.0,100.0,0.0,0.0,1,0.0,-1,0.0,80.07,Star Performer,0,0,0,0,3.79,95.83,2.0,137.7,0.3703703703703704,100.0,100.0
bd23da7354813347129d751591d1a6e2,SP,furniture_decor,14,2017-07,2018-08,2018,8,2,648.32,5.0,100.0,0.0,0.0,1,0.0,1,0.0,80.07,Star Performer,0,0,0,0,4.16,96.1,6.36,865.86,0.3703703703703704,100.0,100.0
bd4889b5e9133b35b66e42a8665cea5c,SP,furniture_decor,14,2017-04,2018-07,2018,7,4,590.87,4.67,100.0,0.0,0.0,1,0.42,0,0.0,77.75,Stable,0,0,0,0,4.29,100.0,2.57,518.32,1.1111111111111112,91.75,100.0
bd697db56ff8e7c9cd1abeb7f72029b2,SP,auto,12,2017-02,2018-08,2018,8,2,197.64,3.0,100.0,0.0,50.0,1,-1.67,-1,0.0,64.6,At-Risk,0,0,0,0,3.9,100.0,1.83,284.6,0.3703703703703704,50.0,100.0
be8e909810184b9b19e886129149d8e5,SP,computers_accessories,7,2017-10,2018-05,2018,5,1,27.7,5.0,100.0,0.0,0.0,1,0.0,-1,0.0,80.0,Star Performer,0,0,1,1,4.05,85.71,2.14,120.87,0.0,100.0,100.0
beadbee30901a7f61d031b6b686095ad,SP,health_beauty,4,2018-05,2018-08,2018,8,7,825.13,4.75,100.0,0.0,0.0,2,2.17,-12,73.68,78.57,Stable,0,0,0,0,4.18,80.33,16.0,1327.88,2.2222222222222223,93.75,100.0
bf00385a5f7fc1ef39a13c2e9ee50a5f,SP,electronics,2,2018-07,2018-08,2018,8,13,598.14,4.77,100.0,0.0,0.0,5,0.83,-3,0.0,79.16,Star Performer,0,0,0,0,4.35,100.0,14.5,606.52,4.444444444444445,94.24999999999999,100.0
bf100ecb7997df312b285358fb32f92c,PR,cool_stuff,10,2017-01,2018-02,2018,2,1,45.0,5.0,100.0,0.0,0.0,1,0.0,-1,0.0,80.0,Star Performer,0,0,0,0,4.62,100.0,2.0,233.7,0.0,100.0,100.0
bf3c6d2a28b2b5501e6c15448982dcc9,SP,baby,10,2017-05,2018-05,2018,5,1,203.16,4.0,100.0,0.0,0.0,1,2.0,0,0.0,72.5,Stable,0,0,0,0,4.38,98.57,3.5,464.81,0.0,75.0,100.0
bf84056e679dbe9c69929847a40e338f,SP,health_beauty,3,2018-02,2018-04,2018,4,13,939.86,3.79,100.0,0.0,7.69,1,1.19,9,20.0,71.74,Stable,0,0,0,0,3.45,90.16,12.0,825.77,4.444444444444445,69.75,100.0
bfd27a966d91cfaafdb25d076585f0da,SP,toys,18,2017-02,2018-07,2018,7,2,415.83,4.5,100.0,0.0,0.0,2,-0.3,-3,0.0,76.32,Stable,0,0,0,0,4.4,94.67,6.5,1258.06,0.3703703703703704,87.5,100.0
c003204e1ab016dfa150abc119207b24,SP,auto,11,2017-10,2018-08,2018,8,37,5406.05,4.54,94.59,0.0,2.7,2,-0.09,19,-0.15,77.84,Stable,0,0,0,0,4.4,93.38,17.91,2713.72,13.333333333333334,88.5,94.59
c013e57c075a06e5b5c48ee03c525719,SP,pet_shop,7,2018-02,2018-08,2018,8,7,444.73,4.43,100.0,0.0,0.0,1,0.43,1,0.0,76.17,Stable,0,0,0,0,4.34,93.57,6.0,404.09,2.2222222222222223,85.75,100.0
c0563dd588b775f2e37747ef6ad6c92c,SP,cool_stuff,15,2017-02,2018-08,2018,8,1,158.98,4.0,100.0,0.0,0.0,1,-1.0,0,0.0,72.5,Stable,0,0,0,0,4.38,93.33,1.87,272.98,0.0,75.0,100.0
c12b92bf1c350f3e6bf88d3596219c86,SP,auto,4,2018-05,2018-08,2018,8,1,184.68,4.0,100.0,0.0,0.0,1,-1.0,-1,0.0,72.5,Stable,0,0,0,0,4.0,97.5,4.25,1313.21,0.0,75.0,100.0
c26a2be5b53b7db6b276280da212a779,RJ,office_furniture,9,2017-08,2018-08,2018,8,1,445.59,5.0,100.0,0.0,0.0,1,4.0,0,0.0,80.0,Star Performer,0,0,0,0,3.19,100.0,1.44,920.98,0.0,100.0,100.0
c273175f7c6c80fb02f051e2fc6d0d72,SP,auto,4,2017-01,2017-07,2017,7,1,174.33,4.0,100.0,0.0,0.0,1,0.33,-5,16.67,72.5,Stable,0,0,0,0,3.46,95.83,3.5,360.86,0.0,75.0,100.0
c2d70ce2c5d0a2eb75e78668236e6dc8,SP,housewares,7,2017-09,2018-08,2018,8,3,985.17,5.0,100.0,0.0,0.0,1,0.0,2,0.0,80.15,Star Performer,0,0,0,0,4.5,100.0,1.86,385.7,0.7407407407407408,100.0,100.0
c31eff8334d6b3047ed34bebd4d62c36,SP,art,9,2017-11,2018-08,2018,8,11,994.83,3.91,54.55,0.0,18.18,1,0.24,-7,-34.34,61.03,At-Risk,0,0,0,0,3.82,77.83,13.56,1731.78,3.7037037037037033,72.75,54.55
c33847515fa6305ce6feb1e818569f13,SC,bed_bath_table,4,2018-05,2018-08,2018,8,33,5622.78,3.38,86.49,0.0,42.42,1,-1.07,1,-10.48,66.44,At-Risk,0,1,0,1,3.92,95.86,28.5,4973.56,11.851851851851853,59.5,86.49
c35672b10ad50968f567ea3f4b91e877,RJ,health_beauty,9,2017-08,2018-08,2018,8,1,88.28,5.0,100.0,0.0,0.0,1,0.0,0,0.0,80.0,Star Performer,0,0,0,0,4.71,97.78,2.0,168.37,0.0,100.0,100.0
c37b2059d4f90d4feead554e5246565e,SP,furniture_decor,7,2017-11,2018-07,2018,7,1,86.25,5.0,100.0,0.0,0.0,1,4.0,0,0.0,80.0,Star Performer,0,0,1,1,3.29,73.81,1.71,151.61,0.0,100.0,100.0
c3867b4666c7d76867627c2f7fb22e21,SP,sports_leisure,16,2017-03,2018-07,2018,7,2,540.97,2.0,50.0,0.0,50.0,1,-2.13,-5,-50.0,44.6,Dormant,1,1,1,1,4.01,90.27,15.31,2647.48,0.3703703703703704,25.0,50.0
c3acdfac4e3e97ff87529454fbc03642,SP,watches_gifts,6,2018-03,2018-08,2018,8,2,3142.94,4.5,100.0,0.0,0.0,1,0.0,-2,0.0,76.32,Stable,0,0,0,0,4.17,91.67,2.0,2842.88,0.3703703703703704,87.5,100.0
c3cfdc648177fdbbbb35635a37472c53,PR,sports_leisure,20,2017-01,2018-08,2018,8,16,2622.91,4.25,100.0,0.0,18.75,1,-0.42,7,0.0,75.31,Stable,0,0,0,0,4.31,97.77,13.9,2509.53,5.555555555555555,81.25,100.0
c3e1abd72a42fe690fcd89cf5720fe29,SP,pet_shop,4,2018-05,2018-08,2018,8,1,138.14,3.0,100.0,0.0,0.0,1,-2.0,-3,0.0,65.0,At-Risk,1,0,1,1,4.29,100.0,3.25,491.9,0.0,50.0,100.0
c4d51195486dc781531876a7d00453d8,SP,telephony,4,2018-03,2018-06,2018,6,4,2147.21,4.0,100.0,0.0,0.0,1,0.12,-4,62.5,72.72,Stable,0,0,0,0,3.97,84.38,4.25,3009.59,1.1111111111111112,75.0,100.0
c4fabeea6e569d42d02993bb1f4f1cbc,CE,baby,7,2018-01,2018-08,2018,8,1,130.77,4.0,100.0,0.0,0.0,1,-1.0,0,0.0,72.5,Stable,0,0,0,0,3.88,92.86,1.57,162.36,0.0,75.0,100.0
c4fb51fb1c5b7c07bc5e67be6e7e8f6e,PR,housewares,10,2017-07,2018-08,2018,8,1,368.66,4.0,100.0,0.0,0.0,1,-1.0,0,0.0,72.5,Stable,0,0,0,0,3.72,90.0,1.5,212.66,0.0,75.0,100.0
c510bc1718f0f2961eaa42a23330681a,SP,baby,4,2018-04,2018-08,2018,8,4,545.83,3.75,100.0,0.0,25.0,1,-1.25,3,0.0,70.61,Stable,0,0,0,0,4.36,100.0,3.25,3302.97,1.1111111111111112,68.75,100.0
c5f7e746b7e6d07def6c0dae9903279b,PR,pet_shop,4,2018-04,2018-08,2018,8,4,657.7,4.6,100.0,0.0,0.0,1,0.1,2,0.0,77.22,Stable,0,0,0,0,4.53,100.0,2.5,414.73,1.1111111111111112,89.99999999999999,100.0
c5f7feb04a6a1fb3596322bfc3cf1917,SP,furniture_decor,3,2018-06,2018-08,2018,8,5,853.44,4.2,100.0,0.0,20.0,1,0.0,0,20.0,74.11,Stable,0,0,0,0,4.47,93.33,3.67,686.15,1.4814814814814816,80.0,100.0
c60b801f2d52c7f7f91de00870882a75,SP,watches_gifts,8,2018-01,2018-08,2018,8,4,790.58,2.5,50.0,0.0,25.0,2,-1.5,-3,-35.71,48.73,Dormant,1,1,0,1,3.27,81.55,5.12,1706.61,1.1111111111111112,37.5,50.0
c6381d2d013342748761e906d45aff76,RS,housewares,9,2017-10,2018-07,2018,7,1,741.31,1.0,100.0,0.0,700.0,1,-3.5,-1,0.0,43.33,Dormant,1,0,0,1,3.69,100.0,1.67,290.47,0.0,0.0,100.0
c66dccfb3f109511246da627dd5a2498,SP,watches_gifts,8,2018-01,2018-08,2018,8,8,2617.87,5.0,100.0,0.0,0.0,1,0.6,3,0.0,80.52,Star Performer,0,0,0,0,4.46,94.05,5.62,1710.28,2.5925925925925926,100.0,100.0
c679fb69a36e1d8349e8c50a217b4d58,RS,housewares,2,2018-07,2018-08,2018,8,10,1195.54,3.25,76.92,0.0,50.0,2,-1.25,6,-23.08,61.3,At-Risk,0,0,0,0,3.88,88.46,7.0,1106.94,3.3333333333333335,56.25,76.92
c68fb906c8f4b4b946d8386bfa6e5467,SP,housewares,16,2017-03,2018-07,2018,7,4,490.53,5.0,100.0,0.0,0.0,2,0.0,2,0.0,80.22,Star Performer,0,0,0,0,4.48,98.44,2.81,339.6,1.1111111111111112,100.0,100.0
c6a7539d424a8402232c2228d7a03c5e,SP,housewares,7,2017-09,2018-05,2018,5,3,326.18,4.25,100.0,0.0,0.0,1,-0.75,2,0.0,74.52,Stable,0,0,0,0,2.75,92.86,1.43,143.05,0.7407407407407408,81.25,100.0
c6bda72e4dbf5c5866b13cb1810c6d03,SP,baby,12,2017-07,2018-08,2018,8,3,285.69,5.0,100.0,0.0,0.0,1,0.0,1,0.0,80.15,Star Performer,0,0,0,0,4.53,97.42,4.92,1276.92,0.7407407407407408,100.0,100.0
c70c1b0d8ca86052f45a432a38b73958,SP,health_beauty,5,2018-04,2018-08,2018,8,44,6968.98,3.8,74.58,0.0,29.55,1,-0.71,-17,-19.86,67.55,At-Risk,1,1,0,1,4.27,91.54,52.2,8095.26,15.925925925925927,70.0,74.58
c72de06d72748d1a0dfb2125be43ba63,BA,computers_accessories,4,2018-05,2018-08,2018,8,6,3465.72,5.0,100.0,0.0,0.0,2,0.2,1,0.0,80.37,Star Performer,0,0,0,0,4.5,100.0,5.25,4683.3,1.8518518518518516,100.0,100.0
c731d18cea9bf687ffee82a241c25b11,SC,la_cuisine,14,2017-02,2018-08,2018,8,2,251.57,2.33,100.0,0.0,100.0,2,-2.67,1,0.0,59.1,At-Risk,1,0,0,1,4.0,100.0,1.71,305.19,0.3703703703703704,33.25,100.0
c794dab4928dd97beb41d05514441e86,SP,health_beauty,7,2017-12,2018-06,2018,6,3,377.05,4.67,100.0,0.0,0.0,1,0.67,2,0.0,77.67,Stable,0,0,0,0,3.97,88.1,2.29,220.66,0.7407407407407408,91.75,100.0
c7fdb77fdbff3c41981bc52f787e959e,SP,bed_bath_table,6,2018-01,2018-07,2018,7,1,51.49,5.0,100.0,0.0,0.0,1,0.0,0,0.0,80.0,Star Performer,0,0,0,0,3.56,86.11,1.67,145.31,0.0,100.0,100.0
c8417879a15366a17c30af34c798c332,SP,garden_tools,8,2017-02,2017-09,2017,9,3,809.89,5.0,100.0,0.0,0.0,3,0.4,-2,0.0,80.15,Star Performer,0,0,0,0,4.08,96.43,3.12,276.32,0.7407407407407408,100.0,100.0
c84592044b180dec206770c38603814b,SP,electronics,4,2018-02,2018-05,2018,5,5,362.34,3.2,100.0,20.0,40.0,3,-1.8,2,0.0,65.42,At-Risk,1,0,0,1,4.42,100.0,3.75,184.05,1.4814814814814816,55.00000000000001,100.0
c8467937e403e76a8ee9f0ab13f6f5ef,MG,costruction_tools_tools,8,2017-09,2018-08,2018,8,1,56.54,4.32,0.0,0.0,0.0,1,0.0,-1,-100.0,49.9,Dormant,0,1,1,1,4.21,81.35,3.75,305.34,0.0,83.0,0.0
c847e075301870dd144a116762eaff9a,MG,cool_stuff,9,2017-02,2018-01,2018,1,2,1308.78,3.0,100.0,0.0,50.0,2,-2.0,-1,0.0,64.6,At-Risk,1,0,1,1,4.19,92.86,4.67,1828.98,0.3703703703703704,50.0,100.0
c864036feaab8c1659f65ea4faebe1da,PR,sports_leisure,14,2017-07,2018-08,2018,8,2,566.24,5.0,100.0,0.0,0.0,1,0.0,-2,0.0,80.07,Star Performer,0,0,1,1,4.58,96.73,4.14,878.56,0.3703703703703704,100.0,100.0
c89cf7c468a48af70aada384e722f9e2,RJ,toys,8,2017-06,2018-08,2018,8,1,66.75,5.0,100.0,0.0,0.0,1,0.0,0,0.0,80.0,Star Performer,0,0,0,0,4.26,96.88,1.75,121.38,0.0,100.0,100.0
c8b0e2b0a7095e5d8219575d5e7e1181,SP,auto,13,2017-07,2018-08,2018,8,5,796.3,4.8,80.0,0.0,0.0,1,0.66,-2,-20.0,73.8,Stable,0,1,0,1,4.21,94.28,6.46,1050.56,1.4814814814814816,95.0,80.0
c8b3445d737de6befde0c88ede534a5e,SP,toys,8,2017-11,2018-06,2018,6,2,256.81,5.0,100.0,0.0,0.0,1,1.0,0,0.0,80.07,Star Performer,0,0,0,0,4.24,95.83,3.75,475.1,0.3703703703703704,100.0,100.0
c990d6cf976a5718aaedc539f383ab88,SP,telephony,3,2017-10,2018-01,2018,1,6,224.95,2.29,20.0,0.0,66.67,2,-2.21,4,-80.0,39.41,Dormant,1,1,0,1,3.93,73.33,3.33,114.0,1.8518518518518516,32.25,20.0
c9a06ece156bb057372c68718ec8909b,DF,garden_tools,2,2017-01,2017-02,2017,2,2,849.11,1.0,100.0,50.0,100.0,1,-2.56,-7,0.0,46.62,Dormant,0,0,0,0,2.28,100.0,5.5,2324.14,0.3703703703703704,0.0,100.0
c9aafcd0621b2207c10e32c649cada4d,SP,health_beauty,2,2018-07,2018-08,2018,8,23,2271.94,4.19,85.71,0.0,13.04,1,0.43,2,-14.29,71.86,Stable,0,0,0,0,3.98,92.85,22.0,1942.95,8.148148148148149,79.75000000000001,85.71
c9c7905cffc4ef9ff9f113554423e671,SP,telephony,15,2017-06,2018-08,2018,8,10,1194.28,4.64,81.82,0.0,0.0,6,0.64,1,-18.18,73.42,Stable,0,0,0,0,4.17,91.84,8.47,857.16,3.3333333333333335,90.99999999999999,81.82
ca3bd7cd9f149df75950150d010fe4a2,SP,housewares,18,2017-01,2018-08,2018,8,1,487.5,5.0,0.0,0.0,0.0,1,1.0,-1,-100.0,55.0,Dormant,0,1,1,1,3.83,93.52,3.94,731.74,0.0,100.0,0.0
ca4b77513ac2040591b0d8fae6958380,SP,health_beauty,2,2018-07,2018-08,2018,8,11,1498.45,4.33,75.0,0.0,9.09,1,-0.67,8,-25.0,69.38,Stable,0,0,0,0,4.66,87.5,7.0,986.81,3.7037037037037033,83.25,75.0
cab85505710c7cb9b720bceb52b01cee,SP,fashion_bags_accessories,20,2017-01,2018-08,2018,8,19,1228.53,3.53,83.33,0.0,21.05,1,-0.83,5,-16.67,65.94,At-Risk,1,1,0,1,4.28,98.5,10.2,715.46,6.666666666666667,63.24999999999999,83.33
cac4c8e7b1ca6252d8f20b2fc1a2e4af,SP,furniture_decor,17,2017-04,2018-08,2018,8,9,527.07,3.0,44.44,0.0,44.44,3,-1.75,5,-30.56,51.28,Dormant,0,0,0,0,3.37,70.76,4.35,318.79,2.9629629629629632,50.0,44.44
cac63f48c38cd7d002a7e846dcd99a23,SP,toys,8,2017-11,2018-08,2018,8,1,95.56,5.0,100.0,0.0,0.0,1,1.0,0,0.0,80.0,Star Performer,0,0,0,0,4.75,100.0,1.25,139.05,0.0,100.0,100.0
cac876b37d3abcd6bd76caca30277996,PR,housewares,6,2018-02,2018-07,2018,7,3,720.5,4.67,100.0,0.0,0.0,1,0.42,-2,0.0,77.67,Stable,0,0,1,1,4.49,89.58,4.5,493.13,0.7407407407407408,91.75,100.0
cb3dd9ce66268c7a3ca7241ac70ab58c,SP,sports_leisure,15,2017-02,2018-04,2018,4,1,120.03,5.0,100.0,0.0,0.0,1,4.0,0,100.0,80.0,Star Performer,0,0,1,1,4.09,90.89,3.33,259.89,0.0,100.0,100.0
cb41bfbcbda0aea354a834ab222f9a59,SP,home_construction,7,2017-11,2018-07,2018,7,1,268.45,5.0,100.0,0.0,0.0,1,1.0,0,0.0,80.0,Star Performer,0,0,0,0,3.11,60.71,1.71,698.38,0.0,100.0,100.0
cb5df0dcb9e280b1780e9d589889f2c7,SP,furniture_bedroom,5,2017-01,2017-06,2017,6,3,336.49,4.0,100.0,0.0,0.0,2,0.86,-4,16.67,72.65,Stable,0,0,0,0,2.83,86.67,3.2,737.84,0.7407407407407408,75.0,100.0
cb6c9f5888a7a090c75beaf615925792,ES,garden_tools,5,2018-04,2018-08,2018,8,4,508.95,4.5,100.0,0.0,0.0,2,-0.17,1,0.0,76.47,Stable,0,0,0,0,3.23,90.0,2.2,201.79,1.1111111111111112,87.5,100.0
cb8bcce248bb1fb274ba762d8b971456,MG,cool_stuff,19,2017-01,2018-08,2018,8,2,245.84,3.5,100.0,0.0,50.0,1,-1.17,-1,0.0,68.35,Stable,0,0,0,0,4.2,99.12,3.58,559.74,0.3703703703703704,62.5,100.0
cbd996ad3c1b7dc71fd0e5f5df9087e2,SP,food,18,2017-02,2018-08,2018,8,6,404.44,4.67,100.0,0.0,0.0,2,0.17,-2,0.0,77.9,Stable,0,0,0,0,4.13,95.1,9.17,626.94,1.8518518518518516,91.75,100.0
cbf09e831b0c11f6f23ffb51004db972,SP,housewares,4,2018-05,2018-08,2018,8,3,316.99,4.0,100.0,0.0,0.0,1,-1.0,2,0.0,72.65,Stable,0,0,0,0,4.38,100.0,2.5,453.85,0.7407407407407408,75.0,100.0
cc3d14116804f7209f3884f6367f1152,PR,small_appliances,15,2017-05,2018-08,2018,8,1,209.42,5.0,100.0,0.0,0.0,1,0.0,0,0.0,80.0,Star Performer,0,0,0,0,4.63,93.33,1.8,404.04,0.0,100.0,100.0
cc419e0650a3c5ba77189a1882b7556a,SP,health_beauty,20,2017-01,2018-08,2018,8,25,2147.83,4.08,92.0,0.0,16.0,2,-0.48,-7,-8.0,72.73,Stable,0,0,1,1,4.12,94.45,85.3,6643.85,8.88888888888889,77.0,92.0
cc5a78bbad32776dc4e3af205218368c,MG,housewares,4,2018-05,2018-08,2018,8,14,2308.2,4.42,100.0,0.0,7.14,2,-0.01,7,0.0,76.54,Stable,0,0,0,0,4.53,96.88,8.25,1393.34,4.814814814814815,85.5,100.0
cc63f0dd2acba93ffed4fe9f8e0321fa,SP,housewares,4,2018-05,2018-08,2018,8,25,3771.42,4.19,100.0,0.0,8.0,1,0.72,11,0.0,75.63,Stable,0,0,0,0,4.11,100.0,13.75,2124.17,8.88888888888889,79.75000000000001,100.0
cca3071e3e9bb7d12640c9fbe2301306,SP,furniture_decor,20,2017-01,2018-08,2018,8,3,290.02,4.0,100.0,0.0,33.33,2,-1.0,1,0.0,72.33,Stable,0,0,1,1,3.86,94.94,35.2,3956.88,0.7407407407407408,75.0,100.0
ccb83a794700270fde70898fe9ff368b,SC,sports_leisure,6,2017-02,2017-08,2017,8,1,1031.15,5.0,100.0,0.0,0.0,1,1.67,-2,33.33,80.0,Star Performer,0,0,0,0,4.35,91.11,2.0,2130.96,0.0,100.0,100.0
ccc4bbb5f32a6ab2b7066a4130f114e3,PR,health_beauty,20,2017-01,2018-08,2018,8,11,4086.73,4.91,100.0,0.0,0.0,2,1.36,0,18.18,80.07,Star Performer,0,0,0,0,4.34,93.49,9.35,3963.08,3.7037037037037033,97.75,100.0
cce6ab8d1682639fe45ab70234f1665f,SP,bed_bath_table,8,2017-05,2018-07,2018,7,1,56.47,2.0,100.0,100.0,100.0,1,-2.71,-13,0.0,51.55,Dormant,1,0,1,1,4.19,96.84,7.88,461.27,0.0,25.0,100.0
ccf8813e5a7d6c84d865cd38bfc2b130,SP,furniture_decor,10,2017-08,2018-08,2018,8,1,114.18,4.0,100.0,0.0,0.0,1,-1.0,0,0.0,72.5,Stable,0,0,0,0,4.49,96.0,2.6,305.13,0.0,75.0,100.0
cd06602b43d8800bd0afad514919d35c,SP,housewares,15,2017-01,2018-08,2018,8,1,60.1,5.0,100.0,0.0,0.0,1,1.0,-1,0.0,80.0,Star Performer,0,0,0,0,3.89,98.89,2.93,222.36,0.0,100.0,100.0
cd3d09fbe6e3e9ff0c0ac0c300e93ae7,SP,auto,3,2018-06,2018-08,2018,8,6,363.84,4.0,83.33,0.0,16.67,1,-0.75,2,-16.67,68.54,Stable,0,1,0,1,4.08,94.44,4.0,293.41,1.8518518518518516,75.0,83.33
cd68562d3f44870c08922d380acae552,SP,sports_leisure,13,2017-04,2018-06,2018,6,1,213.05,1.0,100.0,100.0,100.0,1,-1.25,-2,0.0,44.05,Dormant,1,0,1,1,3.59,76.23,9.62,1598.25,0.0,0.0,100.0
cd6efc47efaabf134f8bdb654e10b4f1,RJ,stationery,9,2017-11,2018-08,2018,8,3,377.66,3.67,33.33,0.0,33.33,3,-1.06,-7,-66.67,53.19,Dormant,1,1,0,1,4.43,88.89,3.44,528.57,0.7407407407407408,66.75,33.33
cda598c48d7c614bc1cad7d8ff6f0010,SP,auto,6,2018-03,2018-08,2018,8,4,249.27,3.75,100.0,0.0,0.0,3,-0.58,1,0.0,70.85,Stable,0,0,0,0,4.1,100.0,2.83,236.7,1.1111111111111112,68.75,100.0
ce248b21cb2adc36282ede306b7660e5,SC,musical_instruments,14,2017-07,2018-08,2018,8,2,855.33,5.0,100.0,0.0,0.0,2,0.8,-2,0.0,80.07,Star Performer,0,0,0,0,4.46,94.31,4.64,1242.52,0.3703703703703704,100.0,100.0
ce27a3cc3c8cc1ea79d11e561e9bebb6,SP,computers_accessories,11,2017-02,2018-08,2018,8,7,185.79,3.71,71.43,0.0,28.57,2,-0.79,-9,-28.57,63.35,At-Risk,0,1,0,1,3.65,96.65,11.73,1162.65,2.2222222222222223,67.75,71.43
ce616e1913288884e7742faac9d981db,SP,auto,4,2018-05,2018-08,2018,8,6,217.31,4.6,100.0,0.0,0.0,1,-0.4,4,0.0,77.37,Stable,0,0,0,0,4.68,91.67,3.75,160.01,1.8518518518518516,89.99999999999999,100.0
ce69a8021d18961dd2a40269b7c2c293,PR,cool_stuff,6,2018-03,2018-08,2018,8,2,346.35,5.0,100.0,0.0,0.0,2,0.25,-2,0.0,80.07,Star Performer,0,0,0,0,4.6,94.44,3.17,881.51,0.3703703703703704,100.0,100.0
ce7d1888639e6fb06b2749cbfdac1ff7,MG,housewares,13,2017-08,2018-08,2018,8,3,577.41,5.0,100.0,0.0,0.0,2,0.5,-3,0.0,80.15,Star Performer,0,0,1,1,4.25,94.55,6.0,1144.35,0.7407407407407408,100.0,100.0
cea729054f157f5870bdd321a958d994,SP,sports_leisure,6,2018-03,2018-08,2018,8,4,220.17,4.5,100.0,0.0,0.0,2,0.61,-5,0.0,76.47,Stable,0,0,0,0,4.33,96.67,4.0,471.94,1.1111111111111112,87.5,100.0
ceaec5548eefc6e23e6607c5435102e7,SP,cool_stuff,8,2018-01,2018-08,2018,8,12,3523.43,4.17,91.67,0.0,16.67,4,-0.08,-13,-4.76,72.35,Stable,0,0,1,1,4.16,94.38,25.38,7406.13,4.074074074074074,79.25,91.67
cee48807215b30a12ca2ca10ffb5f250,SP,auto,13,2017-08,2018-08,2018,8,1,39.25,2.0,100.0,0.0,100.0,1,-2.0,0,0.0,56.55,Dormant,1,0,1,1,3.73,88.46,3.0,625.04,0.0,25.0,100.0
cf2384dd2f1dddea3f838efed0945e65,SP,furniture_living_room,8,2017-03,2018-08,2018,8,1,201.09,4.0,100.0,0.0,0.0,1,3.0,0,0.0,72.5,Stable,0,0,0,0,3.56,100.0,2.0,316.87,0.0,75.0,100.0
cfa5ab0e4d3fc212fd0b3410e7081c62,MG,furniture_living_room,8,2017-10,2018-08,2018,8,1,380.97,5.0,100.0,0.0,0.0,1,0.0,-2,0.0,80.0,Star Performer,0,0,0,0,3.34,100.0,2.0,902.48,0.0,100.0,100.0
cfb1a033743668a192316f3c6d1d2671,SP,bed_bath_table,18,2017-02,2018-08,2018,8,1,35.85,5.0,0.0,0.0,0.0,1,1.83,-7,-100.0,55.0,Dormant,0,1,1,1,3.96,85.28,8.17,933.95,0.0,100.0,0.0
cfd7ddab722b902f7ac5b5f3ba6d723d,MG,housewares,3,2018-06,2018-08,2018,8,1,1134.44,2.0,100.0,0.0,200.0,1,-3.0,-5,0.0,55.6,Dormant,1,0,1,1,4.0,100.0,4.0,1352.7,0.0,25.0,100.0
cfe94489ddd337d1e29e12f2a7205d10,SP,construction_tools_safety,7,2018-02,2018-08,2018,8,3,545.29,4.2,40.0,0.0,0.0,1,-0.47,-3,-60.0,59.15,At-Risk,0,1,0,1,4.15,85.71,2.86,381.83,0.7407407407407408,80.0,40.0
d03698c2efd04a549382afa6623e27fb,BA,computers_accessories,12,2017-01,2018-07,2018,7,1,1372.22,5.0,100.0,0.0,0.0,1,0.0,0,0.0,80.0,Star Performer,0,0,0,0,4.54,97.22,1.42,788.98,0.0,100.0,100.0
d05ae8f7a5bd1d2a690a44cd079e4e27,RJ,sports_leisure,13,2017-04,2018-08,2018,8,1,212.85,5.0,100.0,0.0,0.0,1,0.0,0,0.0,80.0,Star Performer,0,0,1,1,4.08,93.6,6.0,1122.73,0.0,100.0,100.0
d06d019f72a04e5497a0b64190af170c,SP,health_beauty,5,2018-03,2018-08,2018,8,3,196.83,4.67,100.0,0.0,0.0,1,1.0,0,0.0,77.67,Stable,0,0,0,0,4.54,90.0,3.4,528.29,0.7407407407407408,91.75,100.0
d101c6da914ae3d53f7bee42283f2fe2,SP,furniture_decor,1,2017-05,2017-05,2017,5,9,994.96,3.22,88.89,0.0,44.44,2,0.0,0,0.0,64.04,At-Risk,0,0,0,0,3.22,88.89,9.0,994.96,2.9629629629629632,55.50000000000001,88.89
d12c926d74ceff0a90a21184466ce161,SP,sports_leisure,17,2017-01,2018-05,2018,5,4,227.08,4.25,100.0,0.0,0.0,2,-0.75,2,0.0,74.6,Stable,0,0,0,0,4.04,99.35,4.53,309.11,1.1111111111111112,81.25,100.0
d13e50eaa47b4cbe9eb81465865d8cfc,SP,food,1,2018-08,2018-08,2018,8,67,8012.84,4.81,79.41,0.0,2.99,2,0.0,0,0.0,78.29,Stable,0,0,0,0,4.81,79.41,67.0,8012.84,24.444444444444443,95.24999999999999,79.41
d17f467e4bf608a510c20d82f4ba3b6b,RS,agro_industry_and_commerce,1,2018-07,2018-07,2018,7,12,3556.55,4.0,81.82,0.0,8.33,3,0.0,0,0.0,68.69,Stable,0,0,0,0,4.0,81.82,12.0,3556.55,4.074074074074074,75.0,81.82
d1b65fc7debc3361ea86b5f14c68d2e2,SP,luggage_accessories,12,2017-03,2018-06,2018,6,1,457.64,5.0,100.0,0.0,0.0,1,0.0,0,100.0,80.0,Star Performer,0,0,1,1,4.59,90.0,3.33,1095.15,0.0,100.0,100.0
d1b9d4be4b6f9ebd85f8acd6745ba612,MG,furniture_decor,8,2017-10,2018-08,2018,8,2,233.66,5.0,100.0,0.0,0.0,1,2.0,1,0.0,80.07,Star Performer,0,0,0,0,4.04,100.0,1.38,168.57,0.3703703703703704,100.0,100.0
d1c281d3ae149232351cd8c8cc885f0d,SP,bed_bath_table,19,2017-02,2018-08,2018,8,5,706.8,4.5,66.67,0.0,0.0,1,0.5,4,-33.33,68.21,Stable,0,1,1,1,3.78,90.93,11.32,1741.81,1.4814814814814816,87.5,66.67
d1c7fa84e48cfa21a0e595167c1c500e,RS,garden_tools,5,2018-03,2018-07,2018,7,2,339.17,5.0,100.0,0.0,0.0,1,0.0,0,0.0,80.07,Star Performer,0,0,0,0,4.73,100.0,2.4,295.48,0.3703703703703704,100.0,100.0
d1ef48b38baca7e831711c4a0aeb398f,PR,small_appliances,6,2018-02,2018-07,2018,7,6,519.61,4.83,100.0,0.0,0.0,4,0.83,3,0.0,79.1,Star Performer,0,0,0,0,4.51,94.44,4.83,357.45,1.8518518518518516,95.75,100.0
d20b021d3efdf267a402c402a48ea64b,SP,furniture_decor,16,2017-02,2018-07,2018,7,2,280.48,4.5,100.0,0.0,0.0,2,0.67,-4,20.0,76.32,Stable,0,0,1,1,3.82,82.23,5.62,363.39,0.3703703703703704,87.5,100.0
d23019c84ffae2d5ef2270367b8605fc,PR,musical_instruments,10,2017-10,2018-08,2018,8,4,959.42,4.5,100.0,0.0,0.0,1,0.5,2,0.0,76.47,Stable,0,0,0,0,4.4,96.67,3.9,3195.48,1.1111111111111112,87.5,100.0
d2374cbcbb3ca4ab1086534108cc3ab7,SP,bed_bath_table,19,2017-02,2018-08,2018,8,25,1949.66,3.86,89.29,0.0,24.0,3,0.41,-8,-10.71,70.32,Stable,0,0,0,0,3.63,94.36,27.58,1695.94,8.88888888888889,71.5,89.29
d25aa0aaacb370e912f8cf6efeba38b3,SC,housewares,6,2018-03,2018-08,2018,8,3,496.95,3.33,66.67,0.0,33.33,2,-1.67,0,-33.33,58.97,Dormant,1,1,0,1,4.27,94.44,2.83,562.19,0.7407407407407408,58.25,66.67
d2e753bb80b7d4faa77483ed00edc8ca,BA,fashion_bags_accessories,6,2017-10,2018-05,2018,5,2,309.19,3.0,100.0,0.0,50.0,2,2.0,1,0.0,64.6,At-Risk,0,0,0,0,3.42,95.83,2.33,315.62,0.3703703703703704,50.0,100.0
d354c38a7182125a748cb10474fe963b,RJ,sports_leisure,9,2017-05,2018-03,2018,3,2,398.91,4.0,0.0,0.0,0.0,1,-1.0,1,-100.0,47.57,Dormant,0,1,0,1,4.39,88.89,1.89,203.91,0.3703703703703704,75.0,0.0
d3674f271c91f824f82d24d92011f669,DF,perfumery,11,2017-07,2018-08,2018,8,2,177.73,5.0,100.0,0.0,0.0,1,0.0,1,0.0,80.07,Star Performer,0,0,0,0,4.0,90.91,1.82,191.07,0.3703703703703704,100.0,100.0
d379f449f2a3b271bc01c0782020f705,MG,furniture_decor,15,2017-01,2018-08,2018,8,1,66.61,5.0,100.0,0.0,0.0,1,0.0,0,0.0,80.0,Star Performer,0,0,0,0,3.66,96.67,1.87,366.65,0.0,100.0,100.0
d3f39f05462b79a4562d35893a28f159,SP,health_beauty,10,2017-06,2018-06,2018,6,3,211.2,2.25,100.0,0.0,100.0,1,-2.75,2,0.0,58.57,Dormant,0,0,0,0,3.66,91.0,3.4,296.88,0.7407407407407408,31.25,100.0
d4910f1cdcfdabd48d6b316e395d4a23,SP,pet_shop,2,2018-07,2018-08,2018,8,10,1251.41,4.91,100.0,0.0,0.0,1,-0.09,9,100.0,79.99,Star Performer,0,0,0,0,4.96,50.0,5.5,680.96,3.3333333333333335,97.75,100.0
d4e12e7884759a14fa0f5f896c791cae,SP,bed_bath_table,11,2017-09,2018-07,2018,7,2,196.25,5.0,100.0,0.0,0.0,1,0.0,-3,0.0,80.07,Star Performer,0,0,0,0,4.69,89.61,2.64,167.24,0.3703703703703704,100.0,100.0
d4e4b5192cba4e0e66eb12a9d347239d,PR,telephony,6,2017-03,2017-11,2017,11,1,26.69,1.0,100.0,0.0,100.0,1,-4.0,-1,0.0,49.05,Dormant,1,0,1,1,4.0,100.0,2.0,108.68,0.0,0.0,100.0
d4f117125b59ce73c3302f88ee40c458,SP,health_beauty,9,2017-12,2018-08,2018,8,1,47.44,5.0,100.0,0.0,0.0,1,0.0,0,0.0,80.0,Star Performer,0,0,0,0,4.88,100.0,1.89,110.96,0.0,100.0,100.0
d4ffeb15b67e81ff9af2b4252d99fb7e,SP,luggage_accessories,4,2018-04,2018-07,2018,7,1,201.23,5.0,100.0,0.0,0.0,1,0.67,-2,0.0,80.0,Star Performer,0,0,0,0,4.38,100.0,2.75,411.98,0.0,100.0,100.0
d50d79cb34e38265a8649c383dcffd48,SP,garden_tools,17,2017-01,2018-08,2018,8,1,442.59,5.0,100.0,0.0,0.0,1,1.0,0,0.0,80.0,Star Performer,0,0,0,0,4.31,89.12,4.06,867.08,0.0,100.0,100.0
d51e0a403fe2e689ece6c73359d96e12,SP,costruction_tools_garden,11,2017-08,2018-07,2018,7,3,1091.21,4.67,100.0,0.0,0.0,1,-0.33,2,0.0,77.67,Stable,0,0,0,0,4.11,81.82,1.73,769.37,0.7407407407407408,91.75,100.0
d566c37fa119d5e66c4e9052e83ee4ea,SP,sports_leisure,6,2018-03,2018-08,2018,8,13,1656.05,4.54,86.67,0.0,7.69,2,-0.24,6,-2.22,74.03,Stable,1,1,0,1,4.78,95.93,10.83,1020.82,4.444444444444445,88.5,86.67
d57e18d5f73c7ccb7f7339b61166898d,SP,fashion_bags_accessories,12,2017-09,2018-08,2018,8,3,260.18,5.0,100.0,0.0,0.0,1,1.0,2,0.0,80.15,Star Performer,0,0,0,0,4.24,97.57,5.08,342.6,0.7407407407407408,100.0,100.0
d5ba419e26d246a0719437cf37d9b46d,SP,computers_accessories,10,2017-05,2018-08,2018,8,7,834.27,4.0,71.43,0.0,0.0,1,-1.0,4,-28.57,65.8,At-Risk,0,1,0,1,3.76,90.89,3.4,458.15,2.2222222222222223,75.0,71.43
d624126b9206f595fb3fbb6ba03b28a8,PR,auto,13,2017-05,2018-08,2018,8,1,52.26,5.0,100.0,0.0,0.0,1,0.0,0,0.0,80.0,Star Performer,0,0,0,0,4.41,97.44,1.77,597.58,0.0,100.0,100.0
d650b663c3b5f6fb392b6326366efa9a,SP,watches_gifts,8,2017-12,2018-08,2018,8,4,3012.1,4.5,75.0,0.0,0.0,1,0.36,-3,-25.0,70.22,Stable,0,1,0,1,4.33,93.47,7.5,2519.13,1.1111111111111112,87.5,75.0
d66c11a9572221d92fbb8c4897db5f9b,RJ,electronics,3,2018-06,2018-08,2018,8,6,572.57,4.5,100.0,0.0,0.0,2,0.0,0,0.0,76.62,Stable,0,0,0,0,4.58,100.0,5.33,388.13,1.8518518518518516,87.5,100.0
d66c305afaec317ebee552073a674429,MG,small_appliances,4,2017-01,2017-05,2017,5,3,798.81,5.0,100.0,0.0,0.0,2,0.54,-9,0.0,80.15,Star Performer,0,0,0,0,4.72,100.0,6.25,1076.05,0.7407407407407408,100.0,100.0
d673a59aac7a70d8b01e6902bf090a11,SP,baby,11,2017-10,2018-08,2018,8,7,739.78,4.5,87.5,0.0,14.29,2,0.0,3,-12.5,73.43,Stable,0,0,0,0,4.1,94.37,7.18,504.15,2.2222222222222223,87.5,87.5
d6ab728cf30867cf3f1a2e216ae2f9b7,SP,sports_leisure,6,2018-03,2018-08,2018,8,3,464.4,4.5,100.0,0.0,0.0,2,-0.5,2,0.0,76.4,Stable,0,0,0,0,4.61,100.0,2.0,372.3,0.7407407407407408,87.5,100.0
d6b1ce66b035a475f00c017792ff9769,SP,construction_tools_lights,6,2018-03,2018-08,2018,8,18,3131.41,4.45,95.0,0.0,5.56,2,-0.55,12,-5.0,75.83,Stable,0,0,0,0,3.86,77.46,15.33,2385.98,6.296296296296296,86.25,95.0
d71d863e5ef30d94e440c11be17dcd8f,SP,construction_tools_safety,5,2017-10,2018-05,2018,5,7,2775.88,2.0,100.0,0.0,57.14,2,-1.0,5,0.0,57.4,Dormant,0,0,0,0,3.12,93.5,5.8,2531.13,2.2222222222222223,25.0,100.0
d7485b33791774c36108f8c69602d48d,PR,sports_leisure,4,2018-04,2018-07,2018,7,1,85.63,5.0,100.0,0.0,0.0,1,1.0,-3,0.0,80.0,Star Performer,0,0,1,1,3.75,87.5,2.5,154.78,0.0,100.0,100.0
d8c7ba53e7e38711eaef8c2849d6d2e1,PR,baby,4,2018-05,2018-08,2018,8,5,585.4,4.0,100.0,0.0,0.0,3,-1.0,-2,0.0,72.8,Stable,1,0,0,1,4.47,100.0,5.5,447.08,1.4814814814814816,75.0,100.0
d91fb3b7d041e83b64a00a3edfb37e4f,SP,home_appliances,18,2017-02,2018-08,2018,8,48,4090.29,4.1,85.42,0.0,14.58,2,-0.31,-24,-13.23,72.95,Stable,0,1,0,1,3.9,94.91,29.72,2889.75,17.40740740740741,77.49999999999999,85.42
d921b68bf747894be13a97ae52b0f386,MG,watches_gifts,5,2018-04,2018-08,2018,8,12,2214.07,4.58,100.0,0.0,0.0,2,-0.05,4,0.0,77.66,Stable,0,0,0,0,4.65,99.38,15.4,3480.76,4.074074074074074,89.5,100.0
d93844a9c55ba7ce353388bcf849ea56,PR,furniture_decor,10,2017-03,2018-04,2018,4,1,436.14,5.0,100.0,0.0,0.0,1,0.0,0,0.0,80.0,Star Performer,0,0,0,0,4.25,90.0,1.2,322.95,0.0,100.0,100.0
d93919c944be9cff128f6c9cb899eacb,SP,christmas_supplies,8,2017-11,2018-07,2018,7,1,115.81,5.0,100.0,0.0,0.0,1,0.0,-1,0.0,80.0,Star Performer,0,0,0,0,4.24,79.11,4.12,453.0,0.0,100.0,100.0
d9442042130b7fe579d1295f9f4a248f,SP,housewares,6,2017-04,2017-09,2017,9,1,59.96,5.0,100.0,0.0,0.0,1,2.0,-1,0.0,80.0,Star Performer,0,0,0,0,4.07,97.22,3.0,175.16,0.0,100.0,100.0
d94a40fd42351c259927028d163af842,MG,housewares,14,2017-07,2018-08,2018,8,3,568.39,4.0,66.67,0.0,0.0,1,1.0,-1,-33.33,64.32,At-Risk,0,1,0,1,4.16,96.07,7.21,1230.07,0.7407407407407408,75.0,66.67
d97df38225e5abadaff1e72cb72b823c,SP,auto,9,2017-11,2018-08,2018,8,1,36.83,3.0,100.0,0.0,0.0,1,-1.75,-3,0.0,65.0,At-Risk,0,0,1,1,3.9,82.96,3.22,262.55,0.0,50.0,100.0
d98eec89afa3380e14463da2aabaea72,RS,baby,20,2017-01,2018-08,2018,8,6,308.63,4.17,83.33,0.0,16.67,2,-0.33,1,3.33,69.82,Stable,0,1,0,1,4.25,97.08,8.4,514.82,1.8518518518518516,79.25,83.33
d9a84e1403de8da0c3aa531d6d108ba6,SP,toys,7,2018-02,2018-08,2018,8,8,204.28,4.25,87.5,0.0,12.5,5,-0.15,-1,-12.5,71.65,Stable,1,0,0,1,4.61,95.04,7.71,308.19,2.5925925925925926,81.25,87.5
d9bd94811c3338dceb4181f3dbc0c73e,SP,baby,4,2018-05,2018-08,2018,8,15,1913.44,4.6,80.0,0.0,6.67,4,-0.32,5,-4.62,72.97,Stable,1,1,0,1,4.84,87.34,13.5,1920.53,5.185185185185185,89.99999999999999,80.0
d9e7e7778b32987280a6f2cb9a39c57d,SP,health_beauty,4,2018-01,2018-06,2018,6,2,225.66,5.0,100.0,0.0,0.0,1,2.25,-4,25.0,80.07,Star Performer,0,0,0,0,3.69,56.25,2.75,246.6,0.3703703703703704,100.0,100.0
da6a60cc8cc724fe51be021ff8be779c,RJ,books_general_interest,4,2018-05,2018-08,2018,8,5,358.29,4.8,100.0,0.0,0.0,2,0.3,1,0.0,78.8,Stable,0,0,0,0,4.82,100.0,3.0,246.14,1.4814814814814816,95.0,100.0
da7039f29f90ce5b4846ffc0fcc93beb,SP,cine_photo,5,2018-04,2018-08,2018,8,3,356.1,4.33,100.0,0.0,0.0,1,-0.67,1,0.0,75.12,Stable,0,0,0,0,4.03,98.18,3.4,300.71,0.7407407407407408,83.25,100.0
da8622b14eb17ae2831f4ac5b9dab84a,SP,bed_bath_table,19,2017-02,2018-08,2018,8,58,5635.11,4.11,85.48,0.0,13.79,3,-0.2,-7,-9.46,73.79,Stable,0,1,0,1,4.09,93.96,69.16,9898.03,21.11111111111111,77.75000000000001,85.48
daeb5653dd96c1b11860f72209795012,MG,toys,12,2017-09,2018-08,2018,8,2,180.87,5.0,100.0,0.0,0.0,2,0.0,0,0.0,80.07,Star Performer,0,0,0,0,3.99,85.42,3.33,251.09,0.3703703703703704,100.0,100.0
db2956745b3a8e9f3785c99f34b5d25e,SP,health_beauty,5,2018-04,2018-08,2018,8,8,1807.79,3.56,100.0,0.0,37.5,1,-0.17,-3,0.0,69.36,Stable,0,0,0,0,3.86,84.67,9.4,1914.85,2.5925925925925926,64.0,100.0
db4350fd57ae30082dec7acbaacc17f9,SP,telephony,17,2017-03,2018-08,2018,8,1,30.41,5.0,100.0,0.0,0.0,1,0.33,-2,0.0,80.0,Star Performer,0,0,1,1,4.19,96.48,8.06,318.92,0.0,100.0,100.0
db46ca7bce82b11f7e247539271fc390,RJ,pet_shop,5,2017-03,2017-07,2017,7,1,97.23,1.0,100.0,0.0,100.0,1,-3.71,-6,0.0,49.05,Dormant,1,0,0,1,4.08,100.0,3.2,229.97,0.0,0.0,100.0
dbb9b48c841a0e39e21f98e1a6b2ec3e,SP,housewares,18,2017-01,2018-06,2018,6,5,385.53,5.0,100.0,0.0,0.0,4,1.0,4,0.0,80.3,Star Performer,0,0,0,0,4.2,96.65,6.0,487.13,1.4814814814814816,100.0,100.0
dbc22125167c298ef99da25668e1011f,MG,luggage_accessories,17,2017-04,2018-08,2018,8,19,2105.09,4.21,100.0,0.0,5.26,3,-0.07,1,0.0,75.36,Stable,0,0,0,0,4.18,97.28,23.88,2465.77,6.666666666666667,80.25,100.0
dbd66278cbfe1aa1000f90a217ca4695,SP,electronics,10,2017-11,2018-08,2018,8,5,470.72,4.83,100.0,0.0,0.0,3,0.33,3,0.0,79.02,Star Performer,0,0,0,0,4.48,96.34,8.5,647.28,1.4814814814814816,95.75,100.0
dbdd0ec73a4817971d962698f2fea022,CE,health_beauty,5,2018-04,2018-08,2018,8,3,1592.66,5.0,100.0,0.0,0.0,1,1.5,-3,16.67,80.15,Star Performer,0,0,0,0,4.65,96.67,3.2,1634.96,0.7407407407407408,100.0,100.0
dc317f341ab0e22f39acbd9dbf9b4a1f,RS,cool_stuff,11,2017-01,2018-07,2018,7,1,432.54,5.0,100.0,0.0,0.0,1,2.0,-5,33.33,80.0,Star Performer,0,0,0,0,3.94,92.42,5.0,2051.83,0.0,100.0,100.0
dc4a0fc896dc34b0d5bfec8438291c80,SP,bed_bath_table,19,2017-02,2018-08,2018,8,5,499.23,4.8,100.0,0.0,0.0,1,0.55,1,0.0,78.8,Stable,0,0,0,0,3.86,95.77,12.16,1573.72,1.4814814814814816,95.0,100.0
dc8798cbf453b7e0f98745e396cc5616,SP,fashion_male_clothing,9,2017-01,2017-11,2017,11,6,333.86,3.0,100.0,16.67,50.0,2,-1.75,4,0.0,64.06,At-Risk,0,0,0,0,3.48,91.67,3.78,248.57,1.8518518518518516,50.0,100.0
dd2bdf855a9172734fbc3744021ae9b9,MG,bed_bath_table,13,2017-01,2018-01,2018,1,3,279.21,4.0,100.0,0.0,0.0,2,0.31,-13,12.5,72.65,Stable,0,0,0,0,4.01,85.87,8.15,981.58,0.7407407407407408,75.0,100.0
dd533b429f380718b70ad9922c294bae,SP,toys,11,2017-03,2018-03,2018,3,1,42.03,1.0,100.0,0.0,100.0,1,-2.5,-3,0.0,49.05,Dormant,1,0,0,1,3.69,86.06,3.73,361.0,0.0,0.0,100.0
dd55f1bb788714a40e7954c3be6df745,SP,cool_stuff,7,2017-11,2018-07,2018,7,1,118.8,5.0,100.0,0.0,0.0,1,1.25,-3,0.0,80.0,Star Performer,0,0,1,1,3.94,87.7,5.0,1100.17,0.0,100.0,100.0
dd7ddc04e1b6c2c614352b383efe2d36,SP,pet_shop,15,2017-04,2018-07,2018,7,10,1108.96,4.09,91.67,0.0,20.0,1,0.09,3,-8.33,71.57,Stable,0,0,0,0,3.74,87.6,6.93,697.27,3.3333333333333335,77.25,91.67
de0c78824586e9a5f5f04fd84e25df39,SP,pet_shop,5,2018-04,2018-08,2018,8,1,221.46,5.0,100.0,0.0,0.0,1,0.0,0,0.0,80.0,Star Performer,0,0,1,1,4.55,100.0,2.8,539.57,0.0,100.0,100.0
de23c3b98a88888289c6f5cc1209054a,SP,toys,15,2017-05,2018-08,2018,8,2,217.07,5.0,100.0,0.0,0.0,2,0.17,-4,16.67,80.07,Star Performer,0,0,0,0,4.38,92.01,10.93,1938.79,0.3703703703703704,100.0,100.0
de722cd6dad950a92b7d4f82673f8833,PE,computers_accessories,8,2018-01,2018-08,2018,8,19,4279.41,4.24,100.0,0.0,15.79,2,0.12,-13,0.0,75.48,Stable,0,0,1,1,4.19,97.22,42.38,8139.09,6.666666666666667,81.0,100.0
de9727ca376d1be6ec121b110aa7954c,PR,computers_accessories,4,2018-05,2018-08,2018,8,1,98.47,5.0,100.0,0.0,0.0,1,0.0,-1,0.0,80.0,Star Performer,0,0,0,0,4.29,75.0,2.5,317.52,0.0,100.0,100.0
dee656f0f566ed1aa85bd137c943f08f,SP,sports_leisure,11,2017-10,2018-08,2018,8,4,629.81,4.5,100.0,0.0,0.0,4,-0.25,-4,0.0,76.47,Stable,0,0,1,1,4.34,93.38,8.45,724.42,1.1111111111111112,87.5,100.0
df0f42bc4c2142eacf0eaf2cffd0cfbb,SC,health_beauty,7,2017-11,2018-07,2018,7,1,126.22,1.0,100.0,0.0,100.0,1,-2.4,-3,0.0,49.05,Dormant,1,0,0,1,4.13,100.0,2.0,278.06,0.0,0.0,100.0
df560393f3a51e74553ab94004ba5c87,PR,garden_tools,12,2017-01,2018-03,2018,3,1,233.8,5.0,100.0,0.0,0.0,1,2.33,-2,33.33,80.0,Star Performer,0,0,0,0,3.7,88.89,2.25,346.32,0.0,100.0,100.0
df56d7b40d437f88407c5f78b63bc328,PR,sports_leisure,5,2017-10,2018-03,2018,3,2,331.1,5.0,100.0,0.0,0.0,1,0.17,-4,0.0,80.07,Star Performer,0,0,0,0,4.1,93.33,4.4,650.3,0.3703703703703704,100.0,100.0
df91910b6a03bb2e3358fa6a35e32f6f,SP,housewares,3,2018-06,2018-08,2018,8,8,1459.59,4.5,100.0,0.0,12.5,1,0.3,3,0.0,76.65,Stable,0,0,0,0,4.23,100.0,4.67,902.37,2.5925925925925926,87.5,100.0
dfa0c4c6229ab200a4a1336b4d7128ff,SC,housewares,4,2018-05,2018-08,2018,8,21,2098.36,3.86,95.45,0.0,23.81,8,-0.03,4,1.01,71.57,Stable,0,0,0,0,4.04,96.16,19.25,1636.05,7.4074074074074066,71.5,95.45
dfc475d54e1b6dbeeb7d7d9bdaa63827,PR,housewares,7,2018-02,2018-08,2018,8,4,431.08,4.2,100.0,0.0,25.0,1,0.45,0,0.0,73.98,Stable,0,0,0,0,4.42,92.86,2.71,318.3,1.1111111111111112,80.0,100.0
dfc5fb7259bb2b599ca565e6e9448f0f,SP,garden_tools,13,2017-07,2018-08,2018,8,2,346.26,5.0,100.0,0.0,0.0,2,0.0,0,0.0,80.07,Star Performer,0,0,0,0,4.4,97.44,2.54,526.61,0.3703703703703704,100.0,100.0
e067ad2c1c0b48758eb1b5228bcf7a68,SP,pet_shop,18,2017-02,2018-08,2018,8,6,697.42,4.63,100.0,0.0,0.0,1,-0.12,0,12.5,77.6,Stable,0,0,0,0,4.03,93.29,3.0,336.0,1.8518518518518516,90.75,100.0
e06f09ec0a4aca210779cf1cfc63cf19,SP,housewares,7,2017-06,2017-12,2017,12,7,884.46,2.86,85.71,0.0,42.86,4,-1.14,4,-14.29,60.41,At-Risk,1,0,0,1,4.17,93.2,4.14,926.82,2.2222222222222223,46.5,85.71
e0878efa0e0b7e5313ac0b43bc04c081,PR,toys,5,2017-11,2018-03,2018,3,1,55.69,5.0,100.0,0.0,0.0,1,1.0,-2,33.33,80.0,Star Performer,0,0,0,0,4.03,82.67,5.4,1175.49,0.0,100.0,100.0
e0a366315b1b726b6c7832d664c0f530,SP,construction_tools_construction,13,2017-06,2018-08,2018,8,2,502.55,3.5,100.0,0.0,50.0,1,-1.0,-3,0.0,68.35,Stable,0,0,0,0,3.85,98.29,3.31,626.55,0.3703703703703704,62.5,100.0
e1dc0754bada9ee4cfe9713f22f61292,RJ,baby,3,2018-06,2018-08,2018,8,5,439.38,4.4,100.0,0.0,20.0,2,0.8,0,0.0,75.61,Stable,0,0,0,0,3.67,100.0,4.0,383.26,1.4814814814814816,85.00000000000001,100.0
e21a1e8be4715b0fcfd5385643bc49c4,SC,auto,10,2017-04,2018-02,2018,2,2,91.69,5.0,100.0,0.0,0.0,1,2.0,1,0.0,80.07,Star Performer,0,0,0,0,3.44,100.0,1.9,103.32,0.3703703703703704,100.0,100.0
e24d3429d294b2eb200b064ebb035879,SP,health_beauty,3,2018-06,2018-08,2018,8,3,442.06,4.33,100.0,0.0,0.0,1,0.47,-9,7.14,75.12,Stable,0,0,0,0,4.33,97.62,6.33,750.23,0.7407407407407408,83.25,100.0
e24fc9fcd865784fb25705606fe3dfe7,SP,health_beauty,15,2017-01,2018-03,2018,3,2,412.32,3.0,50.0,0.0,50.0,2,0.0,1,-50.0,52.1,Dormant,1,1,0,1,4.29,93.43,3.4,914.71,0.3703703703703704,50.0,50.0
e256a62e0ac58c0edfba09966142d561,PR,housewares,4,2018-04,2018-07,2018,7,3,559.75,4.67,100.0,0.0,0.0,2,0.0,0,0.0,77.67,Stable,0,0,0,0,4.42,100.0,3.0,452.39,0.7407407407407408,91.75,100.0
e26901d5ab434ce92fd9b5c256820a4e,SP,garden_tools,9,2017-01,2017-09,2017,9,2,128.45,5.0,100.0,0.0,0.0,2,1.33,-15,6.25,80.07,Star Performer,0,0,1,1,4.0,98.37,20.89,1581.43,0.3703703703703704,100.0,100.0
e2aee0892199b1d92530e371abd825bf,PR,sports_leisure,13,2017-01,2018-07,2018,7,2,529.19,3.0,100.0,50.0,50.0,2,-1.0,0,0.0,62.1,At-Risk,1,0,0,1,4.02,91.67,2.92,639.79,0.3703703703703704,50.0,100.0
e2c92f9c1c7746d899d18f2e158bbff7,SP,auto,5,2018-04,2018-08,2018,8,2,444.6,4.5,100.0,0.0,0.0,1,-0.17,-1,0.0,76.32,Stable,0,0,0,0,3.97,100.0,2.8,457.32,0.3703703703703704,87.5,100.0
e333046ce6517bd8bb510291d44f0130,SP,housewares,14,2017-07,2018-08,2018,8,6,427.64,3.67,83.33,0.0,16.67,2,0.17,4,-16.67,66.07,At-Risk,1,1,0,1,4.41,96.2,4.86,621.38,1.8518518518518516,66.75,83.33
e38db885400cd35c71dfd162f2c1dbcf,DF,bed_bath_table,11,2017-08,2018-08,2018,8,2,174.12,4.0,100.0,0.0,0.0,1,-1.0,-1,0.0,72.57,Stable,0,0,0,0,4.44,90.15,2.73,248.87,0.3703703703703704,75.0,100.0
e3a386fc36e22064434e1fa256f6a9fa,SP,health_beauty,6,2018-01,2018-08,2018,8,2,139.16,5.0,50.0,0.0,0.0,1,2.0,-1,-16.67,67.57,At-Risk,0,1,0,1,4.26,81.94,2.67,174.52,0.3703703703703704,100.0,50.0
e48b04bf1aa1ef711caebeb7aede6180,PR,toys,14,2017-01,2018-07,2018,7,1,221.28,5.0,100.0,0.0,0.0,1,1.0,0,0.0,80.0,Star Performer,0,0,0,0,4.69,100.0,1.5,238.25,0.0,100.0,100.0
e48cc16ab70bfa09e1401740dce0b3d7,SP,computers_accessories,10,2017-05,2018-06,2018,6,1,78.51,5.0,100.0,0.0,0.0,1,4.0,0,0.0,80.0,Star Performer,0,0,0,0,3.5,93.33,1.4,141.11,0.0,100.0,100.0
e49c26c3edfa46d227d5121a6b6e4d37,PE,consoles_games,13,2017-02,2018-07,2018,7,2,385.46,4.5,100.0,0.0,0.0,2,-0.5,1,0.0,76.32,Stable,0,0,0,0,4.45,100.0,2.69,371.52,0.3703703703703704,87.5,100.0
e504a4e2efaa45cbff7e268a2c58c956,SP,housewares,4,2018-05,2018-08,2018,8,6,738.74,3.0,40.0,0.0,50.0,1,-2.0,5,-60.0,49.89,Dormant,0,1,0,1,4.0,85.0,2.75,366.02,1.8518518518518516,50.0,40.0
e5475dcab1e07b63d7f6e902d8f5eda8,SP,sports_leisure,11,2017-09,2018-08,2018,8,1,47.91,5.0,100.0,0.0,0.0,1,0.0,0,0.0,80.0,Star Performer,0,0,0,0,4.12,95.45,1.73,222.11,0.0,100.0,100.0
e59aa562b9f8076dd550fcddf0e73491,PR,agro_industry_and_commerce,11,2017-09,2018-08,2018,8,3,1082.49,4.0,100.0,0.0,0.0,1,-0.33,0,0.0,72.65,Stable,0,0,0,0,4.25,92.68,6.36,3073.09,0.7407407407407408,75.0,100.0
e5a3438891c0bfdb9394643f95273d8e,SP,fashion_bags_accessories,12,2017-05,2018-04,2018,4,5,215.01,3.6,100.0,0.0,20.0,1,0.55,-14,57.14,69.61,Stable,0,0,0,0,3.98,86.47,12.33,607.94,1.4814814814814816,65.0,100.0
e5a38146df062edaf55c38afa99e42dc,SP,housewares,19,2017-01,2018-08,2018,8,3,231.35,5.0,100.0,0.0,0.0,1,2.0,1,0.0,80.15,Star Performer,0,0,0,0,3.87,95.44,6.32,913.5,0.7407407407407408,100.0,100.0
e5e33c0d8e7e002f398f5dc4cbbb338f,SP,auto,13,2017-03,2018-08,2018,8,2,385.91,4.0,100.0,0.0,0.0,1,-1.0,-2,25.0,72.57,Stable,0,0,0,0,3.8,89.1,2.15,575.18,0.3703703703703704,75.0,100.0
e601b04acf48b4576e73ddca9481f0dc,SP,garden_tools,5,2018-04,2018-08,2018,8,2,61.56,5.0,100.0,0.0,0.0,1,0.0,0,0.0,80.07,Star Performer,0,0,0,0,3.95,100.0,3.0,140.59,0.3703703703703704,100.0,100.0
e627629ba868740e287800f1a9be81c2,SP,food_drink,4,2017-03,2017-07,2017,7,3,93.9,4.67,100.0,0.0,0.0,2,-0.33,2,0.0,77.67,Stable,0,0,0,0,4.75,100.0,2.5,102.05,0.7407407407407408,91.75,100.0
e62b2d6ac10570a035a30bafcf01d263,SP,tablets_printing_image,12,2017-09,2018-08,2018,8,1,53.48,5.0,100.0,0.0,0.0,1,1.0,0,0.0,80.0,Star Performer,0,0,0,0,3.98,83.89,5.17,531.29,0.0,100.0,100.0
e63e8bfa530fb16910dd6956e592bb81,SP,housewares,12,2017-08,2018-08,2018,8,5,196.95,4.6,80.0,0.0,0.0,1,-0.4,3,-20.0,72.3,Stable,0,1,0,1,4.25,96.25,3.5,169.56,1.4814814814814816,89.99999999999999,80.0
e64d65bc8dbec2accda90c58de5d1246,SP,health_beauty,3,2017-11,2018-03,2018,3,6,1026.46,1.5,33.33,0.0,83.33,1,-3.17,3,-66.67,36.66,Dormant,1,1,0,1,3.61,77.78,4.0,633.32,1.8518518518518516,12.5,33.33
e6a69c4a27dfdd98ffe5aa757ad744bc,SP,housewares,12,2017-02,2018-06,2018,6,2,53.1,3.0,100.0,0.0,50.0,1,-2.0,0,0.0,64.6,At-Risk,0,0,0,0,4.0,100.0,2.0,209.91,0.3703703703703704,50.0,100.0
e7d5b006eb624f13074497221eb37807,SP,telephony,7,2017-08,2018-07,2018,7,3,380.4,4.25,100.0,0.0,33.33,1,0.25,2,0.0,74.21,Stable,0,0,0,0,3.69,95.24,4.0,602.92,0.7407407407407408,81.25,100.0
e7df4cd29ab5abab70fb0783ddb53987,SP,fashion_sport,14,2017-02,2018-08,2018,8,1,83.05,3.0,0.0,0.0,0.0,1,-2.0,0,-100.0,40.0,Dormant,1,1,0,1,4.31,81.9,1.64,715.86,0.0,50.0,0.0
e7f3bf1ecd8526eb7f3b18059e6716e5,SP,toys,6,2017-02,2017-09,2017,9,2,206.51,4.0,100.0,50.0,0.0,1,-1.0,1,0.0,70.07,Stable,1,0,0,1,4.81,100.0,2.33,257.56,0.3703703703703704,75.0,100.0
e81e1f9c3e762e620f3fb60a51499e16,SC,sports_leisure,8,2017-05,2018-04,2018,4,4,1445.6,4.0,100.0,0.0,0.0,3,0.0,2,0.0,72.72,Stable,0,0,0,0,4.04,91.67,2.12,622.44,1.1111111111111112,75.0,100.0
e84ad2127668df3aafc6b73531a0beb8,SP,cool_stuff,7,2017-12,2018-08,2018,8,2,170.57,3.0,50.0,0.0,50.0,1,-1.67,-1,-50.0,52.1,Dormant,1,1,0,1,4.51,92.86,2.71,181.96,0.3703703703703704,50.0,50.0
e882b2a25a10b9c057cc49695f222c19,RJ,home_appliances_2,8,2018-01,2018-08,2018,8,1,494.62,5.0,100.0,0.0,0.0,1,0.0,0,0.0,80.0,Star Performer,0,0,1,1,4.73,100.0,7.12,6975.59,0.0,100.0,100.0
e883aa812c37a7413226856f4579fe91,SP,small_appliances,7,2018-02,2018-08,2018,8,3,306.52,2.75,100.0,0.0,66.67,2,-1.75,1,0.0,62.64,At-Risk,0,0,0,0,3.85,97.96,3.71,650.64,0.7407407407407408,43.75,100.0
e89c4adbe7b1d0819dbb636e16461cf1,SP,sports_leisure,8,2018-01,2018-08,2018,8,1,96.69,5.0,100.0,0.0,0.0,1,0.0,0,0.0,80.0,Star Performer,0,0,1,1,4.3,93.33,3.0,454.52,0.0,100.0,100.0
e8b3a3a38279a82f0e5d006d5e5b7d2c,PR,consoles_games,6,2017-10,2018-03,2018,3,3,470.7,3.33,100.0,0.0,33.33,3,-0.31,-18,9.52,67.31,At-Risk,1,0,1,1,3.78,97.13,14.5,2522.07,0.7407407407407408,58.25,100.0
e8b4225284fbb02d16f200513f1f395d,SP,baby,5,2018-04,2018-08,2018,8,6,1593.48,3.83,66.67,0.0,16.67,1,-0.67,2,-8.33,63.1,At-Risk,0,1,0,1,4.14,88.33,6.2,1417.23,1.8518518518518516,70.75,66.67
e8f6dc8e6a1dcde89d20e3995c8d90b3,SP,furniture_decor,8,2017-02,2017-11,2017,11,10,878.41,2.79,100.0,0.0,60.0,5,-2.21,8,0.0,63.52,At-Risk,0,0,0,0,3.66,95.83,3.88,487.37,3.3333333333333335,44.75,100.0
e9511df20ccd82658a30c37b7fb343af,SP,construction_tools_construction,9,2017-11,2018-08,2018,8,3,258.76,3.67,100.0,0.0,33.33,1,-1.16,-1,0.0,69.86,Stable,0,0,0,0,4.24,100.0,2.44,313.68,0.7407407407407408,66.75,100.0
e96498ed8daaa3e9c23f7a62da76591c,SP,auto,10,2017-10,2018-07,2018,7,2,254.75,4.0,100.0,0.0,0.0,1,-0.5,0,0.0,72.57,Stable,0,0,0,0,3.86,89.33,3.4,1033.22,0.3703703703703704,75.0,100.0
e9779976487b77c6d4ac45f75ec7afe9,SP,sports_leisure,18,2017-03,2018-08,2018,8,56,3498.38,4.35,92.75,0.0,10.71,6,-0.13,2,-4.02,77.28,Stable,0,0,0,0,4.18,92.94,36.5,2967.44,20.37037037037037,83.74999999999999,92.75
e99e927c81e3f51739c94fcdfca9f10f,MG,garden_tools,12,2017-01,2018-03,2018,3,3,677.04,4.0,0.0,0.0,33.33,2,0.0,2,0.0,47.33,Dormant,0,1,0,1,3.81,79.17,1.83,280.04,0.7407407407407408,75.0,0.0
e9bc59e7b60fc3063eb2290deda4cced,PR,computers_accessories,18,2017-03,2018-08,2018,8,31,4088.05,3.05,56.76,0.0,45.16,2,-1.02,-4,-40.54,56.36,Dormant,1,1,0,1,4.03,91.07,12.0,2168.42,11.11111111111111,51.24999999999999,56.76
e9c6969d40e6a3d2d0f90013165c2b98,SP,pet_shop,5,2017-11,2018-06,2018,6,1,762.61,5.0,100.0,0.0,0.0,1,4.0,0,0.0,80.0,Star Performer,0,0,0,0,4.03,100.0,2.0,1096.4,0.0,100.0,100.0
e9d99831abad74458942f21e16f33f92,SP,computers_accessories,20,2017-01,2018-08,2018,8,1,26.38,4.0,100.0,0.0,0.0,1,1.0,-1,50.0,72.5,Stable,0,0,1,1,3.93,88.37,6.5,345.8,0.0,75.0,100.0
ea00f977a203ff88adf7057cb7806998,SP,auto,2,2018-07,2018-08,2018,8,12,395.06,3.83,81.82,0.0,16.67,1,-0.74,5,-18.18,67.34,At-Risk,0,0,0,0,4.2,90.91,9.5,286.7,4.074074074074074,70.75,81.82
ea566164622c6b439516ab18062c42cd,SP,health_beauty,10,2017-11,2018-08,2018,8,6,452.55,4.67,100.0,0.0,0.0,2,0.34,3,0.0,77.9,Stable,0,0,0,0,3.9,75.86,5.0,1116.8,1.8518518518518516,91.75,100.0
ea67327e24487bdfac5fbfa37ea124df,SP,bed_bath_table,6,2018-01,2018-08,2018,8,13,2526.67,3.64,92.86,0.0,23.08,1,0.14,7,-7.14,68.68,Stable,0,1,0,1,3.23,98.81,5.33,1196.71,4.444444444444445,66.0,92.86
ea8482cd71df3c1969d7b9473ff13abc,SP,telephony,13,2017-08,2018-08,2018,8,40,1912.72,4.47,80.0,0.0,7.5,2,0.23,-13,-12.59,73.84,Stable,0,1,0,1,4.1,91.57,88.15,4212.13,14.444444444444443,86.75,80.0
eb4df17aed01d918c65f0f8d650900c0,SP,auto,6,2017-11,2018-08,2018,8,1,368.75,5.0,0.0,0.0,0.0,1,0.0,0,-100.0,55.0,Dormant,0,1,0,1,3.83,66.67,1.67,621.15,0.0,100.0,0.0
eb5b6204dde3a6e03b5f1bb8479f055b,SP,housewares,7,2017-12,2018-06,2018,6,1,21.84,5.0,100.0,0.0,0.0,1,0.33,-2,33.33,80.0,Star Performer,0,0,1,1,4.01,95.24,2.71,103.9,0.0,100.0,100.0
ebd2d60905fb58271facef5596b620d3,SP,health_beauty,17,2017-02,2018-08,2018,8,3,206.09,4.33,100.0,0.0,0.0,1,0.66,0,0.0,75.12,Stable,0,0,0,0,4.03,96.36,4.94,569.12,0.7407407407407408,83.25,100.0
ec4608a1f76453166bb312b2968aeaf4,SP,furniture_decor,10,2017-02,2018-08,2018,8,1,138.16,1.0,0.0,0.0,200.0,1,-3.0,0,-100.0,23.1,Dormant,1,1,0,1,3.24,75.83,1.8,212.14,0.0,0.0,0.0
ec80e49e69745ab6c14f984bf2149423,SP,housewares,6,2018-02,2018-08,2018,8,1,329.45,4.0,100.0,0.0,0.0,1,-1.0,0,0.0,72.5,Stable,0,0,0,0,4.39,87.5,2.0,649.55,0.0,75.0,100.0
ec8879960bd2221d5c32f8e12f7da711,SP,computers_accessories,12,2017-05,2018-04,2018,4,1,144.8,3.0,100.0,0.0,0.0,1,0.33,-5,50.0,65.0,At-Risk,1,0,0,1,4.47,84.17,3.0,406.78,0.0,50.0,100.0
ececbfcff9804a2d6b40f589df8eef2b,SP,health_beauty,15,2017-06,2018-08,2018,8,12,953.78,4.5,83.33,0.0,0.0,2,0.58,-1,-8.98,72.9,Stable,0,0,0,0,3.96,91.92,6.53,582.92,4.074074074074074,87.5,83.33
ed4311e67debd72b8610a5347a743087,SP,housewares,5,2017-12,2018-08,2018,8,7,1246.26,4.5,71.43,0.0,0.0,1,-0.33,-5,-28.57,69.55,Stable,0,1,0,1,4.07,94.29,5.0,868.56,2.2222222222222223,87.5,71.43
ed4acab38528488b65a9a9c603ff024a,SP,computers_accessories,14,2017-03,2018-07,2018,7,3,1003.09,4.33,100.0,0.0,0.0,1,1.66,0,0.0,75.12,Stable,0,0,0,0,3.89,98.81,2.29,954.98,0.7407407407407408,83.25,100.0
edb1ef5e36e0c8cd84eb3c9b003e486d,RJ,health_beauty,12,2017-09,2018-08,2018,8,13,6492.52,4.62,100.0,0.0,0.0,1,-0.2,-3,4.55,78.04,Stable,0,0,0,0,4.39,92.71,13.83,6932.47,4.444444444444445,90.5,100.0
ede0c03645598cdfc63ca8237acbe73d,SP,computers_accessories,5,2018-02,2018-06,2018,6,1,94.77,4.0,100.0,100.0,0.0,1,-1.0,-2,0.0,67.5,At-Risk,0,0,1,1,3.84,77.33,9.2,653.97,0.0,75.0,100.0
edf96ef93ed595084bbcbd9224bd2894,SP,electronics,14,2017-02,2018-08,2018,8,1,172.14,5.0,100.0,0.0,0.0,1,1.0,0,0.0,80.0,Star Performer,0,0,0,0,3.87,91.07,1.79,311.84,0.0,100.0,100.0
eeb6de78f79159600292e314a77cbd18,SC,garden_tools,19,2017-02,2018-08,2018,8,4,4319.01,3.75,75.0,0.0,25.0,1,-1.25,1,-25.0,64.36,At-Risk,0,1,0,1,4.42,94.74,4.37,2462.91,1.1111111111111112,68.75,75.0
eed78ac17f7f795a19a709745f00cd4e,SP,furniture_decor,10,2017-08,2018-07,2018,7,1,238.23,3.0,100.0,0.0,0.0,1,-1.0,0,0.0,65.0,At-Risk,0,0,0,0,3.52,100.0,2.2,519.58,0.0,50.0,100.0
ef0ace09169ac090589d85746e3e036f,RJ,perfumery,10,2017-11,2018-08,2018,8,4,387.05,4.75,100.0,0.0,0.0,2,-0.25,3,0.0,78.35,Stable,0,0,1,1,4.43,94.24,12.9,1867.58,1.1111111111111112,93.75,100.0
ef2fbc2b607d8492bcffe657a4645434,RJ,auto,2,2018-07,2018-08,2018,8,14,966.76,3.75,93.33,0.0,28.57,4,-0.58,8,10.0,69.65,Stable,0,0,0,0,4.04,88.33,10.0,666.84,4.814814814814815,68.75,93.33
ef506c96320abeedfb894c34db06f478,SP,telephony,20,2017-01,2018-08,2018,8,10,468.2,4.6,100.0,0.0,10.0,1,0.1,6,0.0,77.57,Stable,0,0,0,0,3.96,91.59,16.2,751.46,3.3333333333333335,89.99999999999999,100.0
ef990a83bbea832f36ebe81376335aa8,SC,sports_leisure,8,2017-11,2018-08,2018,8,4,553.49,3.25,75.0,0.0,25.0,2,-1.75,0,-25.0,60.61,At-Risk,1,0,0,1,4.28,85.86,5.38,694.66,1.1111111111111112,56.25,75.0
efcd8d2104f1a05d028af7bad20d974b,SP,fashion_bags_accessories,16,2017-04,2018-08,2018,8,1,63.01,5.0,100.0,0.0,0.0,1,1.0,0,0.0,80.0,Star Performer,0,0,1,1,4.26,97.92,2.94,216.46,0.0,100.0,100.0
f00e21b1e91a79653163b7fd8f293ff1,SP,toys,10,2017-03,2017-12,2017,12,1,162.68,3.0,100.0,0.0,0.0,1,0.0,-3,0.0,65.0,At-Risk,1,0,1,1,4.15,98.0,3.1,447.11,0.0,50.0,100.0
f0837c8d71434931d9e38e7b79234797,RS,housewares,7,2017-11,2018-08,2018,8,3,291.96,4.67,100.0,0.0,0.0,1,0.0,0,0.0,77.67,Stable,0,0,0,0,4.63,95.24,3.14,748.68,0.7407407407407408,91.75,100.0
f08a5b9dd6767129688d001acafc21e5,RS,agro_industry_and_commerce,4,2017-10,2018-01,2018,1,2,2028.2,5.0,100.0,0.0,0.0,2,1.0,0,0.0,80.07,Star Performer,0,0,0,0,3.98,82.22,2.75,3641.44,0.3703703703703704,100.0,100.0
f08c008c8a8d31417763738a1788a2a8,PR,sports_leisure,4,2017-10,2018-01,2018,1,4,470.14,1.4,100.0,0.0,100.0,1,-2.23,-5,22.22,52.27,Dormant,1,0,0,1,3.01,89.44,5.5,428.67,1.1111111111111112,9.999999999999998,100.0
f0b47fbbc6dee9aafe415a6e33051b3f,SP,books_general_interest,8,2017-07,2018-08,2018,8,12,666.87,4.0,75.0,0.0,25.0,2,-0.25,6,-12.5,66.83,At-Risk,0,1,0,1,4.18,90.17,8.5,641.52,4.074074074074074,75.0,75.0
f125f3a310c2e5f822d116147de1e474,SP,construction_tools_construction,8,2018-01,2018-08,2018,8,5,721.04,4.0,80.0,0.0,0.0,1,-1.0,4,-20.0,67.8,At-Risk,0,1,0,1,4.46,95.94,2.0,381.16,1.4814814814814816,75.0,80.0
f12ff17ad8bbf01ec5c33b17e506649b,SP,auto,5,2018-01,2018-05,2018,5,3,512.08,3.0,66.67,0.0,33.33,1,-1.2,-2,-33.33,56.5,Dormant,1,1,1,1,3.76,89.33,5.8,1378.55,0.7407407407407408,50.0,66.67
f181738b150df1f37cb0bd72e705b193,SP,cool_stuff,12,2017-05,2018-08,2018,8,4,742.35,4.5,75.0,0.0,0.0,3,-0.5,3,-25.0,70.22,Stable,0,0,0,0,4.51,88.19,3.0,552.73,1.1111111111111112,87.5,75.0
f1ed6bd0a9b11b581f16c851c6a5a527,RS,furniture_decor,11,2017-03,2018-05,2018,5,1,127.91,5.0,100.0,0.0,0.0,1,1.33,-1,33.33,80.0,Star Performer,0,0,1,1,4.42,96.97,1.55,188.91,0.0,100.0,100.0
f1fd5ab1181f827ffad998c1a5de7d74,PR,luggage_accessories,9,2017-11,2018-08,2018,8,3,334.52,4.67,100.0,0.0,0.0,1,0.17,1,0.0,77.67,Stable,0,0,0,0,4.63,100.0,1.67,875.33,0.7407407407407408,91.75,100.0
f214d28e8d8e3ef068748498ccc2f813,SP,fashion_bags_accessories,11,2017-08,2018-08,2018,8,4,178.13,4.75,100.0,0.0,0.0,2,0.25,2,0.0,78.35,Stable,0,0,0,0,4.06,95.96,4.91,274.68,1.1111111111111112,93.75,100.0
f262cbc1c910c83959f849465454ddd3,SP,computers_accessories,10,2017-11,2018-08,2018,8,7,415.21,3.43,57.14,0.0,28.57,4,-1.37,-2,-32.86,57.68,Dormant,0,1,0,1,3.98,88.13,19.2,1301.76,2.2222222222222223,60.75000000000001,57.14
f27e33c6d29b5138fa9967bcd445b6d5,SP,pet_shop,14,2017-07,2018-08,2018,8,8,702.15,3.56,100.0,0.0,37.5,2,-1.44,6,0.0,69.36,Stable,1,0,0,1,4.16,87.6,6.64,748.73,2.5925925925925926,64.0,100.0
f3b80352b986ab4d1057a4b724be19d0,DF,health_beauty,17,2017-02,2018-07,2018,7,9,1608.68,4.67,100.0,0.0,0.0,2,1.67,7,0.0,78.12,Stable,0,0,0,0,4.26,100.0,5.12,746.63,2.9629629629629632,91.75,100.0
f3c38ab652836d21de61fb8314b69182,SP,computers_accessories,5,2018-04,2018-08,2018,8,1,72.99,5.0,100.0,0.0,0.0,1,1.0,-4,0.0,80.0,Star Performer,0,0,1,1,4.43,95.0,3.0,365.72,0.0,100.0,100.0
f3da5b2ff499efb8d4a6d371d175d7dd,SP,housewares,9,2017-11,2018-07,2018,7,6,176.56,4.67,100.0,0.0,0.0,3,0.23,-4,0.0,77.9,Stable,0,0,0,0,3.71,83.98,8.11,519.39,1.8518518518518516,91.75,100.0
f41ce2e25237f9092cd8e6e7516c7a2f,SP,consoles_games,10,2017-01,2017-12,2017,12,7,532.3,4.57,100.0,0.0,14.29,3,-0.43,5,0.0,77.08,Stable,0,0,0,0,4.35,100.0,2.6,229.0,2.2222222222222223,89.25,100.0
f435898e493ba0356019a0b1cb8b55b1,PR,auto,6,2017-02,2018-05,2018,5,2,92.46,5.0,100.0,0.0,0.0,1,0.0,0,0.0,80.07,Star Performer,0,0,0,0,4.33,100.0,1.67,146.78,0.3703703703703704,100.0,100.0
f44b6f775a2b390380e0e30b5c9d3eee,SP,cool_stuff,8,2017-06,2018-08,2018,8,2,224.91,5.0,100.0,0.0,0.0,1,0.0,1,0.0,80.07,Star Performer,0,0,0,0,4.88,100.0,1.25,398.53,0.3703703703703704,100.0,100.0
f45122a9ab94eb4f3f8953578bc0c560,SP,pet_shop,19,2017-02,2018-08,2018,8,3,701.13,4.8,100.0,0.0,0.0,1,2.8,2,0.0,78.65,Stable,0,0,0,0,3.8,93.69,9.84,1337.06,0.7407407407407408,95.0,100.0
f457c46070d02cadd8a68551231220dd,PR,computers_accessories,7,2017-12,2018-06,2018,6,14,1940.56,3.58,100.0,0.0,35.71,1,-1.42,12,0.0,69.97,Stable,0,0,0,0,4.1,96.71,28.43,3369.84,4.814814814814815,64.5,100.0
f46490624488d3ff7ce78613913a7711,SP,health_beauty,4,2018-05,2018-08,2018,8,25,2514.27,3.5,73.33,0.0,40.0,1,-0.67,7,-26.67,63.48,At-Risk,0,1,0,1,3.84,91.98,20.75,1887.67,8.88888888888889,62.5,73.33
f4a04f7be452aa3bb31760bf00055dd0,SP,perfumery,6,2017-10,2018-08,2018,8,3,176.79,5.0,100.0,0.0,0.0,1,0.0,2,0.0,80.15,Star Performer,0,0,0,0,4.8,97.62,3.0,258.99,0.7407407407407408,100.0,100.0
f4aba7c0bca51484c30ab7bdc34bcdd1,SP,health_beauty,7,2017-01,2017-07,2017,7,9,301.75,3.88,75.0,0.0,11.11,1,0.0,-7,-12.5,65.84,At-Risk,0,1,0,1,3.91,90.74,14.86,590.41,2.9629629629629632,72.0,75.0
f4c4daa86e30c7e5a553a8d518ac03a5,PR,watches_gifts,8,2017-03,2017-11,2017,11,2,540.7,3.0,100.0,0.0,50.0,1,-2.0,0,0.0,64.6,At-Risk,0,0,0,0,3.61,96.88,2.25,684.4,0.3703703703703704,50.0,100.0
f4db9b37944bcb8873e6b456ee190bbf,SP,fashion_bags_accessories,10,2017-04,2018-08,2018,8,1,89.3,5.0,100.0,0.0,0.0,1,2.0,0,0.0,80.0,Star Performer,0,0,0,0,4.54,91.67,2.1,390.99,0.0,100.0,100.0
f52c2422904463fdd7741f99045fecb6,SP,housewares,3,2018-06,2018-08,2018,8,5,389.65,4.0,80.0,0.0,20.0,3,-0.2,0,-20.0,67.61,At-Risk,0,1,0,1,4.4,93.33,4.0,248.27,1.4814814814814816,75.0,80.0
f593898ec748b7a8cb81fc04edafd98a,SP,furniture_decor,6,2017-09,2018-02,2018,2,1,147.78,4.0,0.0,0.0,0.0,1,-0.33,-2,-100.0,47.5,Dormant,0,1,0,1,3.29,77.62,2.83,574.41,0.0,75.0,0.0
f5a590cf36251cf1162ea35bef76fe84,SP,musical_instruments,17,2017-03,2018-08,2018,8,7,3974.15,4.43,71.43,0.0,0.0,2,-0.24,0,-28.57,69.03,Stable,0,0,0,0,4.27,83.36,6.71,3228.74,2.2222222222222223,85.75,71.43
f5b44895715ddfe3087dc414f30268f3,SP,auto,10,2017-09,2018-07,2018,7,3,79.17,3.0,100.0,0.0,33.33,1,-2.0,2,0.0,64.83,At-Risk,1,0,0,1,4.23,90.0,1.9,65.44,0.7407407407407408,50.0,100.0
f5f1f2c5f923f36ad79ea1d07185ddc9,SP,pet_shop,3,2018-02,2018-04,2018,4,1,189.08,1.0,100.0,0.0,100.0,1,-2.3,-8,11.11,49.05,Dormant,1,0,0,1,2.43,96.3,4.0,705.28,0.0,0.0,100.0
f5f2ab9bdb6b30c14c61be68c5ed37da,SP,toys,8,2017-04,2017-12,2017,12,1,181.51,1.0,0.0,0.0,100.0,1,-3.0,0,0.0,24.05,Dormant,1,1,1,1,4.0,75.0,2.0,286.29,0.0,0.0,0.0
f615fe7efbef0f4f08fd3086bc7a3e60,SP,toys,4,2017-07,2017-10,2017,10,2,464.54,3.0,100.0,50.0,50.0,1,-1.0,-1,0.0,62.1,At-Risk,1,0,0,1,4.05,94.72,5.75,687.24,0.3703703703703704,50.0,100.0
f61c63d13f7cd800549d5acdd390ae72,SP,housewares,11,2017-09,2018-08,2018,8,3,718.8,4.67,100.0,0.0,0.0,3,-0.33,1,50.0,77.67,Stable,0,0,0,0,4.09,93.94,2.36,318.34,0.7407407407407408,91.75,100.0
f62d7bb4a613ec758a03342d46b580b2,MG,small_appliances_home_oven_and_coffee,8,2018-01,2018-08,2018,8,4,3460.29,3.25,100.0,0.0,25.0,2,-1.58,-2,0.0,66.86,At-Risk,1,0,0,1,4.44,89.17,4.0,3348.82,1.1111111111111112,56.25,100.0
f63d8f293af3a6454377546bd9dd19ff,SP,auto,9,2017-05,2018-02,2018,2,2,92.2,5.0,100.0,0.0,0.0,1,3.2,0,80.0,80.07,Star Performer,0,0,0,0,4.17,80.0,1.89,249.66,0.3703703703703704,100.0,100.0
f67efa3f0b6761102a7f8c6b7b571f5d,PR,pet_shop,10,2017-01,2018-04,2018,4,1,238.95,5.0,100.0,0.0,0.0,1,2.0,0,0.0,80.0,Star Performer,0,0,0,0,4.28,100.0,2.9,570.06,0.0,100.0,100.0
f680f85bee2d253556ac91be391d2c82,SP,baby,12,2017-09,2018-08,2018,8,2,296.85,5.0,100.0,0.0,0.0,2,2.0,1,0.0,80.07,Star Performer,0,0,0,0,4.39,98.33,3.75,506.44,0.3703703703703704,100.0,100.0
f7496d659ca9fdaf323c0aae84176632,SP,furniture_decor,14,2017-01,2018-08,2018,8,4,892.64,4.75,75.0,0.0,0.0,2,-0.25,3,-25.0,72.1,Stable,0,1,0,1,4.65,95.83,1.43,298.57,1.1111111111111112,93.75,75.0
f76a3b1349b6df1ee875d1f3fa4340f0,SP,housewares,7,2018-01,2018-08,2018,8,3,475.2,5.0,100.0,0.0,0.0,1,0.0,2,0.0,80.15,Star Performer,0,0,0,0,3.85,82.54,3.43,678.43,0.7407407407407408,100.0,100.0
f7720c4fa8e3aba4546301ab80ea1f1b,PR,furniture_decor,16,2017-03,2018-08,2018,8,3,115.68,4.0,100.0,0.0,0.0,1,-0.5,-5,0.0,72.65,Stable,0,0,0,0,4.09,92.29,3.75,216.62,0.7407407407407408,75.0,100.0
f789d2c4f2c2eb38fc4373e7a4b35264,MG,pet_shop,13,2017-04,2018-08,2018,8,6,1001.79,4.71,100.0,0.0,0.0,1,-0.12,1,0.0,78.2,Stable,0,0,0,0,4.27,95.9,3.38,441.02,1.8518518518518516,92.75,100.0
f7ba60f8c3f99e7ee4042fdef03b70c4,SP,health_beauty,14,2017-07,2018-08,2018,8,27,11477.74,4.65,74.19,0.0,3.7,2,0.74,11,-21.26,72.81,Stable,0,0,0,0,3.99,80.81,15.64,5225.43,9.62962962962963,91.25000000000001,74.19
f7ccf836d21b2fb1de37564105216cc1,SP,bed_bath_table,9,2017-12,2018-08,2018,8,15,941.75,4.5,100.0,0.0,13.33,1,0.0,11,0.0,77.16,Stable,0,0,0,0,3.67,89.96,7.78,434.49,5.185185185185185,87.5,100.0
f80edd2c5aaa505cc4b0a3b219abf4b8,SP,kitchen_dining_laundry_garden_furniture,17,2017-04,2018-08,2018,8,22,2260.68,4.18,95.45,0.0,13.64,5,-0.27,11,4.54,74.14,Stable,0,0,0,0,4.07,94.38,7.0,712.29,7.777777777777778,79.5,95.45
f8201cab383e484733266d1906e2fdfa,SC,cool_stuff,7,2017-06,2018-08,2018,8,3,293.03,3.0,66.67,0.0,33.33,1,-1.0,2,-33.33,56.5,Dormant,1,0,0,1,4.29,80.95,1.43,163.55,0.7407407407407408,50.0,66.67
f84a00e60c73a49e7e851c9bdca3a5bb,RJ,health_beauty,17,2017-02,2018-07,2018,7,2,106.27,4.5,100.0,0.0,0.0,1,0.5,0,0.0,76.32,Stable,0,0,0,0,3.92,92.06,5.29,467.75,0.3703703703703704,87.5,100.0
f84fa566034f5e8e880a07ec624c56af,SP,health_beauty,9,2017-07,2018-08,2018,8,3,194.51,4.5,100.0,0.0,0.0,2,-0.33,-2,0.0,76.4,Stable,0,0,0,0,4.7,97.44,10.11,710.59,0.7407407407407408,87.5,100.0
f8db351d8c4c4c22c6835c19a46f01b0,SP,housewares,20,2017-01,2018-08,2018,8,33,2613.69,4.28,86.84,0.0,15.15,9,0.36,-1,-10.3,73.54,Stable,0,1,0,1,4.14,94.63,33.25,3154.59,11.851851851851853,82.0,86.84
f918546be4bec7104d117789ba758b2b,SP,garden_tools,6,2017-12,2018-06,2018,6,2,287.88,5.0,100.0,0.0,0.0,1,2.2,-3,60.0,80.07,Star Performer,0,0,0,0,4.04,87.62,3.33,305.03,0.3703703703703704,100.0,100.0
f9244d45189d3a3605499abddeade7d5,SP,small_appliances,13,2017-02,2018-08,2018,8,1,1043.32,3.0,100.0,0.0,0.0,1,2.0,0,0.0,65.0,At-Risk,1,0,0,1,4.18,100.0,1.62,1277.49,0.0,50.0,100.0
f97e2b0650c2068227e1d366140eb62f,SP,pet_shop,10,2017-06,2018-08,2018,8,3,1147.47,4.5,100.0,0.0,0.0,2,0.0,1,0.0,76.4,Stable,0,0,0,0,3.7,95.0,1.6,466.6,0.7407407407407408,87.5,100.0
f9903dd0f812c7e771fcad47b6fff231,SC,construction_tools_lights,7,2017-11,2018-08,2018,8,1,172.86,1.0,100.0,0.0,200.0,1,-3.0,-1,0.0,48.1,Dormant,1,0,0,1,3.0,100.0,1.43,300.21,0.0,0.0,100.0
fa1a9dec3a9940c072684a46728bf1fc,SC,pet_shop,17,2017-01,2018-08,2018,8,2,255.21,5.0,100.0,0.0,0.0,1,0.5,-2,0.0,80.07,Star Performer,0,0,0,0,4.12,100.0,3.06,442.09,0.3703703703703704,100.0,100.0
fa1c13f2614d7b5c4749cbc52fecda94,SP,watches_gifts,20,2017-01,2018-08,2018,8,32,9404.46,4.56,93.75,0.0,6.25,1,0.53,-6,-0.84,77.37,Stable,0,0,0,0,4.44,92.43,29.25,10204.24,11.481481481481481,88.99999999999999,93.75
fa40cc5b934574b62717c68f3d678b6d,SP,toys,17,2017-01,2018-05,2018,5,9,817.72,4.7,100.0,0.0,0.0,1,0.26,0,12.5,78.34,Stable,0,0,1,1,4.45,94.09,18.0,1209.93,2.9629629629629632,92.5,100.0
fa74b2f3287d296e9fbd2cc80f2d1cf1,SP,perfumery,3,2017-07,2017-12,2017,12,7,2044.92,2.0,50.0,0.0,71.43,1,-0.33,4,0.0,44.76,Dormant,0,1,0,1,3.11,83.33,3.67,878.56,2.2222222222222223,25.0,50.0
fad44952713764836814be105382aee5,RJ,health_beauty,7,2018-01,2018-08,2018,8,4,783.76,4.0,75.0,0.0,25.0,1,-0.8,-1,-25.0,66.23,At-Risk,0,1,0,1,4.27,96.43,4.57,805.27,1.1111111111111112,75.0,75.0
fb3cfbc8a86f5d7fbb4d36b8df63f60d,RJ,bed_bath_table,2,2018-06,2018-08,2018,8,7,995.53,2.67,100.0,0.0,85.71,1,-2.33,4,0.0,62.15,At-Risk,0,0,0,0,3.84,100.0,5.0,612.53,2.2222222222222223,41.75,100.0
fb89df7f89fd1b8f03fa2acca1ba7364,PR,health_beauty,8,2017-10,2018-08,2018,8,3,313.37,3.67,100.0,0.0,0.0,1,0.0,0,0.0,70.17,Stable,0,0,0,0,4.06,94.05,2.75,335.93,0.7407407407407408,66.75,100.0
fbc14c0cf93505ef89f64665ffa4a7b5,SP,fixed_telephony,10,2017-08,2018-08,2018,8,4,3503.31,4.75,100.0,0.0,0.0,3,-0.25,2,0.0,78.35,Stable,0,0,0,0,3.86,95.0,1.8,1275.89,1.1111111111111112,93.75,100.0
fc906263ca5083d09dce42fe02247800,MG,computers_accessories,8,2017-04,2017-12,2017,12,1,35.69,5.0,100.0,0.0,0.0,1,0.0,-2,0.0,80.0,Star Performer,0,0,1,1,4.47,100.0,10.62,607.2,0.0,100.0,100.0
fcb5ace8bcc92f75707dc0f01a27d269,SP,cool_stuff,10,2017-11,2018-08,2018,8,6,535.6,3.5,100.0,16.67,33.33,4,-0.64,-1,14.29,67.97,At-Risk,0,0,0,0,3.8,97.32,6.2,930.92,1.8518518518518516,62.5,100.0
fcdd820084f17e9982427971e4e9d47f,SP,air_conditioning,6,2018-03,2018-08,2018,8,1,622.98,3.0,100.0,0.0,0.0,1,-1.67,-1,0.0,65.0,At-Risk,0,0,0,0,3.59,95.24,2.67,944.29,0.0,50.0,100.0
fd386aa7bed2af3c7035c65506c9b4a3,SP,stationery,7,2018-02,2018-08,2018,8,23,873.1,4.62,88.46,0.0,8.7,8,-0.03,9,-5.66,75.81,Stable,0,0,0,0,3.97,81.03,9.86,473.74,8.148148148148149,90.5,88.46
fdaaf5bfda82b7b80535610c831b8d09,SP,sports_leisure,6,2017-09,2018-05,2018,5,1,128.25,5.0,100.0,0.0,0.0,1,0.0,-1,0.0,80.0,Star Performer,0,0,0,0,4.27,90.0,1.67,474.72,0.0,100.0,100.0
fdb9095204a334cd8872252ffec6f2db,SP,bed_bath_table,9,2017-06,2018-05,2018,5,7,1278.61,4.5,90.0,0.0,14.29,1,0.4,0,0.0,74.06,Stable,0,0,0,0,3.77,95.93,5.11,1043.86,2.2222222222222223,87.5,90.0
fde0cc9ea29c8ccfc0a2c22256a58c71,PR,toys,11,2017-10,2018-08,2018,8,5,890.89,4.8,100.0,0.0,0.0,2,2.8,4,0.0,78.8,Stable,0,0,0,0,4.25,97.73,3.18,447.39,1.4814814814814816,95.0,100.0
fe2032dab1a61af8794248c8196565c9,SP,perfumery,18,2017-03,2018-08,2018,8,17,3739.01,4.53,70.59,0.0,11.76,2,-0.06,0,-29.41,70.2,Stable,0,1,0,1,4.39,92.41,16.33,3926.72,5.9259259259259265,88.25,70.59
fe49ee029e61e789a1f3a5525f57ba8d,SP,toys,5,2017-11,2018-03,2018,3,3,668.56,3.0,100.0,33.33,33.33,2,0.0,1,0.0,63.16,At-Risk,0,0,0,0,3.96,96.0,3.4,550.49,0.7407407407407408,50.0,100.0
fe701d88b67eaca109dffd464d1be9f9,RJ,fashion_bags_accessories,6,2017-11,2018-07,2018,7,1,181.53,5.0,100.0,0.0,0.0,1,1.25,-3,0.0,80.0,Star Performer,0,0,0,0,4.12,83.33,1.83,297.99,0.0,100.0,100.0
febab0275244b9a49a623f0bd613ca2f,SP,housewares,19,2017-02,2018-08,2018,8,4,464.86,4.8,80.0,0.0,0.0,2,0.13,1,-20.0,73.72,Stable,0,1,0,1,4.34,96.82,5.74,541.54,1.1111111111111112,95.0,80.0
ff063b022a9a0aab91bad2c9088760b7,SP,furniture_decor,16,2017-02,2018-08,2018,8,6,1938.74,3.67,100.0,0.0,16.67,3,-1.21,-2,0.0,70.24,Stable,0,0,0,0,4.24,97.66,5.88,878.83,1.8518518518518516,66.75,100.0
ff1fb4c404b2efe68b03350a8dc24122,SP,toys,8,2018-01,2018-08,2018,8,7,1401.58,2.43,42.86,0.0,57.14,2,-2.57,4,-23.81,46.34,Dormant,1,1,0,1,4.12,84.0,5.75,958.37,2.2222222222222223,35.75000000000001,42.86
ff4e2d38692ce827b1a4f4b8196e680d,SP,books_technical,6,2017-08,2018-07,2018,7,1,93.54,5.0,100.0,0.0,0.0,1,0.6,-4,0.0,80.0,Star Performer,0,0,0,0,4.4,100.0,1.83,111.53,0.0,100.0,100.0
ff69aa92bb6b1bf9b8b7a51c2ed9cf8b,SP,baby,7,2017-12,2018-06,2018,6,2,1963.29,5.0,100.0,0.0,0.0,1,0.0,1,0.0,80.07,Star Performer,0,0,0,0,4.02,82.14,2.86,3385.03,0.3703703703703704,100.0,100.0
ffa6adafb71b807dc13159e26431354c,PR,cine_photo,5,2018-03,2018-08,2018,8,4,617.59,4.25,100.0,0.0,0.0,3,-0.25,2,0.0,74.6,Stable,0,0,0,0,3.77,100.0,3.6,641.4,1.1111111111111112,81.25,100.0
ffad1e7127fb622cb64a900751590acd,SP,furniture_decor,5,2018-03,2018-07,2018,7,3,286.58,5.0,100.0,0.0,0.0,1,0.33,0,0.0,80.15,Star Performer,0,0,0,0,4.89,100.0,2.0,218.17,0.7407407407407408,100.0,100.0
ffc470761de7d0232558ba5e786e57b7,SP,housewares,7,2018-02,2018-08,2018,8,6,436.01,4.4,100.0,0.0,0.0,3,-0.6,4,0.0,75.87,Stable,0,0,0,0,4.25,85.71,4.0,298.16,1.8518518518518516,85.00000000000001,100.0
ffdd9f82b9a447f6f8d4b91554cc7dd3,PR,housewares,11,2017-03,2018-08,2018,8,1,111.79,5.0,100.0,0.0,0.0,1,0.0,-1,0.0,80.0,Star Performer,0,0,0,0,4.38,100.0,1.64,257.15,0.0,100.0,100.0
ffeee66ac5d5a62fe688b9d26f83f534,SP,home_appliances,7,2017-09,2018-05,2018,5,1,152.5,1.0,0.0,0.0,100.0,1,-4.0,-2,-100.0,24.05,Dormant,1,1,0,1,3.89,78.57,2.0,322.79,0.0,0.0,0.0
fffd5413c0700ac820c7069d66d98c89,SP,housewares,14,2017-07,2018-08,2018,8,4,624.33,5.0,100.0,0.0,0.0,1,0.0,2,0.0,80.22,Star Performer,0,0,0,0,3.73,88.49,4.29,849.72,1.1111111111111112,100.0,100.0
ffff564a4f9085cd26170f4732393726,SP,auto,3,2017-01,2017-04,2017,4,1,123.27,1.0,100.0,0.0,100.0,1,-0.44,-8,0.0,49.05,Dormant,0,0,1,1,1.92,100.0,5.33,477.73,0.0,0.0,100.0
