user_id,entry_date,segment,device,region,age_group,month,stage1_date,stage2_date,stage3_date,stage4_date,stage5_date,conversion_date,converted,exit_stage,stage2_reached,stage3_reached,stage4_reached,stage5_reached
U001001,2024-03-11,Referral,Desktop,North,55+,2024-03,2024-03-11,,,,,,0,stage1,0,0,0,0
U001002,2024-03-03,Organic,Mobile,North,25-34,2024-03,2024-03-03,2024-03-03,2024-03-04,2024-03-06,2024-03-07,2024-03-09,1,Converted,1,1,1,1
U001005,2024-01-09,Email,Desktop,South,18-24,2024-01,2024-01-09,2024-01-09,2024-01-10,2024-01-10,2024-01-12,2024-01-14,1,Converted,1,1,1,1
U001008,2024-02-20,Referral,Desktop,North,18-24,2024-02,2024-02-20,2024-02-22,2024-02-25,2024-02-27,2024-03-02,2024-03-02,1,Converted,1,1,1,1
U001011,2024-01-02,Referral,Desktop,West,18-24,2024-01,2024-01-02,2024-01-02,2024-01-05,,,,0,stage3,1,1,0,0
U001013,2024-03-12,Referral,Desktop,East,18-24,2024-03,2024-03-12,2024-03-12,,,,,0,stage2,1,0,0,0
U001014,2024-02-25,Referral,Desktop,East,35-44,2024-02,2024-02-25,2024-02-26,2024-02-27,2024-02-27,2024-03-02,2024-03-02,1,Converted,1,1,1,1
U001017,2024-03-08,Social,Desktop,Central,45-54,2024-03,2024-03-08,2024-03-08,,,,,0,stage2,1,0,0,0
U001019,2024-01-21,Social,Mobile,East,25-34,2024-01,2024-01-21,2024-01-23,2024-01-25,2024-01-27,,,0,stage4,1,1,1,0
U001023,2024-02-28,Organic,Desktop,West,25-34,2024-02,2024-02-28,,,,,,0,stage1,0,0,0,0
U001024,2024-03-15,Paid_Search,Desktop,West,35-44,2024-03,2024-03-15,2024-03-15,,,,,0,stage2,1,0,0,0
U001025,2024-02-29,Paid_Search,Mobile,North,35-44,2024-02,2024-02-29,,,,,,0,stage1,0,0,0,0
U001026,2024-01-26,Organic,Mobile,South,35-44,2024-01,2024-01-26,2024-01-27,,,,,0,stage2,1,0,0,0
U001027,2024-03-12,Paid_Search,Tablet,North,25-34,2024-03,2024-03-12,2024-03-13,,,,,0,stage2,1,0,0,0
U001029,2024-02-11,Organic,Mobile,Central,55+,2024-02,2024-02-11,2024-02-12,2024-02-14,2024-02-14,,,0,stage4,1,1,1,0
U001037,2024-03-24,Paid_Search,Tablet,Central,45-54,2024-03,2024-03-24,2024-03-24,2024-03-25,,,,0,stage3,1,1,0,0
U001038,2024-01-09,Paid_Search,Mobile,East,55+,2024-01,2024-01-09,,,,,,0,stage1,0,0,0,0
U001039,2024-03-21,Referral,Mobile,East,55+,2024-03,2024-03-21,2024-03-22,2024-03-24,,,,0,stage3,1,1,0,0
U001040,2024-01-17,Referral,Desktop,West,25-34,2024-01,2024-01-17,2024-01-17,,,,,0,stage2,1,0,0,0
U001042,2024-03-21,Referral,Desktop,West,45-54,2024-03,2024-03-21,2024-03-21,2024-03-24,2024-03-25,2024-03-29,2024-03-31,1,Converted,1,1,1,1
U001044,2024-02-05,Paid_Search,Mobile,East,45-54,2024-02,2024-02-05,2024-02-05,,,,,0,stage2,1,0,0,0
U001046,2024-03-08,Email,Mobile,South,45-54,2024-03,2024-03-08,2024-03-10,2024-03-13,2024-03-14,2024-03-18,,0,stage5,1,1,1,1
U001052,2024-03-05,Referral,Mobile,North,35-44,2024-03,2024-03-05,2024-03-07,,,,,0,stage2,1,0,0,0
U001053,2024-01-03,Email,Desktop,South,35-44,2024-01,2024-01-03,2024-01-05,2024-01-08,,,,0,stage3,1,1,0,0
U001054,2024-01-30,Paid_Search,Tablet,Central,18-24,2024-01,2024-01-30,2024-02-01,2024-02-04,2024-02-05,2024-02-08,2024-02-08,1,Converted,1,1,1,1
U001055,2024-03-16,Organic,Mobile,Central,18-24,2024-03,2024-03-16,,,,,,0,stage1,0,0,0,0
U001057,2024-02-10,Referral,Desktop,South,18-24,2024-02,2024-02-10,2024-02-11,,,,,0,stage2,1,0,0,0
U001058,2024-01-01,Email,Mobile,South,45-54,2024-01,2024-01-01,2024-01-03,,,,,0,stage2,1,0,0,0
U001059,2024-03-08,Social,Mobile,West,45-54,2024-03,2024-03-08,2024-03-10,,,,,0,stage2,1,0,0,0
U001060,2024-02-15,Paid_Search,Desktop,South,45-54,2024-02,2024-02-15,2024-02-17,2024-02-18,,,,0,stage3,1,1,0,0
U001064,2024-02-20,Paid_Search,Desktop,South,18-24,2024-02,2024-02-20,2024-02-20,,,,,0,stage2,1,0,0,0
U001069,2024-01-15,Organic,Desktop,West,35-44,2024-01,2024-01-15,,,,,,0,stage1,0,0,0,0
U001070,2024-03-02,Paid_Search,Mobile,Central,25-34,2024-03,2024-03-02,,,,,,0,stage1,0,0,0,0
U001072,2024-01-22,Organic,Desktop,Central,35-44,2024-01,2024-01-22,2024-01-24,,,,,0,stage2,1,0,0,0
U001074,2024-02-02,Social,Mobile,East,25-34,2024-02,2024-02-02,2024-02-02,,,,,0,stage2,1,0,0,0
U001077,2024-03-08,Social,Tablet,West,35-44,2024-03,2024-03-08,2024-03-10,,,,,0,stage2,1,0,0,0
U001080,2024-02-24,Social,Desktop,East,25-34,2024-02,2024-02-24,2024-02-26,2024-02-29,,,,0,stage3,1,1,0,0
U001082,2024-02-21,Email,Desktop,South,25-34,2024-02,2024-02-21,2024-02-23,,,,,0,stage2,1,0,0,0
U001083,2024-03-20,Referral,Mobile,West,35-44,2024-03,2024-03-20,2024-03-21,2024-03-24,,,,0,stage3,1,1,0,0
U001087,2024-03-27,Email,Mobile,East,45-54,2024-03,2024-03-27,2024-03-27,,,,,0,stage2,1,0,0,0
U001089,2024-02-26,Paid_Search,Mobile,West,25-34,2024-02,2024-02-26,2024-02-26,2024-02-27,2024-02-29,2024-03-01,2024-03-01,1,Converted,1,1,1,1
U001090,2024-01-18,Referral,Mobile,South,45-54,2024-01,2024-01-18,2024-01-18,,,,,0,stage2,1,0,0,0
U001091,2024-03-25,Organic,Mobile,North,18-24,2024-03,2024-03-25,2024-03-25,2024-03-28,2024-03-28,2024-03-31,2024-04-02,1,Converted,1,1,1,1
U001097,2024-02-18,Organic,Mobile,South,18-24,2024-02,2024-02-18,2024-02-18,2024-02-19,2024-02-21,2024-02-25,,0,stage5,1,1,1,1
U001098,2024-03-31,Referral,Desktop,West,25-34,2024-03,2024-03-31,2024-04-01,2024-04-03,,,,0,stage3,1,1,0,0
U001100,2024-01-14,Referral,Mobile,Central,35-44,2024-01,2024-01-14,2024-01-16,2024-01-19,2024-01-21,2024-01-22,2024-01-22,1,Converted,1,1,1,1
U001102,2024-03-04,Organic,Mobile,Central,45-54,2024-03,2024-03-04,,,,,,0,stage1,0,0,0,0
U001103,2024-02-19,Organic,Mobile,West,55+,2024-02,2024-02-19,2024-02-19,,,,,0,stage2,1,0,0,0
U001108,2024-01-24,Social,Tablet,North,35-44,2024-01,2024-01-24,,,,,,0,stage1,0,0,0,0
U001109,2024-03-01,Organic,Mobile,West,35-44,2024-03,2024-03-01,,,,,,0,stage1,0,0,0,0
U001110,2024-02-12,Organic,Desktop,North,18-24,2024-02,2024-02-12,2024-02-13,,,,,0,stage2,1,0,0,0
U001112,2024-02-24,Paid_Search,Mobile,East,25-34,2024-02,2024-02-24,,,,,,0,stage1,0,0,0,0
U001114,2024-02-12,Referral,Mobile,Central,35-44,2024-02,2024-02-12,2024-02-13,2024-02-14,,,,0,stage3,1,1,0,0
U001120,2024-02-09,Referral,Mobile,East,55+,2024-02,2024-02-09,2024-02-09,,,,,0,stage2,1,0,0,0
U001121,2024-03-16,Paid_Search,Desktop,North,45-54,2024-03,2024-03-16,,,,,,0,stage1,0,0,0,0
U001122,2024-02-25,Referral,Desktop,Central,35-44,2024-02,2024-02-25,2024-02-25,2024-02-28,,,,0,stage3,1,1,0,0
U001124,2024-03-21,Social,Mobile,Central,45-54,2024-03,2024-03-21,2024-03-21,,,,,0,stage2,1,0,0,0
U001125,2024-01-13,Paid_Search,Mobile,South,45-54,2024-01,2024-01-13,2024-01-15,2024-01-17,,,,0,stage3,1,1,0,0
U001128,2024-01-15,Paid_Search,Desktop,South,35-44,2024-01,2024-01-15,2024-01-17,2024-01-18,,,,0,stage3,1,1,0,0
U001129,2024-02-17,Organic,Tablet,North,25-34,2024-02,2024-02-17,2024-02-17,,,,,0,stage2,1,0,0,0
U001132,2024-01-31,Paid_Search,Mobile,East,25-34,2024-01,2024-01-31,2024-02-02,2024-02-03,2024-02-05,,,0,stage4,1,1,1,0
U001136,2024-03-07,Social,Desktop,South,35-44,2024-03,2024-03-07,2024-03-07,2024-03-10,,,,0,stage3,1,1,0,0
U001137,2024-03-21,Organic,Mobile,North,18-24,2024-03,2024-03-21,2024-03-21,,,,,0,stage2,1,0,0,0
U001138,2024-03-08,Paid_Search,Desktop,West,25-34,2024-03,2024-03-08,2024-03-09,2024-03-10,,,,0,stage3,1,1,0,0
U001141,2024-03-21,Social,Mobile,North,25-34,2024-03,2024-03-21,,,,,,0,stage1,0,0,0,0
U001142,2024-01-19,Referral,Mobile,North,45-54,2024-01,2024-01-19,,,,,,0,stage1,0,0,0,0
U001143,2024-01-03,Paid_Search,Mobile,South,18-24,2024-01,2024-01-03,,,,,,0,stage1,0,0,0,0
U001146,2024-01-26,Referral,Desktop,West,18-24,2024-01,2024-01-26,,,,,,0,stage1,0,0,0,0
U001147,2024-01-19,Paid_Search,Mobile,East,18-24,2024-01,2024-01-19,2024-01-21,,,,,0,stage2,1,0,0,0
U001148,2024-02-24,Organic,Desktop,South,25-34,2024-02,2024-02-24,2024-02-26,2024-02-28,,,,0,stage3,1,1,0,0
U001149,2024-02-03,Organic,Desktop,East,35-44,2024-02,2024-02-03,,,,,,0,stage1,0,0,0,0
U001150,2024-03-30,Referral,Mobile,North,25-34,2024-03,2024-03-30,2024-03-30,2024-03-31,,,,0,stage3,1,1,0,0
U001152,2024-02-10,Paid_Search,Desktop,East,25-34,2024-02,2024-02-10,,,,,,0,stage1,0,0,0,0
U001154,2024-03-18,Organic,Tablet,East,18-24,2024-03,2024-03-18,2024-03-20,,,,,0,stage2,1,0,0,0
U001157,2024-01-03,Organic,Desktop,Central,18-24,2024-01,2024-01-03,2024-01-05,,,,,0,stage2,1,0,0,0
U001159,2024-03-17,Email,Mobile,Central,45-54,2024-03,2024-03-17,2024-03-19,,,,,0,stage2,1,0,0,0
U001160,2024-01-27,Organic,Desktop,South,18-24,2024-01,2024-01-27,2024-01-27,,,,,0,stage2,1,0,0,0
U001161,2024-03-08,Paid_Search,Desktop,North,25-34,2024-03,2024-03-08,2024-03-08,,,,,0,stage2,1,0,0,0
U001162,2024-01-28,Paid_Search,Desktop,Central,35-44,2024-01,2024-01-28,2024-01-30,2024-02-02,,,,0,stage3,1,1,0,0
U001163,2024-02-09,Organic,Desktop,East,55+,2024-02,2024-02-09,,,,,,0,stage1,0,0,0,0
U001164,2024-03-10,Email,Mobile,West,25-34,2024-03,2024-03-10,2024-03-11,,,,,0,stage2,1,0,0,0
U001166,2024-03-28,Organic,Mobile,South,25-34,2024-03,2024-03-28,2024-03-28,2024-03-31,2024-04-02,2024-04-05,,0,stage5,1,1,1,1
U001169,2024-03-05,Paid_Search,Desktop,North,55+,2024-03,2024-03-05,2024-03-05,,,,,0,stage2,1,0,0,0
U001170,2024-01-24,Referral,Desktop,East,25-34,2024-01,2024-01-24,2024-01-26,2024-01-28,2024-01-29,,,0,stage4,1,1,1,0
U001171,2024-01-12,Paid_Search,Mobile,Central,45-54,2024-01,2024-01-12,,,,,,0,stage1,0,0,0,0
U001172,2024-01-01,Email,Mobile,South,45-54,2024-01,2024-01-01,,,,,,0,stage1,0,0,0,0
U001173,2024-03-26,Organic,Desktop,South,25-34,2024-03,2024-03-26,2024-03-26,,,,,0,stage2,1,0,0,0
U001175,2024-02-11,Email,Desktop,West,35-44,2024-02,2024-02-11,2024-02-13,2024-02-15,2024-02-17,2024-02-21,2024-02-23,1,Converted,1,1,1,1
U001176,2024-01-03,Referral,Mobile,North,25-34,2024-01,2024-01-03,2024-01-03,2024-01-04,,,,0,stage3,1,1,0,0
U001182,2024-02-07,Organic,Desktop,Central,35-44,2024-02,2024-02-07,2024-02-08,2024-02-09,,,,0,stage3,1,1,0,0
U001183,2024-01-11,Email,Desktop,South,35-44,2024-01,2024-01-11,2024-01-12,,,,,0,stage2,1,0,0,0
U001186,2024-03-04,Organic,Desktop,South,35-44,2024-03,2024-03-04,2024-03-06,,,,,0,stage2,1,0,0,0
U001187,2024-01-27,Email,Tablet,West,18-24,2024-01,2024-01-27,,,,,,0,stage1,0,0,0,0
U001188,2024-03-31,Organic,Mobile,South,25-34,2024-03,2024-03-31,,,,,,0,stage1,0,0,0,0
U001190,2024-02-09,Referral,Mobile,North,35-44,2024-02,2024-02-09,2024-02-09,2024-02-10,,,,0,stage3,1,1,0,0
U001191,2024-02-15,Organic,Mobile,Central,25-34,2024-02,2024-02-15,2024-02-16,2024-02-17,2024-02-17,,,0,stage4,1,1,1,0
U001192,2024-03-26,Paid_Search,Desktop,South,25-34,2024-03,2024-03-26,2024-03-27,,,,,0,stage2,1,0,0,0
U001194,2024-03-04,Social,Desktop,Central,45-54,2024-03,2024-03-04,,,,,,0,stage1,0,0,0,0
U001195,2024-03-09,Organic,Mobile,Central,35-44,2024-03,2024-03-09,,,,,,0,stage1,0,0,0,0
U001196,2024-02-10,Paid_Search,Mobile,North,35-44,2024-02,2024-02-10,2024-02-12,2024-02-13,,,,0,stage3,1,1,0,0
U001198,2024-03-30,Paid_Search,Desktop,South,35-44,2024-03,2024-03-30,,,,,,0,stage1,0,0,0,0
U001199,2024-03-19,Social,Mobile,East,18-24,2024-03,2024-03-19,2024-03-19,,,,,0,stage2,1,0,0,0
U001200,2024-02-27,Organic,Mobile,East,35-44,2024-02,2024-02-27,2024-02-27,2024-03-01,2024-03-01,2024-03-05,2024-03-06,1,Converted,1,1,1,1
U001201,2024-03-12,Paid_Search,Mobile,North,25-34,2024-03,2024-03-12,2024-03-12,,,,,0,stage2,1,0,0,0
U001202,2024-03-12,Referral,Desktop,North,18-24,2024-03,2024-03-12,2024-03-13,,,,,0,stage2,1,0,0,0
U001206,2024-03-25,Paid_Search,Desktop,North,18-24,2024-03,2024-03-25,2024-03-25,2024-03-26,,,,0,stage3,1,1,0,0
U001207,2024-03-07,Organic,Tablet,South,18-24,2024-03,2024-03-07,,,,,,0,stage1,0,0,0,0
U001208,2024-02-15,Referral,Mobile,East,35-44,2024-02,2024-02-15,2024-02-17,,,,,0,stage2,1,0,0,0
U001209,2024-03-08,Email,Desktop,North,35-44,2024-03,2024-03-08,2024-03-08,2024-03-09,2024-03-11,2024-03-15,,0,stage5,1,1,1,1
U001210,2024-03-29,Referral,Desktop,East,25-34,2024-03,2024-03-29,2024-03-31,,,,,0,stage2,1,0,0,0
U001211,2024-03-21,Organic,Desktop,East,25-34,2024-03,2024-03-21,,,,,,0,stage1,0,0,0,0
U001214,2024-01-30,Organic,Desktop,Central,18-24,2024-01,2024-01-30,2024-01-31,,,,,0,stage2,1,0,0,0
U001216,2024-02-18,Paid_Search,Mobile,South,35-44,2024-02,2024-02-18,2024-02-19,2024-02-20,,,,0,stage3,1,1,0,0
U001218,2024-01-01,Paid_Search,Mobile,North,18-24,2024-01,2024-01-01,2024-01-03,2024-01-06,,,,0,stage3,1,1,0,0
U001222,2024-01-18,Organic,Mobile,East,55+,2024-01,2024-01-18,2024-01-20,2024-01-22,2024-01-24,2024-01-27,,0,stage5,1,1,1,1
U001224,2024-02-01,Paid_Search,Mobile,East,35-44,2024-02,2024-02-01,2024-02-03,2024-02-05,2024-02-07,,,0,stage4,1,1,1,0
U001225,2024-03-20,Organic,Desktop,Central,18-24,2024-03,2024-03-20,2024-03-22,2024-03-24,,,,0,stage3,1,1,0,0
U001226,2024-03-24,Organic,Desktop,Central,55+,2024-03,2024-03-24,2024-03-25,2024-03-28,,,,0,stage3,1,1,0,0
U001227,2024-03-16,Social,Desktop,North,55+,2024-03,2024-03-16,,,,,,0,stage1,0,0,0,0
U001231,2024-02-14,Social,Desktop,West,25-34,2024-02,2024-02-14,,,,,,0,stage1,0,0,0,0
U001234,2024-03-18,Referral,Desktop,East,25-34,2024-03,2024-03-18,,,,,,0,stage1,0,0,0,0
U001235,2024-03-14,Paid_Search,Mobile,North,25-34,2024-03,2024-03-14,2024-03-14,2024-03-16,,,,0,stage3,1,1,0,0
U001238,2024-03-23,Organic,Desktop,North,55+,2024-03,2024-03-23,2024-03-24,2024-03-26,,,,0,stage3,1,1,0,0
U001241,2024-02-13,Organic,Mobile,West,18-24,2024-02,2024-02-13,2024-02-15,2024-02-16,,,,0,stage3,1,1,0,0
U001242,2024-03-13,Paid_Search,Desktop,East,18-24,2024-03,2024-03-13,2024-03-15,,,,,0,stage2,1,0,0,0
U001244,2024-01-24,Email,Mobile,South,45-54,2024-01,2024-01-24,2024-01-24,,,,,0,stage2,1,0,0,0
U001246,2024-02-27,Organic,Desktop,Central,25-34,2024-02,2024-02-27,2024-02-27,2024-02-28,,,,0,stage3,1,1,0,0
U001247,2024-01-07,Referral,Mobile,South,25-34,2024-01,2024-01-07,2024-01-07,2024-01-08,,,,0,stage3,1,1,0,0
U001249,2024-01-19,Email,Mobile,North,35-44,2024-01,2024-01-19,2024-01-20,2024-01-22,2024-01-24,2024-01-26,,0,stage5,1,1,1,1
U001251,2024-03-03,Organic,Mobile,Central,35-44,2024-03,2024-03-03,2024-03-03,2024-03-06,2024-03-08,,,0,stage4,1,1,1,0
U001252,2024-01-02,Email,Desktop,East,35-44,2024-01,2024-01-02,2024-01-02,2024-01-04,,,,0,stage3,1,1,0,0
U001253,2024-02-26,Email,Mobile,West,25-34,2024-02,2024-02-26,2024-02-26,2024-02-29,,,,0,stage3,1,1,0,0
U001256,2024-01-13,Paid_Search,Desktop,East,35-44,2024-01,2024-01-13,2024-01-15,,,,,0,stage2,1,0,0,0
U001257,2024-03-04,Organic,Desktop,West,35-44,2024-03,2024-03-04,2024-03-04,2024-03-06,2024-03-06,2024-03-10,2024-03-12,1,Converted,1,1,1,1
U001260,2024-03-22,Organic,Tablet,North,45-54,2024-03,2024-03-22,2024-03-23,,,,,0,stage2,1,0,0,0
U001263,2024-02-10,Email,Mobile,East,45-54,2024-02,2024-02-10,2024-02-12,,,,,0,stage2,1,0,0,0
U001265,2024-03-04,Paid_Search,Tablet,East,25-34,2024-03,2024-03-04,2024-03-06,2024-03-08,2024-03-10,,,0,stage4,1,1,1,0
U001267,2024-03-02,Paid_Search,Mobile,Central,18-24,2024-03,2024-03-02,,,,,,0,stage1,0,0,0,0
U001268,2024-03-11,Email,Mobile,North,18-24,2024-03,2024-03-11,2024-03-12,2024-03-13,,,,0,stage3,1,1,0,0
U001269,2024-03-14,Organic,Mobile,Central,45-54,2024-03,2024-03-14,2024-03-14,2024-03-16,,,,0,stage3,1,1,0,0
U001270,2024-03-26,Paid_Search,Mobile,North,45-54,2024-03,2024-03-26,2024-03-27,2024-03-30,,,,0,stage3,1,1,0,0
U001271,2024-01-21,Paid_Search,Desktop,West,45-54,2024-01,2024-01-21,2024-01-21,2024-01-22,,,,0,stage3,1,1,0,0
U001272,2024-02-29,Organic,Mobile,West,18-24,2024-02,2024-02-29,2024-03-01,2024-03-04,2024-03-04,2024-03-06,,0,stage5,1,1,1,1
U001273,2024-01-17,Social,Tablet,East,18-24,2024-01,2024-01-17,2024-01-18,,,,,0,stage2,1,0,0,0
U001278,2024-01-16,Paid_Search,Desktop,West,45-54,2024-01,2024-01-16,2024-01-16,,,,,0,stage2,1,0,0,0
U001283,2024-01-02,Organic,Mobile,North,55+,2024-01,2024-01-02,2024-01-03,,,,,0,stage2,1,0,0,0
U001284,2024-03-17,Referral,Mobile,North,18-24,2024-03,2024-03-17,2024-03-18,,,,,0,stage2,1,0,0,0
U001295,2024-02-12,Social,Desktop,West,18-24,2024-02,2024-02-12,2024-02-13,2024-02-14,2024-02-16,,,0,stage4,1,1,1,0
U001298,2024-01-07,Organic,Desktop,North,55+,2024-01,2024-01-07,2024-01-07,2024-01-10,2024-01-11,2024-01-13,,0,stage5,1,1,1,1
U001300,2024-02-16,Referral,Mobile,South,35-44,2024-02,2024-02-16,2024-02-16,,,,,0,stage2,1,0,0,0
U001301,2024-03-07,Paid_Search,Desktop,North,35-44,2024-03,2024-03-07,2024-03-08,,,,,0,stage2,1,0,0,0
U001302,2024-03-24,Organic,Desktop,East,35-44,2024-03,2024-03-24,2024-03-24,,,,,0,stage2,1,0,0,0
U001304,2024-03-12,Referral,Desktop,East,25-34,2024-03,2024-03-12,2024-03-13,2024-03-15,2024-03-15,2024-03-19,2024-03-19,1,Converted,1,1,1,1
U001308,2024-01-08,Organic,Mobile,South,55+,2024-01,2024-01-08,2024-01-08,2024-01-09,,,,0,stage3,1,1,0,0
U001309,2024-01-06,Social,Mobile,West,25-34,2024-01,2024-01-06,2024-01-08,2024-01-09,2024-01-09,,,0,stage4,1,1,1,0
U001310,2024-02-02,Paid_Search,Mobile,West,45-54,2024-02,2024-02-02,2024-02-03,,,,,0,stage2,1,0,0,0
U001312,2024-03-06,Email,Mobile,South,45-54,2024-03,2024-03-06,2024-03-07,,,,,0,stage2,1,0,0,0
U001313,2024-02-12,Organic,Mobile,North,18-24,2024-02,2024-02-12,,,,,,0,stage1,0,0,0,0
U001316,2024-01-30,Organic,Mobile,South,35-44,2024-01,2024-01-30,,,,,,0,stage1,0,0,0,0
U001317,2024-02-11,Organic,Desktop,North,35-44,2024-02,2024-02-11,2024-02-12,,,,,0,stage2,1,0,0,0
U001318,2024-01-28,Referral,Mobile,North,18-24,2024-01,2024-01-28,2024-01-30,2024-01-31,,,,0,stage3,1,1,0,0
U001319,2024-03-20,Referral,Mobile,North,45-54,2024-03,2024-03-20,,,,,,0,stage1,0,0,0,0
U001321,2024-02-20,Social,Desktop,East,25-34,2024-02,2024-02-20,,,,,,0,stage1,0,0,0,0
U001322,2024-01-20,Paid_Search,Mobile,East,45-54,2024-01,2024-01-20,2024-01-22,2024-01-25,,,,0,stage3,1,1,0,0
U001324,2024-03-03,Paid_Search,Mobile,Central,45-54,2024-03,2024-03-03,,,,,,0,stage1,0,0,0,0
U001325,2024-01-27,Organic,Mobile,Central,45-54,2024-01,2024-01-27,2024-01-29,2024-01-31,,,,0,stage3,1,1,0,0
U001329,2024-01-11,Paid_Search,Desktop,East,18-24,2024-01,2024-01-11,,,,,,0,stage1,0,0,0,0
U001330,2024-03-29,Social,Mobile,Central,55+,2024-03,2024-03-29,2024-03-31,,,,,0,stage2,1,0,0,0
U001333,2024-01-28,Referral,Desktop,North,45-54,2024-01,2024-01-28,2024-01-29,2024-01-31,2024-02-02,2024-02-06,2024-02-08,1,Converted,1,1,1,1
U001334,2024-02-09,Referral,Desktop,North,35-44,2024-02,2024-02-09,2024-02-10,,,,,0,stage2,1,0,0,0
U001335,2024-02-15,Social,Mobile,West,25-34,2024-02,2024-02-15,2024-02-17,,,,,0,stage2,1,0,0,0
U001343,2024-03-03,Social,Desktop,South,55+,2024-03,2024-03-03,,,,,,0,stage1,0,0,0,0
U001347,2024-03-27,Social,Desktop,North,55+,2024-03,2024-03-27,,,,,,0,stage1,0,0,0,0
U001348,2024-01-08,Paid_Search,Desktop,South,45-54,2024-01,2024-01-08,2024-01-09,,,,,0,stage2,1,0,0,0
U001349,2024-03-24,Paid_Search,Mobile,South,18-24,2024-03,2024-03-24,2024-03-24,2024-03-26,,,,0,stage3,1,1,0,0
U001350,2024-02-24,Organic,Mobile,West,18-24,2024-02,2024-02-24,,,,,,0,stage1,0,0,0,0
U001351,2024-03-31,Social,Desktop,East,45-54,2024-03,2024-03-31,2024-04-01,2024-04-03,2024-04-04,,,0,stage4,1,1,1,0
U001355,2024-03-02,Referral,Desktop,East,35-44,2024-03,2024-03-02,2024-03-04,2024-03-06,,,,0,stage3,1,1,0,0
U001357,2024-03-02,Email,Desktop,West,35-44,2024-03,2024-03-02,2024-03-04,2024-03-06,2024-03-08,2024-03-12,2024-03-13,1,Converted,1,1,1,1
U001358,2024-01-05,Organic,Mobile,South,55+,2024-01,2024-01-05,2024-01-05,2024-01-07,2024-01-07,2024-01-11,2024-01-13,1,Converted,1,1,1,1
U001359,2024-03-03,Organic,Mobile,North,18-24,2024-03,2024-03-03,2024-03-04,2024-03-07,2024-03-09,2024-03-12,,0,stage5,1,1,1,1
U001361,2024-03-29,Organic,Mobile,East,45-54,2024-03,2024-03-29,2024-03-30,,,,,0,stage2,1,0,0,0
U001365,2024-03-05,Referral,Mobile,South,25-34,2024-03,2024-03-05,2024-03-05,2024-03-06,2024-03-08,,,0,stage4,1,1,1,0
U001366,2024-02-19,Organic,Mobile,South,55+,2024-02,2024-02-19,,,,,,0,stage1,0,0,0,0
U001367,2024-03-21,Referral,Mobile,East,18-24,2024-03,2024-03-21,2024-03-21,,,,,0,stage2,1,0,0,0
U001372,2024-01-26,Paid_Search,Desktop,Central,45-54,2024-01,2024-01-26,,,,,,0,stage1,0,0,0,0
U001373,2024-02-19,Paid_Search,Mobile,East,25-34,2024-02,2024-02-19,,,,,,0,stage1,0,0,0,0
U001374,2024-03-16,Referral,Desktop,South,18-24,2024-03,2024-03-16,2024-03-16,2024-03-18,,,,0,stage3,1,1,0,0
U001375,2024-02-15,Paid_Search,Mobile,North,35-44,2024-02,2024-02-15,,,,,,0,stage1,0,0,0,0
U001376,2024-03-18,Paid_Search,Mobile,South,25-34,2024-03,2024-03-18,,,,,,0,stage1,0,0,0,0
U001377,2024-01-04,Referral,Mobile,North,55+,2024-01,2024-01-04,2024-01-06,,,,,0,stage2,1,0,0,0
U001379,2024-02-02,Paid_Search,Mobile,North,25-34,2024-02,2024-02-02,2024-02-03,2024-02-04,,,,0,stage3,1,1,0,0
U001380,2024-01-14,Paid_Search,Mobile,Central,18-24,2024-01,2024-01-14,,,,,,0,stage1,0,0,0,0
U001382,2024-03-15,Organic,Tablet,South,25-34,2024-03,2024-03-15,2024-03-17,2024-03-18,2024-03-20,2024-03-24,2024-03-24,1,Converted,1,1,1,1
U001383,2024-01-04,Social,Desktop,East,25-34,2024-01,2024-01-04,2024-01-06,2024-01-08,2024-01-09,2024-01-13,2024-01-14,1,Converted,1,1,1,1
U001384,2024-03-28,Email,Desktop,South,35-44,2024-03,2024-03-28,2024-03-28,2024-03-29,,,,0,stage3,1,1,0,0
U001385,2024-03-05,Paid_Search,Mobile,Central,45-54,2024-03,2024-03-05,,,,,,0,stage1,0,0,0,0
U001387,2024-01-19,Email,Desktop,East,45-54,2024-01,2024-01-19,2024-01-21,,,,,0,stage2,1,0,0,0
U001390,2024-01-14,Referral,Mobile,South,25-34,2024-01,2024-01-14,,,,,,0,stage1,0,0,0,0
U001391,2024-02-08,Paid_Search,Mobile,East,35-44,2024-02,2024-02-08,,,,,,0,stage1,0,0,0,0
U001392,2024-02-08,Email,Mobile,Central,45-54,2024-02,2024-02-08,2024-02-10,,,,,0,stage2,1,0,0,0
U001393,2024-03-18,Organic,Mobile,Central,25-34,2024-03,2024-03-18,,,,,,0,stage1,0,0,0,0
U001394,2024-01-22,Social,Mobile,Central,25-34,2024-01,2024-01-22,2024-01-22,,,,,0,stage2,1,0,0,0
U001395,2024-01-31,Email,Mobile,East,35-44,2024-01,2024-01-31,,,,,,0,stage1,0,0,0,0
U001402,2024-03-19,Paid_Search,Mobile,North,35-44,2024-03,2024-03-19,,,,,,0,stage1,0,0,0,0
U001404,2024-01-26,Email,Mobile,Central,25-34,2024-01,2024-01-26,2024-01-26,2024-01-29,,,,0,stage3,1,1,0,0
U001405,2024-02-24,Email,Desktop,South,35-44,2024-02,2024-02-24,2024-02-25,,,,,0,stage2,1,0,0,0
U001407,2024-02-10,Organic,Desktop,Central,45-54,2024-02,2024-02-10,2024-02-10,2024-02-11,2024-02-13,,,0,stage4,1,1,1,0
U001408,2024-01-20,Organic,Mobile,South,18-24,2024-01,2024-01-20,2024-01-20,2024-01-21,,,,0,stage3,1,1,0,0
U001413,2024-03-15,Paid_Search,Tablet,North,35-44,2024-03,2024-03-15,2024-03-15,2024-03-16,,,,0,stage3,1,1,0,0
U001414,2024-03-14,Referral,Mobile,North,35-44,2024-03,2024-03-14,2024-03-16,,,,,0,stage2,1,0,0,0
U001415,2024-03-13,Social,Tablet,West,25-34,2024-03,2024-03-13,2024-03-15,,,,,0,stage2,1,0,0,0
U001419,2024-02-20,Organic,Desktop,East,25-34,2024-02,2024-02-20,2024-02-21,,,,,0,stage2,1,0,0,0
U001420,2024-01-30,Referral,Mobile,West,25-34,2024-01,2024-01-30,,,,,,0,stage1,0,0,0,0
U001422,2024-01-19,Organic,Mobile,South,18-24,2024-01,2024-01-19,2024-01-19,2024-01-20,,,,0,stage3,1,1,0,0
U001423,2024-03-19,Paid_Search,Mobile,East,18-24,2024-03,2024-03-19,2024-03-21,,,,,0,stage2,1,0,0,0
U001425,2024-03-14,Paid_Search,Tablet,North,18-24,2024-03,2024-03-14,,,,,,0,stage1,0,0,0,0
U001428,2024-03-18,Email,Desktop,North,45-54,2024-03,2024-03-18,,,,,,0,stage1,0,0,0,0
U001431,2024-01-21,Email,Mobile,Central,18-24,2024-01,2024-01-21,2024-01-23,2024-01-24,2024-01-25,2024-01-28,2024-01-30,1,Converted,1,1,1,1
U001432,2024-03-05,Social,Desktop,North,45-54,2024-03,2024-03-05,,,,,,0,stage1,0,0,0,0
U001433,2024-01-07,Paid_Search,Desktop,South,25-34,2024-01,2024-01-07,,,,,,0,stage1,0,0,0,0
U001434,2024-01-24,Organic,Mobile,Central,35-44,2024-01,2024-01-24,2024-01-24,2024-01-27,2024-01-29,,,0,stage4,1,1,1,0
U001439,2024-03-12,Email,Desktop,Central,35-44,2024-03,2024-03-12,2024-03-12,2024-03-15,,,,0,stage3,1,1,0,0
U001445,2024-01-27,Referral,Mobile,East,18-24,2024-01,2024-01-27,2024-01-27,,,,,0,stage2,1,0,0,0
U001446,2024-03-25,Organic,Mobile,South,55+,2024-03,2024-03-25,,,,,,0,stage1,0,0,0,0
U001452,2024-03-05,Organic,Mobile,Central,55+,2024-03,2024-03-05,,,,,,0,stage1,0,0,0,0
U001453,2024-03-23,Paid_Search,Desktop,East,25-34,2024-03,2024-03-23,2024-03-23,,,,,0,stage2,1,0,0,0
U001459,2024-02-22,Email,Mobile,West,35-44,2024-02,2024-02-22,,,,,,0,stage1,0,0,0,0
U001460,2024-03-09,Paid_Search,Mobile,South,35-44,2024-03,2024-03-09,,,,,,0,stage1,0,0,0,0
U001462,2024-02-03,Social,Mobile,East,35-44,2024-02,2024-02-03,2024-02-04,,,,,0,stage2,1,0,0,0
U001466,2024-01-08,Social,Desktop,West,25-34,2024-01,2024-01-08,,,,,,0,stage1,0,0,0,0
U001469,2024-03-02,Referral,Desktop,East,55+,2024-03,2024-03-02,2024-03-04,2024-03-05,2024-03-06,,,0,stage4,1,1,1,0
U001473,2024-01-24,Social,Mobile,West,35-44,2024-01,2024-01-24,2024-01-24,2024-01-25,,,,0,stage3,1,1,0,0
U001475,2024-01-31,Social,Mobile,East,35-44,2024-01,2024-01-31,,,,,,0,stage1,0,0,0,0
U001478,2024-03-10,Organic,Mobile,West,25-34,2024-03,2024-03-10,2024-03-11,2024-03-13,,,,0,stage3,1,1,0,0
U001482,2024-02-18,Referral,Mobile,South,25-34,2024-02,2024-02-18,2024-02-20,2024-02-23,,,,0,stage3,1,1,0,0
U001483,2024-02-04,Organic,Mobile,West,55+,2024-02,2024-02-04,2024-02-04,2024-02-06,2024-02-07,,,0,stage4,1,1,1,0
U001484,2024-03-28,Organic,Mobile,East,35-44,2024-03,2024-03-28,,,,,,0,stage1,0,0,0,0
U001486,2024-03-09,Referral,Desktop,South,25-34,2024-03,2024-03-09,2024-03-09,,,,,0,stage2,1,0,0,0
U001487,2024-03-13,Email,Mobile,North,55+,2024-03,2024-03-13,,,,,,0,stage1,0,0,0,0
U001488,2024-03-17,Social,Mobile,East,35-44,2024-03,2024-03-17,,,,,,0,stage1,0,0,0,0
U001492,2024-02-08,Email,Mobile,South,25-34,2024-02,2024-02-08,,,,,,0,stage1,0,0,0,0
U001495,2024-03-23,Organic,Mobile,West,35-44,2024-03,2024-03-23,,,,,,0,stage1,0,0,0,0
U001496,2024-02-18,Organic,Tablet,Central,45-54,2024-02,2024-02-18,,,,,,0,stage1,0,0,0,0
U001498,2024-03-02,Referral,Mobile,North,25-34,2024-03,2024-03-02,,,,,,0,stage1,0,0,0,0
U001502,2024-03-22,Organic,Mobile,North,25-34,2024-03,2024-03-22,2024-03-24,2024-03-26,,,,0,stage3,1,1,0,0
U001507,2024-03-25,Email,Mobile,South,35-44,2024-03,2024-03-25,,,,,,0,stage1,0,0,0,0
U001508,2024-01-26,Social,Mobile,South,35-44,2024-01,2024-01-26,2024-01-27,2024-01-28,,,,0,stage3,1,1,0,0
U001511,2024-01-20,Referral,Mobile,North,18-24,2024-01,2024-01-20,2024-01-21,2024-01-23,,,,0,stage3,1,1,0,0
U001512,2024-03-27,Organic,Mobile,North,25-34,2024-03,2024-03-27,2024-03-29,,,,,0,stage2,1,0,0,0
U001515,2024-03-25,Referral,Mobile,East,25-34,2024-03,2024-03-25,,,,,,0,stage1,0,0,0,0
U001518,2024-01-10,Organic,Mobile,East,35-44,2024-01,2024-01-10,,,,,,0,stage1,0,0,0,0
U001520,2024-01-18,Social,Desktop,East,25-34,2024-01,2024-01-18,,,,,,0,stage1,0,0,0,0
U001521,2024-03-01,Paid_Search,Mobile,Central,45-54,2024-03,2024-03-01,2024-03-03,2024-03-06,,,,0,stage3,1,1,0,0
U001522,2024-03-14,Social,Desktop,North,18-24,2024-03,2024-03-14,,,,,,0,stage1,0,0,0,0
U001523,2024-02-28,Paid_Search,Mobile,Central,18-24,2024-02,2024-02-28,,,,,,0,stage1,0,0,0,0
U001524,2024-01-24,Organic,Mobile,West,25-34,2024-01,2024-01-24,,,,,,0,stage1,0,0,0,0
U001526,2024-02-12,Referral,Desktop,North,25-34,2024-02,2024-02-12,2024-02-14,2024-02-16,2024-02-16,,,0,stage4,1,1,1,0
U001527,2024-01-12,Social,Mobile,North,45-54,2024-01,2024-01-12,,,,,,0,stage1,0,0,0,0
U001528,2024-03-24,Social,Desktop,West,35-44,2024-03,2024-03-24,2024-03-24,,,,,0,stage2,1,0,0,0
U001529,2024-03-16,Referral,Desktop,North,18-24,2024-03,2024-03-16,,,,,,0,stage1,0,0,0,0
U001533,2024-02-14,Paid_Search,Desktop,West,45-54,2024-02,2024-02-14,2024-02-14,,,,,0,stage2,1,0,0,0
U001536,2024-03-02,Social,Desktop,North,18-24,2024-03,2024-03-02,,,,,,0,stage1,0,0,0,0
U001538,2024-02-06,Organic,Desktop,North,35-44,2024-02,2024-02-06,2024-02-06,,,,,0,stage2,1,0,0,0
U001542,2024-03-06,Organic,Mobile,South,18-24,2024-03,2024-03-06,2024-03-08,2024-03-09,,,,0,stage3,1,1,0,0
U001547,2024-03-17,Paid_Search,Mobile,North,55+,2024-03,2024-03-17,,,,,,0,stage1,0,0,0,0
U001549,2024-02-20,Email,Mobile,East,35-44,2024-02,2024-02-20,,,,,,0,stage1,0,0,0,0
U001551,2024-03-01,Paid_Search,Desktop,Central,18-24,2024-03,2024-03-01,2024-03-02,,,,,0,stage2,1,0,0,0
U001555,2024-03-11,Social,Desktop,North,45-54,2024-03,2024-03-11,,,,,,0,stage1,0,0,0,0
U001556,2024-01-03,Organic,Desktop,South,45-54,2024-01,2024-01-03,,,,,,0,stage1,0,0,0,0
U001558,2024-01-13,Organic,Mobile,North,55+,2024-01,2024-01-13,,,,,,0,stage1,0,0,0,0
U001560,2024-03-31,Organic,Mobile,North,55+,2024-03,2024-03-31,,,,,,0,stage1,0,0,0,0
U001561,2024-02-26,Email,Mobile,South,45-54,2024-02,2024-02-26,2024-02-28,2024-02-29,2024-03-02,2024-03-05,2024-03-07,1,Converted,1,1,1,1
U001564,2024-03-20,Organic,Desktop,East,18-24,2024-03,2024-03-20,2024-03-21,2024-03-22,,,,0,stage3,1,1,0,0
U001566,2024-01-24,Referral,Desktop,West,45-54,2024-01,2024-01-24,2024-01-25,2024-01-27,,,,0,stage3,1,1,0,0
U001568,2024-02-21,Paid_Search,Mobile,Central,25-34,2024-02,2024-02-21,,,,,,0,stage1,0,0,0,0
U001569,2024-02-03,Paid_Search,Mobile,East,45-54,2024-02,2024-02-03,2024-02-05,2024-02-07,,,,0,stage3,1,1,0,0
U001571,2024-03-16,Organic,Desktop,North,25-34,2024-03,2024-03-16,2024-03-18,2024-03-20,,,,0,stage3,1,1,0,0
U001572,2024-01-30,Organic,Desktop,Central,35-44,2024-01,2024-01-30,2024-01-31,2024-02-01,,,,0,stage3,1,1,0,0
U001573,2024-02-06,Paid_Search,Mobile,East,45-54,2024-02,2024-02-06,,,,,,0,stage1,0,0,0,0
U001574,2024-02-27,Organic,Desktop,South,25-34,2024-02,2024-02-27,,,,,,0,stage1,0,0,0,0
U001577,2024-01-24,Organic,Mobile,North,25-34,2024-01,2024-01-24,,,,,,0,stage1,0,0,0,0
U001581,2024-01-07,Organic,Mobile,East,25-34,2024-01,2024-01-07,2024-01-09,,,,,0,stage2,1,0,0,0
U001588,2024-02-05,Organic,Desktop,West,35-44,2024-02,2024-02-05,,,,,,0,stage1,0,0,0,0
U001589,2024-01-12,Paid_Search,Mobile,North,25-34,2024-01,2024-01-12,2024-01-12,2024-01-14,,,,0,stage3,1,1,0,0
U001596,2024-02-09,Organic,Desktop,East,25-34,2024-02,2024-02-09,2024-02-10,2024-02-13,,,,0,stage3,1,1,0,0
U001597,2024-01-26,Paid_Search,Mobile,North,35-44,2024-01,2024-01-26,,,,,,0,stage1,0,0,0,0
U001600,2024-01-09,Social,Mobile,East,25-34,2024-01,2024-01-09,2024-01-11,,,,,0,stage2,1,0,0,0
U001603,2024-03-01,Social,Tablet,South,55+,2024-03,2024-03-01,2024-03-02,2024-03-03,2024-03-05,2024-03-08,,0,stage5,1,1,1,1
U001605,2024-01-16,Social,Mobile,South,25-34,2024-01,2024-01-16,,,,,,0,stage1,0,0,0,0
U001607,2024-02-18,Organic,Mobile,West,45-54,2024-02,2024-02-18,2024-02-18,2024-02-20,2024-02-20,,,0,stage4,1,1,1,0
U001609,2024-03-26,Email,Desktop,West,18-24,2024-03,2024-03-26,2024-03-26,2024-03-27,,,,0,stage3,1,1,0,0
U001612,2024-02-29,Referral,Mobile,South,18-24,2024-02,2024-02-29,2024-03-01,,,,,0,stage2,1,0,0,0
U001613,2024-02-07,Organic,Mobile,North,45-54,2024-02,2024-02-07,2024-02-09,2024-02-10,,,,0,stage3,1,1,0,0
U001614,2024-03-11,Referral,Tablet,South,45-54,2024-03,2024-03-11,,,,,,0,stage1,0,0,0,0
U001615,2024-02-07,Email,Desktop,East,25-34,2024-02,2024-02-07,,,,,,0,stage1,0,0,0,0
U001616,2024-02-03,Paid_Search,Desktop,East,35-44,2024-02,2024-02-03,,,,,,0,stage1,0,0,0,0
U001618,2024-01-29,Organic,Desktop,East,35-44,2024-01,2024-01-29,2024-01-31,2024-02-01,2024-02-01,2024-02-02,2024-02-03,1,Converted,1,1,1,1
U001619,2024-03-01,Organic,Tablet,Central,25-34,2024-03,2024-03-01,,,,,,0,stage1,0,0,0,0
U001621,2024-01-05,Organic,Tablet,North,35-44,2024-01,2024-01-05,2024-01-05,,,,,0,stage2,1,0,0,0
U001622,2024-03-08,Organic,Tablet,North,35-44,2024-03,2024-03-08,2024-03-08,2024-03-09,,,,0,stage3,1,1,0,0
U001625,2024-01-17,Referral,Mobile,South,18-24,2024-01,2024-01-17,,,,,,0,stage1,0,0,0,0
U001630,2024-02-26,Paid_Search,Mobile,North,25-34,2024-02,2024-02-26,,,,,,0,stage1,0,0,0,0
U001632,2024-01-12,Organic,Mobile,South,45-54,2024-01,2024-01-12,2024-01-14,2024-01-17,,,,0,stage3,1,1,0,0
U001634,2024-01-16,Social,Mobile,North,25-34,2024-01,2024-01-16,2024-01-17,,,,,0,stage2,1,0,0,0
U001636,2024-01-28,Organic,Desktop,Central,25-34,2024-01,2024-01-28,2024-01-29,2024-02-01,2024-02-02,2024-02-03,,0,stage5,1,1,1,1
U001637,2024-01-21,Referral,Desktop,South,18-24,2024-01,2024-01-21,2024-01-22,2024-01-25,,,,0,stage3,1,1,0,0
U001638,2024-02-07,Organic,Mobile,Central,18-24,2024-02,2024-02-07,,,,,,0,stage1,0,0,0,0
U001639,2024-01-17,Email,Desktop,West,35-44,2024-01,2024-01-17,,,,,,0,stage1,0,0,0,0
U001640,2024-02-02,Organic,Mobile,East,25-34,2024-02,2024-02-02,2024-02-03,2024-02-06,,,,0,stage3,1,1,0,0
U001643,2024-03-24,Email,Mobile,North,45-54,2024-03,2024-03-24,2024-03-25,,,,,0,stage2,1,0,0,0
U001646,2024-03-16,Referral,Mobile,South,45-54,2024-03,2024-03-16,2024-03-17,,,,,0,stage2,1,0,0,0
U001649,2024-01-30,Paid_Search,Mobile,North,18-24,2024-01,2024-01-30,2024-02-01,2024-02-04,,,,0,stage3,1,1,0,0
U001651,2024-02-25,Email,Mobile,Central,35-44,2024-02,2024-02-25,2024-02-26,,,,,0,stage2,1,0,0,0
U001653,2024-02-28,Paid_Search,Mobile,West,25-34,2024-02,2024-02-28,2024-02-29,,,,,0,stage2,1,0,0,0
U001654,2024-03-27,Email,Desktop,West,35-44,2024-03,2024-03-27,,,,,,0,stage1,0,0,0,0
U001659,2024-01-24,Email,Desktop,East,18-24,2024-01,2024-01-24,2024-01-24,2024-01-25,,,,0,stage3,1,1,0,0
U001663,2024-01-16,Paid_Search,Mobile,West,18-24,2024-01,2024-01-16,2024-01-18,,,,,0,stage2,1,0,0,0
U001665,2024-03-31,Paid_Search,Desktop,Central,18-24,2024-03,2024-03-31,2024-04-02,,,,,0,stage2,1,0,0,0
U001667,2024-01-27,Organic,Desktop,Central,18-24,2024-01,2024-01-27,2024-01-29,,,,,0,stage2,1,0,0,0
U001669,2024-02-24,Referral,Desktop,South,35-44,2024-02,2024-02-24,2024-02-24,2024-02-27,,,,0,stage3,1,1,0,0
U001671,2024-03-30,Referral,Mobile,West,25-34,2024-03,2024-03-30,,,,,,0,stage1,0,0,0,0
U001673,2024-01-30,Email,Mobile,North,25-34,2024-01,2024-01-30,2024-01-31,2024-02-03,,,,0,stage3,1,1,0,0
U001674,2024-02-27,Email,Mobile,South,25-34,2024-02,2024-02-27,2024-02-28,,,,,0,stage2,1,0,0,0
U001679,2024-03-09,Referral,Mobile,West,35-44,2024-03,2024-03-09,2024-03-09,,,,,0,stage2,1,0,0,0
U001680,2024-02-16,Email,Mobile,South,18-24,2024-02,2024-02-16,2024-02-17,2024-02-20,,,,0,stage3,1,1,0,0
U001681,2024-03-20,Organic,Tablet,West,35-44,2024-03,2024-03-20,,,,,,0,stage1,0,0,0,0
U001682,2024-03-27,Organic,Mobile,West,45-54,2024-03,2024-03-27,,,,,,0,stage1,0,0,0,0
U001683,2024-03-30,Organic,Tablet,North,45-54,2024-03,2024-03-30,,,,,,0,stage1,0,0,0,0
U001684,2024-01-02,Organic,Desktop,North,25-34,2024-01,2024-01-02,2024-01-02,,,,,0,stage2,1,0,0,0
U001685,2024-02-06,Email,Desktop,East,45-54,2024-02,2024-02-06,,,,,,0,stage1,0,0,0,0
U001691,2024-03-24,Paid_Search,Mobile,West,18-24,2024-03,2024-03-24,2024-03-26,2024-03-29,2024-03-29,2024-03-30,2024-03-30,1,Converted,1,1,1,1
U001692,2024-02-10,Organic,Mobile,East,25-34,2024-02,2024-02-10,2024-02-12,,,,,0,stage2,1,0,0,0
U001693,2024-01-13,Organic,Mobile,North,18-24,2024-01,2024-01-13,2024-01-15,,,,,0,stage2,1,0,0,0
U001694,2024-01-21,Social,Desktop,Central,18-24,2024-01,2024-01-21,2024-01-22,2024-01-24,2024-01-26,2024-01-30,2024-01-31,1,Converted,1,1,1,1
U001696,2024-01-30,Organic,Mobile,Central,35-44,2024-01,2024-01-30,,,,,,0,stage1,0,0,0,0
U001697,2024-03-29,Organic,Mobile,East,18-24,2024-03,2024-03-29,2024-03-30,,,,,0,stage2,1,0,0,0
U001698,2024-01-29,Referral,Mobile,East,25-34,2024-01,2024-01-29,2024-01-30,2024-02-02,2024-02-04,2024-02-08,,0,stage5,1,1,1,1
U001700,2024-02-26,Referral,Mobile,East,55+,2024-02,2024-02-26,2024-02-27,2024-03-01,2024-03-01,,,0,stage4,1,1,1,0
U001701,2024-01-02,Email,Mobile,Central,45-54,2024-01,2024-01-02,2024-01-02,2024-01-04,2024-01-04,,,0,stage4,1,1,1,0
U001702,2024-02-05,Organic,Desktop,South,35-44,2024-02,2024-02-05,2024-02-06,2024-02-08,,,,0,stage3,1,1,0,0
U001703,2024-03-24,Social,Desktop,North,35-44,2024-03,2024-03-24,2024-03-24,2024-03-25,,,,0,stage3,1,1,0,0
U001706,2024-02-14,Email,Tablet,North,25-34,2024-02,2024-02-14,,,,,,0,stage1,0,0,0,0
U001707,2024-02-03,Paid_Search,Mobile,South,35-44,2024-02,2024-02-03,2024-02-04,2024-02-07,,,,0,stage3,1,1,0,0
U001711,2024-01-05,Organic,Mobile,South,35-44,2024-01,2024-01-05,2024-01-06,,,,,0,stage2,1,0,0,0
U001712,2024-01-20,Email,Mobile,East,18-24,2024-01,2024-01-20,2024-01-21,,,,,0,stage2,1,0,0,0
U001716,2024-01-06,Paid_Search,Desktop,North,18-24,2024-01,2024-01-06,2024-01-07,,,,,0,stage2,1,0,0,0
U001717,2024-02-13,Organic,Mobile,South,45-54,2024-02,2024-02-13,2024-02-15,,,,,0,stage2,1,0,0,0
U001720,2024-01-23,Email,Desktop,South,45-54,2024-01,2024-01-23,2024-01-24,2024-01-25,,,,0,stage3,1,1,0,0
U001721,2024-03-03,Organic,Mobile,North,45-54,2024-03,2024-03-03,2024-03-04,,,,,0,stage2,1,0,0,0
U001723,2024-01-21,Referral,Tablet,South,45-54,2024-01,2024-01-21,,,,,,0,stage1,0,0,0,0
U001725,2024-03-27,Referral,Mobile,East,25-34,2024-03,2024-03-27,2024-03-27,,,,,0,stage2,1,0,0,0
U001726,2024-03-26,Referral,Mobile,South,25-34,2024-03,2024-03-26,2024-03-26,,,,,0,stage2,1,0,0,0
U001727,2024-01-20,Email,Mobile,West,45-54,2024-01,2024-01-20,,,,,,0,stage1,0,0,0,0
U001729,2024-03-30,Social,Desktop,South,45-54,2024-03,2024-03-30,,,,,,0,stage1,0,0,0,0
U001731,2024-02-07,Paid_Search,Mobile,West,35-44,2024-02,2024-02-07,2024-02-07,2024-02-08,,,,0,stage3,1,1,0,0
U001732,2024-02-07,Social,Mobile,Central,25-34,2024-02,2024-02-07,,,,,,0,stage1,0,0,0,0
U001733,2024-03-06,Social,Desktop,Central,25-34,2024-03,2024-03-06,,,,,,0,stage1,0,0,0,0
U001734,2024-02-20,Organic,Desktop,West,35-44,2024-02,2024-02-20,2024-02-20,,,,,0,stage2,1,0,0,0
U001736,2024-02-09,Paid_Search,Mobile,Central,35-44,2024-02,2024-02-09,2024-02-11,,,,,0,stage2,1,0,0,0
U001737,2024-01-20,Paid_Search,Desktop,East,45-54,2024-01,2024-01-20,,,,,,0,stage1,0,0,0,0
U001738,2024-02-15,Referral,Mobile,Central,35-44,2024-02,2024-02-15,2024-02-17,2024-02-19,,,,0,stage3,1,1,0,0
U001744,2024-03-21,Referral,Mobile,East,45-54,2024-03,2024-03-21,2024-03-21,,,,,0,stage2,1,0,0,0
U001746,2024-01-18,Paid_Search,Mobile,East,55+,2024-01,2024-01-18,2024-01-19,,,,,0,stage2,1,0,0,0
U001748,2024-03-11,Social,Desktop,North,18-24,2024-03,2024-03-11,2024-03-13,,,,,0,stage2,1,0,0,0
U001749,2024-01-15,Email,Mobile,North,35-44,2024-01,2024-01-15,2024-01-16,2024-01-19,,,,0,stage3,1,1,0,0
U001750,2024-01-19,Referral,Mobile,North,55+,2024-01,2024-01-19,2024-01-20,2024-01-22,2024-01-23,2024-01-24,2024-01-24,1,Converted,1,1,1,1
U001752,2024-01-20,Social,Mobile,West,25-34,2024-01,2024-01-20,,,,,,0,stage1,0,0,0,0
U001758,2024-02-08,Social,Mobile,West,18-24,2024-02,2024-02-08,2024-02-08,,,,,0,stage2,1,0,0,0
U001760,2024-01-27,Organic,Desktop,North,45-54,2024-01,2024-01-27,2024-01-28,2024-01-31,,,,0,stage3,1,1,0,0
U001761,2024-01-22,Email,Desktop,West,45-54,2024-01,2024-01-22,2024-01-24,2024-01-27,2024-01-27,2024-01-28,2024-01-28,1,Converted,1,1,1,1
U001765,2024-03-27,Organic,Desktop,North,55+,2024-03,2024-03-27,2024-03-29,,,,,0,stage2,1,0,0,0
U001767,2024-01-14,Email,Desktop,East,45-54,2024-01,2024-01-14,2024-01-16,2024-01-19,2024-01-20,2024-01-21,2024-01-22,1,Converted,1,1,1,1
U001768,2024-01-25,Organic,Desktop,West,25-34,2024-01,2024-01-25,2024-01-27,2024-01-30,2024-01-31,2024-02-03,2024-02-04,1,Converted,1,1,1,1
U001770,2024-03-26,Organic,Mobile,Central,25-34,2024-03,2024-03-26,,,,,,0,stage1,0,0,0,0
U001771,2024-01-21,Organic,Desktop,South,18-24,2024-01,2024-01-21,2024-01-23,2024-01-26,2024-01-26,2024-01-29,2024-01-30,1,Converted,1,1,1,1
U001773,2024-02-03,Organic,Tablet,North,35-44,2024-02,2024-02-03,2024-02-05,,,,,0,stage2,1,0,0,0
U001775,2024-01-22,Paid_Search,Mobile,West,25-34,2024-01,2024-01-22,,,,,,0,stage1,0,0,0,0
U001776,2024-03-20,Referral,Desktop,Central,18-24,2024-03,2024-03-20,2024-03-22,2024-03-24,2024-03-26,,,0,stage4,1,1,1,0
U001777,2024-03-25,Email,Mobile,South,55+,2024-03,2024-03-25,2024-03-25,2024-03-28,2024-03-30,,,0,stage4,1,1,1,0
U001779,2024-01-24,Paid_Search,Desktop,Central,35-44,2024-01,2024-01-24,,,,,,0,stage1,0,0,0,0
U001783,2024-03-20,Referral,Tablet,East,25-34,2024-03,2024-03-20,,,,,,0,stage1,0,0,0,0
U001784,2024-02-16,Paid_Search,Desktop,South,25-34,2024-02,2024-02-16,2024-02-16,2024-02-18,2024-02-19,2024-02-21,,0,stage5,1,1,1,1
U001785,2024-02-27,Organic,Desktop,Central,35-44,2024-02,2024-02-27,2024-02-27,,,,,0,stage2,1,0,0,0
U001786,2024-02-09,Referral,Desktop,West,55+,2024-02,2024-02-09,2024-02-09,2024-02-11,,,,0,stage3,1,1,0,0
U001787,2024-01-26,Organic,Desktop,North,25-34,2024-01,2024-01-26,,,,,,0,stage1,0,0,0,0
U001790,2024-03-27,Paid_Search,Desktop,North,25-34,2024-03,2024-03-27,2024-03-29,2024-03-30,,,,0,stage3,1,1,0,0
U001793,2024-02-09,Organic,Mobile,East,35-44,2024-02,2024-02-09,2024-02-09,2024-02-10,2024-02-12,2024-02-14,,0,stage5,1,1,1,1
U001796,2024-03-01,Organic,Mobile,East,35-44,2024-03,2024-03-01,2024-03-02,2024-03-05,,,,0,stage3,1,1,0,0
U001797,2024-03-13,Paid_Search,Tablet,Central,35-44,2024-03,2024-03-13,2024-03-15,,,,,0,stage2,1,0,0,0
U001800,2024-03-20,Organic,Mobile,East,18-24,2024-03,2024-03-20,2024-03-21,,,,,0,stage2,1,0,0,0
U001801,2024-02-19,Organic,Mobile,East,45-54,2024-02,2024-02-19,2024-02-20,,,,,0,stage2,1,0,0,0
U001803,2024-03-13,Organic,Mobile,North,25-34,2024-03,2024-03-13,2024-03-14,,,,,0,stage2,1,0,0,0
U001806,2024-02-11,Organic,Desktop,East,25-34,2024-02,2024-02-11,,,,,,0,stage1,0,0,0,0
U001807,2024-02-21,Organic,Mobile,Central,18-24,2024-02,2024-02-21,2024-02-23,,,,,0,stage2,1,0,0,0
U001808,2024-02-05,Referral,Mobile,South,25-34,2024-02,2024-02-05,,,,,,0,stage1,0,0,0,0
U001809,2024-03-05,Referral,Mobile,North,18-24,2024-03,2024-03-05,,,,,,0,stage1,0,0,0,0
U001810,2024-01-14,Paid_Search,Desktop,North,35-44,2024-01,2024-01-14,,,,,,0,stage1,0,0,0,0
U001814,2024-02-01,Paid_Search,Mobile,East,18-24,2024-02,2024-02-01,2024-02-02,,,,,0,stage2,1,0,0,0
U001815,2024-01-22,Organic,Tablet,North,18-24,2024-01,2024-01-22,2024-01-22,,,,,0,stage2,1,0,0,0
U001816,2024-03-10,Paid_Search,Desktop,North,18-24,2024-03,2024-03-10,2024-03-11,,,,,0,stage2,1,0,0,0
U001820,2024-03-30,Organic,Desktop,West,18-24,2024-03,2024-03-30,2024-03-30,2024-04-01,2024-04-01,,,0,stage4,1,1,1,0
U001824,2024-01-26,Paid_Search,Mobile,North,35-44,2024-01,2024-01-26,,,,,,0,stage1,0,0,0,0
U001828,2024-01-02,Referral,Mobile,Central,25-34,2024-01,2024-01-02,2024-01-02,2024-01-03,2024-01-04,,,0,stage4,1,1,1,0
U001829,2024-02-25,Organic,Desktop,East,18-24,2024-02,2024-02-25,,,,,,0,stage1,0,0,0,0
U001830,2024-02-08,Paid_Search,Mobile,East,45-54,2024-02,2024-02-08,2024-02-10,2024-02-13,2024-02-15,2024-02-19,,0,stage5,1,1,1,1
U001831,2024-01-29,Paid_Search,Mobile,North,25-34,2024-01,2024-01-29,,,,,,0,stage1,0,0,0,0
U001832,2024-03-14,Paid_Search,Tablet,East,18-24,2024-03,2024-03-14,,,,,,0,stage1,0,0,0,0
U001833,2024-03-01,Paid_Search,Desktop,Central,18-24,2024-03,2024-03-01,2024-03-02,,,,,0,stage2,1,0,0,0
U001834,2024-02-01,Organic,Mobile,North,18-24,2024-02,2024-02-01,,,,,,0,stage1,0,0,0,0
U001835,2024-01-13,Organic,Mobile,East,25-34,2024-01,2024-01-13,2024-01-13,,,,,0,stage2,1,0,0,0
U001837,2024-01-17,Social,Mobile,East,55+,2024-01,2024-01-17,,,,,,0,stage1,0,0,0,0
U001838,2024-01-29,Paid_Search,Mobile,South,55+,2024-01,2024-01-29,2024-01-30,,,,,0,stage2,1,0,0,0
U001840,2024-01-05,Organic,Mobile,East,35-44,2024-01,2024-01-05,2024-01-07,2024-01-10,2024-01-12,2024-01-14,,0,stage5,1,1,1,1
U001841,2024-02-06,Email,Mobile,East,55+,2024-02,2024-02-06,2024-02-07,,,,,0,stage2,1,0,0,0
U001844,2024-01-22,Social,Mobile,East,25-34,2024-01,2024-01-22,,,,,,0,stage1,0,0,0,0
U001846,2024-01-18,Organic,Mobile,South,25-34,2024-01,2024-01-18,,,,,,0,stage1,0,0,0,0
U001852,2024-01-05,Email,Mobile,South,35-44,2024-01,2024-01-05,,,,,,0,stage1,0,0,0,0
U001854,2024-03-26,Organic,Mobile,Central,25-34,2024-03,2024-03-26,2024-03-26,,,,,0,stage2,1,0,0,0
U001855,2024-01-12,Email,Mobile,West,35-44,2024-01,2024-01-12,2024-01-13,2024-01-16,,,,0,stage3,1,1,0,0
U001856,2024-03-27,Organic,Desktop,West,25-34,2024-03,2024-03-27,,,,,,0,stage1,0,0,0,0
U001859,2024-01-17,Paid_Search,Desktop,North,25-34,2024-01,2024-01-17,2024-01-19,,,,,0,stage2,1,0,0,0
U001861,2024-01-12,Social,Desktop,South,35-44,2024-01,2024-01-12,2024-01-12,2024-01-13,,,,0,stage3,1,1,0,0
U001862,2024-03-21,Organic,Mobile,South,35-44,2024-03,2024-03-21,,,,,,0,stage1,0,0,0,0
U001863,2024-03-20,Paid_Search,Desktop,South,25-34,2024-03,2024-03-20,,,,,,0,stage1,0,0,0,0
U001867,2024-03-25,Paid_Search,Mobile,East,18-24,2024-03,2024-03-25,,,,,,0,stage1,0,0,0,0
U001868,2024-03-10,Social,Desktop,North,45-54,2024-03,2024-03-10,,,,,,0,stage1,0,0,0,0
U001869,2024-02-01,Social,Mobile,West,45-54,2024-02,2024-02-01,,,,,,0,stage1,0,0,0,0
U001871,2024-03-27,Organic,Desktop,West,18-24,2024-03,2024-03-27,2024-03-27,2024-03-29,,,,0,stage3,1,1,0,0
U001877,2024-03-16,Email,Mobile,Central,35-44,2024-03,2024-03-16,,,,,,0,stage1,0,0,0,0
U001878,2024-03-23,Organic,Desktop,Central,55+,2024-03,2024-03-23,2024-03-23,2024-03-24,2024-03-25,,,0,stage4,1,1,1,0
U001880,2024-03-19,Referral,Mobile,East,18-24,2024-03,2024-03-19,,,,,,0,stage1,0,0,0,0
U001885,2024-03-30,Organic,Desktop,North,18-24,2024-03,2024-03-30,,,,,,0,stage1,0,0,0,0
U001887,2024-03-31,Organic,Desktop,East,18-24,2024-03,2024-03-31,2024-04-02,2024-04-04,2024-04-05,2024-04-06,,0,stage5,1,1,1,1
U001888,2024-01-20,Organic,Mobile,East,45-54,2024-01,2024-01-20,2024-01-22,2024-01-25,,,,0,stage3,1,1,0,0
U001892,2024-01-08,Referral,Desktop,West,35-44,2024-01,2024-01-08,,,,,,0,stage1,0,0,0,0
U001893,2024-02-06,Organic,Desktop,Central,25-34,2024-02,2024-02-06,2024-02-08,2024-02-11,,,,0,stage3,1,1,0,0
U001895,2024-03-01,Organic,Mobile,West,35-44,2024-03,2024-03-01,,,,,,0,stage1,0,0,0,0
U001902,2024-03-21,Social,Mobile,West,35-44,2024-03,2024-03-21,,,,,,0,stage1,0,0,0,0
U001904,2024-03-04,Referral,Desktop,Central,18-24,2024-03,2024-03-04,2024-03-04,,,,,0,stage2,1,0,0,0
U001905,2024-01-07,Email,Tablet,West,25-34,2024-01,2024-01-07,,,,,,0,stage1,0,0,0,0
U001906,2024-02-17,Organic,Desktop,Central,25-34,2024-02,2024-02-17,2024-02-18,2024-02-21,2024-02-22,2024-02-23,2024-02-24,1,Converted,1,1,1,1
U001907,2024-03-07,Email,Tablet,North,45-54,2024-03,2024-03-07,,,,,,0,stage1,0,0,0,0
U001909,2024-02-24,Organic,Desktop,North,25-34,2024-02,2024-02-24,2024-02-26,2024-02-28,,,,0,stage3,1,1,0,0
U001911,2024-02-01,Organic,Desktop,Central,25-34,2024-02,2024-02-01,2024-02-01,,,,,0,stage2,1,0,0,0
U001912,2024-01-19,Email,Desktop,East,45-54,2024-01,2024-01-19,2024-01-20,,,,,0,stage2,1,0,0,0
U001913,2024-02-14,Email,Mobile,South,18-24,2024-02,2024-02-14,2024-02-16,,,,,0,stage2,1,0,0,0
U001915,2024-01-23,Paid_Search,Mobile,Central,45-54,2024-01,2024-01-23,2024-01-25,2024-01-27,2024-01-29,2024-02-01,2024-02-03,1,Converted,1,1,1,1
U001916,2024-01-17,Email,Mobile,Central,25-34,2024-01,2024-01-17,,,,,,0,stage1,0,0,0,0
U001918,2024-02-10,Paid_Search,Desktop,East,45-54,2024-02,2024-02-10,2024-02-12,,,,,0,stage2,1,0,0,0
U001921,2024-02-01,Social,Desktop,South,45-54,2024-02,2024-02-01,2024-02-01,2024-02-02,2024-02-02,2024-02-06,2024-02-06,1,Converted,1,1,1,1
U001927,2024-01-23,Paid_Search,Desktop,East,25-34,2024-01,2024-01-23,2024-01-23,2024-01-25,2024-01-26,,,0,stage4,1,1,1,0
U001929,2024-03-22,Paid_Search,Desktop,South,18-24,2024-03,2024-03-22,2024-03-24,,,,,0,stage2,1,0,0,0
U001930,2024-01-19,Referral,Mobile,East,18-24,2024-01,2024-01-19,,,,,,0,stage1,0,0,0,0
U001934,2024-02-02,Paid_Search,Desktop,West,25-34,2024-02,2024-02-02,2024-02-04,2024-02-07,,,,0,stage3,1,1,0,0
U001937,2024-01-15,Organic,Desktop,South,25-34,2024-01,2024-01-15,,,,,,0,stage1,0,0,0,0
U001938,2024-02-01,Social,Mobile,Central,25-34,2024-02,2024-02-01,,,,,,0,stage1,0,0,0,0
U001940,2024-02-09,Social,Desktop,North,45-54,2024-02,2024-02-09,,,,,,0,stage1,0,0,0,0
U001941,2024-03-18,Organic,Tablet,North,18-24,2024-03,2024-03-18,2024-03-18,,,,,0,stage2,1,0,0,0
U001942,2024-02-11,Referral,Mobile,Central,18-24,2024-02,2024-02-11,2024-02-12,2024-02-15,,,,0,stage3,1,1,0,0
U001943,2024-02-27,Email,Desktop,Central,18-24,2024-02,2024-02-27,2024-02-28,2024-03-02,2024-03-03,2024-03-04,2024-03-05,1,Converted,1,1,1,1
U001944,2024-02-20,Paid_Search,Desktop,East,18-24,2024-02,2024-02-20,2024-02-22,2024-02-25,,,,0,stage3,1,1,0,0
U001945,2024-03-11,Referral,Mobile,Central,35-44,2024-03,2024-03-11,2024-03-11,,,,,0,stage2,1,0,0,0
U001955,2024-03-27,Paid_Search,Mobile,East,35-44,2024-03,2024-03-27,2024-03-29,,,,,0,stage2,1,0,0,0
U001956,2024-01-11,Paid_Search,Mobile,North,25-34,2024-01,2024-01-11,,,,,,0,stage1,0,0,0,0
U001957,2024-01-08,Paid_Search,Mobile,East,25-34,2024-01,2024-01-08,2024-01-08,2024-01-09,,,,0,stage3,1,1,0,0
U001961,2024-01-08,Organic,Desktop,South,35-44,2024-01,2024-01-08,2024-01-09,,,,,0,stage2,1,0,0,0
U001963,2024-03-15,Email,Mobile,Central,35-44,2024-03,2024-03-15,2024-03-17,,,,,0,stage2,1,0,0,0
U001964,2024-03-18,Referral,Tablet,South,35-44,2024-03,2024-03-18,2024-03-19,2024-03-20,2024-03-22,,,0,stage4,1,1,1,0
U001967,2024-02-10,Referral,Desktop,East,25-34,2024-02,2024-02-10,2024-02-11,,,,,0,stage2,1,0,0,0
U001971,2024-03-29,Paid_Search,Tablet,North,18-24,2024-03,2024-03-29,2024-03-30,,,,,0,stage2,1,0,0,0
U001972,2024-02-03,Organic,Desktop,East,35-44,2024-02,2024-02-03,2024-02-04,2024-02-07,2024-02-09,2024-02-10,2024-02-11,1,Converted,1,1,1,1
U001973,2024-03-02,Organic,Mobile,Central,18-24,2024-03,2024-03-02,,,,,,0,stage1,0,0,0,0
U001975,2024-02-01,Referral,Desktop,Central,35-44,2024-02,2024-02-01,2024-02-02,2024-02-04,,,,0,stage3,1,1,0,0
U001976,2024-03-04,Organic,Mobile,West,25-34,2024-03,2024-03-04,,,,,,0,stage1,0,0,0,0
U001977,2024-02-06,Referral,Mobile,Central,25-34,2024-02,2024-02-06,2024-02-06,2024-02-07,2024-02-08,2024-02-12,2024-02-14,1,Converted,1,1,1,1
U001979,2024-02-18,Referral,Mobile,South,18-24,2024-02,2024-02-18,2024-02-18,2024-02-20,,,,0,stage3,1,1,0,0
U001982,2024-01-06,Organic,Mobile,West,45-54,2024-01,2024-01-06,2024-01-06,2024-01-08,,,,0,stage3,1,1,0,0
U001984,2024-01-13,Referral,Desktop,North,18-24,2024-01,2024-01-13,,,,,,0,stage1,0,0,0,0
U001985,2024-03-13,Organic,Tablet,Central,35-44,2024-03,2024-03-13,,,,,,0,stage1,0,0,0,0
U001989,2024-01-28,Paid_Search,Tablet,East,18-24,2024-01,2024-01-28,2024-01-29,,,,,0,stage2,1,0,0,0
U001990,2024-02-04,Paid_Search,Desktop,Central,25-34,2024-02,2024-02-04,2024-02-05,,,,,0,stage2,1,0,0,0
U001993,2024-01-12,Paid_Search,Mobile,West,25-34,2024-01,2024-01-12,2024-01-13,,,,,0,stage2,1,0,0,0
U001994,2024-01-14,Referral,Desktop,West,18-24,2024-01,2024-01-14,2024-01-16,2024-01-19,,,,0,stage3,1,1,0,0
U001995,2024-02-19,Paid_Search,Mobile,North,55+,2024-02,2024-02-19,2024-02-20,,,,,0,stage2,1,0,0,0
U001999,2024-03-12,Referral,Desktop,North,35-44,2024-03,2024-03-12,2024-03-14,2024-03-17,,,,0,stage3,1,1,0,0
U002001,2024-01-31,Organic,Mobile,South,25-34,2024-01,2024-01-31,2024-01-31,,,,,0,stage2,1,0,0,0
U002002,2024-01-25,Paid_Search,Mobile,East,45-54,2024-01,2024-01-25,,,,,,0,stage1,0,0,0,0
U002004,2024-03-27,Social,Tablet,Central,35-44,2024-03,2024-03-27,2024-03-29,2024-03-31,2024-03-31,2024-04-02,2024-04-04,1,Converted,1,1,1,1
U002006,2024-01-11,Referral,Tablet,South,25-34,2024-01,2024-01-11,2024-01-11,2024-01-12,,,,0,stage3,1,1,0,0
U002007,2024-02-05,Referral,Desktop,North,45-54,2024-02,2024-02-05,2024-02-07,,,,,0,stage2,1,0,0,0
U002008,2024-03-26,Paid_Search,Mobile,East,55+,2024-03,2024-03-26,2024-03-27,2024-03-30,,,,0,stage3,1,1,0,0
U002010,2024-02-08,Social,Mobile,Central,25-34,2024-02,2024-02-08,2024-02-10,2024-02-13,,,,0,stage3,1,1,0,0
U002011,2024-02-05,Organic,Tablet,West,25-34,2024-02,2024-02-05,2024-02-06,,,,,0,stage2,1,0,0,0
U002013,2024-03-27,Organic,Mobile,West,18-24,2024-03,2024-03-27,2024-03-29,,,,,0,stage2,1,0,0,0
U002018,2024-01-05,Social,Desktop,Central,35-44,2024-01,2024-01-05,,,,,,0,stage1,0,0,0,0
U002020,2024-03-19,Organic,Mobile,East,55+,2024-03,2024-03-19,2024-03-21,2024-03-24,,,,0,stage3,1,1,0,0
U002022,2024-01-07,Organic,Mobile,North,25-34,2024-01,2024-01-07,,,,,,0,stage1,0,0,0,0
U002024,2024-03-08,Social,Desktop,Central,35-44,2024-03,2024-03-08,2024-03-10,,,,,0,stage2,1,0,0,0
U002027,2024-01-14,Organic,Mobile,Central,18-24,2024-01,2024-01-14,,,,,,0,stage1,0,0,0,0
U002030,2024-02-13,Paid_Search,Desktop,North,45-54,2024-02,2024-02-13,,,,,,0,stage1,0,0,0,0
U002034,2024-01-05,Referral,Mobile,East,35-44,2024-01,2024-01-05,2024-01-06,2024-01-08,,,,0,stage3,1,1,0,0
U002037,2024-01-16,Paid_Search,Mobile,South,45-54,2024-01,2024-01-16,,,,,,0,stage1,0,0,0,0
U002039,2024-02-23,Paid_Search,Desktop,East,18-24,2024-02,2024-02-23,2024-02-25,,,,,0,stage2,1,0,0,0
U002040,2024-03-24,Email,Mobile,Central,45-54,2024-03,2024-03-24,2024-03-26,2024-03-28,2024-03-30,,,0,stage4,1,1,1,0
U002044,2024-03-12,Social,Mobile,Central,25-34,2024-03,2024-03-12,2024-03-14,,,,,0,stage2,1,0,0,0
U002045,2024-03-17,Social,Desktop,Central,18-24,2024-03,2024-03-17,,,,,,0,stage1,0,0,0,0
U002046,2024-02-27,Paid_Search,Mobile,South,25-34,2024-02,2024-02-27,2024-02-28,2024-03-01,2024-03-03,2024-03-05,2024-03-07,1,Converted,1,1,1,1
U002050,2024-02-01,Organic,Desktop,South,35-44,2024-02,2024-02-01,2024-02-03,2024-02-06,2024-02-08,2024-02-12,2024-02-13,1,Converted,1,1,1,1
U002051,2024-03-29,Social,Mobile,West,45-54,2024-03,2024-03-29,,,,,,0,stage1,0,0,0,0
U002052,2024-02-07,Referral,Desktop,South,45-54,2024-02,2024-02-07,2024-02-08,2024-02-09,,,,0,stage3,1,1,0,0
U002053,2024-03-14,Paid_Search,Mobile,East,45-54,2024-03,2024-03-14,,,,,,0,stage1,0,0,0,0
U002054,2024-01-21,Paid_Search,Desktop,Central,18-24,2024-01,2024-01-21,2024-01-22,,,,,0,stage2,1,0,0,0
U002057,2024-03-10,Social,Mobile,South,55+,2024-03,2024-03-10,2024-03-12,2024-03-15,,,,0,stage3,1,1,0,0
U002058,2024-03-10,Email,Mobile,South,55+,2024-03,2024-03-10,2024-03-10,2024-03-11,,,,0,stage3,1,1,0,0
U002062,2024-02-29,Email,Tablet,South,45-54,2024-02,2024-02-29,2024-02-29,2024-03-01,,,,0,stage3,1,1,0,0
U002064,2024-03-25,Paid_Search,Tablet,North,25-34,2024-03,2024-03-25,2024-03-27,,,,,0,stage2,1,0,0,0
U002066,2024-01-26,Social,Desktop,Central,25-34,2024-01,2024-01-26,2024-01-28,2024-01-29,,,,0,stage3,1,1,0,0
U002067,2024-01-02,Organic,Tablet,South,18-24,2024-01,2024-01-02,2024-01-04,2024-01-05,2024-01-06,2024-01-10,2024-01-11,1,Converted,1,1,1,1
U002069,2024-03-23,Organic,Mobile,West,25-34,2024-03,2024-03-23,2024-03-24,2024-03-27,,,,0,stage3,1,1,0,0
U002070,2024-01-16,Social,Desktop,East,35-44,2024-01,2024-01-16,,,,,,0,stage1,0,0,0,0
U002071,2024-01-23,Email,Mobile,West,18-24,2024-01,2024-01-23,2024-01-25,,,,,0,stage2,1,0,0,0
U002073,2024-02-29,Email,Mobile,South,35-44,2024-02,2024-02-29,2024-03-02,,,,,0,stage2,1,0,0,0
U002074,2024-01-10,Email,Mobile,North,18-24,2024-01,2024-01-10,,,,,,0,stage1,0,0,0,0
U002075,2024-02-14,Organic,Mobile,East,35-44,2024-02,2024-02-14,2024-02-15,2024-02-16,,,,0,stage3,1,1,0,0
U002076,2024-01-10,Email,Desktop,North,25-34,2024-01,2024-01-10,2024-01-11,2024-01-13,,,,0,stage3,1,1,0,0
U002077,2024-02-17,Referral,Mobile,Central,55+,2024-02,2024-02-17,2024-02-19,2024-02-21,2024-02-21,2024-02-22,2024-02-23,1,Converted,1,1,1,1
U002079,2024-03-26,Paid_Search,Mobile,North,45-54,2024-03,2024-03-26,2024-03-27,,,,,0,stage2,1,0,0,0
U002085,2024-03-10,Paid_Search,Mobile,Central,25-34,2024-03,2024-03-10,2024-03-10,2024-03-11,2024-03-12,2024-03-14,,0,stage5,1,1,1,1
U002087,2024-02-17,Organic,Mobile,West,35-44,2024-02,2024-02-17,2024-02-17,2024-02-20,2024-02-21,2024-02-24,2024-02-26,1,Converted,1,1,1,1
U002093,2024-01-23,Referral,Mobile,North,45-54,2024-01,2024-01-23,2024-01-24,,,,,0,stage2,1,0,0,0
U002095,2024-02-17,Paid_Search,Desktop,Central,45-54,2024-02,2024-02-17,2024-02-17,2024-02-19,,,,0,stage3,1,1,0,0
U002096,2024-03-23,Email,Desktop,Central,25-34,2024-03,2024-03-23,2024-03-23,2024-03-24,2024-03-25,2024-03-29,,0,stage5,1,1,1,1
U002097,2024-03-01,Organic,Mobile,North,55+,2024-03,2024-03-01,2024-03-02,,,,,0,stage2,1,0,0,0
U002098,2024-03-09,Email,Mobile,East,18-24,2024-03,2024-03-09,2024-03-10,,,,,0,stage2,1,0,0,0
U002099,2024-03-18,Social,Mobile,South,35-44,2024-03,2024-03-18,2024-03-20,2024-03-23,2024-03-25,2024-03-26,,0,stage5,1,1,1,1
U002100,2024-03-07,Organic,Mobile,East,45-54,2024-03,2024-03-07,2024-03-09,2024-03-11,2024-03-13,,,0,stage4,1,1,1,0
U002101,2024-03-01,Referral,Desktop,Central,45-54,2024-03,2024-03-01,2024-03-01,2024-03-04,2024-03-04,,,0,stage4,1,1,1,0
U002103,2024-02-10,Paid_Search,Desktop,South,25-34,2024-02,2024-02-10,2024-02-11,,,,,0,stage2,1,0,0,0
U002106,2024-03-20,Paid_Search,Desktop,East,25-34,2024-03,2024-03-20,2024-03-22,,,,,0,stage2,1,0,0,0
U002107,2024-01-31,Organic,Desktop,Central,55+,2024-01,2024-01-31,2024-02-02,,,,,0,stage2,1,0,0,0
U002108,2024-03-16,Social,Mobile,East,18-24,2024-03,2024-03-16,2024-03-17,2024-03-20,2024-03-20,2024-03-22,2024-03-22,1,Converted,1,1,1,1
U002114,2024-02-25,Referral,Mobile,North,18-24,2024-02,2024-02-25,2024-02-25,,,,,0,stage2,1,0,0,0
U002119,2024-01-16,Social,Desktop,West,18-24,2024-01,2024-01-16,,,,,,0,stage1,0,0,0,0
U002121,2024-02-21,Organic,Mobile,East,45-54,2024-02,2024-02-21,2024-02-23,,,,,0,stage2,1,0,0,0
U002123,2024-03-24,Referral,Mobile,East,35-44,2024-03,2024-03-24,,,,,,0,stage1,0,0,0,0
U002126,2024-02-22,Social,Mobile,East,25-34,2024-02,2024-02-22,2024-02-24,,,,,0,stage2,1,0,0,0
U002128,2024-01-24,Referral,Desktop,East,35-44,2024-01,2024-01-24,2024-01-26,,,,,0,stage2,1,0,0,0
U002130,2024-01-15,Paid_Search,Mobile,East,18-24,2024-01,2024-01-15,,,,,,0,stage1,0,0,0,0
U002132,2024-02-03,Paid_Search,Mobile,South,35-44,2024-02,2024-02-03,2024-02-05,,,,,0,stage2,1,0,0,0
U002138,2024-01-01,Social,Mobile,West,45-54,2024-01,2024-01-01,,,,,,0,stage1,0,0,0,0
U002139,2024-02-25,Organic,Desktop,South,35-44,2024-02,2024-02-25,2024-02-27,2024-02-28,,,,0,stage3,1,1,0,0
U002140,2024-01-12,Paid_Search,Mobile,North,35-44,2024-01,2024-01-12,2024-01-13,,,,,0,stage2,1,0,0,0
U002141,2024-03-29,Organic,Mobile,South,25-34,2024-03,2024-03-29,2024-03-31,2024-04-01,,,,0,stage3,1,1,0,0
U002147,2024-01-21,Organic,Tablet,East,25-34,2024-01,2024-01-21,2024-01-23,2024-01-26,,,,0,stage3,1,1,0,0
U002150,2024-02-02,Email,Mobile,South,25-34,2024-02,2024-02-02,2024-02-04,2024-02-05,,,,0,stage3,1,1,0,0
U002151,2024-01-01,Paid_Search,Tablet,South,35-44,2024-01,2024-01-01,2024-01-01,,,,,0,stage2,1,0,0,0
U002152,2024-03-17,Organic,Mobile,East,35-44,2024-03,2024-03-17,,,,,,0,stage1,0,0,0,0
U002157,2024-03-11,Paid_Search,Mobile,East,18-24,2024-03,2024-03-11,2024-03-11,2024-03-14,,,,0,stage3,1,1,0,0
U002158,2024-01-29,Referral,Desktop,South,18-24,2024-01,2024-01-29,,,,,,0,stage1,0,0,0,0
U002159,2024-01-09,Organic,Mobile,West,18-24,2024-01,2024-01-09,,,,,,0,stage1,0,0,0,0
U002162,2024-01-26,Email,Mobile,East,25-34,2024-01,2024-01-26,2024-01-28,2024-01-29,,,,0,stage3,1,1,0,0
U002166,2024-02-25,Organic,Mobile,South,18-24,2024-02,2024-02-25,2024-02-25,2024-02-26,2024-02-28,,,0,stage4,1,1,1,0
U002167,2024-03-15,Paid_Search,Desktop,East,25-34,2024-03,2024-03-15,,,,,,0,stage1,0,0,0,0
U002168,2024-02-29,Organic,Mobile,East,25-34,2024-02,2024-02-29,2024-03-02,,,,,0,stage2,1,0,0,0
U002171,2024-03-23,Referral,Mobile,West,18-24,2024-03,2024-03-23,,,,,,0,stage1,0,0,0,0
U002172,2024-03-01,Paid_Search,Mobile,East,35-44,2024-03,2024-03-01,2024-03-02,,,,,0,stage2,1,0,0,0
U002173,2024-02-06,Paid_Search,Mobile,North,25-34,2024-02,2024-02-06,2024-02-08,2024-02-11,,,,0,stage3,1,1,0,0
U002174,2024-02-26,Paid_Search,Tablet,East,45-54,2024-02,2024-02-26,2024-02-27,2024-02-29,2024-03-01,2024-03-02,,0,stage5,1,1,1,1
U002177,2024-02-14,Paid_Search,Mobile,East,55+,2024-02,2024-02-14,,,,,,0,stage1,0,0,0,0
U002180,2024-01-13,Paid_Search,Desktop,East,35-44,2024-01,2024-01-13,2024-01-14,2024-01-17,2024-01-19,2024-01-23,2024-01-25,1,Converted,1,1,1,1
U002181,2024-03-22,Paid_Search,Desktop,West,45-54,2024-03,2024-03-22,2024-03-24,2024-03-26,2024-03-27,2024-03-29,2024-03-30,1,Converted,1,1,1,1
U002183,2024-02-17,Organic,Desktop,West,55+,2024-02,2024-02-17,2024-02-19,,,,,0,stage2,1,0,0,0
U002185,2024-03-17,Referral,Desktop,North,35-44,2024-03,2024-03-17,2024-03-19,,,,,0,stage2,1,0,0,0
U002186,2024-02-06,Email,Mobile,Central,18-24,2024-02,2024-02-06,2024-02-07,,,,,0,stage2,1,0,0,0
U002187,2024-01-15,Organic,Desktop,North,18-24,2024-01,2024-01-15,2024-01-17,,,,,0,stage2,1,0,0,0
U002189,2024-03-03,Referral,Mobile,North,18-24,2024-03,2024-03-03,,,,,,0,stage1,0,0,0,0
U002190,2024-03-06,Referral,Desktop,North,55+,2024-03,2024-03-06,2024-03-06,2024-03-08,,,,0,stage3,1,1,0,0
U002192,2024-01-21,Paid_Search,Desktop,North,35-44,2024-01,2024-01-21,2024-01-22,2024-01-24,2024-01-24,2024-01-26,,0,stage5,1,1,1,1
U002193,2024-01-14,Paid_Search,Mobile,East,25-34,2024-01,2024-01-14,,,,,,0,stage1,0,0,0,0
U002194,2024-03-09,Email,Mobile,Central,35-44,2024-03,2024-03-09,2024-03-10,,,,,0,stage2,1,0,0,0
U002198,2024-02-23,Organic,Mobile,West,35-44,2024-02,2024-02-23,2024-02-24,2024-02-26,,,,0,stage3,1,1,0,0
U002199,2024-01-04,Organic,Mobile,North,45-54,2024-01,2024-01-04,,,,,,0,stage1,0,0,0,0
U002200,2024-02-24,Social,Desktop,West,25-34,2024-02,2024-02-24,,,,,,0,stage1,0,0,0,0
U002201,2024-02-18,Organic,Desktop,West,35-44,2024-02,2024-02-18,2024-02-20,2024-02-21,,,,0,stage3,1,1,0,0
U002205,2024-03-02,Referral,Mobile,South,45-54,2024-03,2024-03-02,2024-03-04,,,,,0,stage2,1,0,0,0
U002206,2024-03-23,Organic,Desktop,Central,35-44,2024-03,2024-03-23,2024-03-24,,,,,0,stage2,1,0,0,0
U002210,2024-03-07,Organic,Desktop,East,55+,2024-03,2024-03-07,2024-03-08,,,,,0,stage2,1,0,0,0
U002212,2024-01-26,Paid_Search,Mobile,North,18-24,2024-01,2024-01-26,,,,,,0,stage1,0,0,0,0
U002214,2024-01-12,Paid_Search,Mobile,East,18-24,2024-01,2024-01-12,,,,,,0,stage1,0,0,0,0
U002216,2024-01-05,Organic,Desktop,Central,18-24,2024-01,2024-01-05,2024-01-06,2024-01-09,2024-01-11,,,0,stage4,1,1,1,0
U002219,2024-03-25,Social,Mobile,East,18-24,2024-03,2024-03-25,,,,,,0,stage1,0,0,0,0
U002220,2024-02-28,Organic,Tablet,East,25-34,2024-02,2024-02-28,,,,,,0,stage1,0,0,0,0
U002222,2024-03-03,Referral,Mobile,Central,18-24,2024-03,2024-03-03,2024-03-04,2024-03-07,2024-03-09,2024-03-12,,0,stage5,1,1,1,1
U002223,2024-03-06,Paid_Search,Mobile,North,35-44,2024-03,2024-03-06,,,,,,0,stage1,0,0,0,0
U002225,2024-02-13,Email,Desktop,East,25-34,2024-02,2024-02-13,2024-02-15,2024-02-17,,,,0,stage3,1,1,0,0
U002226,2024-02-13,Paid_Search,Desktop,Central,25-34,2024-02,2024-02-13,2024-02-13,2024-02-16,2024-02-18,2024-02-22,2024-02-22,1,Converted,1,1,1,1
U002229,2024-01-09,Referral,Desktop,East,18-24,2024-01,2024-01-09,2024-01-09,2024-01-12,,,,0,stage3,1,1,0,0
U002230,2024-01-13,Social,Mobile,East,25-34,2024-01,2024-01-13,2024-01-13,2024-01-15,2024-01-15,2024-01-17,2024-01-17,1,Converted,1,1,1,1
U002232,2024-02-08,Organic,Mobile,South,18-24,2024-02,2024-02-08,,,,,,0,stage1,0,0,0,0
U002233,2024-01-03,Organic,Tablet,Central,35-44,2024-01,2024-01-03,2024-01-03,,,,,0,stage2,1,0,0,0
U002237,2024-01-05,Paid_Search,Mobile,Central,35-44,2024-01,2024-01-05,2024-01-05,2024-01-08,,,,0,stage3,1,1,0,0
U002239,2024-01-05,Paid_Search,Mobile,North,18-24,2024-01,2024-01-05,2024-01-07,,,,,0,stage2,1,0,0,0
U002240,2024-03-11,Organic,Mobile,South,35-44,2024-03,2024-03-11,,,,,,0,stage1,0,0,0,0
U002242,2024-03-14,Social,Desktop,North,45-54,2024-03,2024-03-14,,,,,,0,stage1,0,0,0,0
U002243,2024-01-05,Referral,Mobile,South,18-24,2024-01,2024-01-05,2024-01-07,,,,,0,stage2,1,0,0,0
U002247,2024-01-25,Paid_Search,Desktop,Central,18-24,2024-01,2024-01-25,2024-01-27,,,,,0,stage2,1,0,0,0
U002248,2024-02-08,Paid_Search,Mobile,East,35-44,2024-02,2024-02-08,2024-02-08,2024-02-09,2024-02-11,2024-02-14,,0,stage5,1,1,1,1
U002249,2024-03-31,Email,Desktop,North,55+,2024-03,2024-03-31,2024-04-01,2024-04-03,,,,0,stage3,1,1,0,0
U002250,2024-01-21,Social,Desktop,West,25-34,2024-01,2024-01-21,2024-01-22,,,,,0,stage2,1,0,0,0
U002253,2024-01-21,Email,Mobile,West,35-44,2024-01,2024-01-21,2024-01-23,,,,,0,stage2,1,0,0,0
U002260,2024-02-13,Email,Mobile,North,35-44,2024-02,2024-02-13,2024-02-13,2024-02-15,,,,0,stage3,1,1,0,0
U002262,2024-03-25,Referral,Desktop,South,25-34,2024-03,2024-03-25,2024-03-27,2024-03-28,,,,0,stage3,1,1,0,0
U002264,2024-01-11,Organic,Mobile,South,25-34,2024-01,2024-01-11,2024-01-11,2024-01-12,2024-01-14,,,0,stage4,1,1,1,0
U002266,2024-03-12,Organic,Mobile,West,35-44,2024-03,2024-03-12,,,,,,0,stage1,0,0,0,0
U002269,2024-01-05,Email,Mobile,North,45-54,2024-01,2024-01-05,2024-01-05,2024-01-08,,,,0,stage3,1,1,0,0
U002270,2024-02-06,Referral,Desktop,East,25-34,2024-02,2024-02-06,,,,,,0,stage1,0,0,0,0
U002274,2024-03-25,Paid_Search,Desktop,North,25-34,2024-03,2024-03-25,,,,,,0,stage1,0,0,0,0
U002276,2024-02-05,Paid_Search,Tablet,North,25-34,2024-02,2024-02-05,,,,,,0,stage1,0,0,0,0
U002278,2024-01-21,Social,Mobile,West,25-34,2024-01,2024-01-21,2024-01-23,,,,,0,stage2,1,0,0,0
U002279,2024-03-29,Email,Mobile,East,25-34,2024-03,2024-03-29,2024-03-29,2024-03-30,2024-03-31,,,0,stage4,1,1,1,0
U002280,2024-02-29,Paid_Search,Mobile,West,45-54,2024-02,2024-02-29,2024-02-29,2024-03-02,,,,0,stage3,1,1,0,0
U002282,2024-01-08,Organic,Mobile,South,55+,2024-01,2024-01-08,2024-01-10,2024-01-12,,,,0,stage3,1,1,0,0
U002284,2024-02-28,Organic,Desktop,North,18-24,2024-02,2024-02-28,2024-02-29,,,,,0,stage2,1,0,0,0
U002287,2024-01-19,Social,Mobile,North,45-54,2024-01,2024-01-19,2024-01-19,,,,,0,stage2,1,0,0,0
U002288,2024-03-09,Paid_Search,Mobile,East,35-44,2024-03,2024-03-09,2024-03-09,,,,,0,stage2,1,0,0,0
U002291,2024-02-09,Organic,Mobile,South,35-44,2024-02,2024-02-09,2024-02-11,,,,,0,stage2,1,0,0,0
U002294,2024-01-24,Organic,Mobile,West,18-24,2024-01,2024-01-24,,,,,,0,stage1,0,0,0,0
U002295,2024-01-02,Organic,Desktop,South,35-44,2024-01,2024-01-02,2024-01-03,2024-01-05,2024-01-06,2024-01-09,2024-01-09,1,Converted,1,1,1,1
U002296,2024-02-03,Paid_Search,Desktop,East,25-34,2024-02,2024-02-03,2024-02-03,2024-02-04,2024-02-05,,,0,stage4,1,1,1,0
U002298,2024-01-27,Referral,Mobile,North,45-54,2024-01,2024-01-27,,,,,,0,stage1,0,0,0,0
U002299,2024-01-07,Referral,Desktop,North,45-54,2024-01,2024-01-07,,,,,,0,stage1,0,0,0,0
U002300,2024-01-23,Organic,Desktop,North,18-24,2024-01,2024-01-23,2024-01-24,2024-01-27,2024-01-27,2024-01-30,2024-01-31,1,Converted,1,1,1,1
U002301,2024-01-04,Paid_Search,Mobile,North,35-44,2024-01,2024-01-04,2024-01-05,2024-01-07,,,,0,stage3,1,1,0,0
U002304,2024-02-13,Referral,Desktop,East,45-54,2024-02,2024-02-13,2024-02-15,,,,,0,stage2,1,0,0,0
U002306,2024-03-18,Social,Desktop,North,25-34,2024-03,2024-03-18,,,,,,0,stage1,0,0,0,0
U002307,2024-03-09,Social,Mobile,Central,35-44,2024-03,2024-03-09,2024-03-10,2024-03-11,2024-03-11,2024-03-13,2024-03-14,1,Converted,1,1,1,1
U002308,2024-03-11,Organic,Desktop,North,25-34,2024-03,2024-03-11,2024-03-12,2024-03-14,,,,0,stage3,1,1,0,0
U002310,2024-03-04,Referral,Mobile,North,25-34,2024-03,2024-03-04,2024-03-06,2024-03-09,,,,0,stage3,1,1,0,0
U002314,2024-02-04,Email,Mobile,Central,35-44,2024-02,2024-02-04,2024-02-05,2024-02-06,2024-02-07,2024-02-10,2024-02-12,1,Converted,1,1,1,1
U002322,2024-03-24,Paid_Search,Tablet,Central,25-34,2024-03,2024-03-24,,,,,,0,stage1,0,0,0,0
U002324,2024-02-21,Organic,Desktop,West,18-24,2024-02,2024-02-21,2024-02-23,,,,,0,stage2,1,0,0,0
U002326,2024-02-16,Referral,Desktop,North,35-44,2024-02,2024-02-16,2024-02-18,2024-02-21,,,,0,stage3,1,1,0,0
U002327,2024-01-07,Organic,Mobile,Central,18-24,2024-01,2024-01-07,,,,,,0,stage1,0,0,0,0
U002329,2024-03-15,Organic,Desktop,North,35-44,2024-03,2024-03-15,,,,,,0,stage1,0,0,0,0
U002331,2024-01-18,Paid_Search,Mobile,Central,55+,2024-01,2024-01-18,2024-01-19,,,,,0,stage2,1,0,0,0
U002333,2024-03-18,Referral,Desktop,Central,18-24,2024-03,2024-03-18,2024-03-18,,,,,0,stage2,1,0,0,0
U002334,2024-03-05,Paid_Search,Mobile,North,45-54,2024-03,2024-03-05,2024-03-07,,,,,0,stage2,1,0,0,0
U002335,2024-02-09,Referral,Desktop,West,35-44,2024-02,2024-02-09,2024-02-11,2024-02-13,,,,0,stage3,1,1,0,0
U002340,2024-01-10,Organic,Desktop,North,35-44,2024-01,2024-01-10,2024-01-11,2024-01-14,2024-01-16,2024-01-17,2024-01-17,1,Converted,1,1,1,1
U002341,2024-03-04,Social,Mobile,East,25-34,2024-03,2024-03-04,,,,,,0,stage1,0,0,0,0
U002343,2024-02-12,Referral,Mobile,East,25-34,2024-02,2024-02-12,2024-02-14,,,,,0,stage2,1,0,0,0
U002349,2024-01-03,Referral,Mobile,North,25-34,2024-01,2024-01-03,2024-01-03,,,,,0,stage2,1,0,0,0
U002350,2024-03-07,Social,Mobile,East,35-44,2024-03,2024-03-07,,,,,,0,stage1,0,0,0,0
U002351,2024-02-26,Paid_Search,Mobile,South,35-44,2024-02,2024-02-26,2024-02-28,2024-03-02,2024-03-04,,,0,stage4,1,1,1,0
U002354,2024-01-07,Organic,Mobile,West,55+,2024-01,2024-01-07,2024-01-08,2024-01-09,2024-01-10,2024-01-14,2024-01-14,1,Converted,1,1,1,1
U002355,2024-01-30,Organic,Desktop,East,18-24,2024-01,2024-01-30,2024-02-01,,,,,0,stage2,1,0,0,0
U002356,2024-02-06,Organic,Desktop,South,35-44,2024-02,2024-02-06,2024-02-07,2024-02-09,2024-02-10,2024-02-14,2024-02-14,1,Converted,1,1,1,1
U002358,2024-03-30,Referral,Mobile,East,55+,2024-03,2024-03-30,,,,,,0,stage1,0,0,0,0
U002360,2024-01-25,Paid_Search,Mobile,West,45-54,2024-01,2024-01-25,2024-01-26,,,,,0,stage2,1,0,0,0
U002363,2024-03-17,Referral,Mobile,North,25-34,2024-03,2024-03-17,2024-03-17,2024-03-20,,,,0,stage3,1,1,0,0
U002364,2024-01-30,Organic,Mobile,South,55+,2024-01,2024-01-30,2024-01-30,2024-02-01,2024-02-03,2024-02-04,2024-02-06,1,Converted,1,1,1,1
U002365,2024-02-12,Paid_Search,Mobile,North,35-44,2024-02,2024-02-12,2024-02-14,2024-02-15,2024-02-17,2024-02-19,2024-02-21,1,Converted,1,1,1,1
U002366,2024-02-10,Referral,Mobile,South,18-24,2024-02,2024-02-10,,,,,,0,stage1,0,0,0,0
U002367,2024-03-25,Social,Mobile,South,25-34,2024-03,2024-03-25,2024-03-27,2024-03-29,,,,0,stage3,1,1,0,0
U002369,2024-02-29,Organic,Mobile,North,25-34,2024-02,2024-02-29,2024-03-01,,,,,0,stage2,1,0,0,0
U002371,2024-02-17,Paid_Search,Mobile,Central,25-34,2024-02,2024-02-17,,,,,,0,stage1,0,0,0,0
U002376,2024-03-12,Paid_Search,Desktop,West,35-44,2024-03,2024-03-12,2024-03-14,,,,,0,stage2,1,0,0,0
U002377,2024-01-17,Paid_Search,Mobile,Central,18-24,2024-01,2024-01-17,2024-01-19,,,,,0,stage2,1,0,0,0
U002378,2024-01-27,Paid_Search,Desktop,South,25-34,2024-01,2024-01-27,2024-01-29,2024-01-30,,,,0,stage3,1,1,0,0
U002380,2024-02-20,Email,Mobile,East,45-54,2024-02,2024-02-20,2024-02-21,,,,,0,stage2,1,0,0,0
U002381,2024-01-30,Organic,Desktop,Central,35-44,2024-01,2024-01-30,2024-01-31,2024-02-03,,,,0,stage3,1,1,0,0
U002384,2024-01-30,Paid_Search,Desktop,West,25-34,2024-01,2024-01-30,,,,,,0,stage1,0,0,0,0
U002385,2024-03-30,Organic,Desktop,North,55+,2024-03,2024-03-30,2024-03-31,2024-04-02,2024-04-04,2024-04-06,2024-04-08,1,Converted,1,1,1,1
U002387,2024-03-17,Referral,Desktop,West,25-34,2024-03,2024-03-17,2024-03-19,2024-03-22,,,,0,stage3,1,1,0,0
U002388,2024-01-22,Email,Mobile,North,18-24,2024-01,2024-01-22,2024-01-24,,,,,0,stage2,1,0,0,0
U002389,2024-02-04,Organic,Tablet,South,55+,2024-02,2024-02-04,,,,,,0,stage1,0,0,0,0
U002390,2024-03-21,Social,Desktop,East,35-44,2024-03,2024-03-21,,,,,,0,stage1,0,0,0,0
U002391,2024-01-31,Referral,Tablet,West,45-54,2024-01,2024-01-31,,,,,,0,stage1,0,0,0,0
U002392,2024-03-02,Organic,Mobile,East,35-44,2024-03,2024-03-02,,,,,,0,stage1,0,0,0,0
U002393,2024-03-19,Paid_Search,Desktop,East,18-24,2024-03,2024-03-19,2024-03-19,,,,,0,stage2,1,0,0,0
U002394,2024-02-16,Organic,Desktop,East,18-24,2024-02,2024-02-16,2024-02-17,,,,,0,stage2,1,0,0,0
U002396,2024-02-06,Referral,Mobile,Central,25-34,2024-02,2024-02-06,2024-02-08,2024-02-10,2024-02-11,,,0,stage4,1,1,1,0
U002398,2024-02-05,Organic,Desktop,South,45-54,2024-02,2024-02-05,2024-02-07,2024-02-09,2024-02-10,2024-02-12,2024-02-13,1,Converted,1,1,1,1
U002400,2024-02-12,Referral,Desktop,East,18-24,2024-02,2024-02-12,2024-02-13,2024-02-15,2024-02-15,2024-02-17,2024-02-18,1,Converted,1,1,1,1
U002402,2024-01-14,Referral,Desktop,East,18-24,2024-01,2024-01-14,2024-01-15,2024-01-16,,,,0,stage3,1,1,0,0
U002407,2024-01-08,Organic,Desktop,South,45-54,2024-01,2024-01-08,2024-01-08,2024-01-10,,,,0,stage3,1,1,0,0
U002408,2024-01-09,Paid_Search,Desktop,North,55+,2024-01,2024-01-09,2024-01-10,2024-01-11,,,,0,stage3,1,1,0,0
U002410,2024-02-13,Referral,Mobile,North,25-34,2024-02,2024-02-13,,,,,,0,stage1,0,0,0,0
U002415,2024-01-11,Social,Desktop,East,35-44,2024-01,2024-01-11,2024-01-13,,,,,0,stage2,1,0,0,0
U002417,2024-01-27,Paid_Search,Mobile,South,55+,2024-01,2024-01-27,2024-01-29,,,,,0,stage2,1,0,0,0
U002419,2024-03-17,Organic,Mobile,Central,25-34,2024-03,2024-03-17,2024-03-17,,,,,0,stage2,1,0,0,0
U002421,2024-03-30,Organic,Desktop,Central,35-44,2024-03,2024-03-30,2024-03-30,2024-04-01,2024-04-01,2024-04-03,2024-04-03,1,Converted,1,1,1,1
U002423,2024-03-30,Social,Mobile,Central,25-34,2024-03,2024-03-30,,,,,,0,stage1,0,0,0,0
U002426,2024-02-22,Paid_Search,Desktop,South,25-34,2024-02,2024-02-22,2024-02-22,2024-02-23,,,,0,stage3,1,1,0,0
U002428,2024-03-12,Referral,Desktop,South,55+,2024-03,2024-03-12,2024-03-14,,,,,0,stage2,1,0,0,0
U002430,2024-03-15,Organic,Mobile,South,18-24,2024-03,2024-03-15,2024-03-17,,,,,0,stage2,1,0,0,0
U002431,2024-03-09,Referral,Mobile,East,25-34,2024-03,2024-03-09,2024-03-11,,,,,0,stage2,1,0,0,0
U002433,2024-01-25,Social,Desktop,North,55+,2024-01,2024-01-25,,,,,,0,stage1,0,0,0,0
U002434,2024-02-04,Social,Mobile,West,55+,2024-02,2024-02-04,,,,,,0,stage1,0,0,0,0
U002436,2024-03-11,Organic,Mobile,West,45-54,2024-03,2024-03-11,2024-03-13,,,,,0,stage2,1,0,0,0
U002437,2024-02-02,Email,Mobile,South,18-24,2024-02,2024-02-02,2024-02-04,,,,,0,stage2,1,0,0,0
U002438,2024-02-03,Email,Desktop,North,18-24,2024-02,2024-02-03,2024-02-03,2024-02-04,2024-02-06,,,0,stage4,1,1,1,0
U002439,2024-03-23,Email,Mobile,Central,25-34,2024-03,2024-03-23,,,,,,0,stage1,0,0,0,0
U002440,2024-03-04,Paid_Search,Mobile,Central,25-34,2024-03,2024-03-04,,,,,,0,stage1,0,0,0,0
U002443,2024-02-06,Paid_Search,Mobile,North,25-34,2024-02,2024-02-06,2024-02-08,,,,,0,stage2,1,0,0,0
U002449,2024-03-24,Paid_Search,Mobile,East,35-44,2024-03,2024-03-24,2024-03-26,,,,,0,stage2,1,0,0,0
U002450,2024-01-01,Email,Desktop,Central,45-54,2024-01,2024-01-01,,,,,,0,stage1,0,0,0,0
U002451,2024-01-24,Organic,Mobile,East,45-54,2024-01,2024-01-24,2024-01-26,,,,,0,stage2,1,0,0,0
U002456,2024-02-24,Social,Mobile,West,25-34,2024-02,2024-02-24,2024-02-25,,,,,0,stage2,1,0,0,0
U002457,2024-03-09,Email,Mobile,East,35-44,2024-03,2024-03-09,2024-03-10,,,,,0,stage2,1,0,0,0
U002458,2024-03-13,Social,Mobile,Central,45-54,2024-03,2024-03-13,,,,,,0,stage1,0,0,0,0
U002459,2024-03-27,Referral,Desktop,North,25-34,2024-03,2024-03-27,,,,,,0,stage1,0,0,0,0
U002461,2024-02-03,Referral,Mobile,Central,25-34,2024-02,2024-02-03,2024-02-05,2024-02-07,,,,0,stage3,1,1,0,0
U002462,2024-03-28,Paid_Search,Desktop,West,35-44,2024-03,2024-03-28,,,,,,0,stage1,0,0,0,0
U002464,2024-01-12,Paid_Search,Desktop,South,18-24,2024-01,2024-01-12,2024-01-12,,,,,0,stage2,1,0,0,0
U002466,2024-02-01,Email,Tablet,South,35-44,2024-02,2024-02-01,2024-02-01,2024-02-03,2024-02-04,2024-02-05,2024-02-06,1,Converted,1,1,1,1
U002467,2024-02-21,Organic,Desktop,South,35-44,2024-02,2024-02-21,2024-02-23,2024-02-24,2024-02-26,2024-02-29,2024-02-29,1,Converted,1,1,1,1
U002468,2024-03-11,Organic,Mobile,North,35-44,2024-03,2024-03-11,,,,,,0,stage1,0,0,0,0
U002469,2024-01-24,Organic,Mobile,North,35-44,2024-01,2024-01-24,2024-01-26,,,,,0,stage2,1,0,0,0
U002471,2024-01-22,Social,Mobile,Central,25-34,2024-01,2024-01-22,,,,,,0,stage1,0,0,0,0
U002473,2024-02-12,Organic,Mobile,West,18-24,2024-02,2024-02-12,2024-02-12,2024-02-14,2024-02-16,2024-02-19,2024-02-21,1,Converted,1,1,1,1
U002476,2024-01-24,Referral,Mobile,West,18-24,2024-01,2024-01-24,,,,,,0,stage1,0,0,0,0
U002478,2024-01-25,Paid_Search,Mobile,East,35-44,2024-01,2024-01-25,,,,,,0,stage1,0,0,0,0
U002479,2024-01-01,Organic,Desktop,West,55+,2024-01,2024-01-01,,,,,,0,stage1,0,0,0,0
U002480,2024-02-24,Organic,Mobile,North,25-34,2024-02,2024-02-24,2024-02-25,,,,,0,stage2,1,0,0,0
U002481,2024-01-20,Social,Desktop,North,18-24,2024-01,2024-01-20,2024-01-20,2024-01-23,,,,0,stage3,1,1,0,0
U002482,2024-02-27,Organic,Mobile,North,35-44,2024-02,2024-02-27,2024-02-29,2024-03-03,2024-03-04,,,0,stage4,1,1,1,0
U002483,2024-01-03,Organic,Mobile,West,35-44,2024-01,2024-01-03,,,,,,0,stage1,0,0,0,0
U002484,2024-01-03,Paid_Search,Mobile,North,35-44,2024-01,2024-01-03,2024-01-05,2024-01-07,,,,0,stage3,1,1,0,0
U002485,2024-01-31,Paid_Search,Mobile,West,35-44,2024-01,2024-01-31,2024-02-01,,,,,0,stage2,1,0,0,0
U002488,2024-02-28,Email,Mobile,Central,25-34,2024-02,2024-02-28,,,,,,0,stage1,0,0,0,0
U002490,2024-01-27,Organic,Mobile,South,25-34,2024-01,2024-01-27,2024-01-27,2024-01-29,2024-01-30,2024-02-02,2024-02-02,1,Converted,1,1,1,1
U002495,2024-03-30,Referral,Desktop,North,25-34,2024-03,2024-03-30,2024-04-01,2024-04-02,2024-04-04,2024-04-06,,0,stage5,1,1,1,1
U002498,2024-02-05,Paid_Search,Mobile,West,18-24,2024-02,2024-02-05,2024-02-05,,,,,0,stage2,1,0,0,0
U002501,2024-03-30,Social,Desktop,Central,35-44,2024-03,2024-03-30,2024-03-31,2024-04-02,2024-04-02,2024-04-04,,0,stage5,1,1,1,1
U002502,2024-03-11,Paid_Search,Mobile,East,45-54,2024-03,2024-03-11,2024-03-13,2024-03-14,2024-03-14,,,0,stage4,1,1,1,0
U002505,2024-01-07,Social,Mobile,East,25-34,2024-01,2024-01-07,2024-01-09,2024-01-11,2024-01-11,2024-01-13,2024-01-15,1,Converted,1,1,1,1
U002507,2024-03-16,Referral,Mobile,South,18-24,2024-03,2024-03-16,2024-03-18,,,,,0,stage2,1,0,0,0
U002508,2024-01-14,Organic,Mobile,West,45-54,2024-01,2024-01-14,2024-01-14,,,,,0,stage2,1,0,0,0
U002514,2024-01-04,Organic,Desktop,West,25-34,2024-01,2024-01-04,2024-01-05,2024-01-07,2024-01-07,2024-01-11,2024-01-13,1,Converted,1,1,1,1
U002516,2024-01-19,Referral,Desktop,East,35-44,2024-01,2024-01-19,2024-01-19,2024-01-22,,,,0,stage3,1,1,0,0
U002517,2024-01-18,Social,Mobile,North,18-24,2024-01,2024-01-18,2024-01-18,,,,,0,stage2,1,0,0,0
U002518,2024-03-08,Paid_Search,Desktop,West,35-44,2024-03,2024-03-08,,,,,,0,stage1,0,0,0,0
U002519,2024-02-25,Organic,Mobile,West,18-24,2024-02,2024-02-25,2024-02-25,,,,,0,stage2,1,0,0,0
U002520,2024-01-16,Referral,Mobile,West,45-54,2024-01,2024-01-16,2024-01-17,2024-01-20,,,,0,stage3,1,1,0,0
U002521,2024-03-14,Paid_Search,Mobile,East,45-54,2024-03,2024-03-14,2024-03-16,2024-03-19,2024-03-21,,,0,stage4,1,1,1,0
U002529,2024-02-22,Social,Mobile,North,35-44,2024-02,2024-02-22,,,,,,0,stage1,0,0,0,0
U002530,2024-02-09,Social,Desktop,East,55+,2024-02,2024-02-09,2024-02-11,2024-02-13,,,,0,stage3,1,1,0,0
U002534,2024-03-02,Organic,Tablet,North,18-24,2024-03,2024-03-02,,,,,,0,stage1,0,0,0,0
U002535,2024-01-15,Organic,Desktop,West,45-54,2024-01,2024-01-15,,,,,,0,stage1,0,0,0,0
U002536,2024-03-03,Organic,Desktop,North,25-34,2024-03,2024-03-03,,,,,,0,stage1,0,0,0,0
U002537,2024-01-23,Paid_Search,Desktop,East,35-44,2024-01,2024-01-23,,,,,,0,stage1,0,0,0,0
U002540,2024-02-14,Organic,Mobile,East,25-34,2024-02,2024-02-14,2024-02-14,,,,,0,stage2,1,0,0,0
U002541,2024-01-04,Organic,Mobile,South,35-44,2024-01,2024-01-04,2024-01-06,2024-01-07,,,,0,stage3,1,1,0,0
U002543,2024-01-03,Social,Mobile,South,35-44,2024-01,2024-01-03,2024-01-03,,,,,0,stage2,1,0,0,0
U002546,2024-03-07,Paid_Search,Desktop,North,18-24,2024-03,2024-03-07,2024-03-07,2024-03-09,,,,0,stage3,1,1,0,0
U002547,2024-02-02,Organic,Desktop,East,55+,2024-02,2024-02-02,2024-02-04,2024-02-06,2024-02-08,2024-02-09,2024-02-09,1,Converted,1,1,1,1
U002548,2024-03-26,Social,Desktop,East,35-44,2024-03,2024-03-26,2024-03-27,2024-03-29,,,,0,stage3,1,1,0,0
U002551,2024-02-12,Paid_Search,Mobile,East,25-34,2024-02,2024-02-12,2024-02-13,,,,,0,stage2,1,0,0,0
U002552,2024-02-10,Paid_Search,Mobile,North,25-34,2024-02,2024-02-10,,,,,,0,stage1,0,0,0,0
U002553,2024-03-06,Social,Desktop,South,35-44,2024-03,2024-03-06,2024-03-06,,,,,0,stage2,1,0,0,0
U002555,2024-01-30,Organic,Mobile,Central,55+,2024-01,2024-01-30,2024-01-30,2024-02-02,2024-02-04,2024-02-05,,0,stage5,1,1,1,1
U002556,2024-01-12,Email,Desktop,South,35-44,2024-01,2024-01-12,2024-01-12,,,,,0,stage2,1,0,0,0
U002557,2024-03-03,Social,Desktop,South,25-34,2024-03,2024-03-03,2024-03-03,,,,,0,stage2,1,0,0,0
U002562,2024-02-27,Organic,Mobile,South,18-24,2024-02,2024-02-27,2024-02-28,2024-02-29,2024-03-01,,,0,stage4,1,1,1,0
U002563,2024-03-22,Organic,Desktop,North,55+,2024-03,2024-03-22,,,,,,0,stage1,0,0,0,0
U002564,2024-03-10,Referral,Desktop,North,55+,2024-03,2024-03-10,,,,,,0,stage1,0,0,0,0
U002565,2024-01-20,Social,Desktop,South,45-54,2024-01,2024-01-20,2024-01-22,,,,,0,stage2,1,0,0,0
U002569,2024-02-15,Paid_Search,Desktop,East,25-34,2024-02,2024-02-15,2024-02-15,2024-02-18,,,,0,stage3,1,1,0,0
U002570,2024-01-12,Organic,Mobile,West,35-44,2024-01,2024-01-12,,,,,,0,stage1,0,0,0,0
U002572,2024-03-13,Organic,Mobile,East,18-24,2024-03,2024-03-13,,,,,,0,stage1,0,0,0,0
U002573,2024-03-20,Referral,Desktop,West,25-34,2024-03,2024-03-20,2024-03-21,2024-03-22,,,,0,stage3,1,1,0,0
U002578,2024-01-02,Social,Mobile,South,45-54,2024-01,2024-01-02,,,,,,0,stage1,0,0,0,0
U002580,2024-02-29,Email,Mobile,East,25-34,2024-02,2024-02-29,2024-03-02,2024-03-04,2024-03-06,,,0,stage4,1,1,1,0
U002582,2024-01-03,Paid_Search,Desktop,West,45-54,2024-01,2024-01-03,2024-01-04,,,,,0,stage2,1,0,0,0
U002583,2024-01-01,Paid_Search,Desktop,South,25-34,2024-01,2024-01-01,2024-01-03,,,,,0,stage2,1,0,0,0
U002585,2024-03-19,Referral,Desktop,East,25-34,2024-03,2024-03-19,,,,,,0,stage1,0,0,0,0
U002586,2024-01-27,Organic,Mobile,South,25-34,2024-01,2024-01-27,2024-01-27,2024-01-30,2024-01-30,2024-02-03,2024-02-04,1,Converted,1,1,1,1
U002587,2024-01-16,Organic,Mobile,West,25-34,2024-01,2024-01-16,2024-01-16,,,,,0,stage2,1,0,0,0
U002588,2024-03-12,Referral,Mobile,South,25-34,2024-03,2024-03-12,2024-03-12,2024-03-13,,,,0,stage3,1,1,0,0
U002589,2024-02-29,Social,Mobile,North,35-44,2024-02,2024-02-29,2024-03-02,2024-03-04,,,,0,stage3,1,1,0,0
U002591,2024-01-25,Paid_Search,Mobile,North,45-54,2024-01,2024-01-25,2024-01-27,2024-01-28,,,,0,stage3,1,1,0,0
U002595,2024-01-16,Social,Mobile,South,35-44,2024-01,2024-01-16,2024-01-17,,,,,0,stage2,1,0,0,0
U002597,2024-03-01,Organic,Mobile,North,25-34,2024-03,2024-03-01,2024-03-02,2024-03-04,,,,0,stage3,1,1,0,0
U002598,2024-03-21,Organic,Desktop,Central,18-24,2024-03,2024-03-21,2024-03-22,2024-03-25,2024-03-27,2024-03-30,,0,stage5,1,1,1,1
U002599,2024-03-22,Organic,Desktop,East,45-54,2024-03,2024-03-22,2024-03-23,,,,,0,stage2,1,0,0,0
U002600,2024-03-10,Referral,Desktop,Central,45-54,2024-03,2024-03-10,2024-03-10,2024-03-11,2024-03-11,2024-03-13,2024-03-15,1,Converted,1,1,1,1
U002601,2024-01-28,Paid_Search,Mobile,Central,18-24,2024-01,2024-01-28,,,,,,0,stage1,0,0,0,0
U002602,2024-02-09,Paid_Search,Desktop,Central,25-34,2024-02,2024-02-09,2024-02-09,2024-02-10,2024-02-11,,,0,stage4,1,1,1,0
U002605,2024-01-31,Paid_Search,Tablet,Central,25-34,2024-01,2024-01-31,2024-02-02,,,,,0,stage2,1,0,0,0
U002608,2024-03-19,Organic,Tablet,North,35-44,2024-03,2024-03-19,2024-03-20,2024-03-22,2024-03-22,,,0,stage4,1,1,1,0
U002609,2024-01-24,Organic,Desktop,South,55+,2024-01,2024-01-24,2024-01-24,2024-01-27,2024-01-28,2024-01-29,2024-01-29,1,Converted,1,1,1,1
U002610,2024-03-24,Paid_Search,Desktop,West,35-44,2024-03,2024-03-24,2024-03-24,,,,,0,stage2,1,0,0,0
U002611,2024-01-24,Organic,Desktop,South,25-34,2024-01,2024-01-24,2024-01-26,,,,,0,stage2,1,0,0,0
U002612,2024-03-04,Organic,Desktop,North,35-44,2024-03,2024-03-04,,,,,,0,stage1,0,0,0,0
U002616,2024-03-17,Email,Desktop,North,25-34,2024-03,2024-03-17,,,,,,0,stage1,0,0,0,0
U002617,2024-03-07,Paid_Search,Desktop,East,25-34,2024-03,2024-03-07,,,,,,0,stage1,0,0,0,0
U002618,2024-02-14,Paid_Search,Mobile,Central,25-34,2024-02,2024-02-14,2024-02-14,,,,,0,stage2,1,0,0,0
U002623,2024-01-16,Organic,Mobile,East,35-44,2024-01,2024-01-16,2024-01-16,,,,,0,stage2,1,0,0,0
U002624,2024-02-03,Social,Mobile,South,55+,2024-02,2024-02-03,,,,,,0,stage1,0,0,0,0
U002625,2024-02-20,Referral,Mobile,South,35-44,2024-02,2024-02-20,2024-02-21,2024-02-23,,,,0,stage3,1,1,0,0
U002629,2024-03-07,Social,Desktop,Central,25-34,2024-03,2024-03-07,,,,,,0,stage1,0,0,0,0
U002630,2024-01-20,Paid_Search,Desktop,East,55+,2024-01,2024-01-20,,,,,,0,stage1,0,0,0,0
U002631,2024-01-06,Email,Desktop,Central,45-54,2024-01,2024-01-06,2024-01-06,2024-01-07,2024-01-09,2024-01-13,2024-01-13,1,Converted,1,1,1,1
U002632,2024-01-24,Paid_Search,Mobile,Central,55+,2024-01,2024-01-24,2024-01-25,2024-01-26,,,,0,stage3,1,1,0,0
U002633,2024-01-11,Paid_Search,Desktop,East,35-44,2024-01,2024-01-11,,,,,,0,stage1,0,0,0,0
U002637,2024-03-31,Organic,Mobile,East,25-34,2024-03,2024-03-31,2024-03-31,2024-04-01,2024-04-02,,,0,stage4,1,1,1,0
U002638,2024-03-12,Paid_Search,Desktop,East,25-34,2024-03,2024-03-12,2024-03-13,,,,,0,stage2,1,0,0,0
U002639,2024-02-08,Organic,Mobile,East,25-34,2024-02,2024-02-08,2024-02-08,,,,,0,stage2,1,0,0,0
U002642,2024-03-03,Referral,Mobile,Central,18-24,2024-03,2024-03-03,,,,,,0,stage1,0,0,0,0
U002644,2024-01-23,Organic,Desktop,West,45-54,2024-01,2024-01-23,,,,,,0,stage1,0,0,0,0
U002645,2024-03-12,Paid_Search,Tablet,Central,25-34,2024-03,2024-03-12,2024-03-13,2024-03-14,,,,0,stage3,1,1,0,0
U002649,2024-01-05,Social,Mobile,South,55+,2024-01,2024-01-05,,,,,,0,stage1,0,0,0,0
U002654,2024-02-16,Paid_Search,Mobile,West,45-54,2024-02,2024-02-16,,,,,,0,stage1,0,0,0,0
U002655,2024-01-07,Social,Mobile,West,18-24,2024-01,2024-01-07,2024-01-08,2024-01-11,,,,0,stage3,1,1,0,0
U002656,2024-02-26,Email,Desktop,North,18-24,2024-02,2024-02-26,2024-02-26,2024-02-28,,,,0,stage3,1,1,0,0
U002657,2024-01-15,Email,Tablet,West,45-54,2024-01,2024-01-15,2024-01-16,2024-01-19,,,,0,stage3,1,1,0,0
U002659,2024-02-29,Paid_Search,Desktop,West,25-34,2024-02,2024-02-29,2024-02-29,,,,,0,stage2,1,0,0,0
U002660,2024-01-26,Paid_Search,Tablet,North,18-24,2024-01,2024-01-26,,,,,,0,stage1,0,0,0,0
U002661,2024-03-04,Social,Tablet,West,55+,2024-03,2024-03-04,,,,,,0,stage1,0,0,0,0
U002663,2024-03-09,Paid_Search,Desktop,East,18-24,2024-03,2024-03-09,,,,,,0,stage1,0,0,0,0
U002665,2024-01-15,Organic,Desktop,North,25-34,2024-01,2024-01-15,2024-01-15,2024-01-18,,,,0,stage3,1,1,0,0
U002667,2024-02-14,Organic,Desktop,East,25-34,2024-02,2024-02-14,2024-02-14,2024-02-15,,,,0,stage3,1,1,0,0
U002673,2024-02-26,Paid_Search,Desktop,West,35-44,2024-02,2024-02-26,2024-02-26,2024-02-29,,,,0,stage3,1,1,0,0
U002675,2024-01-01,Organic,Mobile,East,35-44,2024-01,2024-01-01,,,,,,0,stage1,0,0,0,0
U002676,2024-03-25,Social,Mobile,North,25-34,2024-03,2024-03-25,,,,,,0,stage1,0,0,0,0
U002678,2024-02-03,Paid_Search,Desktop,North,25-34,2024-02,2024-02-03,,,,,,0,stage1,0,0,0,0
U002679,2024-03-28,Organic,Desktop,West,35-44,2024-03,2024-03-28,2024-03-30,2024-03-31,,,,0,stage3,1,1,0,0
U002680,2024-03-23,Paid_Search,Desktop,East,25-34,2024-03,2024-03-23,2024-03-23,2024-03-24,2024-03-24,,,0,stage4,1,1,1,0
U002683,2024-01-29,Paid_Search,Desktop,South,45-54,2024-01,2024-01-29,2024-01-31,2024-02-02,2024-02-02,2024-02-05,2024-02-07,1,Converted,1,1,1,1
U002686,2024-01-26,Referral,Desktop,West,18-24,2024-01,2024-01-26,,,,,,0,stage1,0,0,0,0
U002687,2024-03-27,Referral,Desktop,Central,35-44,2024-03,2024-03-27,2024-03-28,2024-03-30,2024-03-30,2024-04-01,,0,stage5,1,1,1,1
U002690,2024-03-22,Email,Desktop,Central,35-44,2024-03,2024-03-22,2024-03-22,,,,,0,stage2,1,0,0,0
U002693,2024-02-27,Organic,Desktop,West,18-24,2024-02,2024-02-27,,,,,,0,stage1,0,0,0,0
U002697,2024-01-01,Paid_Search,Mobile,South,35-44,2024-01,2024-01-01,2024-01-03,,,,,0,stage2,1,0,0,0
U002700,2024-02-26,Paid_Search,Desktop,West,35-44,2024-02,2024-02-26,2024-02-28,2024-03-02,,,,0,stage3,1,1,0,0
U002701,2024-01-27,Paid_Search,Desktop,South,18-24,2024-01,2024-01-27,,,,,,0,stage1,0,0,0,0
U002703,2024-03-29,Referral,Mobile,North,45-54,2024-03,2024-03-29,2024-03-30,,,,,0,stage2,1,0,0,0
U002704,2024-02-12,Paid_Search,Desktop,Central,45-54,2024-02,2024-02-12,2024-02-14,2024-02-15,,,,0,stage3,1,1,0,0
U002706,2024-03-26,Referral,Mobile,South,25-34,2024-03,2024-03-26,2024-03-27,2024-03-28,,,,0,stage3,1,1,0,0
U002707,2024-03-08,Organic,Tablet,North,45-54,2024-03,2024-03-08,2024-03-08,2024-03-09,,,,0,stage3,1,1,0,0
U002709,2024-01-18,Paid_Search,Mobile,East,25-34,2024-01,2024-01-18,,,,,,0,stage1,0,0,0,0
U002710,2024-03-30,Organic,Mobile,East,35-44,2024-03,2024-03-30,2024-03-31,2024-04-01,,,,0,stage3,1,1,0,0
U002711,2024-01-01,Organic,Desktop,West,25-34,2024-01,2024-01-01,,,,,,0,stage1,0,0,0,0
U002712,2024-01-13,Referral,Mobile,East,35-44,2024-01,2024-01-13,2024-01-14,,,,,0,stage2,1,0,0,0
U002717,2024-03-30,Referral,Desktop,West,25-34,2024-03,2024-03-30,2024-04-01,,,,,0,stage2,1,0,0,0
U002719,2024-01-26,Email,Mobile,Central,35-44,2024-01,2024-01-26,2024-01-27,,,,,0,stage2,1,0,0,0
U002722,2024-02-27,Social,Tablet,East,25-34,2024-02,2024-02-27,,,,,,0,stage1,0,0,0,0
U002723,2024-02-11,Social,Desktop,West,55+,2024-02,2024-02-11,,,,,,0,stage1,0,0,0,0
U002725,2024-03-07,Social,Tablet,South,35-44,2024-03,2024-03-07,,,,,,0,stage1,0,0,0,0
U002726,2024-01-27,Organic,Desktop,West,18-24,2024-01,2024-01-27,,,,,,0,stage1,0,0,0,0
U002727,2024-01-19,Social,Mobile,North,18-24,2024-01,2024-01-19,2024-01-20,,,,,0,stage2,1,0,0,0
U002728,2024-02-13,Paid_Search,Mobile,Central,25-34,2024-02,2024-02-13,2024-02-14,2024-02-15,,,,0,stage3,1,1,0,0
U002729,2024-01-20,Paid_Search,Mobile,North,45-54,2024-01,2024-01-20,,,,,,0,stage1,0,0,0,0
U002731,2024-03-27,Referral,Mobile,West,55+,2024-03,2024-03-27,,,,,,0,stage1,0,0,0,0
U002738,2024-02-10,Social,Mobile,East,45-54,2024-02,2024-02-10,,,,,,0,stage1,0,0,0,0
U002739,2024-01-14,Organic,Mobile,West,35-44,2024-01,2024-01-14,2024-01-14,2024-01-16,,,,0,stage3,1,1,0,0
U002740,2024-02-22,Referral,Tablet,West,55+,2024-02,2024-02-22,2024-02-22,,,,,0,stage2,1,0,0,0
U002744,2024-03-08,Organic,Mobile,Central,45-54,2024-03,2024-03-08,2024-03-10,,,,,0,stage2,1,0,0,0
U002745,2024-03-13,Organic,Mobile,East,18-24,2024-03,2024-03-13,,,,,,0,stage1,0,0,0,0
U002746,2024-03-17,Referral,Tablet,West,55+,2024-03,2024-03-17,2024-03-17,,,,,0,stage2,1,0,0,0
U002747,2024-01-25,Email,Desktop,North,35-44,2024-01,2024-01-25,,,,,,0,stage1,0,0,0,0
U002748,2024-01-13,Social,Desktop,West,55+,2024-01,2024-01-13,2024-01-14,,,,,0,stage2,1,0,0,0
U002751,2024-01-14,Organic,Mobile,East,45-54,2024-01,2024-01-14,,,,,,0,stage1,0,0,0,0
U002753,2024-01-23,Referral,Mobile,Central,25-34,2024-01,2024-01-23,2024-01-24,,,,,0,stage2,1,0,0,0
U002757,2024-02-21,Organic,Mobile,East,45-54,2024-02,2024-02-21,2024-02-21,2024-02-22,2024-02-22,,,0,stage4,1,1,1,0
U002758,2024-02-13,Organic,Mobile,North,45-54,2024-02,2024-02-13,2024-02-15,2024-02-17,2024-02-17,,,0,stage4,1,1,1,0
U002760,2024-03-19,Organic,Mobile,Central,25-34,2024-03,2024-03-19,2024-03-20,2024-03-22,,,,0,stage3,1,1,0,0
U002762,2024-03-08,Organic,Mobile,North,35-44,2024-03,2024-03-08,2024-03-08,2024-03-11,2024-03-13,2024-03-17,2024-03-17,1,Converted,1,1,1,1
U002766,2024-02-27,Organic,Mobile,North,35-44,2024-02,2024-02-27,2024-02-28,2024-03-02,2024-03-02,,,0,stage4,1,1,1,0
U002767,2024-02-08,Organic,Desktop,North,18-24,2024-02,2024-02-08,2024-02-10,2024-02-13,,,,0,stage3,1,1,0,0
U002768,2024-01-25,Email,Desktop,East,25-34,2024-01,2024-01-25,2024-01-25,,,,,0,stage2,1,0,0,0
U002770,2024-03-29,Paid_Search,Mobile,North,45-54,2024-03,2024-03-29,2024-03-31,,,,,0,stage2,1,0,0,0
U002772,2024-01-16,Paid_Search,Mobile,North,25-34,2024-01,2024-01-16,,,,,,0,stage1,0,0,0,0
U002778,2024-03-01,Organic,Desktop,East,55+,2024-03,2024-03-01,2024-03-02,,,,,0,stage2,1,0,0,0
U002779,2024-03-17,Paid_Search,Mobile,North,25-34,2024-03,2024-03-17,,,,,,0,stage1,0,0,0,0
U002780,2024-01-21,Referral,Desktop,South,25-34,2024-01,2024-01-21,2024-01-22,,,,,0,stage2,1,0,0,0
U002781,2024-01-09,Email,Mobile,North,18-24,2024-01,2024-01-09,,,,,,0,stage1,0,0,0,0
U002784,2024-02-12,Paid_Search,Mobile,North,25-34,2024-02,2024-02-12,2024-02-12,2024-02-13,,,,0,stage3,1,1,0,0
U002785,2024-02-02,Paid_Search,Desktop,South,45-54,2024-02,2024-02-02,2024-02-02,,,,,0,stage2,1,0,0,0
U002788,2024-02-21,Paid_Search,Desktop,East,25-34,2024-02,2024-02-21,,,,,,0,stage1,0,0,0,0
U002790,2024-03-22,Social,Mobile,North,45-54,2024-03,2024-03-22,2024-03-24,,,,,0,stage2,1,0,0,0
U002791,2024-01-18,Organic,Mobile,Central,18-24,2024-01,2024-01-18,2024-01-18,2024-01-20,,,,0,stage3,1,1,0,0
U002794,2024-03-24,Organic,Mobile,Central,25-34,2024-03,2024-03-24,,,,,,0,stage1,0,0,0,0
U002795,2024-03-11,Organic,Desktop,West,25-34,2024-03,2024-03-11,,,,,,0,stage1,0,0,0,0
U002798,2024-02-08,Paid_Search,Mobile,North,25-34,2024-02,2024-02-08,2024-02-08,,,,,0,stage2,1,0,0,0
U002801,2024-01-28,Social,Mobile,West,35-44,2024-01,2024-01-28,2024-01-30,2024-01-31,,,,0,stage3,1,1,0,0
U002802,2024-03-14,Social,Desktop,North,25-34,2024-03,2024-03-14,2024-03-16,,,,,0,stage2,1,0,0,0
U002803,2024-03-29,Social,Mobile,Central,35-44,2024-03,2024-03-29,,,,,,0,stage1,0,0,0,0
U002809,2024-01-10,Organic,Desktop,South,25-34,2024-01,2024-01-10,,,,,,0,stage1,0,0,0,0
U002810,2024-02-14,Paid_Search,Desktop,South,18-24,2024-02,2024-02-14,2024-02-15,2024-02-17,,,,0,stage3,1,1,0,0
U002811,2024-02-06,Organic,Mobile,North,25-34,2024-02,2024-02-06,,,,,,0,stage1,0,0,0,0
U002815,2024-01-10,Paid_Search,Mobile,Central,45-54,2024-01,2024-01-10,2024-01-11,2024-01-13,2024-01-15,,,0,stage4,1,1,1,0
U002816,2024-03-01,Paid_Search,Desktop,Central,45-54,2024-03,2024-03-01,2024-03-01,,,,,0,stage2,1,0,0,0
U002818,2024-03-09,Organic,Mobile,Central,18-24,2024-03,2024-03-09,,,,,,0,stage1,0,0,0,0
U002822,2024-02-28,Referral,Mobile,South,55+,2024-02,2024-02-28,,,,,,0,stage1,0,0,0,0
U002823,2024-02-04,Paid_Search,Desktop,South,18-24,2024-02,2024-02-04,2024-02-05,2024-02-08,2024-02-09,,,0,stage4,1,1,1,0
U002824,2024-03-23,Paid_Search,Desktop,North,18-24,2024-03,2024-03-23,,,,,,0,stage1,0,0,0,0
U002825,2024-03-09,Referral,Tablet,Central,25-34,2024-03,2024-03-09,2024-03-11,,,,,0,stage2,1,0,0,0
U002827,2024-01-23,Referral,Mobile,South,18-24,2024-01,2024-01-23,2024-01-23,,,,,0,stage2,1,0,0,0
U002830,2024-01-15,Paid_Search,Desktop,South,35-44,2024-01,2024-01-15,,,,,,0,stage1,0,0,0,0
U002832,2024-02-10,Email,Mobile,North,25-34,2024-02,2024-02-10,2024-02-10,2024-02-12,2024-02-14,,,0,stage4,1,1,1,0
U002836,2024-02-14,Referral,Mobile,North,35-44,2024-02,2024-02-14,2024-02-14,2024-02-15,,,,0,stage3,1,1,0,0
U002837,2024-01-15,Organic,Mobile,East,25-34,2024-01,2024-01-15,,,,,,0,stage1,0,0,0,0
U002838,2024-03-04,Referral,Desktop,West,25-34,2024-03,2024-03-04,2024-03-04,2024-03-06,2024-03-06,,,0,stage4,1,1,1,0
U002840,2024-03-11,Social,Desktop,North,25-34,2024-03,2024-03-11,2024-03-12,,,,,0,stage2,1,0,0,0
U002847,2024-03-30,Organic,Mobile,North,25-34,2024-03,2024-03-30,2024-03-31,2024-04-01,2024-04-02,,,0,stage4,1,1,1,0
U002849,2024-01-08,Email,Mobile,North,25-34,2024-01,2024-01-08,2024-01-09,,,,,0,stage2,1,0,0,0
U002850,2024-01-13,Organic,Desktop,South,55+,2024-01,2024-01-13,2024-01-13,2024-01-16,,,,0,stage3,1,1,0,0
U002851,2024-02-24,Social,Mobile,South,55+,2024-02,2024-02-24,2024-02-24,2024-02-27,,,,0,stage3,1,1,0,0
U002852,2024-02-27,Social,Desktop,Central,35-44,2024-02,2024-02-27,2024-02-29,,,,,0,stage2,1,0,0,0
U002853,2024-02-22,Social,Mobile,North,18-24,2024-02,2024-02-22,,,,,,0,stage1,0,0,0,0
U002854,2024-03-09,Social,Desktop,Central,18-24,2024-03,2024-03-09,,,,,,0,stage1,0,0,0,0
U002858,2024-01-03,Social,Mobile,North,18-24,2024-01,2024-01-03,,,,,,0,stage1,0,0,0,0
U002861,2024-02-14,Paid_Search,Mobile,North,18-24,2024-02,2024-02-14,,,,,,0,stage1,0,0,0,0
U002863,2024-02-27,Organic,Mobile,East,25-34,2024-02,2024-02-27,2024-02-28,2024-03-02,,,,0,stage3,1,1,0,0
U002864,2024-03-19,Referral,Mobile,North,55+,2024-03,2024-03-19,2024-03-21,2024-03-24,,,,0,stage3,1,1,0,0
U002868,2024-03-30,Organic,Mobile,Central,25-34,2024-03,2024-03-30,,,,,,0,stage1,0,0,0,0
U002870,2024-03-05,Referral,Mobile,North,25-34,2024-03,2024-03-05,2024-03-05,,,,,0,stage2,1,0,0,0
U002875,2024-01-27,Email,Desktop,South,18-24,2024-01,2024-01-27,2024-01-27,2024-01-30,,,,0,stage3,1,1,0,0
U002878,2024-01-28,Organic,Mobile,East,25-34,2024-01,2024-01-28,2024-01-29,,,,,0,stage2,1,0,0,0
U002879,2024-01-17,Email,Mobile,North,55+,2024-01,2024-01-17,2024-01-18,,,,,0,stage2,1,0,0,0
U002880,2024-03-11,Organic,Desktop,South,55+,2024-03,2024-03-11,2024-03-13,,,,,0,stage2,1,0,0,0
U002881,2024-03-24,Organic,Mobile,West,35-44,2024-03,2024-03-24,,,,,,0,stage1,0,0,0,0
U002882,2024-03-11,Paid_Search,Desktop,East,55+,2024-03,2024-03-11,,,,,,0,stage1,0,0,0,0
U002883,2024-03-07,Paid_Search,Desktop,Central,25-34,2024-03,2024-03-07,2024-03-09,2024-03-12,,,,0,stage3,1,1,0,0
U002885,2024-03-17,Email,Mobile,North,35-44,2024-03,2024-03-17,2024-03-17,2024-03-18,2024-03-20,2024-03-22,2024-03-22,1,Converted,1,1,1,1
U002888,2024-03-22,Paid_Search,Desktop,North,25-34,2024-03,2024-03-22,,,,,,0,stage1,0,0,0,0
U002890,2024-02-05,Social,Desktop,East,45-54,2024-02,2024-02-05,2024-02-07,2024-02-08,,,,0,stage3,1,1,0,0
U002894,2024-01-10,Referral,Desktop,North,25-34,2024-01,2024-01-10,2024-01-12,2024-01-15,,,,0,stage3,1,1,0,0
U002896,2024-02-26,Referral,Mobile,North,45-54,2024-02,2024-02-26,,,,,,0,stage1,0,0,0,0
U002900,2024-03-17,Social,Desktop,South,25-34,2024-03,2024-03-17,2024-03-17,,,,,0,stage2,1,0,0,0
U002904,2024-02-02,Referral,Mobile,East,35-44,2024-02,2024-02-02,2024-02-04,2024-02-06,2024-02-08,2024-02-10,2024-02-12,1,Converted,1,1,1,1
U002905,2024-03-26,Paid_Search,Mobile,West,35-44,2024-03,2024-03-26,2024-03-28,2024-03-29,2024-03-29,2024-04-01,2024-04-01,1,Converted,1,1,1,1
U002906,2024-03-19,Paid_Search,Desktop,East,25-34,2024-03,2024-03-19,2024-03-20,,,,,0,stage2,1,0,0,0
U002907,2024-03-25,Social,Desktop,East,25-34,2024-03,2024-03-25,2024-03-26,,,,,0,stage2,1,0,0,0
U002908,2024-03-07,Organic,Tablet,West,35-44,2024-03,2024-03-07,2024-03-09,,,,,0,stage2,1,0,0,0
U002909,2024-03-16,Paid_Search,Mobile,South,45-54,2024-03,2024-03-16,2024-03-17,2024-03-18,2024-03-19,,,0,stage4,1,1,1,0
U002910,2024-01-14,Referral,Desktop,East,25-34,2024-01,2024-01-14,2024-01-16,2024-01-19,,,,0,stage3,1,1,0,0
U002913,2024-01-31,Referral,Mobile,South,35-44,2024-01,2024-01-31,2024-02-02,,,,,0,stage2,1,0,0,0
U002915,2024-02-05,Organic,Mobile,West,25-34,2024-02,2024-02-05,2024-02-05,2024-02-07,,,,0,stage3,1,1,0,0
U002917,2024-02-06,Social,Desktop,South,55+,2024-02,2024-02-06,2024-02-07,2024-02-10,,,,0,stage3,1,1,0,0
U002918,2024-02-16,Email,Mobile,North,18-24,2024-02,2024-02-16,2024-02-16,2024-02-18,,,,0,stage3,1,1,0,0
U002919,2024-03-26,Referral,Desktop,West,35-44,2024-03,2024-03-26,,,,,,0,stage1,0,0,0,0
U002921,2024-02-15,Email,Mobile,West,18-24,2024-02,2024-02-15,,,,,,0,stage1,0,0,0,0
U002922,2024-03-21,Paid_Search,Mobile,South,35-44,2024-03,2024-03-21,2024-03-23,,,,,0,stage2,1,0,0,0
U002923,2024-01-15,Organic,Tablet,West,25-34,2024-01,2024-01-15,2024-01-15,,,,,0,stage2,1,0,0,0
U002925,2024-03-11,Organic,Mobile,South,45-54,2024-03,2024-03-11,,,,,,0,stage1,0,0,0,0
U002926,2024-02-23,Organic,Mobile,North,25-34,2024-02,2024-02-23,2024-02-23,,,,,0,stage2,1,0,0,0
U002928,2024-02-03,Referral,Mobile,East,55+,2024-02,2024-02-03,2024-02-05,2024-02-07,,,,0,stage3,1,1,0,0
U002932,2024-01-02,Social,Mobile,Central,18-24,2024-01,2024-01-02,,,,,,0,stage1,0,0,0,0
U002933,2024-01-10,Email,Desktop,Central,25-34,2024-01,2024-01-10,2024-01-12,2024-01-13,,,,0,stage3,1,1,0,0
U002935,2024-03-23,Paid_Search,Desktop,North,45-54,2024-03,2024-03-23,2024-03-25,2024-03-26,,,,0,stage3,1,1,0,0
U002936,2024-01-05,Social,Mobile,South,35-44,2024-01,2024-01-05,2024-01-07,,,,,0,stage2,1,0,0,0
U002937,2024-01-02,Social,Mobile,East,45-54,2024-01,2024-01-02,2024-01-04,,,,,0,stage2,1,0,0,0
U002938,2024-03-04,Organic,Desktop,North,45-54,2024-03,2024-03-04,2024-03-04,2024-03-07,,,,0,stage3,1,1,0,0
U002939,2024-03-29,Organic,Mobile,South,25-34,2024-03,2024-03-29,,,,,,0,stage1,0,0,0,0
U002940,2024-03-20,Social,Mobile,West,35-44,2024-03,2024-03-20,,,,,,0,stage1,0,0,0,0
U002941,2024-02-03,Paid_Search,Desktop,East,25-34,2024-02,2024-02-03,2024-02-03,2024-02-05,,,,0,stage3,1,1,0,0
U002944,2024-03-15,Paid_Search,Mobile,South,55+,2024-03,2024-03-15,2024-03-16,2024-03-19,2024-03-21,,,0,stage4,1,1,1,0
U002947,2024-03-27,Paid_Search,Tablet,East,18-24,2024-03,2024-03-27,2024-03-28,,,,,0,stage2,1,0,0,0
U002949,2024-02-04,Email,Mobile,Central,35-44,2024-02,2024-02-04,2024-02-05,,,,,0,stage2,1,0,0,0
U002953,2024-02-28,Paid_Search,Mobile,South,25-34,2024-02,2024-02-28,2024-02-28,2024-03-02,2024-03-02,,,0,stage4,1,1,1,0
U002954,2024-02-24,Email,Desktop,South,25-34,2024-02,2024-02-24,2024-02-26,2024-02-27,,,,0,stage3,1,1,0,0
U002956,2024-02-13,Paid_Search,Mobile,South,25-34,2024-02,2024-02-13,2024-02-13,,,,,0,stage2,1,0,0,0
U002961,2024-01-13,Referral,Tablet,North,45-54,2024-01,2024-01-13,2024-01-15,,,,,0,stage2,1,0,0,0
U002962,2024-01-13,Organic,Mobile,West,25-34,2024-01,2024-01-13,2024-01-15,,,,,0,stage2,1,0,0,0
U002963,2024-01-28,Paid_Search,Desktop,North,45-54,2024-01,2024-01-28,2024-01-30,2024-01-31,2024-01-31,2024-02-01,2024-02-02,1,Converted,1,1,1,1
U002968,2024-01-03,Referral,Mobile,West,35-44,2024-01,2024-01-03,,,,,,0,stage1,0,0,0,0
U002969,2024-03-18,Referral,Desktop,South,35-44,2024-03,2024-03-18,,,,,,0,stage1,0,0,0,0
U002975,2024-01-30,Paid_Search,Desktop,East,25-34,2024-01,2024-01-30,2024-01-30,2024-02-01,2024-02-01,,,0,stage4,1,1,1,0
U002977,2024-02-21,Organic,Mobile,South,25-34,2024-02,2024-02-21,,,,,,0,stage1,0,0,0,0
U002978,2024-03-08,Referral,Mobile,North,18-24,2024-03,2024-03-08,2024-03-10,,,,,0,stage2,1,0,0,0
U002979,2024-02-21,Social,Tablet,North,25-34,2024-02,2024-02-21,2024-02-22,2024-02-25,,,,0,stage3,1,1,0,0
U002981,2024-01-11,Organic,Desktop,West,25-34,2024-01,2024-01-11,,,,,,0,stage1,0,0,0,0
U002983,2024-03-01,Email,Mobile,North,25-34,2024-03,2024-03-01,2024-03-01,2024-03-02,2024-03-04,,,0,stage4,1,1,1,0
U002984,2024-01-23,Organic,Mobile,West,25-34,2024-01,2024-01-23,2024-01-23,,,,,0,stage2,1,0,0,0
U002988,2024-01-26,Paid_Search,Mobile,East,55+,2024-01,2024-01-26,,,,,,0,stage1,0,0,0,0
U002989,2024-03-06,Organic,Desktop,East,35-44,2024-03,2024-03-06,,,,,,0,stage1,0,0,0,0
U002992,2024-03-16,Referral,Mobile,Central,18-24,2024-03,2024-03-16,,,,,,0,stage1,0,0,0,0
U002993,2024-03-08,Paid_Search,Mobile,North,18-24,2024-03,2024-03-08,,,,,,0,stage1,0,0,0,0
U002995,2024-01-13,Referral,Mobile,East,18-24,2024-01,2024-01-13,,,,,,0,stage1,0,0,0,0
U002996,2024-01-26,Email,Desktop,Central,45-54,2024-01,2024-01-26,,,,,,0,stage1,0,0,0,0
U002997,2024-02-14,Referral,Mobile,North,25-34,2024-02,2024-02-14,2024-02-14,2024-02-16,2024-02-17,2024-02-20,2024-02-21,1,Converted,1,1,1,1
U002998,2024-01-30,Referral,Desktop,West,35-44,2024-01,2024-01-30,2024-01-30,2024-01-31,2024-01-31,,,0,stage4,1,1,1,0
U002999,2024-02-05,Organic,Mobile,West,18-24,2024-02,2024-02-05,2024-02-07,2024-02-10,2024-02-10,2024-02-13,2024-02-14,1,Converted,1,1,1,1
U003001,2024-03-28,Referral,Desktop,East,35-44,2024-03,2024-03-28,,,,,,0,stage1,0,0,0,0
U003002,2024-02-16,Organic,Mobile,West,35-44,2024-02,2024-02-16,2024-02-16,2024-02-18,,,,0,stage3,1,1,0,0
U003004,2024-03-10,Social,Mobile,South,35-44,2024-03,2024-03-10,,,,,,0,stage1,0,0,0,0
U003007,2024-02-12,Paid_Search,Desktop,North,35-44,2024-02,2024-02-12,2024-02-12,,,,,0,stage2,1,0,0,0
U003008,2024-02-03,Social,Mobile,South,25-34,2024-02,2024-02-03,,,,,,0,stage1,0,0,0,0
U003010,2024-02-10,Email,Mobile,East,18-24,2024-02,2024-02-10,2024-02-10,2024-02-12,,,,0,stage3,1,1,0,0
U003013,2024-01-08,Referral,Mobile,North,25-34,2024-01,2024-01-08,2024-01-10,,,,,0,stage2,1,0,0,0
U003014,2024-02-03,Social,Mobile,East,25-34,2024-02,2024-02-03,2024-02-04,,,,,0,stage2,1,0,0,0
U003016,2024-01-29,Paid_Search,Mobile,South,55+,2024-01,2024-01-29,2024-01-30,2024-02-01,,,,0,stage3,1,1,0,0
U003017,2024-01-12,Social,Mobile,North,35-44,2024-01,2024-01-12,,,,,,0,stage1,0,0,0,0
U003018,2024-01-17,Referral,Desktop,South,18-24,2024-01,2024-01-17,,,,,,0,stage1,0,0,0,0
U003019,2024-03-07,Paid_Search,Desktop,West,35-44,2024-03,2024-03-07,2024-03-09,,,,,0,stage2,1,0,0,0
U003020,2024-03-21,Social,Desktop,East,18-24,2024-03,2024-03-21,2024-03-21,2024-03-24,2024-03-26,,,0,stage4,1,1,1,0
U003024,2024-02-27,Social,Desktop,East,45-54,2024-02,2024-02-27,,,,,,0,stage1,0,0,0,0
U003029,2024-03-04,Referral,Mobile,North,25-34,2024-03,2024-03-04,2024-03-05,,,,,0,stage2,1,0,0,0
U003030,2024-03-29,Organic,Desktop,South,25-34,2024-03,2024-03-29,2024-03-31,2024-04-03,,,,0,stage3,1,1,0,0
U003033,2024-01-03,Organic,Mobile,South,25-34,2024-01,2024-01-03,,,,,,0,stage1,0,0,0,0
U003035,2024-02-10,Paid_Search,Tablet,West,18-24,2024-02,2024-02-10,2024-02-12,2024-02-14,,,,0,stage3,1,1,0,0
U003037,2024-01-20,Email,Mobile,East,18-24,2024-01,2024-01-20,,,,,,0,stage1,0,0,0,0
U003039,2024-03-23,Referral,Desktop,South,18-24,2024-03,2024-03-23,,,,,,0,stage1,0,0,0,0
U003040,2024-03-02,Organic,Tablet,South,18-24,2024-03,2024-03-02,,,,,,0,stage1,0,0,0,0
U003041,2024-03-25,Email,Tablet,North,18-24,2024-03,2024-03-25,2024-03-26,,,,,0,stage2,1,0,0,0
U003042,2024-01-13,Referral,Mobile,Central,35-44,2024-01,2024-01-13,,,,,,0,stage1,0,0,0,0
U003044,2024-02-27,Email,Desktop,East,18-24,2024-02,2024-02-27,2024-02-29,2024-03-03,2024-03-04,2024-03-08,2024-03-08,1,Converted,1,1,1,1
U003045,2024-01-21,Paid_Search,Mobile,North,18-24,2024-01,2024-01-21,,,,,,0,stage1,0,0,0,0
U003049,2024-01-31,Organic,Mobile,Central,25-34,2024-01,2024-01-31,,,,,,0,stage1,0,0,0,0
U003052,2024-01-05,Organic,Mobile,Central,35-44,2024-01,2024-01-05,,,,,,0,stage1,0,0,0,0
U003053,2024-01-27,Referral,Desktop,Central,25-34,2024-01,2024-01-27,2024-01-28,2024-01-30,,,,0,stage3,1,1,0,0
U003054,2024-01-10,Organic,Mobile,South,55+,2024-01,2024-01-10,,,,,,0,stage1,0,0,0,0
U003056,2024-01-01,Email,Mobile,North,25-34,2024-01,2024-01-01,2024-01-01,2024-01-04,2024-01-06,2024-01-09,,0,stage5,1,1,1,1
U003061,2024-02-27,Organic,Desktop,North,35-44,2024-02,2024-02-27,2024-02-28,,,,,0,stage2,1,0,0,0
U003062,2024-03-25,Email,Tablet,North,45-54,2024-03,2024-03-25,2024-03-27,,,,,0,stage2,1,0,0,0
U003067,2024-03-28,Referral,Mobile,East,25-34,2024-03,2024-03-28,,,,,,0,stage1,0,0,0,0
U003068,2024-03-31,Organic,Desktop,West,25-34,2024-03,2024-03-31,2024-04-02,2024-04-04,2024-04-06,2024-04-09,2024-04-11,1,Converted,1,1,1,1
U003069,2024-01-28,Organic,Mobile,Central,25-34,2024-01,2024-01-28,,,,,,0,stage1,0,0,0,0
U003070,2024-01-12,Email,Tablet,Central,25-34,2024-01,2024-01-12,2024-01-12,,,,,0,stage2,1,0,0,0
U003072,2024-03-06,Social,Mobile,Central,35-44,2024-03,2024-03-06,,,,,,0,stage1,0,0,0,0
U003074,2024-02-18,Organic,Mobile,South,35-44,2024-02,2024-02-18,,,,,,0,stage1,0,0,0,0
U003075,2024-01-31,Paid_Search,Mobile,Central,45-54,2024-01,2024-01-31,,,,,,0,stage1,0,0,0,0
U003077,2024-01-28,Organic,Desktop,Central,25-34,2024-01,2024-01-28,2024-01-29,,,,,0,stage2,1,0,0,0
U003078,2024-01-12,Email,Mobile,North,18-24,2024-01,2024-01-12,,,,,,0,stage1,0,0,0,0
U003080,2024-02-01,Paid_Search,Mobile,South,25-34,2024-02,2024-02-01,2024-02-02,2024-02-04,2024-02-06,2024-02-08,2024-02-09,1,Converted,1,1,1,1
U003081,2024-01-02,Referral,Mobile,West,35-44,2024-01,2024-01-02,2024-01-04,,,,,0,stage2,1,0,0,0
U003082,2024-01-13,Organic,Desktop,Central,45-54,2024-01,2024-01-13,2024-01-15,2024-01-17,2024-01-19,2024-01-23,2024-01-25,1,Converted,1,1,1,1
U003083,2024-02-15,Paid_Search,Mobile,West,25-34,2024-02,2024-02-15,,,,,,0,stage1,0,0,0,0
U003085,2024-02-14,Social,Mobile,South,25-34,2024-02,2024-02-14,2024-02-16,2024-02-17,,,,0,stage3,1,1,0,0
U003086,2024-01-27,Organic,Mobile,North,55+,2024-01,2024-01-27,,,,,,0,stage1,0,0,0,0
U003090,2024-03-23,Paid_Search,Mobile,North,25-34,2024-03,2024-03-23,,,,,,0,stage1,0,0,0,0
U003094,2024-03-04,Social,Mobile,South,25-34,2024-03,2024-03-04,,,,,,0,stage1,0,0,0,0
U003095,2024-03-11,Organic,Mobile,West,35-44,2024-03,2024-03-11,2024-03-12,,,,,0,stage2,1,0,0,0
U003096,2024-03-28,Organic,Mobile,East,55+,2024-03,2024-03-28,2024-03-29,,,,,0,stage2,1,0,0,0
U003098,2024-02-04,Social,Mobile,South,25-34,2024-02,2024-02-04,2024-02-04,2024-02-06,2024-02-08,,,0,stage4,1,1,1,0
U003102,2024-03-21,Paid_Search,Mobile,South,35-44,2024-03,2024-03-21,2024-03-23,,,,,0,stage2,1,0,0,0
U003105,2024-02-23,Referral,Mobile,East,25-34,2024-02,2024-02-23,2024-02-25,,,,,0,stage2,1,0,0,0
U003106,2024-03-15,Social,Mobile,Central,18-24,2024-03,2024-03-15,2024-03-17,2024-03-19,2024-03-21,,,0,stage4,1,1,1,0
U003107,2024-02-03,Paid_Search,Mobile,Central,45-54,2024-02,2024-02-03,,,,,,0,stage1,0,0,0,0
U003112,2024-03-23,Social,Mobile,Central,25-34,2024-03,2024-03-23,,,,,,0,stage1,0,0,0,0
U003114,2024-01-30,Organic,Mobile,Central,18-24,2024-01,2024-01-30,2024-01-31,,,,,0,stage2,1,0,0,0
U003118,2024-03-14,Paid_Search,Desktop,West,18-24,2024-03,2024-03-14,2024-03-15,2024-03-16,,,,0,stage3,1,1,0,0
U003120,2024-01-07,Organic,Mobile,East,35-44,2024-01,2024-01-07,2024-01-08,,,,,0,stage2,1,0,0,0
U003121,2024-02-07,Organic,Mobile,West,25-34,2024-02,2024-02-07,,,,,,0,stage1,0,0,0,0
U003122,2024-01-14,Organic,Mobile,North,55+,2024-01,2024-01-14,2024-01-16,,,,,0,stage2,1,0,0,0
U003123,2024-01-15,Paid_Search,Desktop,East,55+,2024-01,2024-01-15,,,,,,0,stage1,0,0,0,0
U003124,2024-02-21,Referral,Mobile,East,25-34,2024-02,2024-02-21,,,,,,0,stage1,0,0,0,0
U003125,2024-03-09,Organic,Mobile,South,25-34,2024-03,2024-03-09,2024-03-09,,,,,0,stage2,1,0,0,0
U003126,2024-03-14,Referral,Desktop,Central,25-34,2024-03,2024-03-14,2024-03-16,2024-03-18,,,,0,stage3,1,1,0,0
U003127,2024-02-07,Paid_Search,Mobile,South,25-34,2024-02,2024-02-07,2024-02-07,2024-02-10,,,,0,stage3,1,1,0,0
U003128,2024-03-16,Social,Mobile,East,45-54,2024-03,2024-03-16,2024-03-16,,,,,0,stage2,1,0,0,0
U003130,2024-01-09,Organic,Mobile,East,45-54,2024-01,2024-01-09,2024-01-10,,,,,0,stage2,1,0,0,0
U003134,2024-03-01,Social,Mobile,East,55+,2024-03,2024-03-01,,,,,,0,stage1,0,0,0,0
U003137,2024-01-13,Social,Mobile,South,35-44,2024-01,2024-01-13,2024-01-14,2024-01-16,,,,0,stage3,1,1,0,0
U003139,2024-01-14,Organic,Mobile,East,45-54,2024-01,2024-01-14,2024-01-14,2024-01-17,,,,0,stage3,1,1,0,0
U003140,2024-03-05,Referral,Mobile,East,18-24,2024-03,2024-03-05,2024-03-05,2024-03-08,2024-03-09,,,0,stage4,1,1,1,0
U003141,2024-02-27,Referral,Mobile,South,25-34,2024-02,2024-02-27,2024-02-29,,,,,0,stage2,1,0,0,0
U003146,2024-02-19,Referral,Tablet,South,25-34,2024-02,2024-02-19,2024-02-20,2024-02-22,,,,0,stage3,1,1,0,0
U003147,2024-02-15,Organic,Desktop,West,25-34,2024-02,2024-02-15,,,,,,0,stage1,0,0,0,0
U003152,2024-02-03,Organic,Desktop,North,55+,2024-02,2024-02-03,2024-02-03,2024-02-06,2024-02-07,,,0,stage4,1,1,1,0
U003153,2024-01-02,Referral,Desktop,East,25-34,2024-01,2024-01-02,2024-01-03,2024-01-05,2024-01-07,,,0,stage4,1,1,1,0
U003154,2024-02-09,Social,Mobile,North,45-54,2024-02,2024-02-09,2024-02-09,2024-02-10,2024-02-11,,,0,stage4,1,1,1,0
U003156,2024-01-14,Organic,Mobile,Central,55+,2024-01,2024-01-14,,,,,,0,stage1,0,0,0,0
U003159,2024-03-18,Organic,Desktop,South,18-24,2024-03,2024-03-18,2024-03-19,,,,,0,stage2,1,0,0,0
U003163,2024-02-17,Social,Mobile,North,35-44,2024-02,2024-02-17,,,,,,0,stage1,0,0,0,0
U003165,2024-01-18,Social,Tablet,South,35-44,2024-01,2024-01-18,,,,,,0,stage1,0,0,0,0
U003167,2024-03-30,Referral,Desktop,South,25-34,2024-03,2024-03-30,2024-03-30,,,,,0,stage2,1,0,0,0
U003168,2024-02-24,Social,Desktop,Central,35-44,2024-02,2024-02-24,,,,,,0,stage1,0,0,0,0
U003170,2024-03-25,Organic,Mobile,South,25-34,2024-03,2024-03-25,2024-03-26,,,,,0,stage2,1,0,0,0
U003171,2024-03-16,Organic,Mobile,North,35-44,2024-03,2024-03-16,2024-03-16,2024-03-19,,,,0,stage3,1,1,0,0
U003174,2024-03-29,Referral,Tablet,South,35-44,2024-03,2024-03-29,,,,,,0,stage1,0,0,0,0
U003180,2024-01-07,Paid_Search,Desktop,Central,25-34,2024-01,2024-01-07,2024-01-09,,,,,0,stage2,1,0,0,0
U003183,2024-01-12,Social,Desktop,South,55+,2024-01,2024-01-12,2024-01-13,,,,,0,stage2,1,0,0,0
U003185,2024-03-23,Referral,Desktop,East,25-34,2024-03,2024-03-23,,,,,,0,stage1,0,0,0,0
U003187,2024-02-12,Paid_Search,Desktop,West,35-44,2024-02,2024-02-12,,,,,,0,stage1,0,0,0,0
U003189,2024-01-02,Organic,Mobile,North,45-54,2024-01,2024-01-02,2024-01-04,2024-01-05,,,,0,stage3,1,1,0,0
U003190,2024-02-23,Organic,Tablet,East,18-24,2024-02,2024-02-23,2024-02-25,,,,,0,stage2,1,0,0,0
U003192,2024-01-27,Organic,Mobile,East,45-54,2024-01,2024-01-27,,,,,,0,stage1,0,0,0,0
U003193,2024-02-22,Social,Tablet,West,55+,2024-02,2024-02-22,,,,,,0,stage1,0,0,0,0
U003198,2024-01-10,Organic,Mobile,Central,25-34,2024-01,2024-01-10,2024-01-10,2024-01-11,2024-01-11,2024-01-13,2024-01-14,1,Converted,1,1,1,1
U003201,2024-03-07,Paid_Search,Desktop,Central,25-34,2024-03,2024-03-07,2024-03-08,,,,,0,stage2,1,0,0,0
U003206,2024-01-31,Organic,Desktop,West,25-34,2024-01,2024-01-31,2024-02-02,2024-02-03,2024-02-05,2024-02-06,2024-02-08,1,Converted,1,1,1,1
U003208,2024-01-19,Organic,Desktop,South,35-44,2024-01,2024-01-19,2024-01-20,2024-01-23,,,,0,stage3,1,1,0,0
U003209,2024-01-28,Paid_Search,Desktop,South,55+,2024-01,2024-01-28,,,,,,0,stage1,0,0,0,0
U003210,2024-03-15,Email,Mobile,East,45-54,2024-03,2024-03-15,,,,,,0,stage1,0,0,0,0
U003212,2024-03-13,Organic,Desktop,East,18-24,2024-03,2024-03-13,2024-03-14,2024-03-16,2024-03-17,,,0,stage4,1,1,1,0
U003214,2024-01-08,Organic,Mobile,East,55+,2024-01,2024-01-08,2024-01-09,2024-01-10,,,,0,stage3,1,1,0,0
U003216,2024-02-04,Referral,Desktop,South,25-34,2024-02,2024-02-04,,,,,,0,stage1,0,0,0,0
U003218,2024-03-16,Referral,Mobile,East,25-34,2024-03,2024-03-16,2024-03-18,2024-03-19,2024-03-20,,,0,stage4,1,1,1,0
U003221,2024-01-11,Referral,Mobile,South,18-24,2024-01,2024-01-11,2024-01-11,,,,,0,stage2,1,0,0,0
U003225,2024-01-22,Referral,Desktop,North,18-24,2024-01,2024-01-22,2024-01-23,,,,,0,stage2,1,0,0,0
U003226,2024-02-23,Organic,Mobile,East,25-34,2024-02,2024-02-23,,,,,,0,stage1,0,0,0,0
U003227,2024-03-29,Organic,Mobile,West,18-24,2024-03,2024-03-29,,,,,,0,stage1,0,0,0,0
U003228,2024-02-24,Social,Tablet,Central,25-34,2024-02,2024-02-24,,,,,,0,stage1,0,0,0,0
U003232,2024-02-11,Organic,Mobile,North,45-54,2024-02,2024-02-11,,,,,,0,stage1,0,0,0,0
U003233,2024-02-17,Referral,Mobile,Central,45-54,2024-02,2024-02-17,,,,,,0,stage1,0,0,0,0
U003234,2024-02-26,Social,Desktop,East,45-54,2024-02,2024-02-26,,,,,,0,stage1,0,0,0,0
U003236,2024-03-05,Paid_Search,Mobile,North,18-24,2024-03,2024-03-05,2024-03-05,,,,,0,stage2,1,0,0,0
U003237,2024-01-30,Referral,Tablet,East,35-44,2024-01,2024-01-30,2024-01-30,2024-02-02,,,,0,stage3,1,1,0,0
U003239,2024-01-14,Organic,Desktop,Central,55+,2024-01,2024-01-14,,,,,,0,stage1,0,0,0,0
U003243,2024-03-15,Social,Desktop,South,55+,2024-03,2024-03-15,2024-03-17,2024-03-18,,,,0,stage3,1,1,0,0
U003244,2024-03-05,Social,Mobile,Central,35-44,2024-03,2024-03-05,2024-03-05,,,,,0,stage2,1,0,0,0
U003245,2024-02-20,Organic,Desktop,South,35-44,2024-02,2024-02-20,2024-02-22,2024-02-25,2024-02-26,2024-02-29,2024-03-01,1,Converted,1,1,1,1
U003246,2024-02-02,Organic,Mobile,West,35-44,2024-02,2024-02-02,,,,,,0,stage1,0,0,0,0
U003248,2024-01-26,Social,Mobile,West,18-24,2024-01,2024-01-26,2024-01-27,2024-01-30,,,,0,stage3,1,1,0,0
U003249,2024-01-18,Social,Desktop,North,35-44,2024-01,2024-01-18,,,,,,0,stage1,0,0,0,0
U003250,2024-02-19,Organic,Desktop,North,18-24,2024-02,2024-02-19,2024-02-20,,,,,0,stage2,1,0,0,0
U003253,2024-03-19,Organic,Mobile,North,35-44,2024-03,2024-03-19,2024-03-21,,,,,0,stage2,1,0,0,0
U003257,2024-03-25,Organic,Mobile,North,25-34,2024-03,2024-03-25,,,,,,0,stage1,0,0,0,0
U003262,2024-03-19,Referral,Mobile,North,55+,2024-03,2024-03-19,2024-03-20,2024-03-23,2024-03-23,,,0,stage4,1,1,1,0
U003263,2024-02-14,Social,Desktop,West,25-34,2024-02,2024-02-14,2024-02-16,2024-02-19,,,,0,stage3,1,1,0,0
U003264,2024-01-21,Organic,Desktop,East,35-44,2024-01,2024-01-21,,,,,,0,stage1,0,0,0,0
U003265,2024-03-12,Organic,Desktop,North,18-24,2024-03,2024-03-12,2024-03-12,2024-03-15,,,,0,stage3,1,1,0,0
U003266,2024-02-20,Paid_Search,Mobile,North,35-44,2024-02,2024-02-20,,,,,,0,stage1,0,0,0,0
U003267,2024-03-08,Paid_Search,Desktop,West,35-44,2024-03,2024-03-08,2024-03-10,,,,,0,stage2,1,0,0,0
U003269,2024-01-20,Paid_Search,Desktop,North,25-34,2024-01,2024-01-20,,,,,,0,stage1,0,0,0,0
U003270,2024-01-05,Referral,Mobile,East,18-24,2024-01,2024-01-05,,,,,,0,stage1,0,0,0,0
U003272,2024-01-08,Paid_Search,Desktop,South,25-34,2024-01,2024-01-08,2024-01-10,2024-01-13,,,,0,stage3,1,1,0,0
U003274,2024-02-24,Social,Mobile,East,55+,2024-02,2024-02-24,2024-02-24,2024-02-27,2024-02-28,2024-03-03,,0,stage5,1,1,1,1
U003277,2024-02-27,Email,Mobile,Central,25-34,2024-02,2024-02-27,2024-02-29,,,,,0,stage2,1,0,0,0
U003278,2024-03-15,Email,Mobile,North,18-24,2024-03,2024-03-15,2024-03-15,2024-03-17,2024-03-19,2024-03-20,2024-03-21,1,Converted,1,1,1,1
U003282,2024-03-02,Organic,Mobile,North,25-34,2024-03,2024-03-02,,,,,,0,stage1,0,0,0,0
U003285,2024-02-05,Paid_Search,Desktop,Central,45-54,2024-02,2024-02-05,2024-02-06,2024-02-07,2024-02-07,2024-02-09,2024-02-11,1,Converted,1,1,1,1
U003287,2024-01-11,Social,Mobile,East,25-34,2024-01,2024-01-11,,,,,,0,stage1,0,0,0,0
U003288,2024-02-26,Paid_Search,Mobile,East,18-24,2024-02,2024-02-26,2024-02-27,2024-02-28,2024-02-28,2024-03-02,2024-03-03,1,Converted,1,1,1,1
U003289,2024-02-29,Referral,Desktop,South,18-24,2024-02,2024-02-29,2024-02-29,,,,,0,stage2,1,0,0,0
U003294,2024-01-12,Paid_Search,Mobile,North,25-34,2024-01,2024-01-12,2024-01-12,,,,,0,stage2,1,0,0,0
U003296,2024-01-27,Organic,Desktop,Central,45-54,2024-01,2024-01-27,2024-01-29,2024-02-01,,,,0,stage3,1,1,0,0
U003304,2024-03-29,Social,Desktop,West,25-34,2024-03,2024-03-29,,,,,,0,stage1,0,0,0,0
U003306,2024-01-02,Paid_Search,Desktop,West,35-44,2024-01,2024-01-02,2024-01-04,,,,,0,stage2,1,0,0,0
U003307,2024-02-05,Social,Desktop,South,35-44,2024-02,2024-02-05,2024-02-06,,,,,0,stage2,1,0,0,0
U003308,2024-02-12,Organic,Desktop,West,25-34,2024-02,2024-02-12,2024-02-12,,,,,0,stage2,1,0,0,0
U003309,2024-01-20,Organic,Desktop,North,18-24,2024-01,2024-01-20,2024-01-22,,,,,0,stage2,1,0,0,0
U003311,2024-03-12,Organic,Desktop,North,25-34,2024-03,2024-03-12,,,,,,0,stage1,0,0,0,0
U003312,2024-02-24,Email,Mobile,Central,18-24,2024-02,2024-02-24,,,,,,0,stage1,0,0,0,0
U003313,2024-02-08,Referral,Mobile,South,18-24,2024-02,2024-02-08,2024-02-08,2024-02-09,,,,0,stage3,1,1,0,0
U003316,2024-03-25,Paid_Search,Mobile,Central,45-54,2024-03,2024-03-25,2024-03-27,2024-03-28,,,,0,stage3,1,1,0,0
U003321,2024-02-11,Paid_Search,Mobile,East,25-34,2024-02,2024-02-11,2024-02-13,2024-02-15,,,,0,stage3,1,1,0,0
U003322,2024-01-06,Organic,Mobile,East,35-44,2024-01,2024-01-06,2024-01-06,,,,,0,stage2,1,0,0,0
U003323,2024-01-12,Paid_Search,Desktop,West,18-24,2024-01,2024-01-12,2024-01-12,,,,,0,stage2,1,0,0,0
U003325,2024-02-11,Organic,Mobile,Central,45-54,2024-02,2024-02-11,2024-02-11,2024-02-14,,,,0,stage3,1,1,0,0
U003327,2024-01-11,Social,Tablet,Central,35-44,2024-01,2024-01-11,2024-01-13,,,,,0,stage2,1,0,0,0
U003328,2024-02-07,Referral,Mobile,North,55+,2024-02,2024-02-07,2024-02-07,2024-02-08,,,,0,stage3,1,1,0,0
U003329,2024-03-07,Referral,Mobile,Central,25-34,2024-03,2024-03-07,2024-03-07,2024-03-10,,,,0,stage3,1,1,0,0
U003331,2024-01-05,Referral,Tablet,South,25-34,2024-01,2024-01-05,2024-01-07,2024-01-10,,,,0,stage3,1,1,0,0
U003335,2024-02-26,Paid_Search,Mobile,West,18-24,2024-02,2024-02-26,2024-02-27,2024-03-01,2024-03-01,2024-03-03,2024-03-05,1,Converted,1,1,1,1
U003337,2024-02-12,Referral,Desktop,North,25-34,2024-02,2024-02-12,,,,,,0,stage1,0,0,0,0
U003341,2024-02-03,Organic,Tablet,West,18-24,2024-02,2024-02-03,,,,,,0,stage1,0,0,0,0
U003342,2024-01-28,Organic,Desktop,East,25-34,2024-01,2024-01-28,,,,,,0,stage1,0,0,0,0
U003343,2024-01-05,Paid_Search,Mobile,Central,55+,2024-01,2024-01-05,,,,,,0,stage1,0,0,0,0
U003344,2024-02-21,Paid_Search,Mobile,West,18-24,2024-02,2024-02-21,2024-02-23,,,,,0,stage2,1,0,0,0
U003348,2024-01-10,Paid_Search,Desktop,Central,55+,2024-01,2024-01-10,2024-01-12,,,,,0,stage2,1,0,0,0
U003354,2024-01-12,Referral,Mobile,East,45-54,2024-01,2024-01-12,,,,,,0,stage1,0,0,0,0
U003356,2024-02-28,Email,Mobile,North,18-24,2024-02,2024-02-28,2024-02-29,,,,,0,stage2,1,0,0,0
U003360,2024-02-04,Referral,Mobile,North,35-44,2024-02,2024-02-04,2024-02-05,2024-02-07,,,,0,stage3,1,1,0,0
U003361,2024-02-29,Referral,Mobile,North,25-34,2024-02,2024-02-29,2024-02-29,,,,,0,stage2,1,0,0,0
U003362,2024-03-13,Paid_Search,Mobile,North,18-24,2024-03,2024-03-13,,,,,,0,stage1,0,0,0,0
U003365,2024-03-06,Organic,Desktop,South,35-44,2024-03,2024-03-06,2024-03-06,2024-03-07,,,,0,stage3,1,1,0,0
U003367,2024-01-02,Paid_Search,Mobile,Central,25-34,2024-01,2024-01-02,2024-01-04,2024-01-07,2024-01-07,,,0,stage4,1,1,1,0
U003370,2024-02-22,Organic,Desktop,South,25-34,2024-02,2024-02-22,2024-02-24,2024-02-26,2024-02-27,2024-03-01,2024-03-01,1,Converted,1,1,1,1
U003371,2024-02-09,Referral,Mobile,East,18-24,2024-02,2024-02-09,,,,,,0,stage1,0,0,0,0
U003374,2024-03-05,Paid_Search,Mobile,North,25-34,2024-03,2024-03-05,2024-03-06,,,,,0,stage2,1,0,0,0
U003377,2024-02-15,Social,Mobile,South,35-44,2024-02,2024-02-15,2024-02-16,,,,,0,stage2,1,0,0,0
U003383,2024-02-11,Referral,Desktop,Central,18-24,2024-02,2024-02-11,2024-02-11,,,,,0,stage2,1,0,0,0
U003384,2024-02-24,Email,Mobile,East,35-44,2024-02,2024-02-24,2024-02-26,,,,,0,stage2,1,0,0,0
U003387,2024-01-02,Paid_Search,Tablet,West,25-34,2024-01,2024-01-02,2024-01-02,,,,,0,stage2,1,0,0,0
U003388,2024-02-07,Organic,Mobile,North,45-54,2024-02,2024-02-07,2024-02-08,2024-02-11,,,,0,stage3,1,1,0,0
U003390,2024-01-23,Organic,Mobile,South,25-34,2024-01,2024-01-23,2024-01-23,,,,,0,stage2,1,0,0,0
U003391,2024-03-08,Email,Mobile,East,35-44,2024-03,2024-03-08,2024-03-08,2024-03-10,2024-03-10,2024-03-11,2024-03-13,1,Converted,1,1,1,1
U003397,2024-01-03,Paid_Search,Mobile,Central,35-44,2024-01,2024-01-03,2024-01-03,,,,,0,stage2,1,0,0,0
U003400,2024-03-14,Referral,Desktop,West,18-24,2024-03,2024-03-14,,,,,,0,stage1,0,0,0,0
U003401,2024-02-19,Referral,Desktop,Central,35-44,2024-02,2024-02-19,2024-02-19,,,,,0,stage2,1,0,0,0
U003405,2024-02-13,Paid_Search,Mobile,West,35-44,2024-02,2024-02-13,,,,,,0,stage1,0,0,0,0
U003408,2024-01-01,Paid_Search,Mobile,South,35-44,2024-01,2024-01-01,2024-01-01,,,,,0,stage2,1,0,0,0
U003409,2024-01-23,Email,Desktop,North,55+,2024-01,2024-01-23,2024-01-24,2024-01-26,2024-01-27,2024-01-31,,0,stage5,1,1,1,1
U003413,2024-01-04,Referral,Desktop,East,45-54,2024-01,2024-01-04,2024-01-06,2024-01-09,2024-01-09,2024-01-10,2024-01-12,1,Converted,1,1,1,1
U003414,2024-03-13,Paid_Search,Mobile,North,35-44,2024-03,2024-03-13,,,,,,0,stage1,0,0,0,0
U003416,2024-03-29,Email,Mobile,West,35-44,2024-03,2024-03-29,,,,,,0,stage1,0,0,0,0
U003417,2024-03-11,Paid_Search,Mobile,Central,18-24,2024-03,2024-03-11,2024-03-11,2024-03-14,,,,0,stage3,1,1,0,0
U003418,2024-02-19,Organic,Desktop,East,18-24,2024-02,2024-02-19,2024-02-20,2024-02-22,,,,0,stage3,1,1,0,0
U003420,2024-01-02,Referral,Desktop,North,45-54,2024-01,2024-01-02,2024-01-03,2024-01-04,,,,0,stage3,1,1,0,0
U003422,2024-01-28,Organic,Desktop,South,45-54,2024-01,2024-01-28,,,,,,0,stage1,0,0,0,0
U003424,2024-01-19,Referral,Mobile,Central,18-24,2024-01,2024-01-19,,,,,,0,stage1,0,0,0,0
U003426,2024-03-28,Referral,Desktop,South,35-44,2024-03,2024-03-28,2024-03-28,2024-03-31,2024-04-01,2024-04-04,2024-04-06,1,Converted,1,1,1,1
U003429,2024-03-03,Referral,Desktop,East,18-24,2024-03,2024-03-03,,,,,,0,stage1,0,0,0,0
U003430,2024-03-27,Organic,Desktop,North,45-54,2024-03,2024-03-27,2024-03-28,2024-03-31,,,,0,stage3,1,1,0,0
U003433,2024-03-07,Organic,Desktop,East,18-24,2024-03,2024-03-07,,,,,,0,stage1,0,0,0,0
U003434,2024-01-18,Paid_Search,Mobile,Central,35-44,2024-01,2024-01-18,,,,,,0,stage1,0,0,0,0
U003438,2024-03-08,Paid_Search,Mobile,East,25-34,2024-03,2024-03-08,2024-03-08,,,,,0,stage2,1,0,0,0
U003439,2024-03-14,Paid_Search,Mobile,North,45-54,2024-03,2024-03-14,,,,,,0,stage1,0,0,0,0
U003440,2024-01-24,Referral,Mobile,Central,35-44,2024-01,2024-01-24,,,,,,0,stage1,0,0,0,0
U003442,2024-03-28,Social,Desktop,East,18-24,2024-03,2024-03-28,2024-03-28,2024-03-31,,,,0,stage3,1,1,0,0
U003443,2024-02-15,Referral,Mobile,Central,25-34,2024-02,2024-02-15,,,,,,0,stage1,0,0,0,0
U003445,2024-03-31,Organic,Desktop,Central,18-24,2024-03,2024-03-31,2024-03-31,,,,,0,stage2,1,0,0,0
U003449,2024-02-21,Email,Desktop,Central,55+,2024-02,2024-02-21,2024-02-21,2024-02-24,,,,0,stage3,1,1,0,0
U003450,2024-03-02,Organic,Mobile,South,35-44,2024-03,2024-03-02,2024-03-03,2024-03-04,,,,0,stage3,1,1,0,0
U003451,2024-02-28,Social,Desktop,Central,18-24,2024-02,2024-02-28,2024-02-28,,,,,0,stage2,1,0,0,0
U003452,2024-03-04,Paid_Search,Desktop,West,45-54,2024-03,2024-03-04,,,,,,0,stage1,0,0,0,0
U003455,2024-01-02,Referral,Mobile,South,55+,2024-01,2024-01-02,2024-01-04,,,,,0,stage2,1,0,0,0
U003456,2024-01-11,Organic,Mobile,West,35-44,2024-01,2024-01-11,,,,,,0,stage1,0,0,0,0
U003461,2024-02-16,Referral,Mobile,North,35-44,2024-02,2024-02-16,2024-02-18,,,,,0,stage2,1,0,0,0
U003462,2024-03-12,Social,Mobile,East,45-54,2024-03,2024-03-12,2024-03-13,2024-03-14,,,,0,stage3,1,1,0,0
U003466,2024-01-09,Social,Mobile,North,35-44,2024-01,2024-01-09,2024-01-11,,,,,0,stage2,1,0,0,0
U003467,2024-03-29,Referral,Mobile,West,55+,2024-03,2024-03-29,,,,,,0,stage1,0,0,0,0
U003470,2024-02-14,Email,Mobile,South,55+,2024-02,2024-02-14,2024-02-15,,,,,0,stage2,1,0,0,0
U003471,2024-01-31,Paid_Search,Mobile,South,35-44,2024-01,2024-01-31,,,,,,0,stage1,0,0,0,0
U003475,2024-01-26,Paid_Search,Desktop,South,18-24,2024-01,2024-01-26,,,,,,0,stage1,0,0,0,0
U003476,2024-03-24,Organic,Desktop,North,25-34,2024-03,2024-03-24,,,,,,0,stage1,0,0,0,0
U003479,2024-03-07,Paid_Search,Mobile,South,35-44,2024-03,2024-03-07,,,,,,0,stage1,0,0,0,0
U003480,2024-02-17,Referral,Mobile,West,35-44,2024-02,2024-02-17,2024-02-19,2024-02-21,2024-02-21,2024-02-24,,0,stage5,1,1,1,1
U003488,2024-02-16,Organic,Mobile,South,45-54,2024-02,2024-02-16,2024-02-18,2024-02-19,,,,0,stage3,1,1,0,0
U003490,2024-01-26,Social,Mobile,North,18-24,2024-01,2024-01-26,,,,,,0,stage1,0,0,0,0
U003491,2024-03-10,Referral,Mobile,West,35-44,2024-03,2024-03-10,,,,,,0,stage1,0,0,0,0
U003492,2024-03-01,Organic,Mobile,North,45-54,2024-03,2024-03-01,,,,,,0,stage1,0,0,0,0
U003494,2024-02-07,Organic,Mobile,North,45-54,2024-02,2024-02-07,2024-02-09,,,,,0,stage2,1,0,0,0
U003495,2024-02-08,Paid_Search,Tablet,Central,35-44,2024-02,2024-02-08,,,,,,0,stage1,0,0,0,0
U003497,2024-01-03,Social,Mobile,East,18-24,2024-01,2024-01-03,,,,,,0,stage1,0,0,0,0
U003498,2024-02-15,Organic,Desktop,South,25-34,2024-02,2024-02-15,,,,,,0,stage1,0,0,0,0
U003501,2024-02-04,Email,Desktop,South,25-34,2024-02,2024-02-04,2024-02-06,,,,,0,stage2,1,0,0,0
U003503,2024-03-05,Paid_Search,Mobile,West,25-34,2024-03,2024-03-05,,,,,,0,stage1,0,0,0,0
U003505,2024-01-13,Referral,Mobile,South,35-44,2024-01,2024-01-13,,,,,,0,stage1,0,0,0,0
U003507,2024-02-25,Organic,Mobile,South,55+,2024-02,2024-02-25,,,,,,0,stage1,0,0,0,0
U003508,2024-03-06,Social,Mobile,Central,25-34,2024-03,2024-03-06,2024-03-07,,,,,0,stage2,1,0,0,0
U003510,2024-03-26,Organic,Desktop,South,25-34,2024-03,2024-03-26,2024-03-27,2024-03-29,,,,0,stage3,1,1,0,0
U003512,2024-03-06,Paid_Search,Mobile,East,18-24,2024-03,2024-03-06,2024-03-07,,,,,0,stage2,1,0,0,0
U003513,2024-01-06,Organic,Desktop,East,45-54,2024-01,2024-01-06,,,,,,0,stage1,0,0,0,0
U003515,2024-02-01,Social,Mobile,East,18-24,2024-02,2024-02-01,,,,,,0,stage1,0,0,0,0
U003516,2024-03-30,Social,Desktop,South,35-44,2024-03,2024-03-30,2024-04-01,,,,,0,stage2,1,0,0,0
U003522,2024-03-13,Organic,Desktop,West,35-44,2024-03,2024-03-13,,,,,,0,stage1,0,0,0,0
U003523,2024-03-31,Organic,Mobile,East,18-24,2024-03,2024-03-31,,,,,,0,stage1,0,0,0,0
U003524,2024-03-24,Organic,Mobile,North,35-44,2024-03,2024-03-24,2024-03-26,2024-03-29,2024-03-30,2024-04-03,,0,stage5,1,1,1,1
U003525,2024-01-21,Organic,Mobile,Central,45-54,2024-01,2024-01-21,,,,,,0,stage1,0,0,0,0
U003527,2024-03-14,Paid_Search,Desktop,West,25-34,2024-03,2024-03-14,,,,,,0,stage1,0,0,0,0
U003531,2024-03-27,Organic,Desktop,West,45-54,2024-03,2024-03-27,2024-03-28,,,,,0,stage2,1,0,0,0
U003534,2024-01-21,Organic,Mobile,North,18-24,2024-01,2024-01-21,2024-01-21,,,,,0,stage2,1,0,0,0
U003535,2024-03-28,Email,Desktop,Central,18-24,2024-03,2024-03-28,2024-03-28,2024-03-30,,,,0,stage3,1,1,0,0
U003536,2024-03-22,Organic,Desktop,South,25-34,2024-03,2024-03-22,,,,,,0,stage1,0,0,0,0
U003538,2024-03-15,Email,Mobile,East,35-44,2024-03,2024-03-15,2024-03-17,,,,,0,stage2,1,0,0,0
U003539,2024-03-09,Email,Mobile,South,25-34,2024-03,2024-03-09,,,,,,0,stage1,0,0,0,0
U003544,2024-02-17,Paid_Search,Desktop,East,35-44,2024-02,2024-02-17,,,,,,0,stage1,0,0,0,0
U003545,2024-01-06,Email,Mobile,North,25-34,2024-01,2024-01-06,2024-01-06,,,,,0,stage2,1,0,0,0
U003546,2024-03-01,Email,Mobile,East,18-24,2024-03,2024-03-01,,,,,,0,stage1,0,0,0,0
U003548,2024-03-05,Paid_Search,Desktop,Central,35-44,2024-03,2024-03-05,2024-03-07,2024-03-10,,,,0,stage3,1,1,0,0
U003549,2024-01-21,Paid_Search,Mobile,North,25-34,2024-01,2024-01-21,2024-01-21,,,,,0,stage2,1,0,0,0
U003550,2024-02-12,Referral,Desktop,South,25-34,2024-02,2024-02-12,,,,,,0,stage1,0,0,0,0
U003552,2024-01-25,Social,Tablet,Central,25-34,2024-01,2024-01-25,,,,,,0,stage1,0,0,0,0
U003553,2024-01-17,Paid_Search,Desktop,North,45-54,2024-01,2024-01-17,,,,,,0,stage1,0,0,0,0
U003555,2024-01-14,Referral,Desktop,East,18-24,2024-01,2024-01-14,,,,,,0,stage1,0,0,0,0
U003556,2024-01-07,Referral,Tablet,East,35-44,2024-01,2024-01-07,2024-01-08,,,,,0,stage2,1,0,0,0
U003558,2024-01-22,Email,Mobile,Central,25-34,2024-01,2024-01-22,,,,,,0,stage1,0,0,0,0
U003559,2024-01-27,Paid_Search,Tablet,North,25-34,2024-01,2024-01-27,2024-01-28,2024-01-31,,,,0,stage3,1,1,0,0
U003560,2024-02-09,Organic,Desktop,Central,45-54,2024-02,2024-02-09,,,,,,0,stage1,0,0,0,0
U003561,2024-01-22,Paid_Search,Mobile,East,18-24,2024-01,2024-01-22,,,,,,0,stage1,0,0,0,0
U003563,2024-02-28,Organic,Desktop,East,18-24,2024-02,2024-02-28,,,,,,0,stage1,0,0,0,0
U003564,2024-03-04,Paid_Search,Desktop,East,35-44,2024-03,2024-03-04,2024-03-06,2024-03-08,,,,0,stage3,1,1,0,0
U003566,2024-01-09,Organic,Tablet,West,18-24,2024-01,2024-01-09,2024-01-11,,,,,0,stage2,1,0,0,0
U003571,2024-02-15,Email,Desktop,North,18-24,2024-02,2024-02-15,2024-02-17,2024-02-20,,,,0,stage3,1,1,0,0
U003577,2024-03-20,Social,Desktop,South,18-24,2024-03,2024-03-20,2024-03-21,,,,,0,stage2,1,0,0,0
U003580,2024-03-19,Social,Desktop,South,35-44,2024-03,2024-03-19,2024-03-20,2024-03-22,,,,0,stage3,1,1,0,0
U003581,2024-03-07,Organic,Mobile,West,18-24,2024-03,2024-03-07,,,,,,0,stage1,0,0,0,0
U003582,2024-02-09,Paid_Search,Tablet,North,35-44,2024-02,2024-02-09,2024-02-10,,,,,0,stage2,1,0,0,0
U003583,2024-01-03,Paid_Search,Mobile,Central,25-34,2024-01,2024-01-03,2024-01-03,2024-01-06,,,,0,stage3,1,1,0,0
U003584,2024-02-04,Organic,Mobile,North,35-44,2024-02,2024-02-04,,,,,,0,stage1,0,0,0,0
U003585,2024-03-29,Paid_Search,Mobile,North,25-34,2024-03,2024-03-29,2024-03-30,,,,,0,stage2,1,0,0,0
U003587,2024-01-03,Social,Mobile,North,35-44,2024-01,2024-01-03,2024-01-05,2024-01-07,2024-01-08,2024-01-11,2024-01-11,1,Converted,1,1,1,1
U003589,2024-03-15,Organic,Tablet,East,45-54,2024-03,2024-03-15,2024-03-17,2024-03-18,,,,0,stage3,1,1,0,0
U003590,2024-01-02,Social,Mobile,North,25-34,2024-01,2024-01-02,,,,,,0,stage1,0,0,0,0
U003594,2024-02-11,Organic,Desktop,West,25-34,2024-02,2024-02-11,2024-02-13,,,,,0,stage2,1,0,0,0
U003597,2024-03-02,Organic,Mobile,West,18-24,2024-03,2024-03-02,,,,,,0,stage1,0,0,0,0
U003600,2024-03-13,Organic,Mobile,East,25-34,2024-03,2024-03-13,2024-03-15,,,,,0,stage2,1,0,0,0
U003602,2024-02-18,Organic,Mobile,South,35-44,2024-02,2024-02-18,,,,,,0,stage1,0,0,0,0
U003603,2024-01-18,Paid_Search,Tablet,South,18-24,2024-01,2024-01-18,2024-01-18,2024-01-19,2024-01-20,2024-01-21,2024-01-23,1,Converted,1,1,1,1
U003606,2024-02-18,Paid_Search,Desktop,East,45-54,2024-02,2024-02-18,2024-02-19,2024-02-20,,,,0,stage3,1,1,0,0
U003607,2024-02-08,Referral,Mobile,North,45-54,2024-02,2024-02-08,,,,,,0,stage1,0,0,0,0
U003608,2024-01-13,Paid_Search,Desktop,West,25-34,2024-01,2024-01-13,,,,,,0,stage1,0,0,0,0
U003610,2024-02-02,Paid_Search,Desktop,West,18-24,2024-02,2024-02-02,2024-02-04,,,,,0,stage2,1,0,0,0
U003612,2024-01-04,Organic,Tablet,Central,25-34,2024-01,2024-01-04,2024-01-05,2024-01-06,,,,0,stage3,1,1,0,0
U003613,2024-03-28,Referral,Mobile,West,35-44,2024-03,2024-03-28,2024-03-29,,,,,0,stage2,1,0,0,0
U003614,2024-03-20,Email,Mobile,East,55+,2024-03,2024-03-20,2024-03-21,2024-03-23,2024-03-24,,,0,stage4,1,1,1,0
U003616,2024-01-09,Organic,Mobile,West,35-44,2024-01,2024-01-09,,,,,,0,stage1,0,0,0,0
U003617,2024-03-25,Social,Mobile,Central,18-24,2024-03,2024-03-25,2024-03-25,2024-03-26,,,,0,stage3,1,1,0,0
U003618,2024-01-15,Paid_Search,Desktop,West,25-34,2024-01,2024-01-15,,,,,,0,stage1,0,0,0,0
U003619,2024-03-09,Organic,Mobile,East,35-44,2024-03,2024-03-09,,,,,,0,stage1,0,0,0,0
U003622,2024-01-04,Paid_Search,Mobile,South,18-24,2024-01,2024-01-04,,,,,,0,stage1,0,0,0,0
U003623,2024-02-01,Referral,Desktop,East,55+,2024-02,2024-02-01,2024-02-03,2024-02-04,2024-02-05,,,0,stage4,1,1,1,0
U003626,2024-01-25,Paid_Search,Mobile,Central,55+,2024-01,2024-01-25,2024-01-27,2024-01-30,2024-01-30,2024-02-03,2024-02-04,1,Converted,1,1,1,1
U003629,2024-02-01,Email,Desktop,South,35-44,2024-02,2024-02-01,2024-02-02,,,,,0,stage2,1,0,0,0
U003634,2024-01-04,Organic,Mobile,East,35-44,2024-01,2024-01-04,2024-01-04,,,,,0,stage2,1,0,0,0
U003635,2024-03-11,Email,Desktop,East,35-44,2024-03,2024-03-11,2024-03-13,2024-03-14,,,,0,stage3,1,1,0,0
U003639,2024-03-04,Email,Mobile,East,45-54,2024-03,2024-03-04,2024-03-04,,,,,0,stage2,1,0,0,0
U003643,2024-02-09,Organic,Mobile,West,25-34,2024-02,2024-02-09,2024-02-11,2024-02-14,,,,0,stage3,1,1,0,0
U003644,2024-01-28,Referral,Desktop,Central,35-44,2024-01,2024-01-28,2024-01-28,2024-01-30,2024-01-30,2024-02-02,,0,stage5,1,1,1,1
U003646,2024-03-29,Paid_Search,Desktop,South,35-44,2024-03,2024-03-29,,,,,,0,stage1,0,0,0,0
U003648,2024-02-04,Organic,Desktop,East,35-44,2024-02,2024-02-04,,,,,,0,stage1,0,0,0,0
U003649,2024-03-05,Social,Desktop,Central,25-34,2024-03,2024-03-05,,,,,,0,stage1,0,0,0,0
U003650,2024-01-11,Referral,Mobile,West,35-44,2024-01,2024-01-11,,,,,,0,stage1,0,0,0,0
U003654,2024-02-18,Social,Desktop,North,35-44,2024-02,2024-02-18,,,,,,0,stage1,0,0,0,0
U003656,2024-02-17,Referral,Desktop,West,45-54,2024-02,2024-02-17,2024-02-19,2024-02-21,2024-02-22,,,0,stage4,1,1,1,0
U003658,2024-03-11,Referral,Mobile,Central,25-34,2024-03,2024-03-11,2024-03-13,2024-03-16,2024-03-16,2024-03-17,2024-03-19,1,Converted,1,1,1,1
U003659,2024-02-09,Referral,Desktop,South,25-34,2024-02,2024-02-09,2024-02-10,,,,,0,stage2,1,0,0,0
U003660,2024-03-16,Email,Mobile,Central,35-44,2024-03,2024-03-16,2024-03-17,2024-03-20,2024-03-21,2024-03-25,2024-03-25,1,Converted,1,1,1,1
U003662,2024-02-17,Referral,Mobile,South,35-44,2024-02,2024-02-17,2024-02-17,2024-02-20,,,,0,stage3,1,1,0,0
U003665,2024-03-23,Email,Mobile,North,45-54,2024-03,2024-03-23,2024-03-25,,,,,0,stage2,1,0,0,0
U003666,2024-01-17,Referral,Tablet,North,18-24,2024-01,2024-01-17,2024-01-19,2024-01-22,2024-01-23,,,0,stage4,1,1,1,0
U003667,2024-02-18,Social,Desktop,North,35-44,2024-02,2024-02-18,,,,,,0,stage1,0,0,0,0
U003670,2024-03-23,Paid_Search,Desktop,North,25-34,2024-03,2024-03-23,2024-03-24,2024-03-27,2024-03-28,,,0,stage4,1,1,1,0
U003671,2024-01-29,Email,Mobile,South,55+,2024-01,2024-01-29,2024-01-29,,,,,0,stage2,1,0,0,0
U003673,2024-01-18,Email,Desktop,West,35-44,2024-01,2024-01-18,2024-01-18,,,,,0,stage2,1,0,0,0
U003674,2024-02-03,Referral,Mobile,South,35-44,2024-02,2024-02-03,2024-02-03,2024-02-04,,,,0,stage3,1,1,0,0
U003675,2024-02-21,Referral,Tablet,North,35-44,2024-02,2024-02-21,2024-02-21,,,,,0,stage2,1,0,0,0
U003677,2024-02-19,Social,Mobile,North,25-34,2024-02,2024-02-19,2024-02-19,,,,,0,stage2,1,0,0,0
U003678,2024-01-09,Email,Mobile,East,35-44,2024-01,2024-01-09,2024-01-11,2024-01-14,2024-01-15,2024-01-19,2024-01-21,1,Converted,1,1,1,1
U003681,2024-03-06,Referral,Desktop,West,35-44,2024-03,2024-03-06,2024-03-06,2024-03-08,,,,0,stage3,1,1,0,0
U003682,2024-02-26,Paid_Search,Mobile,West,35-44,2024-02,2024-02-26,2024-02-28,2024-03-02,,,,0,stage3,1,1,0,0
U003683,2024-01-19,Organic,Desktop,South,45-54,2024-01,2024-01-19,,,,,,0,stage1,0,0,0,0
U003684,2024-01-04,Referral,Mobile,East,25-34,2024-01,2024-01-04,2024-01-04,,,,,0,stage2,1,0,0,0
U003689,2024-01-15,Social,Mobile,West,35-44,2024-01,2024-01-15,,,,,,0,stage1,0,0,0,0
U003692,2024-01-19,Email,Mobile,West,18-24,2024-01,2024-01-19,,,,,,0,stage1,0,0,0,0
U003693,2024-03-18,Referral,Desktop,West,25-34,2024-03,2024-03-18,2024-03-18,,,,,0,stage2,1,0,0,0
U003694,2024-02-25,Organic,Desktop,Central,25-34,2024-02,2024-02-25,,,,,,0,stage1,0,0,0,0
U003696,2024-01-26,Social,Desktop,South,18-24,2024-01,2024-01-26,,,,,,0,stage1,0,0,0,0
U003697,2024-02-29,Referral,Desktop,West,45-54,2024-02,2024-02-29,2024-03-02,,,,,0,stage2,1,0,0,0
U003700,2024-01-28,Social,Mobile,East,25-34,2024-01,2024-01-28,,,,,,0,stage1,0,0,0,0
U003705,2024-01-27,Organic,Mobile,West,35-44,2024-01,2024-01-27,,,,,,0,stage1,0,0,0,0
U003706,2024-02-12,Social,Tablet,West,55+,2024-02,2024-02-12,,,,,,0,stage1,0,0,0,0
U003707,2024-02-16,Organic,Mobile,South,18-24,2024-02,2024-02-16,2024-02-18,2024-02-20,,,,0,stage3,1,1,0,0
U003709,2024-03-27,Referral,Mobile,South,25-34,2024-03,2024-03-27,2024-03-29,2024-03-30,,,,0,stage3,1,1,0,0
U003711,2024-03-24,Paid_Search,Mobile,West,35-44,2024-03,2024-03-24,,,,,,0,stage1,0,0,0,0
U003714,2024-03-23,Paid_Search,Mobile,Central,35-44,2024-03,2024-03-23,2024-03-25,2024-03-26,,,,0,stage3,1,1,0,0
U003716,2024-02-24,Paid_Search,Mobile,East,35-44,2024-02,2024-02-24,,,,,,0,stage1,0,0,0,0
U003718,2024-03-06,Email,Mobile,East,25-34,2024-03,2024-03-06,2024-03-07,,,,,0,stage2,1,0,0,0
U003721,2024-01-01,Organic,Tablet,West,45-54,2024-01,2024-01-01,,,,,,0,stage1,0,0,0,0
U003722,2024-01-09,Paid_Search,Desktop,South,45-54,2024-01,2024-01-09,2024-01-10,2024-01-13,,,,0,stage3,1,1,0,0
U003723,2024-01-05,Paid_Search,Mobile,East,45-54,2024-01,2024-01-05,2024-01-07,2024-01-08,2024-01-09,2024-01-10,2024-01-11,1,Converted,1,1,1,1
U003724,2024-02-26,Referral,Mobile,South,25-34,2024-02,2024-02-26,2024-02-26,2024-02-28,,,,0,stage3,1,1,0,0
U003725,2024-01-06,Paid_Search,Mobile,East,25-34,2024-01,2024-01-06,,,,,,0,stage1,0,0,0,0
U003727,2024-03-11,Referral,Desktop,Central,45-54,2024-03,2024-03-11,2024-03-13,,,,,0,stage2,1,0,0,0
U003732,2024-02-09,Social,Mobile,South,45-54,2024-02,2024-02-09,2024-02-09,,,,,0,stage2,1,0,0,0
U003733,2024-03-08,Referral,Mobile,Central,25-34,2024-03,2024-03-08,,,,,,0,stage1,0,0,0,0
U003736,2024-03-06,Referral,Mobile,West,35-44,2024-03,2024-03-06,2024-03-07,2024-03-08,2024-03-10,2024-03-14,2024-03-16,1,Converted,1,1,1,1
U003737,2024-02-25,Organic,Desktop,West,35-44,2024-02,2024-02-25,2024-02-27,,,,,0,stage2,1,0,0,0
U003738,2024-01-20,Organic,Desktop,Central,35-44,2024-01,2024-01-20,,,,,,0,stage1,0,0,0,0
U003739,2024-03-24,Referral,Mobile,North,25-34,2024-03,2024-03-24,2024-03-25,,,,,0,stage2,1,0,0,0
U003740,2024-02-14,Organic,Desktop,South,25-34,2024-02,2024-02-14,,,,,,0,stage1,0,0,0,0
U003743,2024-01-25,Social,Desktop,West,25-34,2024-01,2024-01-25,,,,,,0,stage1,0,0,0,0
U003746,2024-03-17,Organic,Mobile,North,25-34,2024-03,2024-03-17,2024-03-17,2024-03-20,2024-03-22,2024-03-26,2024-03-26,1,Converted,1,1,1,1
U003747,2024-01-15,Email,Mobile,South,35-44,2024-01,2024-01-15,2024-01-16,,,,,0,stage2,1,0,0,0
U003748,2024-03-30,Organic,Mobile,Central,25-34,2024-03,2024-03-30,2024-03-31,2024-04-02,2024-04-02,,,0,stage4,1,1,1,0
U003749,2024-02-28,Organic,Desktop,Central,35-44,2024-02,2024-02-28,2024-03-01,2024-03-04,,,,0,stage3,1,1,0,0
U003753,2024-03-22,Paid_Search,Mobile,South,18-24,2024-03,2024-03-22,2024-03-24,,,,,0,stage2,1,0,0,0
U003755,2024-03-24,Paid_Search,Desktop,South,25-34,2024-03,2024-03-24,2024-03-26,2024-03-29,2024-03-29,2024-03-31,,0,stage5,1,1,1,1
U003756,2024-01-13,Referral,Mobile,East,45-54,2024-01,2024-01-13,2024-01-15,2024-01-18,,,,0,stage3,1,1,0,0
U003761,2024-02-07,Organic,Mobile,North,35-44,2024-02,2024-02-07,,,,,,0,stage1,0,0,0,0
U003762,2024-02-03,Email,Desktop,East,55+,2024-02,2024-02-03,2024-02-04,,,,,0,stage2,1,0,0,0
U003763,2024-01-22,Referral,Mobile,Central,18-24,2024-01,2024-01-22,2024-01-23,,,,,0,stage2,1,0,0,0
U003767,2024-03-08,Paid_Search,Desktop,West,25-34,2024-03,2024-03-08,,,,,,0,stage1,0,0,0,0
U003768,2024-01-22,Paid_Search,Mobile,North,25-34,2024-01,2024-01-22,,,,,,0,stage1,0,0,0,0
U003772,2024-02-04,Email,Desktop,North,25-34,2024-02,2024-02-04,,,,,,0,stage1,0,0,0,0
U003776,2024-02-20,Referral,Mobile,North,45-54,2024-02,2024-02-20,,,,,,0,stage1,0,0,0,0
U003778,2024-01-19,Paid_Search,Mobile,South,45-54,2024-01,2024-01-19,2024-01-20,,,,,0,stage2,1,0,0,0
U003781,2024-01-29,Referral,Desktop,West,25-34,2024-01,2024-01-29,2024-01-31,,,,,0,stage2,1,0,0,0
U003784,2024-03-30,Social,Mobile,West,25-34,2024-03,2024-03-30,,,,,,0,stage1,0,0,0,0
U003785,2024-02-18,Paid_Search,Mobile,East,45-54,2024-02,2024-02-18,2024-02-19,,,,,0,stage2,1,0,0,0
U003786,2024-03-29,Organic,Desktop,North,55+,2024-03,2024-03-29,2024-03-31,2024-04-03,,,,0,stage3,1,1,0,0
U003787,2024-01-07,Email,Desktop,North,35-44,2024-01,2024-01-07,2024-01-08,2024-01-09,,,,0,stage3,1,1,0,0
U003788,2024-03-30,Organic,Desktop,West,18-24,2024-03,2024-03-30,2024-04-01,2024-04-03,,,,0,stage3,1,1,0,0
U003790,2024-02-07,Referral,Mobile,East,55+,2024-02,2024-02-07,2024-02-08,,,,,0,stage2,1,0,0,0
U003791,2024-01-12,Referral,Desktop,South,25-34,2024-01,2024-01-12,,,,,,0,stage1,0,0,0,0
U003792,2024-02-29,Paid_Search,Mobile,East,18-24,2024-02,2024-02-29,,,,,,0,stage1,0,0,0,0
U003793,2024-02-21,Referral,Desktop,West,18-24,2024-02,2024-02-21,2024-02-23,,,,,0,stage2,1,0,0,0
U003795,2024-02-09,Organic,Mobile,West,45-54,2024-02,2024-02-09,2024-02-11,2024-02-12,2024-02-12,2024-02-13,2024-02-13,1,Converted,1,1,1,1
U003797,2024-03-14,Referral,Tablet,North,18-24,2024-03,2024-03-14,2024-03-14,,,,,0,stage2,1,0,0,0
U003798,2024-03-28,Paid_Search,Desktop,North,25-34,2024-03,2024-03-28,,,,,,0,stage1,0,0,0,0
U003800,2024-01-06,Paid_Search,Mobile,Central,25-34,2024-01,2024-01-06,2024-01-07,2024-01-08,,,,0,stage3,1,1,0,0
U003802,2024-02-22,Referral,Mobile,North,35-44,2024-02,2024-02-22,,,,,,0,stage1,0,0,0,0
U003804,2024-03-07,Paid_Search,Desktop,West,45-54,2024-03,2024-03-07,2024-03-09,2024-03-11,,,,0,stage3,1,1,0,0
U003807,2024-01-12,Paid_Search,Mobile,West,55+,2024-01,2024-01-12,2024-01-13,2024-01-14,,,,0,stage3,1,1,0,0
U003808,2024-01-16,Paid_Search,Desktop,Central,55+,2024-01,2024-01-16,2024-01-17,2024-01-18,,,,0,stage3,1,1,0,0
U003810,2024-03-10,Organic,Mobile,South,35-44,2024-03,2024-03-10,2024-03-10,2024-03-12,,,,0,stage3,1,1,0,0
U003812,2024-01-03,Paid_Search,Mobile,West,25-34,2024-01,2024-01-03,2024-01-03,2024-01-05,,,,0,stage3,1,1,0,0
U003814,2024-01-28,Referral,Desktop,North,55+,2024-01,2024-01-28,2024-01-28,,,,,0,stage2,1,0,0,0
U003815,2024-03-15,Organic,Mobile,South,25-34,2024-03,2024-03-15,,,,,,0,stage1,0,0,0,0
U003817,2024-02-29,Referral,Desktop,South,35-44,2024-02,2024-02-29,,,,,,0,stage1,0,0,0,0
U003821,2024-02-20,Paid_Search,Desktop,North,35-44,2024-02,2024-02-20,2024-02-22,,,,,0,stage2,1,0,0,0
U003824,2024-01-06,Paid_Search,Mobile,North,25-34,2024-01,2024-01-06,,,,,,0,stage1,0,0,0,0
U003825,2024-01-11,Organic,Mobile,Central,25-34,2024-01,2024-01-11,2024-01-11,,,,,0,stage2,1,0,0,0
U003827,2024-03-19,Organic,Mobile,South,45-54,2024-03,2024-03-19,2024-03-20,,,,,0,stage2,1,0,0,0
U003829,2024-02-10,Organic,Mobile,South,45-54,2024-02,2024-02-10,,,,,,0,stage1,0,0,0,0
U003830,2024-01-05,Paid_Search,Desktop,North,45-54,2024-01,2024-01-05,,,,,,0,stage1,0,0,0,0
U003831,2024-03-29,Referral,Mobile,Central,45-54,2024-03,2024-03-29,2024-03-31,2024-04-02,,,,0,stage3,1,1,0,0
U003832,2024-03-31,Referral,Mobile,South,25-34,2024-03,2024-03-31,2024-04-02,2024-04-04,2024-04-04,,,0,stage4,1,1,1,0
U003834,2024-03-11,Paid_Search,Tablet,North,55+,2024-03,2024-03-11,2024-03-11,2024-03-14,,,,0,stage3,1,1,0,0
U003835,2024-03-06,Paid_Search,Mobile,West,45-54,2024-03,2024-03-06,2024-03-07,2024-03-08,2024-03-10,2024-03-13,2024-03-13,1,Converted,1,1,1,1
U003836,2024-02-08,Organic,Desktop,East,18-24,2024-02,2024-02-08,2024-02-09,2024-02-11,2024-02-13,,,0,stage4,1,1,1,0
U003837,2024-02-05,Paid_Search,Mobile,West,18-24,2024-02,2024-02-05,,,,,,0,stage1,0,0,0,0
U003838,2024-01-23,Paid_Search,Mobile,Central,35-44,2024-01,2024-01-23,2024-01-25,2024-01-27,,,,0,stage3,1,1,0,0
U003842,2024-02-28,Organic,Desktop,Central,45-54,2024-02,2024-02-28,,,,,,0,stage1,0,0,0,0
U003845,2024-03-25,Social,Desktop,East,35-44,2024-03,2024-03-25,,,,,,0,stage1,0,0,0,0
U003847,2024-02-03,Referral,Mobile,Central,25-34,2024-02,2024-02-03,2024-02-03,,,,,0,stage2,1,0,0,0
U003849,2024-02-05,Organic,Desktop,Central,35-44,2024-02,2024-02-05,2024-02-07,,,,,0,stage2,1,0,0,0
U003851,2024-02-21,Social,Tablet,East,45-54,2024-02,2024-02-21,2024-02-21,,,,,0,stage2,1,0,0,0
U003852,2024-03-20,Referral,Desktop,Central,55+,2024-03,2024-03-20,,,,,,0,stage1,0,0,0,0
U003854,2024-02-04,Paid_Search,Mobile,West,55+,2024-02,2024-02-04,,,,,,0,stage1,0,0,0,0
U003857,2024-03-22,Organic,Mobile,North,35-44,2024-03,2024-03-22,2024-03-22,2024-03-25,2024-03-27,2024-03-28,2024-03-28,1,Converted,1,1,1,1
U003858,2024-03-22,Paid_Search,Mobile,North,35-44,2024-03,2024-03-22,2024-03-22,2024-03-25,,,,0,stage3,1,1,0,0
U003859,2024-01-08,Organic,Mobile,East,55+,2024-01,2024-01-08,,,,,,0,stage1,0,0,0,0
U003860,2024-03-22,Social,Desktop,Central,45-54,2024-03,2024-03-22,,,,,,0,stage1,0,0,0,0
U003862,2024-03-18,Paid_Search,Mobile,South,35-44,2024-03,2024-03-18,2024-03-19,,,,,0,stage2,1,0,0,0
U003864,2024-02-08,Paid_Search,Mobile,South,35-44,2024-02,2024-02-08,2024-02-08,,,,,0,stage2,1,0,0,0
U003865,2024-01-28,Referral,Desktop,Central,25-34,2024-01,2024-01-28,2024-01-28,2024-01-29,2024-01-29,2024-02-01,2024-02-03,1,Converted,1,1,1,1
U003868,2024-02-29,Email,Mobile,North,45-54,2024-02,2024-02-29,,,,,,0,stage1,0,0,0,0
U003870,2024-01-07,Organic,Mobile,North,25-34,2024-01,2024-01-07,2024-01-08,2024-01-09,,,,0,stage3,1,1,0,0
U003875,2024-02-05,Paid_Search,Desktop,North,18-24,2024-02,2024-02-05,,,,,,0,stage1,0,0,0,0
U003876,2024-02-11,Paid_Search,Desktop,Central,45-54,2024-02,2024-02-11,2024-02-11,2024-02-12,,,,0,stage3,1,1,0,0
U003877,2024-01-09,Social,Desktop,South,18-24,2024-01,2024-01-09,2024-01-10,,,,,0,stage2,1,0,0,0
U003878,2024-01-04,Paid_Search,Mobile,West,25-34,2024-01,2024-01-04,2024-01-05,2024-01-07,2024-01-07,,,0,stage4,1,1,1,0
U003880,2024-02-21,Organic,Desktop,North,25-34,2024-02,2024-02-21,2024-02-21,2024-02-22,,,,0,stage3,1,1,0,0
U003881,2024-02-15,Paid_Search,Desktop,North,18-24,2024-02,2024-02-15,2024-02-16,,,,,0,stage2,1,0,0,0
U003884,2024-03-24,Organic,Mobile,East,45-54,2024-03,2024-03-24,,,,,,0,stage1,0,0,0,0
U003889,2024-03-21,Referral,Mobile,North,45-54,2024-03,2024-03-21,2024-03-22,,,,,0,stage2,1,0,0,0
U003894,2024-01-10,Social,Mobile,South,25-34,2024-01,2024-01-10,2024-01-12,,,,,0,stage2,1,0,0,0
U003895,2024-01-28,Social,Mobile,South,35-44,2024-01,2024-01-28,,,,,,0,stage1,0,0,0,0
U003898,2024-03-03,Social,Desktop,North,35-44,2024-03,2024-03-03,2024-03-05,,,,,0,stage2,1,0,0,0
U003902,2024-01-13,Referral,Desktop,West,18-24,2024-01,2024-01-13,2024-01-13,,,,,0,stage2,1,0,0,0
U003903,2024-03-15,Paid_Search,Mobile,West,35-44,2024-03,2024-03-15,2024-03-16,,,,,0,stage2,1,0,0,0
U003905,2024-03-16,Social,Mobile,West,35-44,2024-03,2024-03-16,,,,,,0,stage1,0,0,0,0
U003907,2024-01-14,Paid_Search,Desktop,East,55+,2024-01,2024-01-14,,,,,,0,stage1,0,0,0,0
U003911,2024-01-24,Social,Mobile,West,35-44,2024-01,2024-01-24,2024-01-26,2024-01-29,,,,0,stage3,1,1,0,0
U003912,2024-01-29,Paid_Search,Desktop,East,18-24,2024-01,2024-01-29,,,,,,0,stage1,0,0,0,0
U003913,2024-02-16,Organic,Desktop,North,25-34,2024-02,2024-02-16,2024-02-18,2024-02-21,2024-02-23,2024-02-25,2024-02-26,1,Converted,1,1,1,1
U003916,2024-01-07,Organic,Mobile,West,35-44,2024-01,2024-01-07,2024-01-07,2024-01-09,2024-01-11,2024-01-13,,0,stage5,1,1,1,1
U003918,2024-03-23,Referral,Mobile,Central,45-54,2024-03,2024-03-23,,,,,,0,stage1,0,0,0,0
U003921,2024-02-01,Email,Mobile,North,18-24,2024-02,2024-02-01,,,,,,0,stage1,0,0,0,0
U003922,2024-01-24,Paid_Search,Desktop,South,35-44,2024-01,2024-01-24,,,,,,0,stage1,0,0,0,0
U003923,2024-01-30,Paid_Search,Mobile,North,25-34,2024-01,2024-01-30,2024-02-01,,,,,0,stage2,1,0,0,0
U003927,2024-02-13,Paid_Search,Mobile,Central,25-34,2024-02,2024-02-13,,,,,,0,stage1,0,0,0,0
U003928,2024-03-26,Social,Tablet,East,35-44,2024-03,2024-03-26,2024-03-28,,,,,0,stage2,1,0,0,0
U003930,2024-02-08,Social,Mobile,East,25-34,2024-02,2024-02-08,,,,,,0,stage1,0,0,0,0
U003931,2024-02-11,Organic,Desktop,West,55+,2024-02,2024-02-11,,,,,,0,stage1,0,0,0,0
U003932,2024-02-07,Referral,Mobile,South,18-24,2024-02,2024-02-07,,,,,,0,stage1,0,0,0,0
U003933,2024-02-15,Referral,Desktop,West,35-44,2024-02,2024-02-15,2024-02-17,2024-02-18,2024-02-19,,,0,stage4,1,1,1,0
U003934,2024-03-19,Organic,Desktop,West,25-34,2024-03,2024-03-19,2024-03-20,2024-03-23,2024-03-24,,,0,stage4,1,1,1,0
U003935,2024-03-14,Organic,Desktop,West,18-24,2024-03,2024-03-14,2024-03-16,,,,,0,stage2,1,0,0,0
U003936,2024-02-16,Referral,Mobile,North,25-34,2024-02,2024-02-16,2024-02-16,,,,,0,stage2,1,0,0,0
U003937,2024-02-03,Referral,Desktop,North,18-24,2024-02,2024-02-03,2024-02-03,2024-02-04,2024-02-06,2024-02-09,2024-02-09,1,Converted,1,1,1,1
U003940,2024-01-02,Referral,Mobile,Central,25-34,2024-01,2024-01-02,2024-01-04,,,,,0,stage2,1,0,0,0
U003942,2024-03-01,Organic,Mobile,Central,35-44,2024-03,2024-03-01,,,,,,0,stage1,0,0,0,0
U003943,2024-02-25,Paid_Search,Desktop,West,25-34,2024-02,2024-02-25,2024-02-27,,,,,0,stage2,1,0,0,0
U003948,2024-01-21,Referral,Tablet,North,55+,2024-01,2024-01-21,2024-01-23,2024-01-26,2024-01-26,2024-01-28,2024-01-30,1,Converted,1,1,1,1
U003949,2024-03-12,Email,Tablet,Central,25-34,2024-03,2024-03-12,,,,,,0,stage1,0,0,0,0
U003953,2024-02-23,Organic,Mobile,South,35-44,2024-02,2024-02-23,,,,,,0,stage1,0,0,0,0
U003954,2024-01-13,Referral,Mobile,East,25-34,2024-01,2024-01-13,,,,,,0,stage1,0,0,0,0
U003955,2024-02-17,Paid_Search,Mobile,West,25-34,2024-02,2024-02-17,,,,,,0,stage1,0,0,0,0
U003956,2024-02-07,Paid_Search,Desktop,North,25-34,2024-02,2024-02-07,2024-02-07,,,,,0,stage2,1,0,0,0
U003958,2024-03-30,Social,Mobile,West,35-44,2024-03,2024-03-30,2024-03-30,2024-03-31,,,,0,stage3,1,1,0,0
U003959,2024-01-09,Email,Desktop,Central,45-54,2024-01,2024-01-09,2024-01-11,2024-01-14,2024-01-16,2024-01-19,2024-01-20,1,Converted,1,1,1,1
U003960,2024-01-23,Paid_Search,Desktop,Central,35-44,2024-01,2024-01-23,,,,,,0,stage1,0,0,0,0
U003961,2024-01-13,Paid_Search,Desktop,East,25-34,2024-01,2024-01-13,,,,,,0,stage1,0,0,0,0
U003962,2024-01-28,Paid_Search,Mobile,South,35-44,2024-01,2024-01-28,,,,,,0,stage1,0,0,0,0
U003964,2024-02-11,Organic,Desktop,South,18-24,2024-02,2024-02-11,,,,,,0,stage1,0,0,0,0
U003968,2024-03-17,Organic,Desktop,West,45-54,2024-03,2024-03-17,2024-03-18,2024-03-20,2024-03-21,,,0,stage4,1,1,1,0
U003969,2024-01-18,Social,Desktop,North,55+,2024-01,2024-01-18,,,,,,0,stage1,0,0,0,0
U003972,2024-01-17,Email,Mobile,Central,25-34,2024-01,2024-01-17,2024-01-18,2024-01-20,,,,0,stage3,1,1,0,0
U003973,2024-02-04,Email,Mobile,North,45-54,2024-02,2024-02-04,2024-02-04,,,,,0,stage2,1,0,0,0
U003977,2024-01-15,Paid_Search,Desktop,North,25-34,2024-01,2024-01-15,,,,,,0,stage1,0,0,0,0
U003978,2024-01-28,Organic,Tablet,Central,45-54,2024-01,2024-01-28,2024-01-30,,,,,0,stage2,1,0,0,0
U003984,2024-03-14,Organic,Desktop,Central,18-24,2024-03,2024-03-14,,,,,,0,stage1,0,0,0,0
U003986,2024-03-07,Referral,Mobile,West,55+,2024-03,2024-03-07,2024-03-09,2024-03-12,2024-03-14,2024-03-17,2024-03-17,1,Converted,1,1,1,1
U003989,2024-02-16,Paid_Search,Mobile,East,35-44,2024-02,2024-02-16,,,,,,0,stage1,0,0,0,0
U003991,2024-02-29,Paid_Search,Tablet,East,18-24,2024-02,2024-02-29,,,,,,0,stage1,0,0,0,0
U003993,2024-01-01,Paid_Search,Desktop,East,35-44,2024-01,2024-01-01,2024-01-01,,,,,0,stage2,1,0,0,0
U003994,2024-01-07,Referral,Desktop,North,25-34,2024-01,2024-01-07,2024-01-08,2024-01-11,2024-01-11,,,0,stage4,1,1,1,0
U003995,2024-02-23,Paid_Search,Tablet,North,35-44,2024-02,2024-02-23,2024-02-25,,,,,0,stage2,1,0,0,0
U003997,2024-01-12,Paid_Search,Desktop,South,45-54,2024-01,2024-01-12,2024-01-13,2024-01-15,,,,0,stage3,1,1,0,0
U003999,2024-03-13,Referral,Desktop,South,45-54,2024-03,2024-03-13,2024-03-14,,,,,0,stage2,1,0,0,0
U004000,2024-01-18,Organic,Mobile,Central,45-54,2024-01,2024-01-18,2024-01-19,2024-01-21,,,,0,stage3,1,1,0,0
U004002,2024-01-30,Paid_Search,Desktop,North,25-34,2024-01,2024-01-30,2024-02-01,2024-02-03,,,,0,stage3,1,1,0,0
U004003,2024-03-28,Paid_Search,Mobile,North,18-24,2024-03,2024-03-28,,,,,,0,stage1,0,0,0,0
U004006,2024-03-27,Organic,Desktop,East,55+,2024-03,2024-03-27,2024-03-29,,,,,0,stage2,1,0,0,0
U004010,2024-03-26,Organic,Mobile,South,25-34,2024-03,2024-03-26,2024-03-27,2024-03-29,,,,0,stage3,1,1,0,0
U004011,2024-01-15,Email,Mobile,Central,35-44,2024-01,2024-01-15,2024-01-17,2024-01-19,,,,0,stage3,1,1,0,0
U004014,2024-03-31,Email,Mobile,North,45-54,2024-03,2024-03-31,2024-03-31,,,,,0,stage2,1,0,0,0
U004015,2024-02-08,Organic,Desktop,Central,35-44,2024-02,2024-02-08,2024-02-09,,,,,0,stage2,1,0,0,0
U004016,2024-01-08,Social,Desktop,North,45-54,2024-01,2024-01-08,2024-01-09,2024-01-11,,,,0,stage3,1,1,0,0
U004018,2024-02-12,Organic,Desktop,South,25-34,2024-02,2024-02-12,2024-02-14,2024-02-17,2024-02-18,,,0,stage4,1,1,1,0
U004019,2024-02-17,Referral,Mobile,South,35-44,2024-02,2024-02-17,2024-02-19,2024-02-20,2024-02-21,2024-02-24,2024-02-26,1,Converted,1,1,1,1
U004020,2024-01-09,Referral,Desktop,North,18-24,2024-01,2024-01-09,2024-01-10,,,,,0,stage2,1,0,0,0
U004022,2024-01-23,Organic,Mobile,West,25-34,2024-01,2024-01-23,2024-01-24,2024-01-25,,,,0,stage3,1,1,0,0
U004026,2024-01-29,Organic,Mobile,North,18-24,2024-01,2024-01-29,2024-01-30,,,,,0,stage2,1,0,0,0
U004027,2024-01-10,Paid_Search,Desktop,North,45-54,2024-01,2024-01-10,,,,,,0,stage1,0,0,0,0
U004028,2024-02-21,Organic,Mobile,North,45-54,2024-02,2024-02-21,,,,,,0,stage1,0,0,0,0
U004029,2024-01-24,Email,Mobile,East,18-24,2024-01,2024-01-24,2024-01-25,,,,,0,stage2,1,0,0,0
U004032,2024-02-18,Referral,Tablet,East,25-34,2024-02,2024-02-18,2024-02-19,,,,,0,stage2,1,0,0,0
U004034,2024-03-20,Organic,Mobile,West,55+,2024-03,2024-03-20,,,,,,0,stage1,0,0,0,0
U004035,2024-03-24,Paid_Search,Tablet,North,35-44,2024-03,2024-03-24,,,,,,0,stage1,0,0,0,0
U004036,2024-02-06,Organic,Mobile,North,45-54,2024-02,2024-02-06,2024-02-06,,,,,0,stage2,1,0,0,0
U004039,2024-02-22,Paid_Search,Mobile,South,35-44,2024-02,2024-02-22,,,,,,0,stage1,0,0,0,0
U004040,2024-01-10,Paid_Search,Mobile,North,55+,2024-01,2024-01-10,,,,,,0,stage1,0,0,0,0
U004044,2024-01-02,Organic,Mobile,North,25-34,2024-01,2024-01-02,,,,,,0,stage1,0,0,0,0
U004045,2024-03-20,Organic,Mobile,Central,45-54,2024-03,2024-03-20,2024-03-20,,,,,0,stage2,1,0,0,0
U004047,2024-01-12,Referral,Mobile,South,25-34,2024-01,2024-01-12,,,,,,0,stage1,0,0,0,0
U004048,2024-01-27,Referral,Desktop,West,45-54,2024-01,2024-01-27,2024-01-29,2024-02-01,,,,0,stage3,1,1,0,0
U004049,2024-03-20,Referral,Desktop,Central,45-54,2024-03,2024-03-20,,,,,,0,stage1,0,0,0,0
U004050,2024-01-06,Email,Mobile,East,35-44,2024-01,2024-01-06,2024-01-08,,,,,0,stage2,1,0,0,0
U004051,2024-03-20,Social,Desktop,Central,25-34,2024-03,2024-03-20,,,,,,0,stage1,0,0,0,0
U004053,2024-03-23,Paid_Search,Mobile,South,25-34,2024-03,2024-03-23,,,,,,0,stage1,0,0,0,0
U004054,2024-02-21,Organic,Tablet,Central,55+,2024-02,2024-02-21,2024-02-21,,,,,0,stage2,1,0,0,0
U004055,2024-03-14,Paid_Search,Mobile,South,55+,2024-03,2024-03-14,2024-03-15,,,,,0,stage2,1,0,0,0
U004058,2024-03-10,Referral,Desktop,West,18-24,2024-03,2024-03-10,2024-03-10,2024-03-11,,,,0,stage3,1,1,0,0
U004059,2024-03-11,Referral,Tablet,North,18-24,2024-03,2024-03-11,2024-03-11,2024-03-12,,,,0,stage3,1,1,0,0
U004061,2024-01-27,Referral,Desktop,South,25-34,2024-01,2024-01-27,,,,,,0,stage1,0,0,0,0
U004062,2024-02-22,Organic,Desktop,South,18-24,2024-02,2024-02-22,,,,,,0,stage1,0,0,0,0
U004064,2024-03-30,Referral,Mobile,West,35-44,2024-03,2024-03-30,2024-04-01,,,,,0,stage2,1,0,0,0
U004065,2024-03-22,Paid_Search,Desktop,Central,25-34,2024-03,2024-03-22,2024-03-23,2024-03-24,,,,0,stage3,1,1,0,0
U004067,2024-03-13,Referral,Desktop,West,25-34,2024-03,2024-03-13,2024-03-15,,,,,0,stage2,1,0,0,0
U004068,2024-03-03,Paid_Search,Desktop,West,45-54,2024-03,2024-03-03,2024-03-03,2024-03-04,2024-03-05,2024-03-08,2024-03-10,1,Converted,1,1,1,1
U004073,2024-01-23,Paid_Search,Mobile,West,45-54,2024-01,2024-01-23,2024-01-24,,,,,0,stage2,1,0,0,0
U004075,2024-02-15,Paid_Search,Mobile,South,25-34,2024-02,2024-02-15,,,,,,0,stage1,0,0,0,0
U004078,2024-03-26,Paid_Search,Mobile,South,18-24,2024-03,2024-03-26,,,,,,0,stage1,0,0,0,0
U004079,2024-02-20,Organic,Mobile,South,18-24,2024-02,2024-02-20,2024-02-22,2024-02-25,2024-02-27,,,0,stage4,1,1,1,0
U004080,2024-01-21,Paid_Search,Mobile,West,55+,2024-01,2024-01-21,2024-01-22,2024-01-25,,,,0,stage3,1,1,0,0
U004081,2024-02-03,Organic,Mobile,South,55+,2024-02,2024-02-03,,,,,,0,stage1,0,0,0,0
U004082,2024-01-24,Social,Mobile,South,25-34,2024-01,2024-01-24,,,,,,0,stage1,0,0,0,0
U004084,2024-01-25,Paid_Search,Mobile,North,45-54,2024-01,2024-01-25,,,,,,0,stage1,0,0,0,0
U004086,2024-03-20,Referral,Desktop,West,45-54,2024-03,2024-03-20,2024-03-22,2024-03-25,,,,0,stage3,1,1,0,0
U004089,2024-02-29,Organic,Mobile,Central,18-24,2024-02,2024-02-29,2024-02-29,2024-03-01,,,,0,stage3,1,1,0,0
U004092,2024-02-16,Referral,Mobile,Central,25-34,2024-02,2024-02-16,,,,,,0,stage1,0,0,0,0
U004094,2024-01-08,Paid_Search,Desktop,South,35-44,2024-01,2024-01-08,2024-01-08,,,,,0,stage2,1,0,0,0
U004096,2024-01-29,Organic,Desktop,North,25-34,2024-01,2024-01-29,2024-01-30,,,,,0,stage2,1,0,0,0
U004099,2024-02-13,Organic,Mobile,North,25-34,2024-02,2024-02-13,2024-02-14,,,,,0,stage2,1,0,0,0
U004100,2024-03-30,Paid_Search,Desktop,West,25-34,2024-03,2024-03-30,2024-04-01,,,,,0,stage2,1,0,0,0
U004104,2024-01-28,Social,Mobile,South,45-54,2024-01,2024-01-28,2024-01-29,2024-02-01,2024-02-03,,,0,stage4,1,1,1,0
U004105,2024-01-19,Referral,Desktop,South,18-24,2024-01,2024-01-19,,,,,,0,stage1,0,0,0,0
U004106,2024-03-18,Paid_Search,Mobile,East,18-24,2024-03,2024-03-18,2024-03-20,2024-03-22,2024-03-23,2024-03-27,,0,stage5,1,1,1,1
U004107,2024-03-02,Paid_Search,Mobile,West,55+,2024-03,2024-03-02,2024-03-04,,,,,0,stage2,1,0,0,0
U004108,2024-03-03,Referral,Mobile,South,25-34,2024-03,2024-03-03,2024-03-05,2024-03-06,,,,0,stage3,1,1,0,0
U004110,2024-01-17,Organic,Mobile,South,35-44,2024-01,2024-01-17,2024-01-18,2024-01-19,2024-01-21,2024-01-25,,0,stage5,1,1,1,1
U004113,2024-03-01,Email,Mobile,East,25-34,2024-03,2024-03-01,2024-03-01,,,,,0,stage2,1,0,0,0
U004115,2024-01-20,Organic,Desktop,West,25-34,2024-01,2024-01-20,2024-01-22,,,,,0,stage2,1,0,0,0
U004118,2024-03-19,Email,Mobile,East,25-34,2024-03,2024-03-19,2024-03-20,2024-03-21,2024-03-23,,,0,stage4,1,1,1,0
U004119,2024-01-28,Organic,Mobile,West,35-44,2024-01,2024-01-28,2024-01-30,2024-02-02,,,,0,stage3,1,1,0,0
U004121,2024-03-24,Referral,Mobile,South,25-34,2024-03,2024-03-24,2024-03-25,2024-03-28,,,,0,stage3,1,1,0,0
U004123,2024-01-24,Organic,Mobile,East,55+,2024-01,2024-01-24,2024-01-24,2024-01-25,,,,0,stage3,1,1,0,0
U004126,2024-02-07,Paid_Search,Desktop,Central,18-24,2024-02,2024-02-07,,,,,,0,stage1,0,0,0,0
U004129,2024-02-20,Referral,Mobile,East,25-34,2024-02,2024-02-20,2024-02-20,,,,,0,stage2,1,0,0,0
U004131,2024-03-17,Organic,Mobile,East,25-34,2024-03,2024-03-17,,,,,,0,stage1,0,0,0,0
U004133,2024-03-18,Social,Mobile,East,25-34,2024-03,2024-03-18,,,,,,0,stage1,0,0,0,0
U004135,2024-03-29,Paid_Search,Mobile,West,25-34,2024-03,2024-03-29,2024-03-29,,,,,0,stage2,1,0,0,0
U004137,2024-01-03,Paid_Search,Mobile,East,25-34,2024-01,2024-01-03,2024-01-05,,,,,0,stage2,1,0,0,0
U004142,2024-01-08,Referral,Desktop,North,25-34,2024-01,2024-01-08,2024-01-08,2024-01-10,2024-01-12,2024-01-16,2024-01-18,1,Converted,1,1,1,1
U004143,2024-03-22,Paid_Search,Mobile,Central,45-54,2024-03,2024-03-22,,,,,,0,stage1,0,0,0,0
U004146,2024-02-14,Referral,Desktop,South,25-34,2024-02,2024-02-14,2024-02-15,2024-02-16,2024-02-16,2024-02-20,2024-02-21,1,Converted,1,1,1,1
U004149,2024-02-04,Email,Mobile,South,35-44,2024-02,2024-02-04,,,,,,0,stage1,0,0,0,0
U004150,2024-01-03,Organic,Desktop,Central,25-34,2024-01,2024-01-03,,,,,,0,stage1,0,0,0,0
U004151,2024-01-19,Email,Mobile,West,25-34,2024-01,2024-01-19,,,,,,0,stage1,0,0,0,0
U004158,2024-02-16,Social,Desktop,North,25-34,2024-02,2024-02-16,2024-02-17,2024-02-20,,,,0,stage3,1,1,0,0
U004162,2024-01-02,Organic,Mobile,West,25-34,2024-01,2024-01-02,,,,,,0,stage1,0,0,0,0
U004166,2024-01-29,Organic,Desktop,South,18-24,2024-01,2024-01-29,,,,,,0,stage1,0,0,0,0
U004170,2024-03-12,Email,Mobile,North,55+,2024-03,2024-03-12,,,,,,0,stage1,0,0,0,0
U004177,2024-03-20,Organic,Desktop,North,25-34,2024-03,2024-03-20,2024-03-22,,,,,0,stage2,1,0,0,0
U004178,2024-01-14,Organic,Desktop,Central,35-44,2024-01,2024-01-14,2024-01-15,,,,,0,stage2,1,0,0,0
U004180,2024-01-03,Paid_Search,Mobile,North,25-34,2024-01,2024-01-03,,,,,,0,stage1,0,0,0,0
U004184,2024-03-25,Paid_Search,Desktop,North,25-34,2024-03,2024-03-25,,,,,,0,stage1,0,0,0,0
U004186,2024-03-16,Organic,Mobile,South,35-44,2024-03,2024-03-16,2024-03-17,2024-03-18,,,,0,stage3,1,1,0,0
U004187,2024-01-10,Referral,Mobile,South,35-44,2024-01,2024-01-10,,,,,,0,stage1,0,0,0,0
U004189,2024-03-18,Paid_Search,Desktop,Central,18-24,2024-03,2024-03-18,2024-03-20,2024-03-23,2024-03-24,2024-03-25,,0,stage5,1,1,1,1
U004193,2024-03-15,Paid_Search,Mobile,West,55+,2024-03,2024-03-15,2024-03-17,2024-03-20,,,,0,stage3,1,1,0,0
U004194,2024-01-07,Organic,Desktop,South,45-54,2024-01,2024-01-07,2024-01-08,,,,,0,stage2,1,0,0,0
U004196,2024-02-02,Paid_Search,Desktop,East,45-54,2024-02,2024-02-02,,,,,,0,stage1,0,0,0,0
U004198,2024-03-12,Email,Desktop,South,45-54,2024-03,2024-03-12,,,,,,0,stage1,0,0,0,0
U004199,2024-03-11,Organic,Mobile,North,45-54,2024-03,2024-03-11,,,,,,0,stage1,0,0,0,0
U004200,2024-03-06,Organic,Mobile,West,55+,2024-03,2024-03-06,,,,,,0,stage1,0,0,0,0
U004201,2024-01-04,Referral,Mobile,East,25-34,2024-01,2024-01-04,,,,,,0,stage1,0,0,0,0
U004202,2024-01-29,Paid_Search,Desktop,South,45-54,2024-01,2024-01-29,2024-01-31,2024-02-01,,,,0,stage3,1,1,0,0
U004204,2024-02-08,Social,Mobile,Central,18-24,2024-02,2024-02-08,2024-02-10,,,,,0,stage2,1,0,0,0
U004208,2024-02-16,Social,Mobile,East,45-54,2024-02,2024-02-16,,,,,,0,stage1,0,0,0,0
U004210,2024-03-28,Paid_Search,Desktop,North,45-54,2024-03,2024-03-28,2024-03-28,,,,,0,stage2,1,0,0,0
U004211,2024-02-07,Organic,Desktop,West,25-34,2024-02,2024-02-07,2024-02-09,2024-02-10,,,,0,stage3,1,1,0,0
U004213,2024-03-01,Referral,Mobile,Central,35-44,2024-03,2024-03-01,2024-03-03,2024-03-05,,,,0,stage3,1,1,0,0
U004215,2024-02-23,Organic,Desktop,West,25-34,2024-02,2024-02-23,,,,,,0,stage1,0,0,0,0
U004217,2024-03-29,Email,Mobile,East,18-24,2024-03,2024-03-29,,,,,,0,stage1,0,0,0,0
U004218,2024-01-14,Referral,Mobile,North,55+,2024-01,2024-01-14,2024-01-16,2024-01-18,2024-01-18,2024-01-19,2024-01-19,1,Converted,1,1,1,1
U004220,2024-03-18,Paid_Search,Mobile,Central,18-24,2024-03,2024-03-18,,,,,,0,stage1,0,0,0,0
U004222,2024-02-29,Paid_Search,Mobile,East,35-44,2024-02,2024-02-29,,,,,,0,stage1,0,0,0,0
U004225,2024-01-04,Organic,Mobile,North,25-34,2024-01,2024-01-04,,,,,,0,stage1,0,0,0,0
U004226,2024-03-14,Referral,Desktop,South,55+,2024-03,2024-03-14,2024-03-15,2024-03-17,2024-03-19,,,0,stage4,1,1,1,0
U004227,2024-03-21,Referral,Desktop,South,25-34,2024-03,2024-03-21,2024-03-23,2024-03-26,2024-03-26,2024-03-27,2024-03-29,1,Converted,1,1,1,1
U004230,2024-03-10,Paid_Search,Mobile,Central,35-44,2024-03,2024-03-10,,,,,,0,stage1,0,0,0,0
U004231,2024-03-09,Organic,Desktop,North,18-24,2024-03,2024-03-09,2024-03-09,2024-03-11,2024-03-13,2024-03-17,2024-03-18,1,Converted,1,1,1,1
U004233,2024-03-02,Social,Tablet,West,35-44,2024-03,2024-03-02,,,,,,0,stage1,0,0,0,0
U004236,2024-01-03,Organic,Mobile,West,35-44,2024-01,2024-01-03,2024-01-03,2024-01-04,2024-01-05,,,0,stage4,1,1,1,0
U004237,2024-01-26,Organic,Desktop,East,45-54,2024-01,2024-01-26,2024-01-28,2024-01-29,,,,0,stage3,1,1,0,0
U004239,2024-03-30,Referral,Tablet,South,18-24,2024-03,2024-03-30,2024-03-30,2024-04-02,2024-04-03,2024-04-06,2024-04-06,1,Converted,1,1,1,1
U004240,2024-01-09,Paid_Search,Mobile,West,35-44,2024-01,2024-01-09,2024-01-09,2024-01-12,2024-01-12,2024-01-13,2024-01-15,1,Converted,1,1,1,1
U004243,2024-02-01,Social,Mobile,Central,55+,2024-02,2024-02-01,,,,,,0,stage1,0,0,0,0
U004251,2024-03-11,Referral,Mobile,West,45-54,2024-03,2024-03-11,2024-03-12,2024-03-15,2024-03-17,2024-03-20,,0,stage5,1,1,1,1
U004252,2024-03-06,Paid_Search,Mobile,Central,35-44,2024-03,2024-03-06,2024-03-06,,,,,0,stage2,1,0,0,0
U004253,2024-01-19,Paid_Search,Desktop,North,18-24,2024-01,2024-01-19,2024-01-20,2024-01-21,,,,0,stage3,1,1,0,0
U004255,2024-01-16,Organic,Mobile,Central,35-44,2024-01,2024-01-16,2024-01-17,2024-01-19,,,,0,stage3,1,1,0,0
U004256,2024-02-15,Referral,Mobile,North,25-34,2024-02,2024-02-15,,,,,,0,stage1,0,0,0,0
U004258,2024-01-18,Referral,Mobile,North,55+,2024-01,2024-01-18,,,,,,0,stage1,0,0,0,0
U004260,2024-02-21,Referral,Mobile,South,55+,2024-02,2024-02-21,2024-02-23,,,,,0,stage2,1,0,0,0
U004263,2024-02-06,Paid_Search,Mobile,West,45-54,2024-02,2024-02-06,2024-02-08,,,,,0,stage2,1,0,0,0
U004266,2024-01-09,Social,Mobile,South,18-24,2024-01,2024-01-09,2024-01-09,2024-01-10,2024-01-12,2024-01-15,2024-01-16,1,Converted,1,1,1,1
U004267,2024-01-05,Paid_Search,Mobile,East,35-44,2024-01,2024-01-05,2024-01-06,,,,,0,stage2,1,0,0,0
U004268,2024-02-08,Paid_Search,Mobile,Central,45-54,2024-02,2024-02-08,,,,,,0,stage1,0,0,0,0
U004271,2024-01-01,Social,Tablet,West,25-34,2024-01,2024-01-01,2024-01-01,,,,,0,stage2,1,0,0,0
U004273,2024-03-09,Organic,Mobile,West,25-34,2024-03,2024-03-09,,,,,,0,stage1,0,0,0,0
U004274,2024-02-08,Paid_Search,Tablet,North,18-24,2024-02,2024-02-08,,,,,,0,stage1,0,0,0,0
U004276,2024-03-25,Paid_Search,Mobile,East,25-34,2024-03,2024-03-25,2024-03-26,,,,,0,stage2,1,0,0,0
U004280,2024-01-18,Email,Desktop,East,25-34,2024-01,2024-01-18,2024-01-20,2024-01-21,,,,0,stage3,1,1,0,0
U004281,2024-01-01,Paid_Search,Mobile,Central,45-54,2024-01,2024-01-01,,,,,,0,stage1,0,0,0,0
U004284,2024-02-01,Social,Mobile,North,45-54,2024-02,2024-02-01,,,,,,0,stage1,0,0,0,0
U004287,2024-03-26,Email,Mobile,West,35-44,2024-03,2024-03-26,2024-03-28,,,,,0,stage2,1,0,0,0
U004288,2024-03-18,Organic,Mobile,East,18-24,2024-03,2024-03-18,,,,,,0,stage1,0,0,0,0
U004291,2024-03-28,Organic,Desktop,East,35-44,2024-03,2024-03-28,2024-03-28,,,,,0,stage2,1,0,0,0
U004294,2024-02-15,Referral,Mobile,Central,25-34,2024-02,2024-02-15,,,,,,0,stage1,0,0,0,0
U004297,2024-01-28,Referral,Mobile,East,25-34,2024-01,2024-01-28,,,,,,0,stage1,0,0,0,0
U004301,2024-02-18,Paid_Search,Desktop,North,55+,2024-02,2024-02-18,2024-02-18,,,,,0,stage2,1,0,0,0
U004302,2024-01-10,Paid_Search,Desktop,West,18-24,2024-01,2024-01-10,,,,,,0,stage1,0,0,0,0
U004303,2024-02-19,Organic,Mobile,West,18-24,2024-02,2024-02-19,2024-02-19,2024-02-22,,,,0,stage3,1,1,0,0
U004305,2024-03-02,Social,Desktop,East,18-24,2024-03,2024-03-02,,,,,,0,stage1,0,0,0,0
U004307,2024-01-17,Referral,Desktop,South,55+,2024-01,2024-01-17,2024-01-19,2024-01-22,2024-01-23,,,0,stage4,1,1,1,0
U004310,2024-01-11,Social,Desktop,West,35-44,2024-01,2024-01-11,,,,,,0,stage1,0,0,0,0
U004312,2024-02-24,Email,Desktop,East,35-44,2024-02,2024-02-24,,,,,,0,stage1,0,0,0,0
U004317,2024-02-08,Organic,Mobile,Central,45-54,2024-02,2024-02-08,2024-02-10,,,,,0,stage2,1,0,0,0
U004319,2024-02-29,Paid_Search,Desktop,North,45-54,2024-02,2024-02-29,2024-02-29,2024-03-01,2024-03-03,,,0,stage4,1,1,1,0
U004320,2024-02-06,Paid_Search,Mobile,East,45-54,2024-02,2024-02-06,2024-02-07,,,,,0,stage2,1,0,0,0
U004325,2024-01-13,Paid_Search,Desktop,North,18-24,2024-01,2024-01-13,2024-01-14,2024-01-15,,,,0,stage3,1,1,0,0
U004327,2024-02-13,Email,Desktop,West,25-34,2024-02,2024-02-13,,,,,,0,stage1,0,0,0,0
U004330,2024-03-27,Referral,Mobile,South,35-44,2024-03,2024-03-27,2024-03-29,2024-04-01,2024-04-02,2024-04-05,2024-04-05,1,Converted,1,1,1,1
U004333,2024-03-23,Social,Mobile,West,35-44,2024-03,2024-03-23,2024-03-23,2024-03-24,,,,0,stage3,1,1,0,0
U004335,2024-03-26,Referral,Mobile,South,35-44,2024-03,2024-03-26,2024-03-26,2024-03-27,,,,0,stage3,1,1,0,0
U004336,2024-03-11,Paid_Search,Mobile,East,55+,2024-03,2024-03-11,2024-03-11,,,,,0,stage2,1,0,0,0
U004338,2024-02-13,Organic,Desktop,South,25-34,2024-02,2024-02-13,2024-02-15,,,,,0,stage2,1,0,0,0
U004340,2024-02-12,Email,Mobile,East,35-44,2024-02,2024-02-12,,,,,,0,stage1,0,0,0,0
U004343,2024-01-11,Paid_Search,Desktop,Central,25-34,2024-01,2024-01-11,,,,,,0,stage1,0,0,0,0
U004344,2024-02-04,Email,Desktop,West,25-34,2024-02,2024-02-04,2024-02-04,,,,,0,stage2,1,0,0,0
U004347,2024-01-05,Referral,Tablet,East,18-24,2024-01,2024-01-05,2024-01-06,,,,,0,stage2,1,0,0,0
U004348,2024-01-21,Referral,Mobile,West,25-34,2024-01,2024-01-21,2024-01-21,2024-01-22,,,,0,stage3,1,1,0,0
U004349,2024-02-15,Organic,Mobile,South,18-24,2024-02,2024-02-15,2024-02-15,2024-02-18,2024-02-20,,,0,stage4,1,1,1,0
U004351,2024-03-13,Organic,Desktop,West,35-44,2024-03,2024-03-13,2024-03-14,2024-03-17,,,,0,stage3,1,1,0,0
U004354,2024-02-22,Social,Desktop,North,35-44,2024-02,2024-02-22,,,,,,0,stage1,0,0,0,0
U004355,2024-02-06,Email,Desktop,South,45-54,2024-02,2024-02-06,,,,,,0,stage1,0,0,0,0
U004359,2024-02-14,Paid_Search,Mobile,South,25-34,2024-02,2024-02-14,,,,,,0,stage1,0,0,0,0
U004364,2024-03-01,Organic,Mobile,East,25-34,2024-03,2024-03-01,2024-03-01,2024-03-02,,,,0,stage3,1,1,0,0
U004367,2024-02-19,Paid_Search,Desktop,West,45-54,2024-02,2024-02-19,2024-02-19,,,,,0,stage2,1,0,0,0
U004368,2024-02-08,Organic,Mobile,Central,45-54,2024-02,2024-02-08,2024-02-10,,,,,0,stage2,1,0,0,0
U004370,2024-02-10,Paid_Search,Mobile,South,25-34,2024-02,2024-02-10,,,,,,0,stage1,0,0,0,0
U004372,2024-01-14,Paid_Search,Mobile,South,35-44,2024-01,2024-01-14,2024-01-16,,,,,0,stage2,1,0,0,0
U004374,2024-02-23,Referral,Desktop,South,35-44,2024-02,2024-02-23,,,,,,0,stage1,0,0,0,0
U004376,2024-03-26,Organic,Mobile,North,35-44,2024-03,2024-03-26,2024-03-28,2024-03-30,,,,0,stage3,1,1,0,0
U004377,2024-01-12,Referral,Mobile,South,25-34,2024-01,2024-01-12,2024-01-12,2024-01-15,,,,0,stage3,1,1,0,0
U004378,2024-01-14,Social,Desktop,South,35-44,2024-01,2024-01-14,,,,,,0,stage1,0,0,0,0
U004380,2024-02-10,Referral,Desktop,North,45-54,2024-02,2024-02-10,2024-02-10,2024-02-12,,,,0,stage3,1,1,0,0
U004382,2024-01-19,Organic,Desktop,Central,45-54,2024-01,2024-01-19,2024-01-19,,,,,0,stage2,1,0,0,0
U004384,2024-02-20,Social,Desktop,Central,25-34,2024-02,2024-02-20,,,,,,0,stage1,0,0,0,0
U004386,2024-01-29,Organic,Mobile,West,25-34,2024-01,2024-01-29,2024-01-30,,,,,0,stage2,1,0,0,0
U004387,2024-02-28,Organic,Desktop,South,25-34,2024-02,2024-02-28,2024-02-28,2024-02-29,,,,0,stage3,1,1,0,0
U004390,2024-01-19,Paid_Search,Mobile,South,55+,2024-01,2024-01-19,2024-01-20,,,,,0,stage2,1,0,0,0
U004394,2024-02-25,Organic,Mobile,West,25-34,2024-02,2024-02-25,2024-02-27,2024-02-29,,,,0,stage3,1,1,0,0
U004395,2024-02-15,Email,Desktop,East,25-34,2024-02,2024-02-15,2024-02-16,2024-02-18,2024-02-18,2024-02-22,2024-02-24,1,Converted,1,1,1,1
U004396,2024-02-19,Organic,Desktop,Central,55+,2024-02,2024-02-19,2024-02-21,2024-02-23,,,,0,stage3,1,1,0,0
U004397,2024-03-10,Organic,Desktop,West,35-44,2024-03,2024-03-10,,,,,,0,stage1,0,0,0,0
U004398,2024-02-21,Referral,Desktop,South,55+,2024-02,2024-02-21,2024-02-22,,,,,0,stage2,1,0,0,0
U004399,2024-02-02,Paid_Search,Mobile,Central,18-24,2024-02,2024-02-02,,,,,,0,stage1,0,0,0,0
U004400,2024-01-09,Organic,Desktop,West,35-44,2024-01,2024-01-09,2024-01-11,2024-01-14,,,,0,stage3,1,1,0,0
U004401,2024-01-16,Organic,Mobile,East,25-34,2024-01,2024-01-16,2024-01-17,2024-01-18,2024-01-18,,,0,stage4,1,1,1,0
U004403,2024-03-28,Organic,Desktop,South,18-24,2024-03,2024-03-28,2024-03-28,,,,,0,stage2,1,0,0,0
U004404,2024-03-16,Organic,Desktop,East,18-24,2024-03,2024-03-16,2024-03-18,,,,,0,stage2,1,0,0,0
U004405,2024-02-10,Referral,Mobile,Central,18-24,2024-02,2024-02-10,,,,,,0,stage1,0,0,0,0
U004408,2024-01-23,Paid_Search,Desktop,North,25-34,2024-01,2024-01-23,2024-01-24,2024-01-27,,,,0,stage3,1,1,0,0
U004411,2024-03-12,Organic,Tablet,East,18-24,2024-03,2024-03-12,2024-03-12,2024-03-15,2024-03-16,2024-03-18,2024-03-18,1,Converted,1,1,1,1
U004412,2024-03-24,Referral,Mobile,East,18-24,2024-03,2024-03-24,2024-03-25,2024-03-28,,,,0,stage3,1,1,0,0
U004413,2024-02-26,Social,Desktop,Central,55+,2024-02,2024-02-26,,,,,,0,stage1,0,0,0,0
U004416,2024-01-02,Email,Mobile,Central,45-54,2024-01,2024-01-02,2024-01-03,2024-01-04,2024-01-04,2024-01-08,2024-01-10,1,Converted,1,1,1,1
U004420,2024-01-26,Organic,Tablet,East,25-34,2024-01,2024-01-26,2024-01-27,2024-01-29,,,,0,stage3,1,1,0,0
U004421,2024-03-02,Social,Mobile,Central,35-44,2024-03,2024-03-02,2024-03-02,,,,,0,stage2,1,0,0,0
U004424,2024-02-25,Organic,Desktop,Central,35-44,2024-02,2024-02-25,2024-02-25,2024-02-27,2024-02-28,2024-03-01,2024-03-03,1,Converted,1,1,1,1
U004425,2024-01-24,Referral,Mobile,Central,18-24,2024-01,2024-01-24,2024-01-24,,,,,0,stage2,1,0,0,0
U004429,2024-02-05,Email,Mobile,West,45-54,2024-02,2024-02-05,,,,,,0,stage1,0,0,0,0
U004431,2024-02-17,Organic,Desktop,North,25-34,2024-02,2024-02-17,2024-02-18,2024-02-21,,,,0,stage3,1,1,0,0
U004434,2024-01-01,Email,Mobile,Central,35-44,2024-01,2024-01-01,2024-01-03,2024-01-04,,,,0,stage3,1,1,0,0
U004436,2024-03-26,Organic,Tablet,South,25-34,2024-03,2024-03-26,2024-03-28,2024-03-29,2024-03-30,2024-04-03,2024-04-04,1,Converted,1,1,1,1
U004439,2024-02-23,Email,Tablet,West,25-34,2024-02,2024-02-23,2024-02-25,2024-02-26,,,,0,stage3,1,1,0,0
U004441,2024-03-26,Paid_Search,Mobile,North,25-34,2024-03,2024-03-26,,,,,,0,stage1,0,0,0,0
U004442,2024-01-15,Email,Tablet,West,35-44,2024-01,2024-01-15,2024-01-17,,,,,0,stage2,1,0,0,0
U004444,2024-01-14,Email,Mobile,North,55+,2024-01,2024-01-14,,,,,,0,stage1,0,0,0,0
U004445,2024-01-29,Paid_Search,Desktop,East,25-34,2024-01,2024-01-29,,,,,,0,stage1,0,0,0,0
U004449,2024-03-26,Referral,Mobile,South,25-34,2024-03,2024-03-26,2024-03-26,,,,,0,stage2,1,0,0,0
U004453,2024-02-23,Paid_Search,Desktop,Central,18-24,2024-02,2024-02-23,,,,,,0,stage1,0,0,0,0
U004454,2024-02-27,Paid_Search,Mobile,West,35-44,2024-02,2024-02-27,2024-02-28,,,,,0,stage2,1,0,0,0
U004455,2024-03-31,Paid_Search,Tablet,East,18-24,2024-03,2024-03-31,2024-04-01,2024-04-04,,,,0,stage3,1,1,0,0
U004457,2024-03-11,Social,Tablet,North,35-44,2024-03,2024-03-11,2024-03-11,,,,,0,stage2,1,0,0,0
U004458,2024-01-17,Referral,Mobile,East,35-44,2024-01,2024-01-17,2024-01-18,,,,,0,stage2,1,0,0,0
U004459,2024-03-29,Organic,Tablet,North,55+,2024-03,2024-03-29,,,,,,0,stage1,0,0,0,0
U004466,2024-02-18,Social,Mobile,East,18-24,2024-02,2024-02-18,,,,,,0,stage1,0,0,0,0
U004468,2024-01-21,Organic,Tablet,East,35-44,2024-01,2024-01-21,2024-01-22,,,,,0,stage2,1,0,0,0
U004469,2024-02-15,Social,Desktop,Central,35-44,2024-02,2024-02-15,2024-02-16,,,,,0,stage2,1,0,0,0
U004470,2024-01-20,Referral,Desktop,Central,18-24,2024-01,2024-01-20,2024-01-20,2024-01-21,,,,0,stage3,1,1,0,0
U004471,2024-03-11,Social,Tablet,East,45-54,2024-03,2024-03-11,,,,,,0,stage1,0,0,0,0
U004472,2024-01-29,Referral,Mobile,East,55+,2024-01,2024-01-29,,,,,,0,stage1,0,0,0,0
U004474,2024-02-07,Organic,Mobile,East,35-44,2024-02,2024-02-07,2024-02-08,2024-02-09,,,,0,stage3,1,1,0,0
U004475,2024-02-22,Email,Mobile,East,35-44,2024-02,2024-02-22,,,,,,0,stage1,0,0,0,0
U004477,2024-01-06,Referral,Desktop,South,45-54,2024-01,2024-01-06,2024-01-07,2024-01-09,,,,0,stage3,1,1,0,0
U004479,2024-02-03,Email,Desktop,East,18-24,2024-02,2024-02-03,2024-02-04,,,,,0,stage2,1,0,0,0
U004480,2024-03-29,Social,Mobile,Central,25-34,2024-03,2024-03-29,,,,,,0,stage1,0,0,0,0
U004483,2024-03-15,Email,Tablet,West,35-44,2024-03,2024-03-15,2024-03-15,2024-03-16,,,,0,stage3,1,1,0,0
U004484,2024-01-06,Referral,Desktop,West,25-34,2024-01,2024-01-06,2024-01-06,2024-01-09,2024-01-11,2024-01-14,,0,stage5,1,1,1,1
U004493,2024-03-19,Referral,Mobile,North,45-54,2024-03,2024-03-19,2024-03-19,,,,,0,stage2,1,0,0,0
U004494,2024-03-07,Organic,Mobile,North,35-44,2024-03,2024-03-07,,,,,,0,stage1,0,0,0,0
U004495,2024-02-28,Organic,Mobile,Central,25-34,2024-02,2024-02-28,,,,,,0,stage1,0,0,0,0
U004498,2024-03-14,Social,Mobile,South,55+,2024-03,2024-03-14,2024-03-14,2024-03-15,,,,0,stage3,1,1,0,0
U004499,2024-03-31,Organic,Mobile,South,25-34,2024-03,2024-03-31,2024-04-01,2024-04-03,2024-04-03,,,0,stage4,1,1,1,0
U004501,2024-02-11,Email,Mobile,South,35-44,2024-02,2024-02-11,,,,,,0,stage1,0,0,0,0
U004503,2024-02-16,Paid_Search,Desktop,East,25-34,2024-02,2024-02-16,,,,,,0,stage1,0,0,0,0
U004504,2024-02-14,Paid_Search,Mobile,East,35-44,2024-02,2024-02-14,2024-02-16,,,,,0,stage2,1,0,0,0
U004506,2024-01-30,Referral,Mobile,North,45-54,2024-01,2024-01-30,2024-01-30,,,,,0,stage2,1,0,0,0
U004507,2024-03-22,Paid_Search,Mobile,West,45-54,2024-03,2024-03-22,2024-03-24,2024-03-25,,,,0,stage3,1,1,0,0
U004510,2024-03-22,Referral,Mobile,South,25-34,2024-03,2024-03-22,2024-03-23,2024-03-24,,,,0,stage3,1,1,0,0
U004513,2024-02-11,Organic,Desktop,South,45-54,2024-02,2024-02-11,,,,,,0,stage1,0,0,0,0
U004515,2024-01-07,Organic,Desktop,Central,55+,2024-01,2024-01-07,,,,,,0,stage1,0,0,0,0
U004517,2024-02-07,Organic,Desktop,Central,45-54,2024-02,2024-02-07,2024-02-08,,,,,0,stage2,1,0,0,0
U004518,2024-03-22,Organic,Desktop,West,18-24,2024-03,2024-03-22,2024-03-22,,,,,0,stage2,1,0,0,0
U004519,2024-01-02,Paid_Search,Mobile,West,45-54,2024-01,2024-01-02,,,,,,0,stage1,0,0,0,0
U004521,2024-03-25,Paid_Search,Mobile,Central,35-44,2024-03,2024-03-25,,,,,,0,stage1,0,0,0,0
U004524,2024-03-16,Paid_Search,Desktop,Central,45-54,2024-03,2024-03-16,,,,,,0,stage1,0,0,0,0
U004528,2024-03-27,Organic,Tablet,West,25-34,2024-03,2024-03-27,2024-03-29,2024-03-30,,,,0,stage3,1,1,0,0
U004530,2024-01-11,Organic,Mobile,Central,18-24,2024-01,2024-01-11,2024-01-11,,,,,0,stage2,1,0,0,0
U004533,2024-01-30,Email,Desktop,North,55+,2024-01,2024-01-30,,,,,,0,stage1,0,0,0,0
U004534,2024-03-19,Paid_Search,Mobile,East,35-44,2024-03,2024-03-19,2024-03-19,2024-03-21,2024-03-23,2024-03-25,2024-03-26,1,Converted,1,1,1,1
U004536,2024-01-24,Referral,Mobile,East,18-24,2024-01,2024-01-24,,,,,,0,stage1,0,0,0,0
U004537,2024-03-24,Paid_Search,Desktop,West,55+,2024-03,2024-03-24,,,,,,0,stage1,0,0,0,0
U004538,2024-01-15,Referral,Mobile,East,18-24,2024-01,2024-01-15,,,,,,0,stage1,0,0,0,0
U004541,2024-02-19,Social,Mobile,East,18-24,2024-02,2024-02-19,,,,,,0,stage1,0,0,0,0
U004544,2024-01-06,Organic,Tablet,East,18-24,2024-01,2024-01-06,2024-01-06,2024-01-09,2024-01-10,2024-01-11,2024-01-13,1,Converted,1,1,1,1
U004546,2024-03-22,Referral,Tablet,North,55+,2024-03,2024-03-22,2024-03-24,2024-03-27,,,,0,stage3,1,1,0,0
U004550,2024-03-13,Email,Mobile,North,35-44,2024-03,2024-03-13,,,,,,0,stage1,0,0,0,0
U004551,2024-03-29,Referral,Mobile,South,25-34,2024-03,2024-03-29,,,,,,0,stage1,0,0,0,0
U004552,2024-03-30,Social,Desktop,South,55+,2024-03,2024-03-30,,,,,,0,stage1,0,0,0,0
U004553,2024-03-19,Email,Desktop,Central,45-54,2024-03,2024-03-19,2024-03-20,,,,,0,stage2,1,0,0,0
U004557,2024-02-11,Referral,Tablet,West,45-54,2024-02,2024-02-11,,,,,,0,stage1,0,0,0,0
U004560,2024-01-23,Paid_Search,Desktop,West,45-54,2024-01,2024-01-23,2024-01-23,2024-01-24,,,,0,stage3,1,1,0,0
U004561,2024-03-18,Paid_Search,Tablet,Central,25-34,2024-03,2024-03-18,,,,,,0,stage1,0,0,0,0
U004563,2024-01-02,Organic,Desktop,West,35-44,2024-01,2024-01-02,,,,,,0,stage1,0,0,0,0
U004565,2024-03-10,Paid_Search,Desktop,Central,18-24,2024-03,2024-03-10,,,,,,0,stage1,0,0,0,0
U004567,2024-02-14,Email,Mobile,West,25-34,2024-02,2024-02-14,2024-02-16,2024-02-18,,,,0,stage3,1,1,0,0
U004569,2024-02-17,Paid_Search,Desktop,West,35-44,2024-02,2024-02-17,,,,,,0,stage1,0,0,0,0
U004572,2024-01-11,Paid_Search,Mobile,East,45-54,2024-01,2024-01-11,2024-01-12,,,,,0,stage2,1,0,0,0
U004576,2024-02-27,Organic,Desktop,East,55+,2024-02,2024-02-27,,,,,,0,stage1,0,0,0,0
U004577,2024-01-07,Email,Desktop,North,35-44,2024-01,2024-01-07,,,,,,0,stage1,0,0,0,0
U004578,2024-01-01,Social,Mobile,East,25-34,2024-01,2024-01-01,,,,,,0,stage1,0,0,0,0
U004579,2024-02-09,Organic,Desktop,South,25-34,2024-02,2024-02-09,,,,,,0,stage1,0,0,0,0
U004580,2024-03-08,Organic,Mobile,North,35-44,2024-03,2024-03-08,2024-03-09,2024-03-12,,,,0,stage3,1,1,0,0
U004583,2024-02-15,Organic,Desktop,North,55+,2024-02,2024-02-15,2024-02-16,,,,,0,stage2,1,0,0,0
U004586,2024-01-31,Paid_Search,Desktop,West,45-54,2024-01,2024-01-31,2024-02-01,,,,,0,stage2,1,0,0,0
U004588,2024-01-18,Organic,Desktop,South,25-34,2024-01,2024-01-18,2024-01-20,2024-01-23,,,,0,stage3,1,1,0,0
U004592,2024-03-07,Organic,Desktop,South,55+,2024-03,2024-03-07,2024-03-09,,,,,0,stage2,1,0,0,0
U004595,2024-03-22,Referral,Desktop,East,25-34,2024-03,2024-03-22,2024-03-23,,,,,0,stage2,1,0,0,0
U004597,2024-03-10,Organic,Desktop,North,18-24,2024-03,2024-03-10,,,,,,0,stage1,0,0,0,0
U004600,2024-01-13,Social,Desktop,Central,35-44,2024-01,2024-01-13,,,,,,0,stage1,0,0,0,0
U004601,2024-03-15,Email,Mobile,West,35-44,2024-03,2024-03-15,,,,,,0,stage1,0,0,0,0
U004602,2024-03-15,Social,Desktop,Central,35-44,2024-03,2024-03-15,2024-03-17,2024-03-20,,,,0,stage3,1,1,0,0
U004603,2024-01-20,Paid_Search,Mobile,South,55+,2024-01,2024-01-20,2024-01-22,,,,,0,stage2,1,0,0,0
U004604,2024-02-19,Email,Mobile,East,45-54,2024-02,2024-02-19,,,,,,0,stage1,0,0,0,0
U004607,2024-02-12,Paid_Search,Mobile,Central,55+,2024-02,2024-02-12,2024-02-14,2024-02-16,,,,0,stage3,1,1,0,0
U004608,2024-03-21,Organic,Mobile,West,35-44,2024-03,2024-03-21,,,,,,0,stage1,0,0,0,0
U004610,2024-03-10,Paid_Search,Mobile,North,25-34,2024-03,2024-03-10,2024-03-12,,,,,0,stage2,1,0,0,0
U004614,2024-03-31,Organic,Desktop,North,18-24,2024-03,2024-03-31,2024-03-31,2024-04-01,,,,0,stage3,1,1,0,0
U004615,2024-02-05,Social,Desktop,West,45-54,2024-02,2024-02-05,2024-02-07,,,,,0,stage2,1,0,0,0
U004616,2024-03-13,Organic,Mobile,East,35-44,2024-03,2024-03-13,2024-03-14,2024-03-16,,,,0,stage3,1,1,0,0
U004618,2024-02-11,Paid_Search,Mobile,South,25-34,2024-02,2024-02-11,2024-02-11,,,,,0,stage2,1,0,0,0
U004619,2024-02-25,Social,Desktop,Central,18-24,2024-02,2024-02-25,2024-02-25,,,,,0,stage2,1,0,0,0
U004621,2024-02-18,Referral,Tablet,West,35-44,2024-02,2024-02-18,2024-02-20,,,,,0,stage2,1,0,0,0
U004628,2024-01-20,Paid_Search,Desktop,Central,45-54,2024-01,2024-01-20,2024-01-20,2024-01-21,2024-01-21,2024-01-25,2024-01-26,1,Converted,1,1,1,1
U004629,2024-03-20,Paid_Search,Desktop,East,35-44,2024-03,2024-03-20,2024-03-22,,,,,0,stage2,1,0,0,0
U004631,2024-02-05,Organic,Mobile,South,35-44,2024-02,2024-02-05,2024-02-06,,,,,0,stage2,1,0,0,0
U004633,2024-03-28,Paid_Search,Mobile,West,25-34,2024-03,2024-03-28,2024-03-28,,,,,0,stage2,1,0,0,0
U004635,2024-01-08,Referral,Desktop,North,18-24,2024-01,2024-01-08,,,,,,0,stage1,0,0,0,0
U004636,2024-01-31,Referral,Mobile,South,35-44,2024-01,2024-01-31,,,,,,0,stage1,0,0,0,0
U004637,2024-02-26,Organic,Desktop,West,55+,2024-02,2024-02-26,,,,,,0,stage1,0,0,0,0
U004638,2024-02-02,Organic,Desktop,West,35-44,2024-02,2024-02-02,,,,,,0,stage1,0,0,0,0
U004640,2024-03-19,Organic,Desktop,North,18-24,2024-03,2024-03-19,2024-03-19,2024-03-20,,,,0,stage3,1,1,0,0
U004641,2024-02-03,Social,Desktop,South,35-44,2024-02,2024-02-03,2024-02-03,2024-02-05,,,,0,stage3,1,1,0,0
U004643,2024-01-20,Email,Mobile,South,45-54,2024-01,2024-01-20,2024-01-20,2024-01-22,,,,0,stage3,1,1,0,0
U004646,2024-03-05,Social,Desktop,East,18-24,2024-03,2024-03-05,,,,,,0,stage1,0,0,0,0
U004647,2024-01-12,Email,Mobile,West,45-54,2024-01,2024-01-12,2024-01-12,2024-01-14,,,,0,stage3,1,1,0,0
U004649,2024-01-25,Referral,Mobile,South,55+,2024-01,2024-01-25,2024-01-25,2024-01-28,2024-01-28,2024-01-30,2024-01-30,1,Converted,1,1,1,1
U004651,2024-01-24,Organic,Desktop,South,25-34,2024-01,2024-01-24,,,,,,0,stage1,0,0,0,0
U004652,2024-02-07,Paid_Search,Desktop,East,35-44,2024-02,2024-02-07,,,,,,0,stage1,0,0,0,0
U004653,2024-03-12,Referral,Desktop,West,55+,2024-03,2024-03-12,2024-03-14,2024-03-16,2024-03-17,2024-03-19,2024-03-21,1,Converted,1,1,1,1
U004656,2024-01-26,Organic,Desktop,North,25-34,2024-01,2024-01-26,2024-01-28,,,,,0,stage2,1,0,0,0
U004657,2024-01-04,Social,Desktop,South,18-24,2024-01,2024-01-04,2024-01-06,,,,,0,stage2,1,0,0,0
U004658,2024-02-25,Social,Tablet,North,35-44,2024-02,2024-02-25,,,,,,0,stage1,0,0,0,0
U004659,2024-02-19,Referral,Desktop,West,25-34,2024-02,2024-02-19,2024-02-20,2024-02-21,2024-02-23,2024-02-24,2024-02-26,1,Converted,1,1,1,1
U004660,2024-01-26,Paid_Search,Desktop,Central,45-54,2024-01,2024-01-26,2024-01-26,2024-01-29,2024-01-31,,,0,stage4,1,1,1,0
U004664,2024-02-17,Paid_Search,Mobile,East,35-44,2024-02,2024-02-17,,,,,,0,stage1,0,0,0,0
U004667,2024-01-28,Referral,Desktop,North,35-44,2024-01,2024-01-28,2024-01-28,2024-01-30,,,,0,stage3,1,1,0,0
U004669,2024-02-24,Paid_Search,Desktop,South,18-24,2024-02,2024-02-24,2024-02-26,2024-02-27,,,,0,stage3,1,1,0,0
U004671,2024-01-29,Organic,Mobile,South,25-34,2024-01,2024-01-29,2024-01-30,2024-01-31,,,,0,stage3,1,1,0,0
U004673,2024-01-29,Organic,Desktop,West,25-34,2024-01,2024-01-29,,,,,,0,stage1,0,0,0,0
U004675,2024-01-11,Paid_Search,Mobile,West,25-34,2024-01,2024-01-11,2024-01-11,2024-01-13,2024-01-14,2024-01-15,,0,stage5,1,1,1,1
U004681,2024-03-15,Organic,Mobile,North,35-44,2024-03,2024-03-15,,,,,,0,stage1,0,0,0,0
U004683,2024-02-15,Paid_Search,Mobile,East,45-54,2024-02,2024-02-15,2024-02-15,2024-02-18,2024-02-19,,,0,stage4,1,1,1,0
U004685,2024-01-27,Organic,Desktop,East,18-24,2024-01,2024-01-27,2024-01-28,,,,,0,stage2,1,0,0,0
U004689,2024-02-13,Organic,Mobile,North,55+,2024-02,2024-02-13,,,,,,0,stage1,0,0,0,0
U004690,2024-01-17,Referral,Desktop,South,35-44,2024-01,2024-01-17,2024-01-18,2024-01-19,,,,0,stage3,1,1,0,0
U004691,2024-03-27,Organic,Mobile,West,35-44,2024-03,2024-03-27,2024-03-27,2024-03-30,2024-03-31,,,0,stage4,1,1,1,0
U004692,2024-02-01,Referral,Mobile,Central,55+,2024-02,2024-02-01,2024-02-01,,,,,0,stage2,1,0,0,0
U004696,2024-03-10,Organic,Mobile,Central,55+,2024-03,2024-03-10,,,,,,0,stage1,0,0,0,0
U004699,2024-01-28,Referral,Mobile,Central,35-44,2024-01,2024-01-28,,,,,,0,stage1,0,0,0,0
U004700,2024-02-01,Email,Desktop,North,18-24,2024-02,2024-02-01,,,,,,0,stage1,0,0,0,0
U004701,2024-03-05,Paid_Search,Mobile,West,25-34,2024-03,2024-03-05,,,,,,0,stage1,0,0,0,0
U004703,2024-02-29,Organic,Mobile,East,35-44,2024-02,2024-02-29,,,,,,0,stage1,0,0,0,0
U004705,2024-01-08,Organic,Mobile,Central,55+,2024-01,2024-01-08,2024-01-08,,,,,0,stage2,1,0,0,0
U004706,2024-01-14,Social,Tablet,East,35-44,2024-01,2024-01-14,2024-01-14,2024-01-16,,,,0,stage3,1,1,0,0
U004710,2024-03-24,Social,Tablet,Central,45-54,2024-03,2024-03-24,,,,,,0,stage1,0,0,0,0
U004711,2024-02-09,Paid_Search,Mobile,West,18-24,2024-02,2024-02-09,2024-02-10,,,,,0,stage2,1,0,0,0
U004713,2024-01-25,Organic,Desktop,West,25-34,2024-01,2024-01-25,2024-01-25,2024-01-28,2024-01-30,2024-02-03,2024-02-04,1,Converted,1,1,1,1
U004714,2024-02-21,Paid_Search,Desktop,South,25-34,2024-02,2024-02-21,2024-02-22,,,,,0,stage2,1,0,0,0
U004719,2024-03-21,Email,Desktop,West,18-24,2024-03,2024-03-21,2024-03-22,,,,,0,stage2,1,0,0,0
U004723,2024-02-04,Organic,Tablet,South,55+,2024-02,2024-02-04,2024-02-05,2024-02-08,2024-02-09,,,0,stage4,1,1,1,0
U004731,2024-02-10,Paid_Search,Mobile,Central,45-54,2024-02,2024-02-10,2024-02-12,,,,,0,stage2,1,0,0,0
U004732,2024-01-15,Organic,Mobile,Central,45-54,2024-01,2024-01-15,2024-01-16,,,,,0,stage2,1,0,0,0
U004733,2024-03-08,Referral,Mobile,North,35-44,2024-03,2024-03-08,2024-03-09,2024-03-12,2024-03-13,2024-03-16,2024-03-17,1,Converted,1,1,1,1
U004734,2024-03-23,Paid_Search,Mobile,South,45-54,2024-03,2024-03-23,2024-03-23,,,,,0,stage2,1,0,0,0
U004735,2024-01-08,Email,Desktop,West,25-34,2024-01,2024-01-08,2024-01-10,,,,,0,stage2,1,0,0,0
U004736,2024-01-12,Referral,Mobile,East,55+,2024-01,2024-01-12,2024-01-12,2024-01-14,2024-01-15,,,0,stage4,1,1,1,0
U004739,2024-03-29,Paid_Search,Tablet,East,25-34,2024-03,2024-03-29,2024-03-30,2024-04-01,,,,0,stage3,1,1,0,0
U004740,2024-03-30,Organic,Mobile,Central,35-44,2024-03,2024-03-30,,,,,,0,stage1,0,0,0,0
U004741,2024-01-15,Organic,Mobile,South,45-54,2024-01,2024-01-15,2024-01-17,2024-01-18,,,,0,stage3,1,1,0,0
U004742,2024-03-04,Paid_Search,Desktop,South,25-34,2024-03,2024-03-04,,,,,,0,stage1,0,0,0,0
U004743,2024-03-01,Paid_Search,Mobile,North,45-54,2024-03,2024-03-01,,,,,,0,stage1,0,0,0,0
U004746,2024-01-30,Organic,Tablet,Central,35-44,2024-01,2024-01-30,2024-01-31,2024-02-01,2024-02-01,2024-02-04,2024-02-04,1,Converted,1,1,1,1
U004753,2024-03-22,Paid_Search,Desktop,South,18-24,2024-03,2024-03-22,2024-03-23,2024-03-26,,,,0,stage3,1,1,0,0
U004755,2024-03-23,Email,Desktop,South,45-54,2024-03,2024-03-23,2024-03-25,2024-03-26,2024-03-27,2024-03-28,2024-03-30,1,Converted,1,1,1,1
U004757,2024-03-27,Organic,Desktop,East,18-24,2024-03,2024-03-27,2024-03-28,2024-03-31,2024-04-02,2024-04-05,2024-04-05,1,Converted,1,1,1,1
U004761,2024-02-24,Organic,Desktop,West,25-34,2024-02,2024-02-24,,,,,,0,stage1,0,0,0,0
U004762,2024-03-14,Referral,Mobile,North,35-44,2024-03,2024-03-14,2024-03-15,2024-03-16,2024-03-17,,,0,stage4,1,1,1,0
U004765,2024-01-24,Referral,Mobile,South,25-34,2024-01,2024-01-24,2024-01-26,2024-01-29,,,,0,stage3,1,1,0,0
U004766,2024-01-25,Social,Mobile,Central,25-34,2024-01,2024-01-25,2024-01-27,,,,,0,stage2,1,0,0,0
U004767,2024-03-27,Social,Mobile,West,45-54,2024-03,2024-03-27,,,,,,0,stage1,0,0,0,0
U004768,2024-03-10,Organic,Desktop,West,35-44,2024-03,2024-03-10,,,,,,0,stage1,0,0,0,0
U004769,2024-01-18,Email,Mobile,North,25-34,2024-01,2024-01-18,2024-01-20,2024-01-23,,,,0,stage3,1,1,0,0
U004772,2024-01-20,Social,Mobile,East,18-24,2024-01,2024-01-20,2024-01-22,,,,,0,stage2,1,0,0,0
U004773,2024-03-18,Organic,Tablet,Central,55+,2024-03,2024-03-18,2024-03-20,2024-03-22,2024-03-23,,,0,stage4,1,1,1,0
U004775,2024-03-05,Social,Desktop,East,35-44,2024-03,2024-03-05,2024-03-07,2024-03-10,,,,0,stage3,1,1,0,0
U004780,2024-02-17,Organic,Mobile,South,18-24,2024-02,2024-02-17,2024-02-19,2024-02-21,,,,0,stage3,1,1,0,0
U004781,2024-02-24,Referral,Tablet,Central,18-24,2024-02,2024-02-24,2024-02-26,2024-02-29,2024-03-01,2024-03-04,2024-03-06,1,Converted,1,1,1,1
U004785,2024-02-07,Organic,Desktop,Central,25-34,2024-02,2024-02-07,2024-02-07,2024-02-08,,,,0,stage3,1,1,0,0
U004787,2024-03-17,Social,Mobile,South,35-44,2024-03,2024-03-17,2024-03-18,,,,,0,stage2,1,0,0,0
U004789,2024-02-22,Paid_Search,Mobile,North,35-44,2024-02,2024-02-22,2024-02-23,,,,,0,stage2,1,0,0,0
U004790,2024-03-09,Paid_Search,Mobile,West,25-34,2024-03,2024-03-09,,,,,,0,stage1,0,0,0,0
U004791,2024-03-14,Paid_Search,Tablet,East,45-54,2024-03,2024-03-14,2024-03-16,2024-03-17,,,,0,stage3,1,1,0,0
U004792,2024-03-06,Referral,Mobile,South,25-34,2024-03,2024-03-06,2024-03-08,2024-03-11,2024-03-11,2024-03-15,2024-03-15,1,Converted,1,1,1,1
U004793,2024-01-30,Organic,Tablet,North,55+,2024-01,2024-01-30,2024-01-30,2024-01-31,2024-01-31,2024-02-02,2024-02-03,1,Converted,1,1,1,1
U004798,2024-01-10,Referral,Mobile,East,55+,2024-01,2024-01-10,2024-01-10,2024-01-11,,,,0,stage3,1,1,0,0
U004799,2024-03-10,Email,Mobile,North,25-34,2024-03,2024-03-10,2024-03-10,,,,,0,stage2,1,0,0,0
U004800,2024-01-08,Organic,Mobile,East,55+,2024-01,2024-01-08,2024-01-09,2024-01-11,,,,0,stage3,1,1,0,0
U004803,2024-01-22,Organic,Desktop,West,35-44,2024-01,2024-01-22,,,,,,0,stage1,0,0,0,0
U004804,2024-03-21,Organic,Desktop,North,25-34,2024-03,2024-03-21,,,,,,0,stage1,0,0,0,0
U004806,2024-01-17,Organic,Mobile,South,35-44,2024-01,2024-01-17,2024-01-18,,,,,0,stage2,1,0,0,0
U004808,2024-01-24,Paid_Search,Desktop,North,25-34,2024-01,2024-01-24,2024-01-25,2024-01-28,,,,0,stage3,1,1,0,0
U004809,2024-02-05,Social,Mobile,Central,25-34,2024-02,2024-02-05,2024-02-05,,,,,0,stage2,1,0,0,0
U004810,2024-01-29,Referral,Mobile,East,25-34,2024-01,2024-01-29,,,,,,0,stage1,0,0,0,0
U004815,2024-03-01,Organic,Desktop,North,25-34,2024-03,2024-03-01,2024-03-03,,,,,0,stage2,1,0,0,0
U004816,2024-02-01,Social,Desktop,East,55+,2024-02,2024-02-01,2024-02-02,2024-02-04,2024-02-06,2024-02-10,,0,stage5,1,1,1,1
U004817,2024-03-01,Organic,Mobile,North,35-44,2024-03,2024-03-01,2024-03-02,2024-03-03,,,,0,stage3,1,1,0,0
U004818,2024-02-06,Social,Mobile,East,18-24,2024-02,2024-02-06,,,,,,0,stage1,0,0,0,0
U004819,2024-01-28,Paid_Search,Tablet,Central,45-54,2024-01,2024-01-28,2024-01-28,,,,,0,stage2,1,0,0,0
U004820,2024-02-24,Organic,Desktop,West,55+,2024-02,2024-02-24,2024-02-25,2024-02-27,,,,0,stage3,1,1,0,0
U004824,2024-01-29,Paid_Search,Mobile,Central,25-34,2024-01,2024-01-29,,,,,,0,stage1,0,0,0,0
U004825,2024-03-22,Paid_Search,Mobile,Central,45-54,2024-03,2024-03-22,2024-03-24,,,,,0,stage2,1,0,0,0
U004827,2024-02-07,Referral,Mobile,Central,35-44,2024-02,2024-02-07,2024-02-08,2024-02-10,,,,0,stage3,1,1,0,0
U004829,2024-03-19,Paid_Search,Mobile,West,35-44,2024-03,2024-03-19,2024-03-19,2024-03-22,2024-03-24,2024-03-25,2024-03-27,1,Converted,1,1,1,1
U004839,2024-03-17,Organic,Desktop,East,25-34,2024-03,2024-03-17,,,,,,0,stage1,0,0,0,0
U004840,2024-02-23,Referral,Mobile,West,45-54,2024-02,2024-02-23,,,,,,0,stage1,0,0,0,0
U004841,2024-02-11,Referral,Desktop,North,35-44,2024-02,2024-02-11,2024-02-12,2024-02-15,,,,0,stage3,1,1,0,0
U004842,2024-03-22,Referral,Mobile,West,25-34,2024-03,2024-03-22,2024-03-24,2024-03-26,2024-03-26,2024-03-29,2024-03-29,1,Converted,1,1,1,1
U004844,2024-03-26,Social,Desktop,North,35-44,2024-03,2024-03-26,2024-03-28,2024-03-30,2024-03-30,,,0,stage4,1,1,1,0
U004845,2024-02-11,Referral,Desktop,West,25-34,2024-02,2024-02-11,2024-02-13,,,,,0,stage2,1,0,0,0
U004846,2024-03-07,Referral,Desktop,South,45-54,2024-03,2024-03-07,2024-03-09,,,,,0,stage2,1,0,0,0
U004847,2024-01-17,Paid_Search,Tablet,North,35-44,2024-01,2024-01-17,2024-01-18,2024-01-20,2024-01-22,,,0,stage4,1,1,1,0
U004849,2024-03-24,Paid_Search,Desktop,West,45-54,2024-03,2024-03-24,2024-03-25,,,,,0,stage2,1,0,0,0
U004851,2024-01-14,Paid_Search,Mobile,West,55+,2024-01,2024-01-14,,,,,,0,stage1,0,0,0,0
U004853,2024-02-17,Paid_Search,Mobile,West,45-54,2024-02,2024-02-17,,,,,,0,stage1,0,0,0,0
U004857,2024-02-21,Email,Tablet,Central,25-34,2024-02,2024-02-21,2024-02-23,,,,,0,stage2,1,0,0,0
U004858,2024-03-19,Organic,Desktop,East,45-54,2024-03,2024-03-19,2024-03-20,2024-03-23,,,,0,stage3,1,1,0,0
U004859,2024-01-22,Email,Mobile,Central,45-54,2024-01,2024-01-22,,,,,,0,stage1,0,0,0,0
U004860,2024-01-29,Social,Desktop,South,18-24,2024-01,2024-01-29,,,,,,0,stage1,0,0,0,0
U004861,2024-02-10,Referral,Mobile,East,25-34,2024-02,2024-02-10,2024-02-10,2024-02-13,2024-02-15,2024-02-17,2024-02-19,1,Converted,1,1,1,1
U004863,2024-02-04,Paid_Search,Mobile,North,25-34,2024-02,2024-02-04,,,,,,0,stage1,0,0,0,0
U004864,2024-03-07,Paid_Search,Mobile,South,35-44,2024-03,2024-03-07,2024-03-07,,,,,0,stage2,1,0,0,0
U004867,2024-02-20,Referral,Mobile,Central,45-54,2024-02,2024-02-20,2024-02-20,,,,,0,stage2,1,0,0,0
U004869,2024-02-16,Organic,Mobile,South,45-54,2024-02,2024-02-16,,,,,,0,stage1,0,0,0,0
U004874,2024-01-23,Paid_Search,Mobile,East,25-34,2024-01,2024-01-23,2024-01-24,,,,,0,stage2,1,0,0,0
U004875,2024-02-20,Social,Tablet,West,25-34,2024-02,2024-02-20,,,,,,0,stage1,0,0,0,0
U004876,2024-03-08,Email,Tablet,West,25-34,2024-03,2024-03-08,2024-03-10,2024-03-11,,,,0,stage3,1,1,0,0
U004877,2024-01-13,Paid_Search,Desktop,East,35-44,2024-01,2024-01-13,2024-01-14,2024-01-17,,,,0,stage3,1,1,0,0
U004880,2024-02-08,Email,Mobile,North,45-54,2024-02,2024-02-08,,,,,,0,stage1,0,0,0,0
U004881,2024-01-23,Organic,Mobile,North,18-24,2024-01,2024-01-23,2024-01-24,,,,,0,stage2,1,0,0,0
U004882,2024-02-13,Paid_Search,Desktop,Central,25-34,2024-02,2024-02-13,,,,,,0,stage1,0,0,0,0
U004884,2024-01-31,Organic,Mobile,South,25-34,2024-01,2024-01-31,2024-01-31,,,,,0,stage2,1,0,0,0
U004888,2024-01-31,Email,Desktop,North,35-44,2024-01,2024-01-31,2024-01-31,,,,,0,stage2,1,0,0,0
U004889,2024-02-22,Paid_Search,Mobile,East,25-34,2024-02,2024-02-22,2024-02-22,,,,,0,stage2,1,0,0,0
U004890,2024-03-09,Social,Mobile,East,35-44,2024-03,2024-03-09,2024-03-10,,,,,0,stage2,1,0,0,0
U004892,2024-02-03,Organic,Mobile,South,25-34,2024-02,2024-02-03,2024-02-04,,,,,0,stage2,1,0,0,0
U004893,2024-02-22,Paid_Search,Desktop,North,18-24,2024-02,2024-02-22,2024-02-24,2024-02-25,,,,0,stage3,1,1,0,0
U004894,2024-03-13,Organic,Mobile,Central,25-34,2024-03,2024-03-13,2024-03-15,2024-03-18,,,,0,stage3,1,1,0,0
U004895,2024-02-18,Organic,Mobile,Central,45-54,2024-02,2024-02-18,2024-02-19,2024-02-20,2024-02-21,2024-02-23,2024-02-23,1,Converted,1,1,1,1
U004896,2024-03-15,Social,Desktop,North,35-44,2024-03,2024-03-15,2024-03-16,2024-03-17,2024-03-19,2024-03-23,2024-03-23,1,Converted,1,1,1,1
U004899,2024-01-03,Paid_Search,Desktop,North,25-34,2024-01,2024-01-03,2024-01-04,,,,,0,stage2,1,0,0,0
U004900,2024-02-04,Organic,Mobile,East,35-44,2024-02,2024-02-04,,,,,,0,stage1,0,0,0,0
U004901,2024-03-23,Referral,Mobile,Central,45-54,2024-03,2024-03-23,2024-03-25,2024-03-27,2024-03-29,2024-03-31,,0,stage5,1,1,1,1
U004904,2024-01-19,Email,Desktop,West,35-44,2024-01,2024-01-19,2024-01-19,,,,,0,stage2,1,0,0,0
U004906,2024-03-31,Paid_Search,Desktop,East,18-24,2024-03,2024-03-31,2024-04-02,2024-04-05,,,,0,stage3,1,1,0,0
U004909,2024-01-02,Organic,Mobile,East,55+,2024-01,2024-01-02,,,,,,0,stage1,0,0,0,0
U004910,2024-03-05,Organic,Mobile,North,45-54,2024-03,2024-03-05,,,,,,0,stage1,0,0,0,0
U004914,2024-03-18,Organic,Mobile,South,25-34,2024-03,2024-03-18,,,,,,0,stage1,0,0,0,0
U004917,2024-02-03,Referral,Mobile,West,35-44,2024-02,2024-02-03,2024-02-05,,,,,0,stage2,1,0,0,0
U004918,2024-01-11,Referral,Mobile,South,25-34,2024-01,2024-01-11,2024-01-13,,,,,0,stage2,1,0,0,0
U004919,2024-02-15,Paid_Search,Mobile,South,25-34,2024-02,2024-02-15,,,,,,0,stage1,0,0,0,0
U004920,2024-03-07,Paid_Search,Desktop,South,45-54,2024-03,2024-03-07,,,,,,0,stage1,0,0,0,0
U004921,2024-02-13,Referral,Desktop,East,55+,2024-02,2024-02-13,,,,,,0,stage1,0,0,0,0
U004924,2024-02-03,Social,Desktop,South,25-34,2024-02,2024-02-03,2024-02-03,2024-02-05,2024-02-07,2024-02-11,2024-02-11,1,Converted,1,1,1,1
U004925,2024-03-07,Referral,Mobile,East,18-24,2024-03,2024-03-07,,,,,,0,stage1,0,0,0,0
U004926,2024-01-30,Paid_Search,Mobile,East,45-54,2024-01,2024-01-30,,,,,,0,stage1,0,0,0,0
U004927,2024-03-21,Referral,Mobile,West,45-54,2024-03,2024-03-21,2024-03-21,,,,,0,stage2,1,0,0,0
U004928,2024-02-02,Organic,Mobile,Central,35-44,2024-02,2024-02-02,2024-02-03,2024-02-05,,,,0,stage3,1,1,0,0
U004931,2024-03-13,Organic,Mobile,West,18-24,2024-03,2024-03-13,2024-03-14,,,,,0,stage2,1,0,0,0
U004933,2024-03-08,Organic,Tablet,West,45-54,2024-03,2024-03-08,2024-03-10,2024-03-12,2024-03-13,2024-03-15,,0,stage5,1,1,1,1
U004934,2024-03-21,Organic,Desktop,North,35-44,2024-03,2024-03-21,2024-03-23,2024-03-25,2024-03-25,,,0,stage4,1,1,1,0
U004937,2024-02-28,Social,Desktop,North,18-24,2024-02,2024-02-28,,,,,,0,stage1,0,0,0,0
U004938,2024-02-16,Social,Tablet,South,25-34,2024-02,2024-02-16,2024-02-16,,,,,0,stage2,1,0,0,0
U004940,2024-02-11,Social,Desktop,East,55+,2024-02,2024-02-11,2024-02-13,2024-02-15,,,,0,stage3,1,1,0,0
U004946,2024-03-30,Email,Desktop,West,18-24,2024-03,2024-03-30,2024-03-30,2024-03-31,,,,0,stage3,1,1,0,0
U004947,2024-03-13,Paid_Search,Desktop,South,25-34,2024-03,2024-03-13,2024-03-13,2024-03-14,2024-03-16,2024-03-19,,0,stage5,1,1,1,1
U004950,2024-02-16,Paid_Search,Desktop,Central,35-44,2024-02,2024-02-16,2024-02-17,,,,,0,stage2,1,0,0,0
U004951,2024-01-20,Organic,Mobile,South,35-44,2024-01,2024-01-20,,,,,,0,stage1,0,0,0,0
U004952,2024-03-04,Referral,Tablet,North,18-24,2024-03,2024-03-04,2024-03-05,,,,,0,stage2,1,0,0,0
U004954,2024-01-07,Paid_Search,Desktop,North,18-24,2024-01,2024-01-07,2024-01-08,,,,,0,stage2,1,0,0,0
U004956,2024-02-01,Paid_Search,Mobile,South,25-34,2024-02,2024-02-01,,,,,,0,stage1,0,0,0,0
U004959,2024-01-28,Social,Tablet,East,35-44,2024-01,2024-01-28,2024-01-29,2024-01-30,2024-01-30,2024-01-31,2024-02-01,1,Converted,1,1,1,1
U004963,2024-01-02,Social,Mobile,South,18-24,2024-01,2024-01-02,,,,,,0,stage1,0,0,0,0
U004964,2024-03-25,Organic,Desktop,South,55+,2024-03,2024-03-25,2024-03-25,2024-03-28,,,,0,stage3,1,1,0,0
U004966,2024-03-24,Social,Mobile,East,35-44,2024-03,2024-03-24,,,,,,0,stage1,0,0,0,0
U004968,2024-02-24,Email,Desktop,Central,18-24,2024-02,2024-02-24,,,,,,0,stage1,0,0,0,0
U004969,2024-01-13,Referral,Mobile,West,55+,2024-01,2024-01-13,2024-01-15,,,,,0,stage2,1,0,0,0
U004970,2024-03-13,Email,Mobile,West,25-34,2024-03,2024-03-13,2024-03-14,,,,,0,stage2,1,0,0,0
U004971,2024-01-15,Organic,Desktop,North,25-34,2024-01,2024-01-15,2024-01-17,2024-01-18,2024-01-20,,,0,stage4,1,1,1,0
U004974,2024-01-24,Referral,Desktop,North,18-24,2024-01,2024-01-24,2024-01-25,,,,,0,stage2,1,0,0,0
U004975,2024-03-06,Paid_Search,Desktop,North,35-44,2024-03,2024-03-06,2024-03-06,,,,,0,stage2,1,0,0,0
U004976,2024-03-02,Organic,Mobile,North,55+,2024-03,2024-03-02,2024-03-03,2024-03-04,,,,0,stage3,1,1,0,0
U004977,2024-01-06,Paid_Search,Desktop,Central,35-44,2024-01,2024-01-06,,,,,,0,stage1,0,0,0,0
U004978,2024-02-23,Referral,Mobile,Central,35-44,2024-02,2024-02-23,2024-02-23,,,,,0,stage2,1,0,0,0
U004981,2024-01-31,Email,Desktop,East,35-44,2024-01,2024-01-31,,,,,,0,stage1,0,0,0,0
U004982,2024-03-17,Paid_Search,Desktop,East,25-34,2024-03,2024-03-17,2024-03-18,,,,,0,stage2,1,0,0,0
U004984,2024-03-20,Organic,Mobile,West,25-34,2024-03,2024-03-20,2024-03-22,2024-03-25,,,,0,stage3,1,1,0,0
U004985,2024-02-03,Social,Mobile,East,35-44,2024-02,2024-02-03,2024-02-04,,,,,0,stage2,1,0,0,0
U004988,2024-03-09,Email,Mobile,West,35-44,2024-03,2024-03-09,,,,,,0,stage1,0,0,0,0
U004991,2024-01-24,Referral,Mobile,South,35-44,2024-01,2024-01-24,,,,,,0,stage1,0,0,0,0
U004995,2024-03-28,Referral,Desktop,North,35-44,2024-03,2024-03-28,2024-03-29,2024-04-01,,,,0,stage3,1,1,0,0
U004996,2024-02-27,Paid_Search,Mobile,South,35-44,2024-02,2024-02-27,2024-02-29,,,,,0,stage2,1,0,0,0
U004999,2024-03-17,Referral,Mobile,South,45-54,2024-03,2024-03-17,2024-03-17,2024-03-18,,,,0,stage3,1,1,0,0
U005001,2024-03-17,Organic,Desktop,Central,25-34,2024-03,2024-03-17,,,,,,0,stage1,0,0,0,0
U005002,2024-03-04,Social,Mobile,West,55+,2024-03,2024-03-04,,,,,,0,stage1,0,0,0,0
U005004,2024-01-20,Referral,Desktop,North,18-24,2024-01,2024-01-20,2024-01-20,2024-01-23,2024-01-23,,,0,stage4,1,1,1,0
U005008,2024-01-25,Organic,Mobile,South,35-44,2024-01,2024-01-25,,,,,,0,stage1,0,0,0,0
U005010,2024-03-06,Referral,Mobile,West,35-44,2024-03,2024-03-06,,,,,,0,stage1,0,0,0,0
U005013,2024-01-05,Social,Desktop,North,18-24,2024-01,2024-01-05,,,,,,0,stage1,0,0,0,0
U005014,2024-01-30,Paid_Search,Mobile,East,25-34,2024-01,2024-01-30,,,,,,0,stage1,0,0,0,0
U005016,2024-02-16,Paid_Search,Mobile,West,25-34,2024-02,2024-02-16,,,,,,0,stage1,0,0,0,0
U005018,2024-01-12,Referral,Mobile,North,55+,2024-01,2024-01-12,2024-01-12,,,,,0,stage2,1,0,0,0
U005023,2024-03-08,Organic,Mobile,South,25-34,2024-03,2024-03-08,2024-03-09,2024-03-10,2024-03-10,2024-03-12,2024-03-12,1,Converted,1,1,1,1
U005027,2024-01-30,Social,Mobile,East,45-54,2024-01,2024-01-30,,,,,,0,stage1,0,0,0,0
U005028,2024-01-04,Organic,Mobile,Central,25-34,2024-01,2024-01-04,2024-01-04,,,,,0,stage2,1,0,0,0
U005035,2024-01-23,Referral,Mobile,West,35-44,2024-01,2024-01-23,2024-01-23,2024-01-24,2024-01-24,,,0,stage4,1,1,1,0
U005036,2024-02-18,Organic,Mobile,Central,18-24,2024-02,2024-02-18,2024-02-18,2024-02-19,,,,0,stage3,1,1,0,0
U005038,2024-02-18,Referral,Mobile,East,35-44,2024-02,2024-02-18,2024-02-18,,,,,0,stage2,1,0,0,0
U005039,2024-02-23,Referral,Mobile,North,25-34,2024-02,2024-02-23,,,,,,0,stage1,0,0,0,0
U005043,2024-03-18,Paid_Search,Desktop,East,35-44,2024-03,2024-03-18,2024-03-19,2024-03-20,2024-03-21,2024-03-25,2024-03-25,1,Converted,1,1,1,1
U005044,2024-01-30,Organic,Desktop,Central,18-24,2024-01,2024-01-30,,,,,,0,stage1,0,0,0,0
U005045,2024-02-12,Organic,Desktop,West,55+,2024-02,2024-02-12,2024-02-12,2024-02-15,2024-02-17,2024-02-21,,0,stage5,1,1,1,1
U005048,2024-02-21,Social,Desktop,East,45-54,2024-02,2024-02-21,,,,,,0,stage1,0,0,0,0
U005049,2024-03-16,Organic,Mobile,East,18-24,2024-03,2024-03-16,2024-03-18,2024-03-20,2024-03-20,2024-03-23,2024-03-23,1,Converted,1,1,1,1
U005050,2024-01-27,Referral,Desktop,East,25-34,2024-01,2024-01-27,2024-01-29,2024-02-01,2024-02-02,,,0,stage4,1,1,1,0
U005052,2024-01-10,Social,Desktop,North,18-24,2024-01,2024-01-10,2024-01-11,2024-01-13,,,,0,stage3,1,1,0,0
U005056,2024-01-05,Organic,Tablet,West,18-24,2024-01,2024-01-05,2024-01-06,2024-01-09,,,,0,stage3,1,1,0,0
U005057,2024-03-21,Paid_Search,Mobile,West,25-34,2024-03,2024-03-21,,,,,,0,stage1,0,0,0,0
U005059,2024-01-17,Paid_Search,Mobile,North,25-34,2024-01,2024-01-17,2024-01-18,2024-01-21,,,,0,stage3,1,1,0,0
U005061,2024-01-30,Paid_Search,Mobile,North,35-44,2024-01,2024-01-30,2024-01-31,,,,,0,stage2,1,0,0,0
U005063,2024-02-11,Paid_Search,Mobile,South,18-24,2024-02,2024-02-11,2024-02-12,2024-02-15,,,,0,stage3,1,1,0,0
U005064,2024-02-19,Social,Mobile,South,25-34,2024-02,2024-02-19,,,,,,0,stage1,0,0,0,0
U005069,2024-03-16,Email,Mobile,Central,35-44,2024-03,2024-03-16,,,,,,0,stage1,0,0,0,0
U005073,2024-03-13,Social,Mobile,Central,25-34,2024-03,2024-03-13,,,,,,0,stage1,0,0,0,0
U005075,2024-01-23,Organic,Desktop,North,25-34,2024-01,2024-01-23,,,,,,0,stage1,0,0,0,0
U005077,2024-02-21,Paid_Search,Mobile,West,45-54,2024-02,2024-02-21,2024-02-21,,,,,0,stage2,1,0,0,0
U005079,2024-01-26,Social,Desktop,Central,25-34,2024-01,2024-01-26,2024-01-27,,,,,0,stage2,1,0,0,0
U005082,2024-01-13,Paid_Search,Mobile,East,35-44,2024-01,2024-01-13,,,,,,0,stage1,0,0,0,0
U005083,2024-01-05,Organic,Mobile,North,45-54,2024-01,2024-01-05,2024-01-06,,,,,0,stage2,1,0,0,0
U005084,2024-03-07,Paid_Search,Desktop,East,55+,2024-03,2024-03-07,2024-03-08,,,,,0,stage2,1,0,0,0
U005086,2024-01-17,Paid_Search,Mobile,East,25-34,2024-01,2024-01-17,,,,,,0,stage1,0,0,0,0
U005087,2024-03-27,Social,Mobile,North,55+,2024-03,2024-03-27,2024-03-28,2024-03-29,2024-03-31,2024-04-02,,0,stage5,1,1,1,1
U005088,2024-01-31,Referral,Tablet,South,25-34,2024-01,2024-01-31,,,,,,0,stage1,0,0,0,0
U005091,2024-03-09,Organic,Mobile,Central,25-34,2024-03,2024-03-09,2024-03-09,,,,,0,stage2,1,0,0,0
U005093,2024-01-13,Organic,Desktop,North,45-54,2024-01,2024-01-13,,,,,,0,stage1,0,0,0,0
U005095,2024-01-29,Email,Desktop,East,35-44,2024-01,2024-01-29,,,,,,0,stage1,0,0,0,0
U005096,2024-01-28,Paid_Search,Mobile,Central,25-34,2024-01,2024-01-28,2024-01-30,,,,,0,stage2,1,0,0,0
U005098,2024-01-27,Organic,Mobile,North,35-44,2024-01,2024-01-27,,,,,,0,stage1,0,0,0,0
U005100,2024-02-12,Social,Desktop,Central,35-44,2024-02,2024-02-12,,,,,,0,stage1,0,0,0,0
U005102,2024-03-15,Paid_Search,Desktop,West,45-54,2024-03,2024-03-15,,,,,,0,stage1,0,0,0,0
U005105,2024-01-26,Email,Mobile,Central,45-54,2024-01,2024-01-26,,,,,,0,stage1,0,0,0,0
U005106,2024-02-09,Paid_Search,Mobile,North,55+,2024-02,2024-02-09,,,,,,0,stage1,0,0,0,0
U005108,2024-03-26,Paid_Search,Mobile,Central,18-24,2024-03,2024-03-26,2024-03-26,,,,,0,stage2,1,0,0,0
U005109,2024-02-01,Referral,Desktop,West,18-24,2024-02,2024-02-01,2024-02-01,2024-02-03,2024-02-04,2024-02-05,2024-02-05,1,Converted,1,1,1,1
U005111,2024-03-14,Organic,Desktop,West,25-34,2024-03,2024-03-14,2024-03-16,,,,,0,stage2,1,0,0,0
U005112,2024-02-13,Paid_Search,Mobile,East,35-44,2024-02,2024-02-13,2024-02-13,2024-02-15,2024-02-16,2024-02-20,2024-02-21,1,Converted,1,1,1,1
U005115,2024-02-05,Organic,Mobile,West,25-34,2024-02,2024-02-05,2024-02-06,,,,,0,stage2,1,0,0,0
U005121,2024-02-07,Paid_Search,Desktop,North,35-44,2024-02,2024-02-07,,,,,,0,stage1,0,0,0,0
U005122,2024-01-03,Paid_Search,Mobile,North,45-54,2024-01,2024-01-03,,,,,,0,stage1,0,0,0,0
U005124,2024-03-27,Paid_Search,Tablet,East,35-44,2024-03,2024-03-27,2024-03-28,,,,,0,stage2,1,0,0,0
U005126,2024-01-16,Organic,Mobile,South,35-44,2024-01,2024-01-16,,,,,,0,stage1,0,0,0,0
U005128,2024-01-15,Organic,Desktop,South,35-44,2024-01,2024-01-15,2024-01-17,2024-01-20,2024-01-22,2024-01-25,2024-01-26,1,Converted,1,1,1,1
U005132,2024-03-18,Organic,Mobile,South,18-24,2024-03,2024-03-18,2024-03-20,,,,,0,stage2,1,0,0,0
U005133,2024-03-21,Email,Mobile,South,18-24,2024-03,2024-03-21,2024-03-22,2024-03-23,,,,0,stage3,1,1,0,0
U005134,2024-03-12,Organic,Tablet,East,35-44,2024-03,2024-03-12,2024-03-14,,,,,0,stage2,1,0,0,0
U005136,2024-02-22,Organic,Desktop,South,45-54,2024-02,2024-02-22,2024-02-24,2024-02-27,,,,0,stage3,1,1,0,0
U005139,2024-03-29,Social,Desktop,West,18-24,2024-03,2024-03-29,,,,,,0,stage1,0,0,0,0
U005141,2024-03-18,Paid_Search,Desktop,East,35-44,2024-03,2024-03-18,,,,,,0,stage1,0,0,0,0
U005142,2024-01-22,Organic,Desktop,West,25-34,2024-01,2024-01-22,2024-01-22,2024-01-25,,,,0,stage3,1,1,0,0
U005143,2024-03-26,Paid_Search,Mobile,South,25-34,2024-03,2024-03-26,,,,,,0,stage1,0,0,0,0
U005145,2024-02-02,Referral,Desktop,North,45-54,2024-02,2024-02-02,2024-02-04,,,,,0,stage2,1,0,0,0
U005147,2024-03-13,Organic,Desktop,South,35-44,2024-03,2024-03-13,2024-03-13,,,,,0,stage2,1,0,0,0
U005148,2024-01-24,Organic,Mobile,West,35-44,2024-01,2024-01-24,2024-01-26,2024-01-29,2024-01-30,,,0,stage4,1,1,1,0
U005150,2024-03-28,Organic,Desktop,South,45-54,2024-03,2024-03-28,,,,,,0,stage1,0,0,0,0
U005152,2024-01-06,Organic,Desktop,North,18-24,2024-01,2024-01-06,2024-01-06,2024-01-09,2024-01-11,2024-01-14,2024-01-14,1,Converted,1,1,1,1
U005153,2024-03-18,Email,Desktop,North,55+,2024-03,2024-03-18,2024-03-20,2024-03-22,2024-03-24,2024-03-25,,0,stage5,1,1,1,1
U005154,2024-01-16,Paid_Search,Desktop,South,45-54,2024-01,2024-01-16,,,,,,0,stage1,0,0,0,0
U005156,2024-01-13,Paid_Search,Desktop,North,25-34,2024-01,2024-01-13,2024-01-15,2024-01-16,2024-01-17,,,0,stage4,1,1,1,0
U005157,2024-03-17,Organic,Desktop,North,35-44,2024-03,2024-03-17,,,,,,0,stage1,0,0,0,0
U005159,2024-01-02,Social,Mobile,East,25-34,2024-01,2024-01-02,2024-01-03,,,,,0,stage2,1,0,0,0
U005160,2024-03-27,Paid_Search,Mobile,East,25-34,2024-03,2024-03-27,2024-03-27,,,,,0,stage2,1,0,0,0
U005165,2024-02-29,Email,Mobile,North,18-24,2024-02,2024-02-29,2024-03-01,2024-03-03,2024-03-04,2024-03-06,,0,stage5,1,1,1,1
U005167,2024-03-04,Organic,Mobile,East,18-24,2024-03,2024-03-04,2024-03-04,2024-03-06,,,,0,stage3,1,1,0,0
U005171,2024-01-26,Referral,Mobile,South,35-44,2024-01,2024-01-26,2024-01-26,2024-01-29,,,,0,stage3,1,1,0,0
U005174,2024-01-16,Organic,Mobile,North,18-24,2024-01,2024-01-16,,,,,,0,stage1,0,0,0,0
U005178,2024-01-20,Referral,Desktop,East,35-44,2024-01,2024-01-20,2024-01-21,,,,,0,stage2,1,0,0,0
U005185,2024-02-06,Email,Desktop,North,25-34,2024-02,2024-02-06,2024-02-08,2024-02-09,,,,0,stage3,1,1,0,0
U005187,2024-02-03,Social,Desktop,South,18-24,2024-02,2024-02-03,,,,,,0,stage1,0,0,0,0
U005190,2024-02-24,Organic,Desktop,North,35-44,2024-02,2024-02-24,2024-02-25,,,,,0,stage2,1,0,0,0
U005192,2024-01-31,Email,Mobile,South,18-24,2024-01,2024-01-31,2024-02-02,,,,,0,stage2,1,0,0,0
U005194,2024-01-29,Organic,Mobile,West,35-44,2024-01,2024-01-29,,,,,,0,stage1,0,0,0,0
U005195,2024-01-31,Paid_Search,Mobile,East,55+,2024-01,2024-01-31,,,,,,0,stage1,0,0,0,0
U005197,2024-01-11,Paid_Search,Desktop,West,18-24,2024-01,2024-01-11,,,,,,0,stage1,0,0,0,0
U005199,2024-01-31,Social,Mobile,East,35-44,2024-01,2024-01-31,2024-02-01,,,,,0,stage2,1,0,0,0
U005200,2024-03-19,Social,Mobile,Central,18-24,2024-03,2024-03-19,,,,,,0,stage1,0,0,0,0
U005202,2024-01-08,Organic,Desktop,Central,55+,2024-01,2024-01-08,2024-01-08,,,,,0,stage2,1,0,0,0
U005203,2024-02-06,Organic,Desktop,West,18-24,2024-02,2024-02-06,2024-02-08,2024-02-10,2024-02-10,,,0,stage4,1,1,1,0
U005204,2024-03-19,Paid_Search,Tablet,East,55+,2024-03,2024-03-19,,,,,,0,stage1,0,0,0,0
U005205,2024-03-13,Social,Mobile,East,18-24,2024-03,2024-03-13,2024-03-13,,,,,0,stage2,1,0,0,0
U005206,2024-02-16,Referral,Mobile,East,35-44,2024-02,2024-02-16,2024-02-18,2024-02-20,,,,0,stage3,1,1,0,0
U005207,2024-01-01,Organic,Desktop,East,45-54,2024-01,2024-01-01,2024-01-01,,,,,0,stage2,1,0,0,0
U005209,2024-03-30,Organic,Mobile,South,18-24,2024-03,2024-03-30,2024-03-30,,,,,0,stage2,1,0,0,0
U005210,2024-01-12,Email,Tablet,West,18-24,2024-01,2024-01-12,2024-01-13,2024-01-15,,,,0,stage3,1,1,0,0
U005215,2024-02-05,Referral,Mobile,North,18-24,2024-02,2024-02-05,2024-02-07,,,,,0,stage2,1,0,0,0
U005219,2024-02-08,Referral,Mobile,Central,18-24,2024-02,2024-02-08,2024-02-10,2024-02-12,2024-02-12,2024-02-16,2024-02-17,1,Converted,1,1,1,1
U005220,2024-02-29,Paid_Search,Mobile,North,35-44,2024-02,2024-02-29,2024-03-01,2024-03-03,,,,0,stage3,1,1,0,0
U005222,2024-01-12,Email,Mobile,East,25-34,2024-01,2024-01-12,,,,,,0,stage1,0,0,0,0
U005226,2024-02-12,Referral,Desktop,Central,35-44,2024-02,2024-02-12,2024-02-14,,,,,0,stage2,1,0,0,0
U005227,2024-01-07,Referral,Mobile,East,35-44,2024-01,2024-01-07,2024-01-09,,,,,0,stage2,1,0,0,0
U005229,2024-03-20,Paid_Search,Mobile,West,25-34,2024-03,2024-03-20,,,,,,0,stage1,0,0,0,0
U005231,2024-02-01,Social,Mobile,North,18-24,2024-02,2024-02-01,2024-02-03,,,,,0,stage2,1,0,0,0
U005236,2024-01-05,Organic,Desktop,Central,55+,2024-01,2024-01-05,2024-01-06,,,,,0,stage2,1,0,0,0
U005237,2024-02-22,Email,Mobile,East,18-24,2024-02,2024-02-22,2024-02-22,,,,,0,stage2,1,0,0,0
U005241,2024-03-23,Organic,Desktop,Central,25-34,2024-03,2024-03-23,2024-03-24,,,,,0,stage2,1,0,0,0
U005243,2024-01-12,Organic,Mobile,Central,18-24,2024-01,2024-01-12,,,,,,0,stage1,0,0,0,0
U005245,2024-01-07,Organic,Mobile,West,35-44,2024-01,2024-01-07,2024-01-09,,,,,0,stage2,1,0,0,0
U005246,2024-03-22,Social,Desktop,South,18-24,2024-03,2024-03-22,,,,,,0,stage1,0,0,0,0
U005248,2024-03-06,Paid_Search,Mobile,East,45-54,2024-03,2024-03-06,2024-03-06,,,,,0,stage2,1,0,0,0
U005249,2024-01-30,Referral,Desktop,West,35-44,2024-01,2024-01-30,2024-01-30,2024-02-02,,,,0,stage3,1,1,0,0
U005250,2024-02-13,Organic,Desktop,West,25-34,2024-02,2024-02-13,2024-02-14,2024-02-15,2024-02-15,2024-02-18,,0,stage5,1,1,1,1
U005251,2024-01-23,Paid_Search,Desktop,North,18-24,2024-01,2024-01-23,2024-01-23,,,,,0,stage2,1,0,0,0
U005252,2024-03-19,Paid_Search,Mobile,West,18-24,2024-03,2024-03-19,2024-03-20,2024-03-23,2024-03-23,,,0,stage4,1,1,1,0
U005253,2024-01-16,Paid_Search,Mobile,Central,45-54,2024-01,2024-01-16,,,,,,0,stage1,0,0,0,0
U005255,2024-03-24,Referral,Mobile,West,45-54,2024-03,2024-03-24,,,,,,0,stage1,0,0,0,0
U005256,2024-02-16,Organic,Mobile,South,35-44,2024-02,2024-02-16,2024-02-16,2024-02-19,2024-02-19,2024-02-22,2024-02-23,1,Converted,1,1,1,1
U005257,2024-01-26,Social,Mobile,East,18-24,2024-01,2024-01-26,2024-01-27,,,,,0,stage2,1,0,0,0
U005258,2024-02-06,Referral,Desktop,East,45-54,2024-02,2024-02-06,2024-02-07,2024-02-09,2024-02-10,,,0,stage4,1,1,1,0
U005260,2024-03-02,Referral,Mobile,South,45-54,2024-03,2024-03-02,2024-03-04,,,,,0,stage2,1,0,0,0
U005262,2024-01-30,Social,Mobile,South,45-54,2024-01,2024-01-30,2024-01-31,,,,,0,stage2,1,0,0,0
U005263,2024-01-16,Referral,Desktop,West,35-44,2024-01,2024-01-16,,,,,,0,stage1,0,0,0,0
U005264,2024-03-22,Paid_Search,Desktop,North,25-34,2024-03,2024-03-22,2024-03-23,,,,,0,stage2,1,0,0,0
U005266,2024-01-17,Referral,Mobile,Central,35-44,2024-01,2024-01-17,2024-01-18,2024-01-19,,,,0,stage3,1,1,0,0
U005268,2024-02-29,Paid_Search,Mobile,North,55+,2024-02,2024-02-29,,,,,,0,stage1,0,0,0,0
U005269,2024-01-05,Email,Desktop,North,25-34,2024-01,2024-01-05,2024-01-06,,,,,0,stage2,1,0,0,0
U005272,2024-03-04,Social,Mobile,Central,35-44,2024-03,2024-03-04,,,,,,0,stage1,0,0,0,0
U005275,2024-01-22,Social,Mobile,South,45-54,2024-01,2024-01-22,,,,,,0,stage1,0,0,0,0
U005282,2024-01-01,Organic,Mobile,Central,45-54,2024-01,2024-01-01,,,,,,0,stage1,0,0,0,0
U005285,2024-02-12,Referral,Desktop,East,35-44,2024-02,2024-02-12,2024-02-12,2024-02-13,,,,0,stage3,1,1,0,0
U005289,2024-03-30,Referral,Desktop,East,45-54,2024-03,2024-03-30,2024-04-01,2024-04-02,,,,0,stage3,1,1,0,0
U005292,2024-01-18,Organic,Mobile,East,25-34,2024-01,2024-01-18,,,,,,0,stage1,0,0,0,0
U005293,2024-03-17,Paid_Search,Desktop,Central,18-24,2024-03,2024-03-17,2024-03-17,,,,,0,stage2,1,0,0,0
U005298,2024-03-22,Paid_Search,Desktop,South,25-34,2024-03,2024-03-22,,,,,,0,stage1,0,0,0,0
U005300,2024-03-07,Paid_Search,Mobile,West,35-44,2024-03,2024-03-07,2024-03-09,,,,,0,stage2,1,0,0,0
U005302,2024-03-23,Organic,Desktop,West,25-34,2024-03,2024-03-23,2024-03-24,,,,,0,stage2,1,0,0,0
U005303,2024-02-23,Organic,Mobile,East,18-24,2024-02,2024-02-23,2024-02-24,2024-02-27,2024-02-28,2024-02-29,,0,stage5,1,1,1,1
U005307,2024-01-02,Organic,Mobile,West,18-24,2024-01,2024-01-02,,,,,,0,stage1,0,0,0,0
U005308,2024-01-03,Organic,Mobile,North,55+,2024-01,2024-01-03,2024-01-05,2024-01-06,,,,0,stage3,1,1,0,0
U005316,2024-02-01,Paid_Search,Tablet,Central,55+,2024-02,2024-02-01,,,,,,0,stage1,0,0,0,0
U005317,2024-03-31,Social,Desktop,West,18-24,2024-03,2024-03-31,2024-04-01,2024-04-04,2024-04-05,2024-04-09,,0,stage5,1,1,1,1
U005318,2024-02-15,Referral,Mobile,West,25-34,2024-02,2024-02-15,2024-02-17,,,,,0,stage2,1,0,0,0
U005319,2024-01-03,Paid_Search,Desktop,South,35-44,2024-01,2024-01-03,,,,,,0,stage1,0,0,0,0
U005320,2024-02-01,Organic,Tablet,North,35-44,2024-02,2024-02-01,,,,,,0,stage1,0,0,0,0
U005323,2024-02-26,Paid_Search,Mobile,South,35-44,2024-02,2024-02-26,2024-02-28,,,,,0,stage2,1,0,0,0
U005324,2024-01-06,Referral,Desktop,North,45-54,2024-01,2024-01-06,2024-01-07,2024-01-10,2024-01-12,2024-01-15,2024-01-15,1,Converted,1,1,1,1
U005325,2024-01-24,Organic,Mobile,North,55+,2024-01,2024-01-24,,,,,,0,stage1,0,0,0,0
U005327,2024-03-18,Organic,Mobile,North,25-34,2024-03,2024-03-18,2024-03-20,2024-03-21,,,,0,stage3,1,1,0,0
U005328,2024-02-29,Paid_Search,Desktop,West,35-44,2024-02,2024-02-29,2024-03-01,,,,,0,stage2,1,0,0,0
U005332,2024-02-20,Referral,Mobile,North,25-34,2024-02,2024-02-20,2024-02-22,2024-02-24,,,,0,stage3,1,1,0,0
U005333,2024-01-29,Paid_Search,Desktop,North,45-54,2024-01,2024-01-29,2024-01-30,2024-02-02,,,,0,stage3,1,1,0,0
U005337,2024-02-02,Paid_Search,Tablet,West,35-44,2024-02,2024-02-02,2024-02-04,,,,,0,stage2,1,0,0,0
U005338,2024-01-17,Organic,Mobile,North,18-24,2024-01,2024-01-17,2024-01-17,,,,,0,stage2,1,0,0,0
U005339,2024-03-07,Referral,Mobile,West,35-44,2024-03,2024-03-07,2024-03-09,2024-03-10,,,,0,stage3,1,1,0,0
U005341,2024-03-11,Organic,Mobile,West,35-44,2024-03,2024-03-11,2024-03-11,,,,,0,stage2,1,0,0,0
U005343,2024-01-06,Paid_Search,Mobile,West,45-54,2024-01,2024-01-06,2024-01-08,2024-01-11,2024-01-13,,,0,stage4,1,1,1,0
U005347,2024-01-01,Organic,Desktop,South,18-24,2024-01,2024-01-01,2024-01-02,2024-01-05,2024-01-07,2024-01-08,2024-01-09,1,Converted,1,1,1,1
U005351,2024-02-27,Paid_Search,Desktop,North,55+,2024-02,2024-02-27,2024-02-27,2024-02-29,,,,0,stage3,1,1,0,0
U005353,2024-02-19,Referral,Desktop,South,45-54,2024-02,2024-02-19,2024-02-20,,,,,0,stage2,1,0,0,0
U005354,2024-01-21,Organic,Desktop,East,25-34,2024-01,2024-01-21,2024-01-23,2024-01-24,2024-01-26,2024-01-28,,0,stage5,1,1,1,1
U005356,2024-01-20,Paid_Search,Mobile,South,25-34,2024-01,2024-01-20,,,,,,0,stage1,0,0,0,0
U005357,2024-03-04,Organic,Tablet,South,35-44,2024-03,2024-03-04,2024-03-04,,,,,0,stage2,1,0,0,0
U005358,2024-02-12,Social,Mobile,Central,25-34,2024-02,2024-02-12,,,,,,0,stage1,0,0,0,0
U005359,2024-03-25,Social,Desktop,Central,45-54,2024-03,2024-03-25,,,,,,0,stage1,0,0,0,0
U005360,2024-03-20,Organic,Mobile,West,35-44,2024-03,2024-03-20,2024-03-20,2024-03-23,,,,0,stage3,1,1,0,0
U005362,2024-01-08,Email,Mobile,East,35-44,2024-01,2024-01-08,2024-01-09,,,,,0,stage2,1,0,0,0
U005364,2024-03-04,Organic,Desktop,West,18-24,2024-03,2024-03-04,2024-03-04,2024-03-06,2024-03-06,2024-03-09,2024-03-09,1,Converted,1,1,1,1
U005365,2024-03-26,Organic,Mobile,North,18-24,2024-03,2024-03-26,,,,,,0,stage1,0,0,0,0
U005367,2024-01-19,Social,Mobile,South,45-54,2024-01,2024-01-19,2024-01-21,2024-01-24,2024-01-25,2024-01-26,2024-01-28,1,Converted,1,1,1,1
U005369,2024-02-01,Organic,Mobile,South,18-24,2024-02,2024-02-01,,,,,,0,stage1,0,0,0,0
U005370,2024-01-22,Referral,Mobile,West,25-34,2024-01,2024-01-22,2024-01-22,2024-01-23,,,,0,stage3,1,1,0,0
U005372,2024-03-21,Social,Desktop,West,55+,2024-03,2024-03-21,2024-03-23,2024-03-24,,,,0,stage3,1,1,0,0
U005373,2024-02-02,Paid_Search,Mobile,North,18-24,2024-02,2024-02-02,2024-02-02,,,,,0,stage2,1,0,0,0
U005377,2024-01-17,Social,Mobile,West,25-34,2024-01,2024-01-17,2024-01-17,,,,,0,stage2,1,0,0,0
U005379,2024-01-14,Organic,Desktop,North,18-24,2024-01,2024-01-14,2024-01-15,2024-01-17,,,,0,stage3,1,1,0,0
U005383,2024-03-27,Social,Mobile,North,18-24,2024-03,2024-03-27,,,,,,0,stage1,0,0,0,0
U005385,2024-01-07,Paid_Search,Desktop,South,25-34,2024-01,2024-01-07,2024-01-08,,,,,0,stage2,1,0,0,0
U005388,2024-01-27,Referral,Mobile,West,25-34,2024-01,2024-01-27,,,,,,0,stage1,0,0,0,0
U005389,2024-01-04,Email,Desktop,West,18-24,2024-01,2024-01-04,2024-01-06,,,,,0,stage2,1,0,0,0
U005390,2024-01-18,Paid_Search,Desktop,Central,18-24,2024-01,2024-01-18,2024-01-20,,,,,0,stage2,1,0,0,0
U005391,2024-02-19,Social,Desktop,West,45-54,2024-02,2024-02-19,,,,,,0,stage1,0,0,0,0
U005397,2024-02-02,Email,Desktop,West,18-24,2024-02,2024-02-02,2024-02-03,,,,,0,stage2,1,0,0,0
U005402,2024-02-07,Referral,Mobile,North,25-34,2024-02,2024-02-07,2024-02-07,2024-02-09,,,,0,stage3,1,1,0,0
U005403,2024-03-20,Organic,Mobile,South,55+,2024-03,2024-03-20,,,,,,0,stage1,0,0,0,0
U005406,2024-03-01,Social,Mobile,South,25-34,2024-03,2024-03-01,2024-03-03,2024-03-06,2024-03-06,,,0,stage4,1,1,1,0
U005408,2024-03-29,Organic,Mobile,North,25-34,2024-03,2024-03-29,2024-03-29,,,,,0,stage2,1,0,0,0
U005409,2024-02-21,Social,Mobile,East,35-44,2024-02,2024-02-21,,,,,,0,stage1,0,0,0,0
U005411,2024-03-28,Social,Mobile,Central,25-34,2024-03,2024-03-28,2024-03-28,2024-03-31,,,,0,stage3,1,1,0,0
U005416,2024-03-17,Organic,Desktop,South,25-34,2024-03,2024-03-17,2024-03-18,,,,,0,stage2,1,0,0,0
U005417,2024-03-25,Paid_Search,Mobile,North,25-34,2024-03,2024-03-25,2024-03-25,,,,,0,stage2,1,0,0,0
U005418,2024-01-27,Paid_Search,Desktop,Central,35-44,2024-01,2024-01-27,,,,,,0,stage1,0,0,0,0
U005420,2024-01-11,Paid_Search,Mobile,Central,35-44,2024-01,2024-01-11,2024-01-12,,,,,0,stage2,1,0,0,0
U005421,2024-02-26,Paid_Search,Mobile,East,35-44,2024-02,2024-02-26,,,,,,0,stage1,0,0,0,0
U005422,2024-01-01,Paid_Search,Desktop,South,35-44,2024-01,2024-01-01,2024-01-03,2024-01-04,,,,0,stage3,1,1,0,0
U005425,2024-03-02,Paid_Search,Mobile,South,35-44,2024-03,2024-03-02,,,,,,0,stage1,0,0,0,0
U005427,2024-03-25,Email,Mobile,East,45-54,2024-03,2024-03-25,2024-03-27,2024-03-29,,,,0,stage3,1,1,0,0
U005428,2024-02-22,Social,Mobile,South,25-34,2024-02,2024-02-22,,,,,,0,stage1,0,0,0,0
U005431,2024-01-08,Referral,Mobile,South,18-24,2024-01,2024-01-08,2024-01-10,,,,,0,stage2,1,0,0,0
U005432,2024-01-30,Organic,Mobile,South,35-44,2024-01,2024-01-30,,,,,,0,stage1,0,0,0,0
U005433,2024-02-06,Paid_Search,Desktop,Central,18-24,2024-02,2024-02-06,,,,,,0,stage1,0,0,0,0
U005434,2024-03-15,Paid_Search,Mobile,East,25-34,2024-03,2024-03-15,,,,,,0,stage1,0,0,0,0
U005436,2024-02-19,Organic,Desktop,Central,25-34,2024-02,2024-02-19,,,,,,0,stage1,0,0,0,0
U005439,2024-01-12,Organic,Desktop,Central,35-44,2024-01,2024-01-12,2024-01-12,2024-01-13,,,,0,stage3,1,1,0,0
U005440,2024-02-20,Organic,Mobile,East,25-34,2024-02,2024-02-20,2024-02-21,,,,,0,stage2,1,0,0,0
U005441,2024-02-14,Paid_Search,Mobile,East,25-34,2024-02,2024-02-14,,,,,,0,stage1,0,0,0,0
U005442,2024-02-26,Organic,Desktop,East,25-34,2024-02,2024-02-26,2024-02-27,2024-03-01,,,,0,stage3,1,1,0,0
U005443,2024-02-14,Paid_Search,Desktop,Central,35-44,2024-02,2024-02-14,2024-02-15,2024-02-18,,,,0,stage3,1,1,0,0
U005444,2024-03-03,Referral,Desktop,East,45-54,2024-03,2024-03-03,2024-03-03,2024-03-04,,,,0,stage3,1,1,0,0
U005445,2024-01-06,Paid_Search,Mobile,West,18-24,2024-01,2024-01-06,2024-01-06,2024-01-08,2024-01-08,2024-01-09,,0,stage5,1,1,1,1
U005447,2024-02-23,Organic,Desktop,North,55+,2024-02,2024-02-23,2024-02-24,2024-02-26,,,,0,stage3,1,1,0,0
U005448,2024-03-02,Paid_Search,Mobile,South,35-44,2024-03,2024-03-02,2024-03-03,2024-03-05,2024-03-07,,,0,stage4,1,1,1,0
U005449,2024-02-13,Organic,Mobile,East,45-54,2024-02,2024-02-13,2024-02-15,2024-02-18,,,,0,stage3,1,1,0,0
U005451,2024-02-06,Email,Mobile,West,45-54,2024-02,2024-02-06,2024-02-06,2024-02-07,2024-02-07,2024-02-11,,0,stage5,1,1,1,1
U005456,2024-03-03,Organic,Desktop,South,18-24,2024-03,2024-03-03,2024-03-03,,,,,0,stage2,1,0,0,0
U005458,2024-02-18,Organic,Mobile,North,25-34,2024-02,2024-02-18,2024-02-20,2024-02-22,2024-02-22,2024-02-25,2024-02-25,1,Converted,1,1,1,1
U005459,2024-01-14,Referral,Desktop,West,18-24,2024-01,2024-01-14,2024-01-16,2024-01-18,,,,0,stage3,1,1,0,0
U005460,2024-02-02,Paid_Search,Mobile,West,18-24,2024-02,2024-02-02,,,,,,0,stage1,0,0,0,0
U005462,2024-01-21,Email,Mobile,East,35-44,2024-01,2024-01-21,2024-01-22,2024-01-25,,,,0,stage3,1,1,0,0
U005465,2024-03-23,Organic,Mobile,West,18-24,2024-03,2024-03-23,2024-03-25,2024-03-27,,,,0,stage3,1,1,0,0
U005469,2024-02-26,Paid_Search,Mobile,Central,45-54,2024-02,2024-02-26,2024-02-26,2024-02-28,,,,0,stage3,1,1,0,0
U005470,2024-03-01,Social,Mobile,East,35-44,2024-03,2024-03-01,2024-03-02,,,,,0,stage2,1,0,0,0
U005471,2024-02-25,Paid_Search,Desktop,East,25-34,2024-02,2024-02-25,2024-02-26,,,,,0,stage2,1,0,0,0
U005474,2024-02-10,Paid_Search,Mobile,North,35-44,2024-02,2024-02-10,2024-02-11,,,,,0,stage2,1,0,0,0
U005475,2024-03-06,Paid_Search,Mobile,North,35-44,2024-03,2024-03-06,2024-03-08,,,,,0,stage2,1,0,0,0
U005476,2024-01-22,Referral,Mobile,South,55+,2024-01,2024-01-22,2024-01-22,2024-01-23,,,,0,stage3,1,1,0,0
U005477,2024-03-16,Referral,Mobile,North,45-54,2024-03,2024-03-16,2024-03-17,2024-03-20,2024-03-21,2024-03-23,,0,stage5,1,1,1,1
U005481,2024-03-10,Referral,Mobile,West,25-34,2024-03,2024-03-10,2024-03-11,2024-03-12,2024-03-12,2024-03-16,,0,stage5,1,1,1,1
U005482,2024-02-29,Organic,Mobile,North,35-44,2024-02,2024-02-29,,,,,,0,stage1,0,0,0,0
U005483,2024-03-08,Organic,Mobile,East,35-44,2024-03,2024-03-08,2024-03-10,2024-03-11,2024-03-12,2024-03-13,,0,stage5,1,1,1,1
U005484,2024-03-16,Organic,Mobile,West,45-54,2024-03,2024-03-16,2024-03-18,,,,,0,stage2,1,0,0,0
U005486,2024-03-11,Paid_Search,Mobile,East,35-44,2024-03,2024-03-11,,,,,,0,stage1,0,0,0,0
U005487,2024-02-28,Paid_Search,Desktop,South,35-44,2024-02,2024-02-28,2024-02-28,2024-02-29,,,,0,stage3,1,1,0,0
U005488,2024-01-19,Social,Desktop,Central,18-24,2024-01,2024-01-19,2024-01-20,2024-01-21,,,,0,stage3,1,1,0,0
U005490,2024-02-21,Paid_Search,Desktop,Central,25-34,2024-02,2024-02-21,,,,,,0,stage1,0,0,0,0
U005491,2024-03-26,Paid_Search,Mobile,East,18-24,2024-03,2024-03-26,2024-03-26,,,,,0,stage2,1,0,0,0
U005493,2024-02-18,Organic,Mobile,Central,45-54,2024-02,2024-02-18,2024-02-20,2024-02-23,,,,0,stage3,1,1,0,0
U005494,2024-02-05,Referral,Desktop,East,18-24,2024-02,2024-02-05,2024-02-07,,,,,0,stage2,1,0,0,0
U005496,2024-03-17,Paid_Search,Mobile,East,35-44,2024-03,2024-03-17,2024-03-18,,,,,0,stage2,1,0,0,0
U005497,2024-03-29,Organic,Desktop,North,25-34,2024-03,2024-03-29,,,,,,0,stage1,0,0,0,0
U005501,2024-02-23,Paid_Search,Desktop,West,35-44,2024-02,2024-02-23,2024-02-24,2024-02-25,,,,0,stage3,1,1,0,0
U005506,2024-01-22,Social,Desktop,East,18-24,2024-01,2024-01-22,2024-01-23,,,,,0,stage2,1,0,0,0
U005507,2024-02-18,Paid_Search,Desktop,East,35-44,2024-02,2024-02-18,2024-02-19,2024-02-22,,,,0,stage3,1,1,0,0
U005509,2024-02-23,Paid_Search,Desktop,North,25-34,2024-02,2024-02-23,,,,,,0,stage1,0,0,0,0
U005512,2024-01-08,Social,Desktop,East,35-44,2024-01,2024-01-08,2024-01-09,,,,,0,stage2,1,0,0,0
U005513,2024-02-05,Paid_Search,Desktop,West,25-34,2024-02,2024-02-05,,,,,,0,stage1,0,0,0,0
U005515,2024-02-02,Social,Desktop,North,18-24,2024-02,2024-02-02,2024-02-03,,,,,0,stage2,1,0,0,0
U005516,2024-01-03,Email,Mobile,West,35-44,2024-01,2024-01-03,2024-01-04,,,,,0,stage2,1,0,0,0
U005518,2024-02-27,Paid_Search,Desktop,East,25-34,2024-02,2024-02-27,,,,,,0,stage1,0,0,0,0
U005522,2024-03-24,Social,Mobile,West,25-34,2024-03,2024-03-24,,,,,,0,stage1,0,0,0,0
U005525,2024-01-09,Organic,Desktop,Central,18-24,2024-01,2024-01-09,,,,,,0,stage1,0,0,0,0
U005526,2024-02-05,Social,Mobile,South,25-34,2024-02,2024-02-05,,,,,,0,stage1,0,0,0,0
U005527,2024-02-09,Organic,Desktop,North,25-34,2024-02,2024-02-09,,,,,,0,stage1,0,0,0,0
U005528,2024-03-25,Paid_Search,Tablet,East,35-44,2024-03,2024-03-25,2024-03-27,,,,,0,stage2,1,0,0,0
U005531,2024-01-17,Paid_Search,Mobile,East,55+,2024-01,2024-01-17,,,,,,0,stage1,0,0,0,0
U005534,2024-01-28,Organic,Desktop,South,35-44,2024-01,2024-01-28,2024-01-29,,,,,0,stage2,1,0,0,0
U005536,2024-03-18,Paid_Search,Mobile,West,25-34,2024-03,2024-03-18,2024-03-18,,,,,0,stage2,1,0,0,0
U005537,2024-02-13,Social,Mobile,North,25-34,2024-02,2024-02-13,2024-02-13,2024-02-16,,,,0,stage3,1,1,0,0
U005539,2024-01-09,Social,Mobile,North,35-44,2024-01,2024-01-09,2024-01-11,2024-01-14,2024-01-15,,,0,stage4,1,1,1,0
U005540,2024-01-07,Paid_Search,Tablet,South,25-34,2024-01,2024-01-07,,,,,,0,stage1,0,0,0,0
U005541,2024-02-17,Organic,Mobile,East,25-34,2024-02,2024-02-17,,,,,,0,stage1,0,0,0,0
U005542,2024-02-20,Organic,Desktop,West,25-34,2024-02,2024-02-20,2024-02-20,2024-02-22,2024-02-23,2024-02-25,2024-02-25,1,Converted,1,1,1,1
U005543,2024-03-15,Email,Mobile,South,18-24,2024-03,2024-03-15,2024-03-17,,,,,0,stage2,1,0,0,0
U005545,2024-01-18,Social,Desktop,East,25-34,2024-01,2024-01-18,2024-01-19,,,,,0,stage2,1,0,0,0
U005546,2024-01-15,Social,Desktop,Central,25-34,2024-01,2024-01-15,,,,,,0,stage1,0,0,0,0
U005548,2024-01-03,Organic,Mobile,East,25-34,2024-01,2024-01-03,,,,,,0,stage1,0,0,0,0
U005549,2024-02-13,Referral,Desktop,South,35-44,2024-02,2024-02-13,,,,,,0,stage1,0,0,0,0
U005550,2024-03-24,Email,Tablet,West,18-24,2024-03,2024-03-24,2024-03-25,,,,,0,stage2,1,0,0,0
U005555,2024-02-22,Organic,Desktop,West,25-34,2024-02,2024-02-22,,,,,,0,stage1,0,0,0,0
U005556,2024-03-20,Paid_Search,Mobile,West,35-44,2024-03,2024-03-20,2024-03-21,2024-03-24,,,,0,stage3,1,1,0,0
U005558,2024-02-21,Paid_Search,Mobile,West,25-34,2024-02,2024-02-21,,,,,,0,stage1,0,0,0,0
U005562,2024-01-17,Organic,Desktop,North,25-34,2024-01,2024-01-17,,,,,,0,stage1,0,0,0,0
U005564,2024-03-04,Organic,Desktop,North,35-44,2024-03,2024-03-04,2024-03-06,2024-03-08,,,,0,stage3,1,1,0,0
U005566,2024-01-24,Paid_Search,Mobile,South,25-34,2024-01,2024-01-24,2024-01-25,,,,,0,stage2,1,0,0,0
U005569,2024-03-17,Organic,Desktop,East,25-34,2024-03,2024-03-17,2024-03-18,2024-03-21,2024-03-21,2024-03-25,2024-03-25,1,Converted,1,1,1,1
U005570,2024-02-15,Referral,Desktop,East,35-44,2024-02,2024-02-15,2024-02-17,2024-02-20,2024-02-21,,,0,stage4,1,1,1,0
U005572,2024-02-16,Paid_Search,Mobile,North,35-44,2024-02,2024-02-16,,,,,,0,stage1,0,0,0,0
U005574,2024-01-25,Paid_Search,Tablet,North,45-54,2024-01,2024-01-25,,,,,,0,stage1,0,0,0,0
U005577,2024-02-10,Social,Tablet,South,18-24,2024-02,2024-02-10,2024-02-11,,,,,0,stage2,1,0,0,0
U005581,2024-02-01,Social,Mobile,East,35-44,2024-02,2024-02-01,2024-02-02,,,,,0,stage2,1,0,0,0
U005582,2024-01-20,Paid_Search,Mobile,North,45-54,2024-01,2024-01-20,2024-01-20,2024-01-23,,,,0,stage3,1,1,0,0
U005583,2024-03-24,Referral,Mobile,Central,35-44,2024-03,2024-03-24,2024-03-25,2024-03-27,,,,0,stage3,1,1,0,0
U005584,2024-02-12,Organic,Mobile,West,35-44,2024-02,2024-02-12,2024-02-13,,,,,0,stage2,1,0,0,0
U005585,2024-02-23,Organic,Mobile,East,45-54,2024-02,2024-02-23,,,,,,0,stage1,0,0,0,0
U005587,2024-01-07,Organic,Mobile,South,35-44,2024-01,2024-01-07,,,,,,0,stage1,0,0,0,0
U005588,2024-01-19,Social,Mobile,East,18-24,2024-01,2024-01-19,2024-01-21,,,,,0,stage2,1,0,0,0
U005592,2024-02-19,Email,Mobile,East,45-54,2024-02,2024-02-19,2024-02-20,2024-02-21,2024-02-21,,,0,stage4,1,1,1,0
U005593,2024-03-05,Organic,Mobile,East,45-54,2024-03,2024-03-05,,,,,,0,stage1,0,0,0,0
U005594,2024-01-30,Paid_Search,Tablet,North,18-24,2024-01,2024-01-30,,,,,,0,stage1,0,0,0,0
U005596,2024-02-04,Social,Desktop,Central,35-44,2024-02,2024-02-04,,,,,,0,stage1,0,0,0,0
U005597,2024-03-24,Social,Mobile,North,25-34,2024-03,2024-03-24,,,,,,0,stage1,0,0,0,0
U005600,2024-01-18,Paid_Search,Tablet,South,25-34,2024-01,2024-01-18,2024-01-18,2024-01-21,,,,0,stage3,1,1,0,0
U005604,2024-03-12,Paid_Search,Desktop,Central,25-34,2024-03,2024-03-12,2024-03-12,,,,,0,stage2,1,0,0,0
U005605,2024-02-13,Organic,Mobile,South,55+,2024-02,2024-02-13,2024-02-13,2024-02-16,,,,0,stage3,1,1,0,0
U005606,2024-01-26,Email,Desktop,East,25-34,2024-01,2024-01-26,2024-01-26,2024-01-28,,,,0,stage3,1,1,0,0
U005607,2024-02-01,Paid_Search,Desktop,South,25-34,2024-02,2024-02-01,2024-02-03,,,,,0,stage2,1,0,0,0
U005609,2024-01-03,Paid_Search,Mobile,North,18-24,2024-01,2024-01-03,2024-01-05,,,,,0,stage2,1,0,0,0
U005610,2024-03-10,Referral,Mobile,West,25-34,2024-03,2024-03-10,2024-03-10,,,,,0,stage2,1,0,0,0
U005612,2024-02-15,Referral,Desktop,North,25-34,2024-02,2024-02-15,2024-02-15,2024-02-18,2024-02-18,2024-02-20,2024-02-21,1,Converted,1,1,1,1
U005614,2024-01-13,Paid_Search,Mobile,South,35-44,2024-01,2024-01-13,2024-01-15,2024-01-18,2024-01-20,2024-01-21,2024-01-22,1,Converted,1,1,1,1
U005616,2024-03-19,Organic,Desktop,North,25-34,2024-03,2024-03-19,2024-03-20,,,,,0,stage2,1,0,0,0
U005617,2024-01-14,Referral,Mobile,East,25-34,2024-01,2024-01-14,2024-01-16,2024-01-17,,,,0,stage3,1,1,0,0
U005618,2024-01-13,Organic,Desktop,East,18-24,2024-01,2024-01-13,,,,,,0,stage1,0,0,0,0
U005620,2024-03-04,Organic,Mobile,Central,55+,2024-03,2024-03-04,2024-03-05,,,,,0,stage2,1,0,0,0
U005621,2024-03-02,Organic,Desktop,Central,18-24,2024-03,2024-03-02,2024-03-02,2024-03-03,2024-03-03,2024-03-07,2024-03-07,1,Converted,1,1,1,1
U005622,2024-01-04,Organic,Mobile,West,25-34,2024-01,2024-01-04,2024-01-05,2024-01-06,,,,0,stage3,1,1,0,0
U005624,2024-01-17,Organic,Mobile,Central,18-24,2024-01,2024-01-17,2024-01-17,,,,,0,stage2,1,0,0,0
U005625,2024-01-25,Social,Mobile,West,35-44,2024-01,2024-01-25,2024-01-27,,,,,0,stage2,1,0,0,0
U005626,2024-02-12,Social,Tablet,North,35-44,2024-02,2024-02-12,2024-02-14,2024-02-15,,,,0,stage3,1,1,0,0
U005627,2024-01-12,Organic,Mobile,South,25-34,2024-01,2024-01-12,2024-01-13,2024-01-16,,,,0,stage3,1,1,0,0
U005628,2024-01-28,Organic,Desktop,Central,25-34,2024-01,2024-01-28,2024-01-29,,,,,0,stage2,1,0,0,0
U005629,2024-03-23,Referral,Mobile,West,18-24,2024-03,2024-03-23,2024-03-25,2024-03-28,2024-03-28,2024-03-30,2024-04-01,1,Converted,1,1,1,1
U005631,2024-02-29,Social,Mobile,West,25-34,2024-02,2024-02-29,2024-02-29,2024-03-01,,,,0,stage3,1,1,0,0
U005633,2024-03-23,Paid_Search,Desktop,North,18-24,2024-03,2024-03-23,2024-03-23,2024-03-24,2024-03-25,,,0,stage4,1,1,1,0
U005635,2024-02-24,Organic,Mobile,West,35-44,2024-02,2024-02-24,2024-02-25,,,,,0,stage2,1,0,0,0
U005636,2024-02-26,Organic,Tablet,North,18-24,2024-02,2024-02-26,2024-02-26,2024-02-29,2024-03-01,,,0,stage4,1,1,1,0
U005638,2024-01-18,Organic,Desktop,West,35-44,2024-01,2024-01-18,,,,,,0,stage1,0,0,0,0
U005639,2024-02-25,Email,Desktop,East,25-34,2024-02,2024-02-25,,,,,,0,stage1,0,0,0,0
U005642,2024-03-05,Email,Mobile,East,25-34,2024-03,2024-03-05,,,,,,0,stage1,0,0,0,0
U005643,2024-01-25,Organic,Mobile,North,25-34,2024-01,2024-01-25,2024-01-27,,,,,0,stage2,1,0,0,0
U005644,2024-03-24,Referral,Desktop,South,45-54,2024-03,2024-03-24,2024-03-26,2024-03-29,,,,0,stage3,1,1,0,0
U005647,2024-02-04,Organic,Tablet,North,55+,2024-02,2024-02-04,2024-02-05,2024-02-06,,,,0,stage3,1,1,0,0
U005650,2024-01-18,Organic,Mobile,West,35-44,2024-01,2024-01-18,2024-01-19,,,,,0,stage2,1,0,0,0
U005651,2024-01-05,Referral,Mobile,West,18-24,2024-01,2024-01-05,2024-01-07,2024-01-10,2024-01-11,2024-01-15,2024-01-17,1,Converted,1,1,1,1
U005653,2024-01-06,Social,Desktop,South,35-44,2024-01,2024-01-06,2024-01-08,2024-01-09,,,,0,stage3,1,1,0,0
U005654,2024-03-20,Referral,Mobile,North,45-54,2024-03,2024-03-20,,,,,,0,stage1,0,0,0,0
U005655,2024-03-01,Referral,Mobile,Central,35-44,2024-03,2024-03-01,2024-03-03,2024-03-05,2024-03-05,2024-03-06,2024-03-06,1,Converted,1,1,1,1
U005656,2024-02-05,Paid_Search,Mobile,North,45-54,2024-02,2024-02-05,2024-02-06,,,,,0,stage2,1,0,0,0
U005658,2024-03-16,Email,Desktop,West,18-24,2024-03,2024-03-16,,,,,,0,stage1,0,0,0,0
U005659,2024-02-21,Email,Desktop,West,35-44,2024-02,2024-02-21,2024-02-21,,,,,0,stage2,1,0,0,0
U005661,2024-03-01,Referral,Tablet,West,35-44,2024-03,2024-03-01,2024-03-03,2024-03-06,,,,0,stage3,1,1,0,0
U005663,2024-03-25,Paid_Search,Mobile,South,45-54,2024-03,2024-03-25,2024-03-25,2024-03-27,2024-03-28,2024-03-29,2024-03-31,1,Converted,1,1,1,1
U005665,2024-03-14,Paid_Search,Desktop,West,35-44,2024-03,2024-03-14,,,,,,0,stage1,0,0,0,0
U005666,2024-01-07,Organic,Desktop,South,45-54,2024-01,2024-01-07,,,,,,0,stage1,0,0,0,0
U005667,2024-02-28,Email,Mobile,South,25-34,2024-02,2024-02-28,2024-03-01,2024-03-03,2024-03-04,,,0,stage4,1,1,1,0
U005668,2024-03-03,Referral,Desktop,East,35-44,2024-03,2024-03-03,,,,,,0,stage1,0,0,0,0
U005669,2024-02-22,Referral,Mobile,East,55+,2024-02,2024-02-22,2024-02-24,,,,,0,stage2,1,0,0,0
U005670,2024-01-14,Organic,Mobile,Central,25-34,2024-01,2024-01-14,2024-01-16,2024-01-17,,,,0,stage3,1,1,0,0
U005673,2024-03-23,Social,Desktop,South,35-44,2024-03,2024-03-23,,,,,,0,stage1,0,0,0,0
U005674,2024-02-16,Referral,Mobile,East,35-44,2024-02,2024-02-16,,,,,,0,stage1,0,0,0,0
U005676,2024-01-02,Paid_Search,Desktop,North,35-44,2024-01,2024-01-02,2024-01-02,2024-01-04,,,,0,stage3,1,1,0,0
U005677,2024-01-18,Social,Mobile,Central,45-54,2024-01,2024-01-18,,,,,,0,stage1,0,0,0,0
U005678,2024-02-19,Social,Desktop,East,55+,2024-02,2024-02-19,2024-02-19,2024-02-22,2024-02-22,,,0,stage4,1,1,1,0
U005679,2024-02-22,Organic,Desktop,South,45-54,2024-02,2024-02-22,2024-02-22,2024-02-23,2024-02-23,2024-02-25,2024-02-25,1,Converted,1,1,1,1
U005682,2024-03-20,Social,Desktop,South,25-34,2024-03,2024-03-20,2024-03-20,,,,,0,stage2,1,0,0,0
U005683,2024-02-20,Email,Mobile,West,55+,2024-02,2024-02-20,2024-02-20,,,,,0,stage2,1,0,0,0
U005685,2024-02-15,Paid_Search,Mobile,South,35-44,2024-02,2024-02-15,2024-02-17,,,,,0,stage2,1,0,0,0
U005686,2024-03-04,Organic,Desktop,Central,35-44,2024-03,2024-03-04,2024-03-05,,,,,0,stage2,1,0,0,0
U005687,2024-03-14,Referral,Desktop,West,25-34,2024-03,2024-03-14,2024-03-16,,,,,0,stage2,1,0,0,0
U005689,2024-03-10,Paid_Search,Desktop,East,35-44,2024-03,2024-03-10,,,,,,0,stage1,0,0,0,0
U005696,2024-01-06,Paid_Search,Mobile,West,25-34,2024-01,2024-01-06,,,,,,0,stage1,0,0,0,0
U005698,2024-01-22,Organic,Mobile,North,55+,2024-01,2024-01-22,2024-01-23,,,,,0,stage2,1,0,0,0
U005700,2024-02-09,Organic,Mobile,North,25-34,2024-02,2024-02-09,2024-02-11,,,,,0,stage2,1,0,0,0
U005701,2024-02-14,Email,Mobile,West,35-44,2024-02,2024-02-14,2024-02-15,,,,,0,stage2,1,0,0,0
U005703,2024-03-19,Social,Desktop,East,55+,2024-03,2024-03-19,2024-03-20,,,,,0,stage2,1,0,0,0
U005704,2024-03-13,Paid_Search,Desktop,West,55+,2024-03,2024-03-13,2024-03-14,,,,,0,stage2,1,0,0,0
U005706,2024-01-19,Social,Mobile,Central,18-24,2024-01,2024-01-19,2024-01-20,2024-01-21,,,,0,stage3,1,1,0,0
U005708,2024-01-02,Referral,Mobile,South,18-24,2024-01,2024-01-02,2024-01-02,2024-01-05,2024-01-07,,,0,stage4,1,1,1,0
U005711,2024-01-10,Organic,Mobile,South,25-34,2024-01,2024-01-10,2024-01-10,2024-01-12,2024-01-14,2024-01-16,2024-01-16,1,Converted,1,1,1,1
U005716,2024-01-15,Email,Mobile,Central,18-24,2024-01,2024-01-15,2024-01-17,2024-01-19,,,,0,stage3,1,1,0,0
U005718,2024-03-04,Organic,Desktop,South,25-34,2024-03,2024-03-04,2024-03-04,,,,,0,stage2,1,0,0,0
U005720,2024-01-09,Paid_Search,Mobile,South,25-34,2024-01,2024-01-09,2024-01-10,2024-01-13,2024-01-15,,,0,stage4,1,1,1,0
U005724,2024-02-07,Referral,Mobile,South,55+,2024-02,2024-02-07,,,,,,0,stage1,0,0,0,0
U005725,2024-03-06,Organic,Mobile,Central,35-44,2024-03,2024-03-06,,,,,,0,stage1,0,0,0,0
U005726,2024-03-04,Social,Desktop,North,18-24,2024-03,2024-03-04,2024-03-06,,,,,0,stage2,1,0,0,0
U005735,2024-03-05,Organic,Mobile,South,35-44,2024-03,2024-03-05,2024-03-07,,,,,0,stage2,1,0,0,0
U005736,2024-03-18,Organic,Desktop,West,45-54,2024-03,2024-03-18,2024-03-20,,,,,0,stage2,1,0,0,0
U005739,2024-03-19,Paid_Search,Mobile,West,45-54,2024-03,2024-03-19,2024-03-21,2024-03-23,,,,0,stage3,1,1,0,0
U005740,2024-01-23,Paid_Search,Mobile,West,18-24,2024-01,2024-01-23,,,,,,0,stage1,0,0,0,0
U005741,2024-01-28,Referral,Tablet,South,55+,2024-01,2024-01-28,2024-01-30,2024-02-02,2024-02-03,2024-02-05,2024-02-06,1,Converted,1,1,1,1
U005742,2024-02-23,Paid_Search,Mobile,South,35-44,2024-02,2024-02-23,2024-02-25,,,,,0,stage2,1,0,0,0
U005744,2024-03-19,Organic,Desktop,West,18-24,2024-03,2024-03-19,2024-03-19,,,,,0,stage2,1,0,0,0
U005745,2024-02-13,Referral,Mobile,West,18-24,2024-02,2024-02-13,,,,,,0,stage1,0,0,0,0
U005747,2024-01-01,Organic,Mobile,South,45-54,2024-01,2024-01-01,2024-01-01,2024-01-02,,,,0,stage3,1,1,0,0
U005752,2024-02-04,Social,Mobile,North,25-34,2024-02,2024-02-04,2024-02-04,2024-02-06,2024-02-06,2024-02-07,,0,stage5,1,1,1,1
U005754,2024-02-16,Referral,Mobile,Central,45-54,2024-02,2024-02-16,,,,,,0,stage1,0,0,0,0
U005755,2024-02-19,Paid_Search,Desktop,North,18-24,2024-02,2024-02-19,2024-02-20,,,,,0,stage2,1,0,0,0
U005758,2024-01-28,Paid_Search,Desktop,North,35-44,2024-01,2024-01-28,2024-01-30,2024-01-31,2024-01-31,,,0,stage4,1,1,1,0
U005759,2024-03-16,Organic,Desktop,West,25-34,2024-03,2024-03-16,2024-03-16,2024-03-18,2024-03-18,2024-03-21,2024-03-21,1,Converted,1,1,1,1
U005760,2024-03-28,Email,Mobile,East,55+,2024-03,2024-03-28,,,,,,0,stage1,0,0,0,0
U005761,2024-01-08,Social,Desktop,South,45-54,2024-01,2024-01-08,,,,,,0,stage1,0,0,0,0
U005764,2024-01-26,Paid_Search,Mobile,South,45-54,2024-01,2024-01-26,,,,,,0,stage1,0,0,0,0
U005765,2024-01-03,Paid_Search,Mobile,West,45-54,2024-01,2024-01-03,,,,,,0,stage1,0,0,0,0
U005766,2024-01-16,Social,Mobile,West,45-54,2024-01,2024-01-16,,,,,,0,stage1,0,0,0,0
U005767,2024-03-09,Email,Mobile,Central,35-44,2024-03,2024-03-09,,,,,,0,stage1,0,0,0,0
U005768,2024-01-02,Organic,Desktop,Central,18-24,2024-01,2024-01-02,2024-01-04,,,,,0,stage2,1,0,0,0
U005772,2024-03-27,Paid_Search,Mobile,North,35-44,2024-03,2024-03-27,2024-03-29,2024-03-31,2024-04-01,,,0,stage4,1,1,1,0
U005775,2024-03-02,Referral,Desktop,East,35-44,2024-03,2024-03-02,2024-03-03,2024-03-06,,,,0,stage3,1,1,0,0
U005777,2024-03-25,Paid_Search,Mobile,South,18-24,2024-03,2024-03-25,,,,,,0,stage1,0,0,0,0
U005778,2024-01-26,Paid_Search,Tablet,South,45-54,2024-01,2024-01-26,2024-01-26,2024-01-28,2024-01-30,2024-02-03,2024-02-05,1,Converted,1,1,1,1
U005779,2024-02-05,Paid_Search,Desktop,South,25-34,2024-02,2024-02-05,,,,,,0,stage1,0,0,0,0
U005780,2024-01-07,Paid_Search,Desktop,South,25-34,2024-01,2024-01-07,2024-01-09,,,,,0,stage2,1,0,0,0
U005781,2024-02-01,Social,Tablet,South,45-54,2024-02,2024-02-01,2024-02-03,,,,,0,stage2,1,0,0,0
U005782,2024-03-12,Social,Mobile,South,25-34,2024-03,2024-03-12,,,,,,0,stage1,0,0,0,0
U005788,2024-03-24,Referral,Desktop,East,25-34,2024-03,2024-03-24,2024-03-26,2024-03-28,,,,0,stage3,1,1,0,0
U005789,2024-02-29,Referral,Mobile,West,45-54,2024-02,2024-02-29,2024-03-02,2024-03-04,,,,0,stage3,1,1,0,0
U005796,2024-01-26,Organic,Desktop,West,45-54,2024-01,2024-01-26,2024-01-28,,,,,0,stage2,1,0,0,0
U005799,2024-02-19,Organic,Mobile,South,35-44,2024-02,2024-02-19,2024-02-21,2024-02-22,2024-02-24,,,0,stage4,1,1,1,0
U005802,2024-02-02,Social,Desktop,Central,45-54,2024-02,2024-02-02,,,,,,0,stage1,0,0,0,0
U005804,2024-03-18,Social,Mobile,West,18-24,2024-03,2024-03-18,2024-03-20,,,,,0,stage2,1,0,0,0
U005809,2024-03-02,Social,Mobile,North,25-34,2024-03,2024-03-02,,,,,,0,stage1,0,0,0,0
U005810,2024-03-03,Paid_Search,Mobile,South,18-24,2024-03,2024-03-03,2024-03-03,,,,,0,stage2,1,0,0,0
U005811,2024-02-13,Email,Mobile,North,35-44,2024-02,2024-02-13,,,,,,0,stage1,0,0,0,0
U005813,2024-01-23,Referral,Mobile,North,18-24,2024-01,2024-01-23,,,,,,0,stage1,0,0,0,0
U005814,2024-01-28,Paid_Search,Mobile,West,25-34,2024-01,2024-01-28,,,,,,0,stage1,0,0,0,0
U005816,2024-01-08,Organic,Tablet,West,18-24,2024-01,2024-01-08,2024-01-08,2024-01-10,,,,0,stage3,1,1,0,0
U005820,2024-02-01,Organic,Desktop,East,25-34,2024-02,2024-02-01,2024-02-03,,,,,0,stage2,1,0,0,0
U005821,2024-02-04,Organic,Mobile,East,35-44,2024-02,2024-02-04,2024-02-06,,,,,0,stage2,1,0,0,0
U005823,2024-01-24,Organic,Tablet,East,55+,2024-01,2024-01-24,2024-01-26,,,,,0,stage2,1,0,0,0
U005824,2024-03-26,Organic,Mobile,West,45-54,2024-03,2024-03-26,2024-03-26,2024-03-29,2024-03-31,2024-04-01,2024-04-03,1,Converted,1,1,1,1
U005825,2024-03-28,Social,Mobile,East,55+,2024-03,2024-03-28,2024-03-29,,,,,0,stage2,1,0,0,0
U005828,2024-02-29,Social,Tablet,Central,25-34,2024-02,2024-02-29,,,,,,0,stage1,0,0,0,0
U005829,2024-02-27,Referral,Desktop,West,18-24,2024-02,2024-02-27,2024-02-28,2024-02-29,,,,0,stage3,1,1,0,0
U005830,2024-03-15,Social,Mobile,East,45-54,2024-03,2024-03-15,2024-03-15,2024-03-16,,,,0,stage3,1,1,0,0
U005831,2024-01-23,Email,Desktop,South,18-24,2024-01,2024-01-23,2024-01-24,,,,,0,stage2,1,0,0,0
U005833,2024-01-30,Email,Desktop,East,25-34,2024-01,2024-01-30,2024-02-01,2024-02-03,,,,0,stage3,1,1,0,0
U005834,2024-02-02,Organic,Desktop,North,35-44,2024-02,2024-02-02,2024-02-03,,,,,0,stage2,1,0,0,0
U005836,2024-01-01,Referral,Desktop,Central,18-24,2024-01,2024-01-01,2024-01-02,2024-01-03,,,,0,stage3,1,1,0,0
U005840,2024-01-03,Referral,Desktop,North,18-24,2024-01,2024-01-03,2024-01-05,2024-01-07,2024-01-08,2024-01-10,2024-01-11,1,Converted,1,1,1,1
U005841,2024-02-26,Paid_Search,Mobile,East,55+,2024-02,2024-02-26,2024-02-27,2024-03-01,,,,0,stage3,1,1,0,0
U005844,2024-03-22,Organic,Tablet,North,18-24,2024-03,2024-03-22,2024-03-23,,,,,0,stage2,1,0,0,0
U005847,2024-02-01,Organic,Desktop,North,35-44,2024-02,2024-02-01,,,,,,0,stage1,0,0,0,0
U005848,2024-03-11,Organic,Mobile,Central,45-54,2024-03,2024-03-11,2024-03-13,2024-03-16,2024-03-17,,,0,stage4,1,1,1,0
U005851,2024-03-15,Referral,Desktop,South,25-34,2024-03,2024-03-15,2024-03-17,2024-03-19,,,,0,stage3,1,1,0,0
U005852,2024-01-16,Paid_Search,Mobile,East,55+,2024-01,2024-01-16,2024-01-17,2024-01-18,,,,0,stage3,1,1,0,0
U005853,2024-02-23,Organic,Mobile,South,25-34,2024-02,2024-02-23,2024-02-25,2024-02-26,,,,0,stage3,1,1,0,0
U005855,2024-01-14,Organic,Desktop,North,45-54,2024-01,2024-01-14,,,,,,0,stage1,0,0,0,0
U005856,2024-02-15,Paid_Search,Mobile,South,25-34,2024-02,2024-02-15,2024-02-16,,,,,0,stage2,1,0,0,0
U005864,2024-03-13,Referral,Desktop,South,25-34,2024-03,2024-03-13,2024-03-14,2024-03-17,,,,0,stage3,1,1,0,0
U005865,2024-02-19,Paid_Search,Mobile,South,55+,2024-02,2024-02-19,2024-02-21,,,,,0,stage2,1,0,0,0
U005868,2024-02-03,Organic,Desktop,North,55+,2024-02,2024-02-03,2024-02-04,2024-02-07,2024-02-07,2024-02-10,2024-02-11,1,Converted,1,1,1,1
U005870,2024-02-11,Paid_Search,Mobile,North,35-44,2024-02,2024-02-11,2024-02-13,2024-02-14,2024-02-15,2024-02-19,2024-02-20,1,Converted,1,1,1,1
U005871,2024-02-07,Organic,Mobile,West,25-34,2024-02,2024-02-07,2024-02-07,2024-02-08,,,,0,stage3,1,1,0,0
U005872,2024-02-20,Paid_Search,Desktop,West,35-44,2024-02,2024-02-20,2024-02-22,,,,,0,stage2,1,0,0,0
U005874,2024-01-03,Paid_Search,Mobile,North,35-44,2024-01,2024-01-03,,,,,,0,stage1,0,0,0,0
U005877,2024-01-27,Organic,Mobile,Central,45-54,2024-01,2024-01-27,2024-01-29,,,,,0,stage2,1,0,0,0
U005878,2024-02-07,Email,Desktop,West,25-34,2024-02,2024-02-07,,,,,,0,stage1,0,0,0,0
U005881,2024-01-15,Referral,Desktop,East,45-54,2024-01,2024-01-15,2024-01-15,,,,,0,stage2,1,0,0,0
U005883,2024-01-14,Organic,Mobile,East,18-24,2024-01,2024-01-14,,,,,,0,stage1,0,0,0,0
U005884,2024-01-31,Organic,Mobile,Central,25-34,2024-01,2024-01-31,,,,,,0,stage1,0,0,0,0
U005888,2024-03-02,Organic,Mobile,North,18-24,2024-03,2024-03-02,,,,,,0,stage1,0,0,0,0
U005891,2024-03-18,Email,Mobile,North,25-34,2024-03,2024-03-18,2024-03-20,2024-03-23,2024-03-23,2024-03-27,,0,stage5,1,1,1,1
U005895,2024-01-23,Organic,Desktop,South,55+,2024-01,2024-01-23,2024-01-24,,,,,0,stage2,1,0,0,0
U005898,2024-01-03,Social,Mobile,Central,45-54,2024-01,2024-01-03,,,,,,0,stage1,0,0,0,0
U005899,2024-01-31,Paid_Search,Desktop,South,35-44,2024-01,2024-01-31,2024-01-31,2024-02-01,,,,0,stage3,1,1,0,0
U005900,2024-02-01,Paid_Search,Desktop,West,35-44,2024-02,2024-02-01,2024-02-02,,,,,0,stage2,1,0,0,0
U005904,2024-01-25,Email,Mobile,Central,25-34,2024-01,2024-01-25,2024-01-27,2024-01-28,2024-01-29,2024-02-02,2024-02-04,1,Converted,1,1,1,1
U005907,2024-02-02,Email,Mobile,East,25-34,2024-02,2024-02-02,2024-02-02,,,,,0,stage2,1,0,0,0
U005908,2024-03-24,Referral,Mobile,Central,18-24,2024-03,2024-03-24,,,,,,0,stage1,0,0,0,0
U005909,2024-01-17,Paid_Search,Desktop,North,25-34,2024-01,2024-01-17,,,,,,0,stage1,0,0,0,0
U005911,2024-02-17,Paid_Search,Desktop,Central,25-34,2024-02,2024-02-17,,,,,,0,stage1,0,0,0,0
U005913,2024-01-06,Paid_Search,Mobile,Central,45-54,2024-01,2024-01-06,,,,,,0,stage1,0,0,0,0
U005917,2024-01-17,Organic,Desktop,Central,18-24,2024-01,2024-01-17,,,,,,0,stage1,0,0,0,0
U005920,2024-01-31,Organic,Desktop,Central,25-34,2024-01,2024-01-31,,,,,,0,stage1,0,0,0,0
U005921,2024-02-16,Referral,Mobile,South,35-44,2024-02,2024-02-16,,,,,,0,stage1,0,0,0,0
U005923,2024-02-01,Referral,Mobile,East,18-24,2024-02,2024-02-01,2024-02-01,,,,,0,stage2,1,0,0,0
U005924,2024-02-02,Paid_Search,Desktop,Central,35-44,2024-02,2024-02-02,2024-02-04,2024-02-05,2024-02-07,2024-02-09,,0,stage5,1,1,1,1
U005925,2024-01-23,Referral,Desktop,West,45-54,2024-01,2024-01-23,2024-01-25,,,,,0,stage2,1,0,0,0
U005926,2024-03-06,Referral,Mobile,Central,55+,2024-03,2024-03-06,2024-03-06,,,,,0,stage2,1,0,0,0
U005927,2024-01-22,Organic,Mobile,North,35-44,2024-01,2024-01-22,2024-01-22,2024-01-25,,,,0,stage3,1,1,0,0
U005928,2024-03-17,Organic,Mobile,South,25-34,2024-03,2024-03-17,2024-03-18,2024-03-21,2024-03-21,2024-03-25,2024-03-27,1,Converted,1,1,1,1
U005929,2024-01-01,Email,Mobile,West,18-24,2024-01,2024-01-01,2024-01-01,2024-01-03,,,,0,stage3,1,1,0,0
U005930,2024-01-12,Paid_Search,Desktop,East,18-24,2024-01,2024-01-12,,,,,,0,stage1,0,0,0,0
U005936,2024-01-12,Paid_Search,Mobile,North,45-54,2024-01,2024-01-12,,,,,,0,stage1,0,0,0,0
U005937,2024-03-01,Paid_Search,Desktop,Central,55+,2024-03,2024-03-01,2024-03-01,,,,,0,stage2,1,0,0,0
U005938,2024-02-18,Organic,Desktop,West,35-44,2024-02,2024-02-18,2024-02-18,,,,,0,stage2,1,0,0,0
U005939,2024-03-17,Paid_Search,Mobile,East,45-54,2024-03,2024-03-17,,,,,,0,stage1,0,0,0,0
U005940,2024-02-25,Referral,Mobile,North,18-24,2024-02,2024-02-25,2024-02-25,2024-02-28,2024-03-01,2024-03-03,,0,stage5,1,1,1,1
U005943,2024-03-06,Referral,Desktop,North,18-24,2024-03,2024-03-06,2024-03-07,2024-03-09,2024-03-11,2024-03-13,,0,stage5,1,1,1,1
U005945,2024-01-22,Social,Mobile,North,45-54,2024-01,2024-01-22,2024-01-23,2024-01-26,,,,0,stage3,1,1,0,0
U005947,2024-02-06,Organic,Mobile,North,25-34,2024-02,2024-02-06,2024-02-08,,,,,0,stage2,1,0,0,0
U005948,2024-02-22,Referral,Tablet,West,35-44,2024-02,2024-02-22,2024-02-22,,,,,0,stage2,1,0,0,0
U005950,2024-03-09,Paid_Search,Mobile,West,25-34,2024-03,2024-03-09,,,,,,0,stage1,0,0,0,0
U005953,2024-02-19,Organic,Mobile,West,45-54,2024-02,2024-02-19,,,,,,0,stage1,0,0,0,0
U005957,2024-02-11,Paid_Search,Mobile,Central,25-34,2024-02,2024-02-11,,,,,,0,stage1,0,0,0,0
U005959,2024-03-21,Organic,Mobile,South,45-54,2024-03,2024-03-21,2024-03-22,2024-03-24,,,,0,stage3,1,1,0,0
U005960,2024-01-07,Organic,Mobile,North,35-44,2024-01,2024-01-07,2024-01-09,,,,,0,stage2,1,0,0,0
U005961,2024-03-04,Paid_Search,Mobile,West,25-34,2024-03,2024-03-04,,,,,,0,stage1,0,0,0,0
U005962,2024-01-20,Organic,Mobile,East,18-24,2024-01,2024-01-20,2024-01-21,2024-01-22,2024-01-24,2024-01-25,2024-01-27,1,Converted,1,1,1,1
U005965,2024-01-17,Paid_Search,Mobile,North,55+,2024-01,2024-01-17,,,,,,0,stage1,0,0,0,0
U005966,2024-03-25,Paid_Search,Mobile,Central,18-24,2024-03,2024-03-25,2024-03-27,,,,,0,stage2,1,0,0,0
U005967,2024-01-23,Paid_Search,Mobile,South,55+,2024-01,2024-01-23,2024-01-24,,,,,0,stage2,1,0,0,0
U005968,2024-03-26,Referral,Tablet,Central,25-34,2024-03,2024-03-26,2024-03-27,,,,,0,stage2,1,0,0,0
U005969,2024-02-07,Referral,Mobile,Central,18-24,2024-02,2024-02-07,2024-02-07,,,,,0,stage2,1,0,0,0
U005970,2024-03-11,Organic,Mobile,Central,35-44,2024-03,2024-03-11,,,,,,0,stage1,0,0,0,0
U005971,2024-01-03,Referral,Desktop,East,18-24,2024-01,2024-01-03,2024-01-03,2024-01-05,,,,0,stage3,1,1,0,0
U005972,2024-02-26,Organic,Mobile,East,35-44,2024-02,2024-02-26,2024-02-27,2024-02-28,,,,0,stage3,1,1,0,0
U005973,2024-02-01,Paid_Search,Mobile,East,25-34,2024-02,2024-02-01,2024-02-01,,,,,0,stage2,1,0,0,0
U005976,2024-03-30,Organic,Mobile,East,35-44,2024-03,2024-03-30,2024-04-01,,,,,0,stage2,1,0,0,0
U005978,2024-02-13,Organic,Tablet,Central,18-24,2024-02,2024-02-13,2024-02-14,,,,,0,stage2,1,0,0,0
U005980,2024-03-29,Paid_Search,Desktop,South,45-54,2024-03,2024-03-29,,,,,,0,stage1,0,0,0,0
U005983,2024-03-07,Email,Mobile,South,35-44,2024-03,2024-03-07,,,,,,0,stage1,0,0,0,0
U005984,2024-01-03,Organic,Desktop,East,55+,2024-01,2024-01-03,2024-01-05,,,,,0,stage2,1,0,0,0
U005986,2024-02-09,Referral,Desktop,South,45-54,2024-02,2024-02-09,,,,,,0,stage1,0,0,0,0
U005988,2024-02-02,Social,Desktop,West,55+,2024-02,2024-02-02,,,,,,0,stage1,0,0,0,0
U005989,2024-02-06,Social,Mobile,South,35-44,2024-02,2024-02-06,,,,,,0,stage1,0,0,0,0
U005992,2024-03-09,Paid_Search,Mobile,East,25-34,2024-03,2024-03-09,2024-03-09,,,,,0,stage2,1,0,0,0
U005996,2024-02-16,Social,Mobile,West,25-34,2024-02,2024-02-16,,,,,,0,stage1,0,0,0,0
U005999,2024-03-11,Referral,Mobile,North,18-24,2024-03,2024-03-11,2024-03-12,2024-03-15,2024-03-17,2024-03-19,2024-03-20,1,Converted,1,1,1,1
U006001,2024-01-23,Paid_Search,Tablet,North,45-54,2024-01,2024-01-23,2024-01-24,2024-01-26,,,,0,stage3,1,1,0,0
U006002,2024-03-21,Email,Mobile,Central,18-24,2024-03,2024-03-21,,,,,,0,stage1,0,0,0,0
U006003,2024-01-24,Organic,Mobile,West,25-34,2024-01,2024-01-24,2024-01-26,2024-01-27,2024-01-27,,,0,stage4,1,1,1,0
U006004,2024-03-02,Organic,Desktop,South,25-34,2024-03,2024-03-02,2024-03-02,,,,,0,stage2,1,0,0,0
U006005,2024-02-12,Organic,Mobile,South,45-54,2024-02,2024-02-12,2024-02-14,,,,,0,stage2,1,0,0,0
U006006,2024-01-15,Organic,Mobile,North,18-24,2024-01,2024-01-15,2024-01-15,,,,,0,stage2,1,0,0,0
U006007,2024-03-14,Organic,Mobile,South,25-34,2024-03,2024-03-14,2024-03-16,,,,,0,stage2,1,0,0,0
U006013,2024-02-01,Email,Mobile,Central,25-34,2024-02,2024-02-01,2024-02-02,,,,,0,stage2,1,0,0,0
U006014,2024-01-04,Email,Mobile,South,25-34,2024-01,2024-01-04,,,,,,0,stage1,0,0,0,0
U006016,2024-01-02,Email,Tablet,South,55+,2024-01,2024-01-02,,,,,,0,stage1,0,0,0,0
U006021,2024-02-04,Social,Desktop,East,18-24,2024-02,2024-02-04,,,,,,0,stage1,0,0,0,0
U006023,2024-01-14,Paid_Search,Desktop,South,35-44,2024-01,2024-01-14,2024-01-15,,,,,0,stage2,1,0,0,0
U006025,2024-02-13,Paid_Search,Mobile,South,45-54,2024-02,2024-02-13,2024-02-14,,,,,0,stage2,1,0,0,0
U006026,2024-01-29,Social,Mobile,West,25-34,2024-01,2024-01-29,2024-01-30,,,,,0,stage2,1,0,0,0
U006029,2024-03-15,Social,Mobile,East,18-24,2024-03,2024-03-15,2024-03-16,,,,,0,stage2,1,0,0,0
U006031,2024-03-08,Email,Mobile,South,55+,2024-03,2024-03-08,2024-03-08,,,,,0,stage2,1,0,0,0
U006032,2024-01-01,Paid_Search,Mobile,East,25-34,2024-01,2024-01-01,2024-01-03,,,,,0,stage2,1,0,0,0
U006035,2024-02-25,Organic,Desktop,North,18-24,2024-02,2024-02-25,2024-02-26,2024-02-29,,,,0,stage3,1,1,0,0
U006040,2024-01-02,Paid_Search,Mobile,South,45-54,2024-01,2024-01-02,,,,,,0,stage1,0,0,0,0
U006042,2024-03-31,Organic,Mobile,North,35-44,2024-03,2024-03-31,2024-03-31,,,,,0,stage2,1,0,0,0
U006043,2024-01-02,Social,Tablet,West,18-24,2024-01,2024-01-02,2024-01-03,,,,,0,stage2,1,0,0,0
U006044,2024-02-17,Organic,Mobile,Central,45-54,2024-02,2024-02-17,,,,,,0,stage1,0,0,0,0
U006046,2024-03-31,Organic,Desktop,South,18-24,2024-03,2024-03-31,2024-03-31,2024-04-01,,,,0,stage3,1,1,0,0
U006049,2024-02-20,Organic,Desktop,Central,45-54,2024-02,2024-02-20,2024-02-20,,,,,0,stage2,1,0,0,0
U006051,2024-02-09,Organic,Mobile,East,35-44,2024-02,2024-02-09,2024-02-10,2024-02-11,2024-02-12,2024-02-13,,0,stage5,1,1,1,1
U006052,2024-02-09,Referral,Mobile,Central,35-44,2024-02,2024-02-09,,,,,,0,stage1,0,0,0,0
U006054,2024-02-27,Referral,Desktop,South,25-34,2024-02,2024-02-27,2024-02-28,,,,,0,stage2,1,0,0,0
U006059,2024-02-11,Organic,Desktop,North,25-34,2024-02,2024-02-11,,,,,,0,stage1,0,0,0,0
U006060,2024-02-05,Email,Mobile,Central,35-44,2024-02,2024-02-05,2024-02-06,,,,,0,stage2,1,0,0,0
U006063,2024-01-29,Social,Mobile,West,25-34,2024-01,2024-01-29,,,,,,0,stage1,0,0,0,0
U006064,2024-02-18,Organic,Mobile,North,18-24,2024-02,2024-02-18,2024-02-19,,,,,0,stage2,1,0,0,0
U006065,2024-01-11,Organic,Mobile,East,35-44,2024-01,2024-01-11,2024-01-11,2024-01-13,,,,0,stage3,1,1,0,0
U006067,2024-01-09,Email,Mobile,East,25-34,2024-01,2024-01-09,,,,,,0,stage1,0,0,0,0
U006068,2024-02-11,Organic,Desktop,Central,55+,2024-02,2024-02-11,2024-02-13,2024-02-14,2024-02-15,2024-02-18,2024-02-18,1,Converted,1,1,1,1
U006073,2024-02-03,Organic,Desktop,West,25-34,2024-02,2024-02-03,2024-02-03,2024-02-04,2024-02-04,,,0,stage4,1,1,1,0
U006074,2024-02-02,Organic,Mobile,East,25-34,2024-02,2024-02-02,,,,,,0,stage1,0,0,0,0
U006075,2024-02-09,Organic,Mobile,East,18-24,2024-02,2024-02-09,2024-02-10,2024-02-13,2024-02-13,2024-02-15,2024-02-15,1,Converted,1,1,1,1
U006078,2024-01-03,Organic,Mobile,West,18-24,2024-01,2024-01-03,,,,,,0,stage1,0,0,0,0
U006080,2024-03-13,Referral,Mobile,East,25-34,2024-03,2024-03-13,2024-03-14,,,,,0,stage2,1,0,0,0
U006081,2024-01-22,Paid_Search,Mobile,West,25-34,2024-01,2024-01-22,,,,,,0,stage1,0,0,0,0
U006083,2024-02-09,Paid_Search,Mobile,West,35-44,2024-02,2024-02-09,,,,,,0,stage1,0,0,0,0
U006085,2024-03-04,Paid_Search,Desktop,South,18-24,2024-03,2024-03-04,2024-03-05,,,,,0,stage2,1,0,0,0
U006086,2024-01-30,Paid_Search,Mobile,Central,18-24,2024-01,2024-01-30,2024-01-31,,,,,0,stage2,1,0,0,0
U006089,2024-02-20,Paid_Search,Mobile,East,45-54,2024-02,2024-02-20,2024-02-21,,,,,0,stage2,1,0,0,0
U006094,2024-02-08,Organic,Desktop,Central,35-44,2024-02,2024-02-08,2024-02-08,2024-02-09,2024-02-09,2024-02-13,2024-02-13,1,Converted,1,1,1,1
U006095,2024-03-11,Referral,Mobile,West,35-44,2024-03,2024-03-11,2024-03-11,2024-03-12,,,,0,stage3,1,1,0,0
U006097,2024-02-21,Referral,Desktop,East,35-44,2024-02,2024-02-21,2024-02-21,,,,,0,stage2,1,0,0,0
U006098,2024-01-14,Organic,Mobile,North,35-44,2024-01,2024-01-14,2024-01-15,2024-01-17,2024-01-19,2024-01-22,2024-01-24,1,Converted,1,1,1,1
U006100,2024-02-26,Paid_Search,Tablet,West,35-44,2024-02,2024-02-26,,,,,,0,stage1,0,0,0,0
U006101,2024-03-27,Referral,Mobile,East,35-44,2024-03,2024-03-27,2024-03-28,2024-03-30,2024-03-30,2024-04-03,2024-04-05,1,Converted,1,1,1,1
U006102,2024-01-14,Email,Desktop,West,35-44,2024-01,2024-01-14,2024-01-15,,,,,0,stage2,1,0,0,0
U006103,2024-01-29,Paid_Search,Desktop,South,45-54,2024-01,2024-01-29,,,,,,0,stage1,0,0,0,0
U006104,2024-03-09,Email,Mobile,South,18-24,2024-03,2024-03-09,2024-03-10,,,,,0,stage2,1,0,0,0
U006105,2024-03-12,Organic,Desktop,South,45-54,2024-03,2024-03-12,2024-03-13,2024-03-16,,,,0,stage3,1,1,0,0
U006107,2024-03-04,Social,Mobile,Central,45-54,2024-03,2024-03-04,,,,,,0,stage1,0,0,0,0
U006108,2024-03-22,Social,Desktop,East,25-34,2024-03,2024-03-22,,,,,,0,stage1,0,0,0,0
U006109,2024-01-13,Referral,Mobile,South,35-44,2024-01,2024-01-13,2024-01-13,2024-01-14,2024-01-14,,,0,stage4,1,1,1,0
U006110,2024-01-14,Paid_Search,Mobile,West,45-54,2024-01,2024-01-14,2024-01-16,2024-01-19,,,,0,stage3,1,1,0,0
U006111,2024-03-23,Referral,Mobile,South,45-54,2024-03,2024-03-23,,,,,,0,stage1,0,0,0,0
U006112,2024-02-24,Paid_Search,Mobile,South,25-34,2024-02,2024-02-24,2024-02-25,,,,,0,stage2,1,0,0,0
U006116,2024-03-26,Paid_Search,Tablet,North,35-44,2024-03,2024-03-26,2024-03-27,,,,,0,stage2,1,0,0,0
U006117,2024-01-29,Social,Desktop,North,45-54,2024-01,2024-01-29,2024-01-29,2024-02-01,2024-02-01,2024-02-03,,0,stage5,1,1,1,1
U006118,2024-03-25,Organic,Mobile,West,55+,2024-03,2024-03-25,2024-03-26,,,,,0,stage2,1,0,0,0
U006122,2024-03-01,Social,Desktop,Central,25-34,2024-03,2024-03-01,,,,,,0,stage1,0,0,0,0
U006125,2024-01-23,Email,Mobile,South,25-34,2024-01,2024-01-23,2024-01-23,,,,,0,stage2,1,0,0,0
U006126,2024-02-03,Referral,Desktop,East,25-34,2024-02,2024-02-03,2024-02-05,2024-02-08,,,,0,stage3,1,1,0,0
U006128,2024-02-19,Referral,Mobile,South,25-34,2024-02,2024-02-19,2024-02-21,2024-02-23,,,,0,stage3,1,1,0,0
U006129,2024-01-26,Organic,Desktop,East,25-34,2024-01,2024-01-26,2024-01-26,,,,,0,stage2,1,0,0,0
U006133,2024-02-21,Organic,Mobile,West,25-34,2024-02,2024-02-21,2024-02-23,2024-02-26,,,,0,stage3,1,1,0,0
U006134,2024-02-09,Organic,Desktop,South,18-24,2024-02,2024-02-09,,,,,,0,stage1,0,0,0,0
U006135,2024-01-12,Paid_Search,Mobile,South,18-24,2024-01,2024-01-12,,,,,,0,stage1,0,0,0,0
U006136,2024-02-02,Paid_Search,Desktop,East,35-44,2024-02,2024-02-02,,,,,,0,stage1,0,0,0,0
U006137,2024-02-19,Referral,Mobile,South,18-24,2024-02,2024-02-19,,,,,,0,stage1,0,0,0,0
U006142,2024-02-12,Referral,Mobile,North,35-44,2024-02,2024-02-12,2024-02-14,,,,,0,stage2,1,0,0,0
U006143,2024-03-11,Email,Desktop,Central,18-24,2024-03,2024-03-11,2024-03-13,2024-03-14,2024-03-15,,,0,stage4,1,1,1,0
U006144,2024-01-12,Organic,Desktop,West,25-34,2024-01,2024-01-12,2024-01-14,2024-01-15,2024-01-17,2024-01-19,2024-01-21,1,Converted,1,1,1,1
U006148,2024-01-20,Email,Desktop,North,25-34,2024-01,2024-01-20,,,,,,0,stage1,0,0,0,0
U006149,2024-02-12,Referral,Mobile,North,45-54,2024-02,2024-02-12,2024-02-13,,,,,0,stage2,1,0,0,0
U006155,2024-03-10,Organic,Mobile,East,35-44,2024-03,2024-03-10,,,,,,0,stage1,0,0,0,0
U006156,2024-02-22,Referral,Desktop,East,18-24,2024-02,2024-02-22,2024-02-22,,,,,0,stage2,1,0,0,0
U006157,2024-01-01,Paid_Search,Desktop,South,18-24,2024-01,2024-01-01,,,,,,0,stage1,0,0,0,0
U006158,2024-02-10,Organic,Mobile,East,25-34,2024-02,2024-02-10,2024-02-12,2024-02-13,,,,0,stage3,1,1,0,0
U006161,2024-03-16,Paid_Search,Desktop,North,25-34,2024-03,2024-03-16,,,,,,0,stage1,0,0,0,0
U006164,2024-01-31,Paid_Search,Desktop,Central,45-54,2024-01,2024-01-31,,,,,,0,stage1,0,0,0,0
U006165,2024-02-13,Paid_Search,Mobile,East,25-34,2024-02,2024-02-13,2024-02-13,,,,,0,stage2,1,0,0,0
U006166,2024-01-12,Paid_Search,Desktop,South,18-24,2024-01,2024-01-12,2024-01-14,,,,,0,stage2,1,0,0,0
U006167,2024-03-01,Social,Mobile,South,55+,2024-03,2024-03-01,2024-03-02,2024-03-03,2024-03-05,,,0,stage4,1,1,1,0
U006168,2024-02-07,Paid_Search,Mobile,East,18-24,2024-02,2024-02-07,,,,,,0,stage1,0,0,0,0
U006169,2024-03-12,Paid_Search,Mobile,North,35-44,2024-03,2024-03-12,2024-03-12,2024-03-14,,,,0,stage3,1,1,0,0
U006170,2024-01-14,Referral,Mobile,North,25-34,2024-01,2024-01-14,2024-01-16,,,,,0,stage2,1,0,0,0
U006171,2024-03-04,Social,Desktop,Central,25-34,2024-03,2024-03-04,2024-03-04,,,,,0,stage2,1,0,0,0
U006176,2024-01-22,Paid_Search,Mobile,Central,55+,2024-01,2024-01-22,,,,,,0,stage1,0,0,0,0
U006179,2024-02-04,Paid_Search,Desktop,South,35-44,2024-02,2024-02-04,,,,,,0,stage1,0,0,0,0
U006182,2024-03-24,Referral,Mobile,West,18-24,2024-03,2024-03-24,2024-03-24,2024-03-27,2024-03-27,2024-03-30,2024-03-30,1,Converted,1,1,1,1
U006183,2024-03-12,Organic,Mobile,West,18-24,2024-03,2024-03-12,2024-03-12,2024-03-14,,,,0,stage3,1,1,0,0
U006184,2024-01-05,Referral,Desktop,West,25-34,2024-01,2024-01-05,2024-01-07,2024-01-10,,,,0,stage3,1,1,0,0
U006190,2024-02-22,Email,Desktop,Central,55+,2024-02,2024-02-22,2024-02-24,2024-02-27,,,,0,stage3,1,1,0,0
U006193,2024-02-07,Organic,Desktop,Central,18-24,2024-02,2024-02-07,2024-02-08,2024-02-09,2024-02-10,2024-02-12,2024-02-13,1,Converted,1,1,1,1
U006194,2024-02-17,Organic,Desktop,Central,35-44,2024-02,2024-02-17,2024-02-17,2024-02-18,2024-02-20,2024-02-24,2024-02-26,1,Converted,1,1,1,1
U006195,2024-02-16,Email,Desktop,North,25-34,2024-02,2024-02-16,2024-02-18,,,,,0,stage2,1,0,0,0
U006196,2024-03-13,Email,Mobile,South,35-44,2024-03,2024-03-13,2024-03-13,2024-03-15,,,,0,stage3,1,1,0,0
U006197,2024-02-11,Paid_Search,Desktop,South,35-44,2024-02,2024-02-11,,,,,,0,stage1,0,0,0,0
U006198,2024-02-15,Paid_Search,Desktop,East,18-24,2024-02,2024-02-15,2024-02-16,2024-02-19,2024-02-21,,,0,stage4,1,1,1,0
U006199,2024-02-18,Paid_Search,Mobile,West,35-44,2024-02,2024-02-18,2024-02-18,2024-02-19,2024-02-19,2024-02-23,,0,stage5,1,1,1,1
U006200,2024-03-03,Organic,Desktop,Central,35-44,2024-03,2024-03-03,2024-03-04,,,,,0,stage2,1,0,0,0
U006203,2024-01-26,Social,Mobile,West,45-54,2024-01,2024-01-26,,,,,,0,stage1,0,0,0,0
U006205,2024-02-05,Organic,Desktop,West,45-54,2024-02,2024-02-05,2024-02-07,2024-02-08,,,,0,stage3,1,1,0,0
U006207,2024-01-26,Social,Desktop,Central,55+,2024-01,2024-01-26,,,,,,0,stage1,0,0,0,0
U006209,2024-01-06,Organic,Desktop,East,35-44,2024-01,2024-01-06,2024-01-06,2024-01-07,,,,0,stage3,1,1,0,0
U006211,2024-03-09,Paid_Search,Mobile,North,35-44,2024-03,2024-03-09,2024-03-09,2024-03-12,,,,0,stage3,1,1,0,0
U006213,2024-01-28,Paid_Search,Desktop,South,18-24,2024-01,2024-01-28,2024-01-30,,,,,0,stage2,1,0,0,0
U006214,2024-03-27,Paid_Search,Desktop,East,25-34,2024-03,2024-03-27,2024-03-29,2024-03-30,2024-03-30,2024-04-01,,0,stage5,1,1,1,1
U006217,2024-02-11,Referral,Desktop,Central,35-44,2024-02,2024-02-11,2024-02-12,2024-02-14,2024-02-15,2024-02-17,,0,stage5,1,1,1,1
U006218,2024-03-03,Organic,Desktop,West,45-54,2024-03,2024-03-03,2024-03-03,,,,,0,stage2,1,0,0,0
U006221,2024-03-16,Email,Mobile,East,35-44,2024-03,2024-03-16,2024-03-16,2024-03-19,2024-03-20,2024-03-22,2024-03-22,1,Converted,1,1,1,1
U006222,2024-02-27,Paid_Search,Mobile,East,25-34,2024-02,2024-02-27,2024-02-27,2024-02-28,,,,0,stage3,1,1,0,0
U006225,2024-01-29,Paid_Search,Desktop,South,25-34,2024-01,2024-01-29,2024-01-30,2024-01-31,,,,0,stage3,1,1,0,0
U006226,2024-01-29,Email,Desktop,East,18-24,2024-01,2024-01-29,,,,,,0,stage1,0,0,0,0
U006227,2024-02-27,Organic,Desktop,East,18-24,2024-02,2024-02-27,2024-02-27,,,,,0,stage2,1,0,0,0
U006228,2024-03-13,Paid_Search,Mobile,North,35-44,2024-03,2024-03-13,2024-03-14,,,,,0,stage2,1,0,0,0
U006229,2024-01-20,Email,Tablet,North,35-44,2024-01,2024-01-20,2024-01-22,,,,,0,stage2,1,0,0,0
U006230,2024-03-26,Social,Mobile,Central,45-54,2024-03,2024-03-26,2024-03-26,,,,,0,stage2,1,0,0,0
U006232,2024-01-12,Referral,Desktop,West,25-34,2024-01,2024-01-12,2024-01-14,2024-01-15,,,,0,stage3,1,1,0,0
U006233,2024-02-15,Organic,Mobile,Central,25-34,2024-02,2024-02-15,2024-02-16,2024-02-19,2024-02-20,2024-02-22,2024-02-24,1,Converted,1,1,1,1
U006236,2024-03-14,Social,Mobile,Central,35-44,2024-03,2024-03-14,2024-03-15,2024-03-16,,,,0,stage3,1,1,0,0
U006237,2024-03-10,Organic,Desktop,North,45-54,2024-03,2024-03-10,2024-03-11,2024-03-14,2024-03-15,2024-03-18,2024-03-20,1,Converted,1,1,1,1
U006238,2024-01-20,Organic,Tablet,East,35-44,2024-01,2024-01-20,2024-01-20,2024-01-21,2024-01-23,,,0,stage4,1,1,1,0
U006239,2024-02-07,Paid_Search,Desktop,South,55+,2024-02,2024-02-07,2024-02-08,2024-02-09,,,,0,stage3,1,1,0,0
U006243,2024-01-18,Social,Desktop,South,18-24,2024-01,2024-01-18,2024-01-18,,,,,0,stage2,1,0,0,0
U006245,2024-03-12,Paid_Search,Desktop,East,18-24,2024-03,2024-03-12,2024-03-12,,,,,0,stage2,1,0,0,0
U006246,2024-01-24,Paid_Search,Desktop,East,25-34,2024-01,2024-01-24,2024-01-25,2024-01-26,,,,0,stage3,1,1,0,0
U006247,2024-02-16,Referral,Desktop,North,25-34,2024-02,2024-02-16,2024-02-17,2024-02-19,2024-02-20,,,0,stage4,1,1,1,0
U006250,2024-02-05,Organic,Desktop,South,25-34,2024-02,2024-02-05,2024-02-07,,,,,0,stage2,1,0,0,0
U006251,2024-03-03,Organic,Mobile,South,18-24,2024-03,2024-03-03,,,,,,0,stage1,0,0,0,0
U006257,2024-01-22,Paid_Search,Desktop,Central,35-44,2024-01,2024-01-22,,,,,,0,stage1,0,0,0,0
U006261,2024-02-26,Social,Mobile,East,35-44,2024-02,2024-02-26,,,,,,0,stage1,0,0,0,0
U006266,2024-01-29,Referral,Mobile,South,55+,2024-01,2024-01-29,2024-01-29,,,,,0,stage2,1,0,0,0
U006267,2024-03-30,Referral,Mobile,North,35-44,2024-03,2024-03-30,2024-03-31,2024-04-01,,,,0,stage3,1,1,0,0
U006268,2024-03-16,Social,Desktop,South,25-34,2024-03,2024-03-16,,,,,,0,stage1,0,0,0,0
U006270,2024-03-03,Referral,Mobile,Central,45-54,2024-03,2024-03-03,2024-03-03,,,,,0,stage2,1,0,0,0
U006271,2024-02-27,Referral,Desktop,West,18-24,2024-02,2024-02-27,2024-02-27,,,,,0,stage2,1,0,0,0
U006272,2024-02-05,Social,Mobile,North,45-54,2024-02,2024-02-05,2024-02-05,2024-02-08,,,,0,stage3,1,1,0,0
U006274,2024-02-06,Email,Tablet,Central,35-44,2024-02,2024-02-06,2024-02-07,2024-02-10,2024-02-10,2024-02-14,2024-02-15,1,Converted,1,1,1,1
U006275,2024-01-14,Email,Mobile,East,35-44,2024-01,2024-01-14,2024-01-16,,,,,0,stage2,1,0,0,0
U006276,2024-01-28,Paid_Search,Mobile,Central,35-44,2024-01,2024-01-28,2024-01-30,,,,,0,stage2,1,0,0,0
U006279,2024-02-10,Paid_Search,Mobile,West,35-44,2024-02,2024-02-10,,,,,,0,stage1,0,0,0,0
U006280,2024-01-08,Organic,Mobile,West,55+,2024-01,2024-01-08,,,,,,0,stage1,0,0,0,0
U006281,2024-02-07,Social,Mobile,Central,18-24,2024-02,2024-02-07,2024-02-08,2024-02-09,,,,0,stage3,1,1,0,0
U006282,2024-01-21,Organic,Mobile,South,35-44,2024-01,2024-01-21,,,,,,0,stage1,0,0,0,0
U006283,2024-03-03,Paid_Search,Mobile,North,25-34,2024-03,2024-03-03,2024-03-03,2024-03-04,,,,0,stage3,1,1,0,0
U006285,2024-02-08,Organic,Mobile,South,55+,2024-02,2024-02-08,,,,,,0,stage1,0,0,0,0
U006286,2024-02-16,Organic,Mobile,North,25-34,2024-02,2024-02-16,2024-02-17,,,,,0,stage2,1,0,0,0
U006287,2024-02-05,Paid_Search,Mobile,South,18-24,2024-02,2024-02-05,,,,,,0,stage1,0,0,0,0
U006292,2024-03-27,Organic,Desktop,Central,25-34,2024-03,2024-03-27,2024-03-28,,,,,0,stage2,1,0,0,0
U006294,2024-01-04,Referral,Desktop,South,35-44,2024-01,2024-01-04,,,,,,0,stage1,0,0,0,0
U006295,2024-03-14,Paid_Search,Desktop,South,25-34,2024-03,2024-03-14,,,,,,0,stage1,0,0,0,0
U006296,2024-01-29,Organic,Mobile,East,25-34,2024-01,2024-01-29,2024-01-29,2024-01-30,2024-02-01,2024-02-02,2024-02-04,1,Converted,1,1,1,1
U006297,2024-02-14,Referral,Desktop,East,25-34,2024-02,2024-02-14,2024-02-16,2024-02-17,2024-02-17,,,0,stage4,1,1,1,0
U006301,2024-03-07,Organic,Desktop,North,35-44,2024-03,2024-03-07,2024-03-09,,,,,0,stage2,1,0,0,0
U006304,2024-02-28,Paid_Search,Mobile,North,35-44,2024-02,2024-02-28,2024-02-29,2024-03-01,2024-03-02,2024-03-03,2024-03-05,1,Converted,1,1,1,1
U006306,2024-02-02,Social,Mobile,North,25-34,2024-02,2024-02-02,,,,,,0,stage1,0,0,0,0
U006307,2024-02-24,Social,Mobile,East,35-44,2024-02,2024-02-24,2024-02-25,,,,,0,stage2,1,0,0,0
U006312,2024-03-21,Organic,Mobile,North,35-44,2024-03,2024-03-21,,,,,,0,stage1,0,0,0,0
U006317,2024-01-08,Email,Mobile,North,18-24,2024-01,2024-01-08,2024-01-08,2024-01-10,2024-01-10,,,0,stage4,1,1,1,0
U006319,2024-01-28,Referral,Desktop,Central,45-54,2024-01,2024-01-28,2024-01-28,2024-01-29,,,,0,stage3,1,1,0,0
U006321,2024-01-03,Organic,Mobile,Central,18-24,2024-01,2024-01-03,2024-01-04,2024-01-05,,,,0,stage3,1,1,0,0
U006323,2024-03-09,Organic,Mobile,East,18-24,2024-03,2024-03-09,,,,,,0,stage1,0,0,0,0
U006324,2024-01-22,Referral,Desktop,North,55+,2024-01,2024-01-22,2024-01-24,2024-01-27,,,,0,stage3,1,1,0,0
U006325,2024-01-12,Organic,Mobile,North,35-44,2024-01,2024-01-12,,,,,,0,stage1,0,0,0,0
U006327,2024-01-12,Organic,Tablet,North,35-44,2024-01,2024-01-12,,,,,,0,stage1,0,0,0,0
U006328,2024-01-13,Paid_Search,Desktop,South,25-34,2024-01,2024-01-13,2024-01-14,,,,,0,stage2,1,0,0,0
U006329,2024-01-24,Organic,Mobile,Central,25-34,2024-01,2024-01-24,2024-01-25,,,,,0,stage2,1,0,0,0
U006330,2024-01-03,Paid_Search,Mobile,Central,25-34,2024-01,2024-01-03,2024-01-04,2024-01-06,,,,0,stage3,1,1,0,0
U006332,2024-03-21,Paid_Search,Mobile,South,18-24,2024-03,2024-03-21,2024-03-22,,,,,0,stage2,1,0,0,0
U006335,2024-01-25,Paid_Search,Mobile,East,18-24,2024-01,2024-01-25,2024-01-26,2024-01-28,,,,0,stage3,1,1,0,0
U006343,2024-02-06,Organic,Mobile,North,18-24,2024-02,2024-02-06,,,,,,0,stage1,0,0,0,0
U006344,2024-02-11,Email,Desktop,Central,25-34,2024-02,2024-02-11,,,,,,0,stage1,0,0,0,0
U006349,2024-02-23,Referral,Desktop,North,25-34,2024-02,2024-02-23,2024-02-25,,,,,0,stage2,1,0,0,0
U006351,2024-01-20,Organic,Desktop,West,35-44,2024-01,2024-01-20,2024-01-20,2024-01-23,,,,0,stage3,1,1,0,0
U006353,2024-01-25,Referral,Desktop,Central,25-34,2024-01,2024-01-25,2024-01-25,,,,,0,stage2,1,0,0,0
U006354,2024-02-06,Organic,Desktop,Central,25-34,2024-02,2024-02-06,,,,,,0,stage1,0,0,0,0
U006355,2024-03-20,Paid_Search,Desktop,North,35-44,2024-03,2024-03-20,,,,,,0,stage1,0,0,0,0
U006357,2024-01-23,Paid_Search,Mobile,South,55+,2024-01,2024-01-23,2024-01-24,2024-01-25,2024-01-26,2024-01-29,,0,stage5,1,1,1,1
U006358,2024-02-13,Paid_Search,Desktop,East,45-54,2024-02,2024-02-13,2024-02-14,2024-02-15,,,,0,stage3,1,1,0,0
U006359,2024-01-18,Paid_Search,Mobile,South,18-24,2024-01,2024-01-18,2024-01-19,,,,,0,stage2,1,0,0,0
U006361,2024-01-19,Organic,Mobile,South,45-54,2024-01,2024-01-19,2024-01-19,,,,,0,stage2,1,0,0,0
U006364,2024-02-01,Email,Mobile,South,25-34,2024-02,2024-02-01,2024-02-03,,,,,0,stage2,1,0,0,0
U006366,2024-03-14,Email,Desktop,West,45-54,2024-03,2024-03-14,2024-03-15,,,,,0,stage2,1,0,0,0
U006377,2024-03-03,Social,Mobile,West,35-44,2024-03,2024-03-03,2024-03-05,,,,,0,stage2,1,0,0,0
U006379,2024-01-03,Email,Mobile,South,35-44,2024-01,2024-01-03,,,,,,0,stage1,0,0,0,0
U006380,2024-02-09,Organic,Mobile,North,25-34,2024-02,2024-02-09,2024-02-09,,,,,0,stage2,1,0,0,0
U006381,2024-03-15,Paid_Search,Desktop,Central,25-34,2024-03,2024-03-15,,,,,,0,stage1,0,0,0,0
U006384,2024-01-19,Social,Mobile,East,35-44,2024-01,2024-01-19,,,,,,0,stage1,0,0,0,0
U006385,2024-02-27,Social,Mobile,Central,55+,2024-02,2024-02-27,,,,,,0,stage1,0,0,0,0
U006388,2024-03-30,Organic,Desktop,South,35-44,2024-03,2024-03-30,2024-03-31,2024-04-02,,,,0,stage3,1,1,0,0
U006390,2024-01-28,Paid_Search,Mobile,East,25-34,2024-01,2024-01-28,2024-01-28,2024-01-29,2024-01-31,2024-02-01,2024-02-02,1,Converted,1,1,1,1
U006392,2024-02-21,Email,Mobile,West,18-24,2024-02,2024-02-21,,,,,,0,stage1,0,0,0,0
U006394,2024-03-28,Social,Desktop,East,18-24,2024-03,2024-03-28,2024-03-30,2024-04-01,,,,0,stage3,1,1,0,0
U006395,2024-02-24,Referral,Mobile,North,25-34,2024-02,2024-02-24,2024-02-26,,,,,0,stage2,1,0,0,0
U006397,2024-03-12,Organic,Desktop,West,25-34,2024-03,2024-03-12,2024-03-13,,,,,0,stage2,1,0,0,0
U006398,2024-01-10,Paid_Search,Tablet,North,35-44,2024-01,2024-01-10,,,,,,0,stage1,0,0,0,0
U006400,2024-02-09,Paid_Search,Desktop,South,18-24,2024-02,2024-02-09,2024-02-10,,,,,0,stage2,1,0,0,0
U006401,2024-02-07,Social,Mobile,Central,25-34,2024-02,2024-02-07,,,,,,0,stage1,0,0,0,0
U006403,2024-03-22,Email,Desktop,West,25-34,2024-03,2024-03-22,2024-03-24,,,,,0,stage2,1,0,0,0
U006404,2024-01-09,Referral,Desktop,West,25-34,2024-01,2024-01-09,2024-01-11,,,,,0,stage2,1,0,0,0
U006407,2024-01-06,Organic,Mobile,South,25-34,2024-01,2024-01-06,,,,,,0,stage1,0,0,0,0
U006410,2024-02-06,Referral,Mobile,North,25-34,2024-02,2024-02-06,2024-02-06,2024-02-08,2024-02-09,2024-02-10,2024-02-11,1,Converted,1,1,1,1
U006413,2024-02-24,Referral,Mobile,North,45-54,2024-02,2024-02-24,2024-02-26,,,,,0,stage2,1,0,0,0
U006414,2024-03-07,Organic,Desktop,North,25-34,2024-03,2024-03-07,2024-03-07,,,,,0,stage2,1,0,0,0
U006415,2024-01-14,Paid_Search,Desktop,West,25-34,2024-01,2024-01-14,,,,,,0,stage1,0,0,0,0
U006416,2024-01-24,Paid_Search,Desktop,East,25-34,2024-01,2024-01-24,,,,,,0,stage1,0,0,0,0
U006418,2024-02-12,Organic,Mobile,North,35-44,2024-02,2024-02-12,2024-02-12,,,,,0,stage2,1,0,0,0
U006419,2024-03-30,Referral,Mobile,North,18-24,2024-03,2024-03-30,2024-03-31,2024-04-02,,,,0,stage3,1,1,0,0
U006423,2024-01-03,Paid_Search,Mobile,West,25-34,2024-01,2024-01-03,2024-01-05,,,,,0,stage2,1,0,0,0
U006425,2024-02-20,Organic,Desktop,East,35-44,2024-02,2024-02-20,,,,,,0,stage1,0,0,0,0
U006426,2024-01-20,Paid_Search,Mobile,North,25-34,2024-01,2024-01-20,2024-01-22,,,,,0,stage2,1,0,0,0
U006429,2024-03-23,Organic,Mobile,North,25-34,2024-03,2024-03-23,,,,,,0,stage1,0,0,0,0
U006431,2024-01-04,Referral,Desktop,North,25-34,2024-01,2024-01-04,2024-01-04,,,,,0,stage2,1,0,0,0
U006436,2024-01-10,Referral,Mobile,North,55+,2024-01,2024-01-10,,,,,,0,stage1,0,0,0,0
U006437,2024-02-25,Paid_Search,Mobile,West,18-24,2024-02,2024-02-25,,,,,,0,stage1,0,0,0,0
U006438,2024-02-18,Paid_Search,Desktop,North,35-44,2024-02,2024-02-18,2024-02-19,,,,,0,stage2,1,0,0,0
U006441,2024-02-25,Referral,Desktop,North,18-24,2024-02,2024-02-25,,,,,,0,stage1,0,0,0,0
U006442,2024-03-30,Paid_Search,Mobile,West,45-54,2024-03,2024-03-30,,,,,,0,stage1,0,0,0,0
U006443,2024-02-23,Social,Mobile,South,45-54,2024-02,2024-02-23,,,,,,0,stage1,0,0,0,0
U006444,2024-02-18,Organic,Mobile,West,25-34,2024-02,2024-02-18,,,,,,0,stage1,0,0,0,0
U006446,2024-01-04,Referral,Mobile,North,25-34,2024-01,2024-01-04,2024-01-05,2024-01-07,,,,0,stage3,1,1,0,0
U006447,2024-01-05,Paid_Search,Mobile,North,18-24,2024-01,2024-01-05,,,,,,0,stage1,0,0,0,0
U006448,2024-03-18,Email,Mobile,West,35-44,2024-03,2024-03-18,2024-03-19,2024-03-22,2024-03-22,2024-03-26,2024-03-28,1,Converted,1,1,1,1
U006451,2024-03-31,Email,Desktop,East,45-54,2024-03,2024-03-31,2024-04-01,2024-04-04,,,,0,stage3,1,1,0,0
U006453,2024-03-26,Organic,Mobile,Central,18-24,2024-03,2024-03-26,2024-03-26,2024-03-27,2024-03-28,,,0,stage4,1,1,1,0
U006462,2024-01-05,Organic,Desktop,West,35-44,2024-01,2024-01-05,2024-01-07,,,,,0,stage2,1,0,0,0
U006464,2024-01-27,Paid_Search,Mobile,West,18-24,2024-01,2024-01-27,2024-01-28,,,,,0,stage2,1,0,0,0
U006466,2024-01-26,Paid_Search,Desktop,South,25-34,2024-01,2024-01-26,2024-01-28,,,,,0,stage2,1,0,0,0
U006469,2024-03-15,Email,Desktop,West,45-54,2024-03,2024-03-15,2024-03-16,,,,,0,stage2,1,0,0,0
U006470,2024-02-24,Organic,Desktop,Central,45-54,2024-02,2024-02-24,2024-02-24,,,,,0,stage2,1,0,0,0
U006473,2024-01-30,Social,Mobile,Central,45-54,2024-01,2024-01-30,,,,,,0,stage1,0,0,0,0
U006474,2024-02-20,Referral,Mobile,South,25-34,2024-02,2024-02-20,2024-02-21,2024-02-22,2024-02-23,,,0,stage4,1,1,1,0
U006480,2024-03-02,Social,Mobile,West,25-34,2024-03,2024-03-02,2024-03-02,,,,,0,stage2,1,0,0,0
U006484,2024-03-26,Organic,Desktop,South,35-44,2024-03,2024-03-26,,,,,,0,stage1,0,0,0,0
U006485,2024-02-13,Referral,Mobile,North,18-24,2024-02,2024-02-13,2024-02-15,2024-02-17,2024-02-17,,,0,stage4,1,1,1,0
U006489,2024-01-14,Organic,Desktop,North,18-24,2024-01,2024-01-14,2024-01-16,2024-01-18,2024-01-18,2024-01-22,2024-01-24,1,Converted,1,1,1,1
U006490,2024-02-14,Referral,Mobile,North,25-34,2024-02,2024-02-14,2024-02-15,2024-02-17,,,,0,stage3,1,1,0,0
U006496,2024-03-07,Organic,Mobile,South,25-34,2024-03,2024-03-07,,,,,,0,stage1,0,0,0,0
U006498,2024-02-10,Organic,Mobile,South,35-44,2024-02,2024-02-10,2024-02-11,2024-02-12,,,,0,stage3,1,1,0,0
U006499,2024-01-24,Email,Desktop,Central,55+,2024-01,2024-01-24,2024-01-24,2024-01-25,,,,0,stage3,1,1,0,0
U006501,2024-01-03,Referral,Desktop,West,25-34,2024-01,2024-01-03,2024-01-05,2024-01-08,2024-01-08,,,0,stage4,1,1,1,0
U006502,2024-01-08,Referral,Desktop,South,35-44,2024-01,2024-01-08,2024-01-10,2024-01-13,2024-01-15,2024-01-16,2024-01-18,1,Converted,1,1,1,1
U006504,2024-02-03,Email,Mobile,South,35-44,2024-02,2024-02-03,2024-02-04,2024-02-07,2024-02-09,2024-02-12,2024-02-12,1,Converted,1,1,1,1
U006505,2024-03-02,Paid_Search,Mobile,Central,45-54,2024-03,2024-03-02,,,,,,0,stage1,0,0,0,0
U006507,2024-03-17,Email,Desktop,West,35-44,2024-03,2024-03-17,,,,,,0,stage1,0,0,0,0
U006508,2024-02-19,Email,Desktop,North,18-24,2024-02,2024-02-19,2024-02-21,2024-02-22,,,,0,stage3,1,1,0,0
U006511,2024-01-14,Email,Mobile,West,18-24,2024-01,2024-01-14,2024-01-15,2024-01-16,,,,0,stage3,1,1,0,0
U006512,2024-02-06,Paid_Search,Desktop,West,35-44,2024-02,2024-02-06,2024-02-08,,,,,0,stage2,1,0,0,0
U006513,2024-01-06,Referral,Mobile,Central,25-34,2024-01,2024-01-06,2024-01-08,,,,,0,stage2,1,0,0,0
U006515,2024-01-29,Referral,Desktop,Central,25-34,2024-01,2024-01-29,2024-01-30,,,,,0,stage2,1,0,0,0
U006517,2024-02-01,Referral,Mobile,Central,35-44,2024-02,2024-02-01,2024-02-01,2024-02-02,2024-02-03,2024-02-06,2024-02-06,1,Converted,1,1,1,1
U006518,2024-01-24,Referral,Mobile,South,25-34,2024-01,2024-01-24,,,,,,0,stage1,0,0,0,0
U006519,2024-01-20,Referral,Mobile,North,25-34,2024-01,2024-01-20,2024-01-21,,,,,0,stage2,1,0,0,0
U006521,2024-02-23,Email,Desktop,West,45-54,2024-02,2024-02-23,,,,,,0,stage1,0,0,0,0
U006523,2024-01-26,Social,Desktop,East,25-34,2024-01,2024-01-26,,,,,,0,stage1,0,0,0,0
U006525,2024-01-20,Paid_Search,Mobile,West,25-34,2024-01,2024-01-20,2024-01-20,2024-01-23,,,,0,stage3,1,1,0,0
U006529,2024-02-11,Paid_Search,Mobile,West,25-34,2024-02,2024-02-11,2024-02-11,,,,,0,stage2,1,0,0,0
U006530,2024-03-17,Referral,Desktop,West,18-24,2024-03,2024-03-17,2024-03-17,2024-03-18,,,,0,stage3,1,1,0,0
U006533,2024-03-29,Social,Desktop,East,45-54,2024-03,2024-03-29,2024-03-30,2024-04-02,,,,0,stage3,1,1,0,0
U006537,2024-02-01,Referral,Mobile,East,25-34,2024-02,2024-02-01,2024-02-01,2024-02-04,,,,0,stage3,1,1,0,0
U006538,2024-01-08,Referral,Desktop,North,18-24,2024-01,2024-01-08,2024-01-10,2024-01-11,2024-01-13,2024-01-15,2024-01-15,1,Converted,1,1,1,1
U006540,2024-01-30,Organic,Desktop,East,35-44,2024-01,2024-01-30,2024-01-30,,,,,0,stage2,1,0,0,0
U006541,2024-01-08,Paid_Search,Desktop,West,35-44,2024-01,2024-01-08,2024-01-09,2024-01-10,2024-01-10,,,0,stage4,1,1,1,0
U006542,2024-01-22,Organic,Mobile,South,45-54,2024-01,2024-01-22,2024-01-24,,,,,0,stage2,1,0,0,0
U006544,2024-03-11,Organic,Mobile,East,25-34,2024-03,2024-03-11,2024-03-12,2024-03-13,,,,0,stage3,1,1,0,0
U006545,2024-01-24,Paid_Search,Desktop,South,25-34,2024-01,2024-01-24,,,,,,0,stage1,0,0,0,0
U006546,2024-03-30,Referral,Desktop,East,18-24,2024-03,2024-03-30,,,,,,0,stage1,0,0,0,0
U006549,2024-03-16,Organic,Desktop,South,25-34,2024-03,2024-03-16,,,,,,0,stage1,0,0,0,0
U006552,2024-02-14,Referral,Desktop,East,35-44,2024-02,2024-02-14,,,,,,0,stage1,0,0,0,0
U006553,2024-02-20,Organic,Mobile,East,55+,2024-02,2024-02-20,2024-02-22,2024-02-25,2024-02-26,2024-03-01,2024-03-01,1,Converted,1,1,1,1
U006556,2024-03-20,Referral,Mobile,West,25-34,2024-03,2024-03-20,,,,,,0,stage1,0,0,0,0
U006557,2024-02-12,Referral,Mobile,North,18-24,2024-02,2024-02-12,2024-02-12,2024-02-15,,,,0,stage3,1,1,0,0
U006561,2024-03-22,Paid_Search,Mobile,West,35-44,2024-03,2024-03-22,,,,,,0,stage1,0,0,0,0
U006565,2024-01-17,Organic,Desktop,West,25-34,2024-01,2024-01-17,2024-01-18,2024-01-19,,,,0,stage3,1,1,0,0
U006566,2024-01-09,Paid_Search,Desktop,Central,18-24,2024-01,2024-01-09,2024-01-11,2024-01-13,2024-01-15,,,0,stage4,1,1,1,0
U006568,2024-03-16,Referral,Desktop,South,25-34,2024-03,2024-03-16,2024-03-18,,,,,0,stage2,1,0,0,0
U006571,2024-01-08,Organic,Mobile,East,45-54,2024-01,2024-01-08,,,,,,0,stage1,0,0,0,0
U006572,2024-01-30,Social,Desktop,North,18-24,2024-01,2024-01-30,2024-01-30,,,,,0,stage2,1,0,0,0
U006573,2024-03-23,Organic,Desktop,West,18-24,2024-03,2024-03-23,,,,,,0,stage1,0,0,0,0
U006575,2024-03-03,Paid_Search,Desktop,North,35-44,2024-03,2024-03-03,,,,,,0,stage1,0,0,0,0
U006576,2024-01-19,Referral,Mobile,East,18-24,2024-01,2024-01-19,2024-01-19,2024-01-22,2024-01-23,,,0,stage4,1,1,1,0
U006578,2024-03-22,Paid_Search,Mobile,North,45-54,2024-03,2024-03-22,,,,,,0,stage1,0,0,0,0
U006580,2024-01-03,Organic,Desktop,East,35-44,2024-01,2024-01-03,2024-01-05,,,,,0,stage2,1,0,0,0
U006581,2024-03-25,Organic,Tablet,North,18-24,2024-03,2024-03-25,2024-03-25,,,,,0,stage2,1,0,0,0
U006583,2024-02-29,Social,Desktop,North,25-34,2024-02,2024-02-29,,,,,,0,stage1,0,0,0,0
U006588,2024-02-25,Social,Mobile,North,55+,2024-02,2024-02-25,2024-02-25,2024-02-28,,,,0,stage3,1,1,0,0
U006589,2024-03-12,Referral,Desktop,Central,55+,2024-03,2024-03-12,,,,,,0,stage1,0,0,0,0
U006597,2024-03-24,Social,Desktop,South,35-44,2024-03,2024-03-24,,,,,,0,stage1,0,0,0,0
U006599,2024-03-01,Referral,Desktop,South,18-24,2024-03,2024-03-01,2024-03-03,2024-03-04,2024-03-05,2024-03-06,2024-03-08,1,Converted,1,1,1,1
U006602,2024-01-10,Organic,Mobile,Central,35-44,2024-01,2024-01-10,2024-01-12,2024-01-15,2024-01-15,2024-01-18,,0,stage5,1,1,1,1
U006604,2024-01-05,Organic,Desktop,West,18-24,2024-01,2024-01-05,2024-01-05,2024-01-07,,,,0,stage3,1,1,0,0
U006605,2024-01-25,Paid_Search,Mobile,North,35-44,2024-01,2024-01-25,2024-01-26,2024-01-29,,,,0,stage3,1,1,0,0
U006606,2024-03-18,Organic,Mobile,West,45-54,2024-03,2024-03-18,2024-03-19,2024-03-21,2024-03-22,2024-03-26,2024-03-26,1,Converted,1,1,1,1
U006614,2024-02-27,Paid_Search,Mobile,East,45-54,2024-02,2024-02-27,2024-02-27,2024-02-28,,,,0,stage3,1,1,0,0
U006615,2024-02-05,Email,Mobile,Central,25-34,2024-02,2024-02-05,,,,,,0,stage1,0,0,0,0
U006616,2024-01-27,Referral,Desktop,West,18-24,2024-01,2024-01-27,2024-01-28,2024-01-31,2024-02-02,2024-02-06,,0,stage5,1,1,1,1
U006617,2024-02-27,Organic,Mobile,South,35-44,2024-02,2024-02-27,2024-02-27,2024-02-28,,,,0,stage3,1,1,0,0
U006618,2024-02-18,Social,Desktop,West,25-34,2024-02,2024-02-18,,,,,,0,stage1,0,0,0,0
U006621,2024-03-07,Referral,Tablet,South,25-34,2024-03,2024-03-07,2024-03-07,2024-03-08,,,,0,stage3,1,1,0,0
U006622,2024-01-13,Social,Mobile,North,25-34,2024-01,2024-01-13,2024-01-14,,,,,0,stage2,1,0,0,0
U006623,2024-01-20,Social,Mobile,South,55+,2024-01,2024-01-20,2024-01-21,,,,,0,stage2,1,0,0,0
U006624,2024-03-25,Email,Mobile,North,25-34,2024-03,2024-03-25,,,,,,0,stage1,0,0,0,0
U006626,2024-03-10,Organic,Mobile,West,18-24,2024-03,2024-03-10,2024-03-12,2024-03-13,,,,0,stage3,1,1,0,0
U006627,2024-02-05,Referral,Desktop,West,35-44,2024-02,2024-02-05,2024-02-07,2024-02-09,2024-02-09,2024-02-11,2024-02-12,1,Converted,1,1,1,1
U006628,2024-02-07,Organic,Mobile,East,25-34,2024-02,2024-02-07,,,,,,0,stage1,0,0,0,0
U006632,2024-03-02,Organic,Mobile,South,18-24,2024-03,2024-03-02,2024-03-04,2024-03-06,,,,0,stage3,1,1,0,0
U006634,2024-01-24,Paid_Search,Mobile,West,35-44,2024-01,2024-01-24,2024-01-25,2024-01-27,,,,0,stage3,1,1,0,0
U006635,2024-01-22,Social,Desktop,Central,18-24,2024-01,2024-01-22,2024-01-23,,,,,0,stage2,1,0,0,0
U006639,2024-02-22,Paid_Search,Mobile,Central,25-34,2024-02,2024-02-22,2024-02-24,2024-02-25,,,,0,stage3,1,1,0,0
U006640,2024-01-20,Organic,Mobile,North,45-54,2024-01,2024-01-20,2024-01-21,2024-01-22,,,,0,stage3,1,1,0,0
U006641,2024-02-24,Referral,Desktop,South,45-54,2024-02,2024-02-24,2024-02-24,2024-02-27,,,,0,stage3,1,1,0,0
U006642,2024-02-25,Paid_Search,Desktop,Central,35-44,2024-02,2024-02-25,2024-02-26,,,,,0,stage2,1,0,0,0
U006644,2024-02-18,Paid_Search,Desktop,Central,25-34,2024-02,2024-02-18,2024-02-19,,,,,0,stage2,1,0,0,0
U006645,2024-01-27,Referral,Mobile,South,25-34,2024-01,2024-01-27,2024-01-28,2024-01-29,,,,0,stage3,1,1,0,0
U006648,2024-03-21,Organic,Desktop,North,45-54,2024-03,2024-03-21,2024-03-22,,,,,0,stage2,1,0,0,0
U006651,2024-01-28,Organic,Desktop,Central,55+,2024-01,2024-01-28,,,,,,0,stage1,0,0,0,0
U006652,2024-02-03,Organic,Desktop,North,18-24,2024-02,2024-02-03,2024-02-03,,,,,0,stage2,1,0,0,0
U006655,2024-01-18,Paid_Search,Mobile,South,35-44,2024-01,2024-01-18,2024-01-19,,,,,0,stage2,1,0,0,0
U006657,2024-02-12,Referral,Desktop,North,55+,2024-02,2024-02-12,2024-02-14,,,,,0,stage2,1,0,0,0
U006658,2024-03-19,Organic,Desktop,East,25-34,2024-03,2024-03-19,2024-03-21,,,,,0,stage2,1,0,0,0
U006660,2024-01-27,Organic,Mobile,South,35-44,2024-01,2024-01-27,,,,,,0,stage1,0,0,0,0
U006661,2024-02-07,Email,Tablet,Central,55+,2024-02,2024-02-07,2024-02-08,,,,,0,stage2,1,0,0,0
U006662,2024-01-28,Social,Mobile,North,25-34,2024-01,2024-01-28,,,,,,0,stage1,0,0,0,0
U006663,2024-01-29,Referral,Mobile,West,18-24,2024-01,2024-01-29,,,,,,0,stage1,0,0,0,0
U006664,2024-03-02,Social,Tablet,North,55+,2024-03,2024-03-02,2024-03-02,2024-03-04,,,,0,stage3,1,1,0,0
U006665,2024-02-17,Referral,Tablet,East,55+,2024-02,2024-02-17,2024-02-18,2024-02-19,,,,0,stage3,1,1,0,0
U006669,2024-03-08,Paid_Search,Mobile,East,18-24,2024-03,2024-03-08,,,,,,0,stage1,0,0,0,0
U006670,2024-01-31,Organic,Mobile,East,55+,2024-01,2024-01-31,,,,,,0,stage1,0,0,0,0
U006677,2024-02-19,Social,Desktop,North,18-24,2024-02,2024-02-19,2024-02-20,,,,,0,stage2,1,0,0,0
U006678,2024-02-18,Referral,Mobile,North,18-24,2024-02,2024-02-18,2024-02-19,,,,,0,stage2,1,0,0,0
U006679,2024-02-15,Organic,Desktop,Central,45-54,2024-02,2024-02-15,,,,,,0,stage1,0,0,0,0
U006682,2024-01-28,Paid_Search,Desktop,Central,25-34,2024-01,2024-01-28,2024-01-30,,,,,0,stage2,1,0,0,0
U006683,2024-01-13,Email,Tablet,East,25-34,2024-01,2024-01-13,2024-01-15,2024-01-16,,,,0,stage3,1,1,0,0
U006684,2024-01-29,Organic,Desktop,Central,55+,2024-01,2024-01-29,2024-01-29,2024-01-30,,,,0,stage3,1,1,0,0
U006685,2024-01-14,Paid_Search,Desktop,Central,25-34,2024-01,2024-01-14,2024-01-14,2024-01-17,,,,0,stage3,1,1,0,0
U006686,2024-03-09,Paid_Search,Desktop,Central,25-34,2024-03,2024-03-09,,,,,,0,stage1,0,0,0,0
U006687,2024-03-02,Referral,Desktop,North,25-34,2024-03,2024-03-02,2024-03-02,2024-03-05,2024-03-05,,,0,stage4,1,1,1,0
U006688,2024-03-11,Paid_Search,Tablet,East,18-24,2024-03,2024-03-11,2024-03-11,,,,,0,stage2,1,0,0,0
U006691,2024-02-26,Paid_Search,Mobile,East,35-44,2024-02,2024-02-26,,,,,,0,stage1,0,0,0,0
U006694,2024-02-22,Social,Mobile,East,55+,2024-02,2024-02-22,2024-02-22,2024-02-23,,,,0,stage3,1,1,0,0
U006695,2024-03-29,Organic,Desktop,North,35-44,2024-03,2024-03-29,2024-03-31,2024-04-02,2024-04-04,2024-04-07,2024-04-09,1,Converted,1,1,1,1
U006696,2024-01-01,Paid_Search,Mobile,West,35-44,2024-01,2024-01-01,2024-01-01,2024-01-02,2024-01-04,,,0,stage4,1,1,1,0
U006700,2024-03-19,Email,Mobile,East,35-44,2024-03,2024-03-19,,,,,,0,stage1,0,0,0,0
U006702,2024-03-02,Referral,Desktop,North,35-44,2024-03,2024-03-02,2024-03-02,,,,,0,stage2,1,0,0,0
U006703,2024-03-21,Organic,Tablet,South,18-24,2024-03,2024-03-21,,,,,,0,stage1,0,0,0,0
U006705,2024-02-12,Organic,Desktop,Central,25-34,2024-02,2024-02-12,,,,,,0,stage1,0,0,0,0
U006706,2024-02-17,Organic,Mobile,Central,45-54,2024-02,2024-02-17,2024-02-18,2024-02-20,2024-02-20,2024-02-21,2024-02-23,1,Converted,1,1,1,1
U006708,2024-03-26,Organic,Desktop,North,25-34,2024-03,2024-03-26,2024-03-26,2024-03-27,,,,0,stage3,1,1,0,0
U006709,2024-03-08,Organic,Mobile,East,25-34,2024-03,2024-03-08,,,,,,0,stage1,0,0,0,0
U006710,2024-01-20,Social,Desktop,West,18-24,2024-01,2024-01-20,2024-01-20,,,,,0,stage2,1,0,0,0
U006714,2024-01-01,Referral,Tablet,West,45-54,2024-01,2024-01-01,,,,,,0,stage1,0,0,0,0
U006716,2024-03-04,Organic,Mobile,Central,18-24,2024-03,2024-03-04,2024-03-05,2024-03-06,,,,0,stage3,1,1,0,0
U006717,2024-01-12,Referral,Tablet,South,45-54,2024-01,2024-01-12,2024-01-12,2024-01-15,,,,0,stage3,1,1,0,0
U006719,2024-03-15,Paid_Search,Tablet,Central,18-24,2024-03,2024-03-15,2024-03-15,,,,,0,stage2,1,0,0,0
U006721,2024-02-12,Referral,Desktop,West,18-24,2024-02,2024-02-12,,,,,,0,stage1,0,0,0,0
U006722,2024-02-07,Email,Mobile,North,35-44,2024-02,2024-02-07,,,,,,0,stage1,0,0,0,0
U006723,2024-01-25,Paid_Search,Mobile,East,25-34,2024-01,2024-01-25,2024-01-25,,,,,0,stage2,1,0,0,0
U006724,2024-03-18,Social,Desktop,West,35-44,2024-03,2024-03-18,2024-03-20,2024-03-22,2024-03-23,2024-03-27,,0,stage5,1,1,1,1
U006725,2024-03-30,Social,Desktop,Central,45-54,2024-03,2024-03-30,,,,,,0,stage1,0,0,0,0
U006728,2024-03-05,Referral,Desktop,West,45-54,2024-03,2024-03-05,2024-03-06,2024-03-08,,,,0,stage3,1,1,0,0
U006729,2024-01-04,Social,Mobile,North,25-34,2024-01,2024-01-04,,,,,,0,stage1,0,0,0,0
U006730,2024-03-31,Paid_Search,Mobile,North,18-24,2024-03,2024-03-31,,,,,,0,stage1,0,0,0,0
U006731,2024-03-18,Referral,Desktop,North,25-34,2024-03,2024-03-18,,,,,,0,stage1,0,0,0,0
U006736,2024-01-08,Social,Tablet,North,45-54,2024-01,2024-01-08,,,,,,0,stage1,0,0,0,0
U006737,2024-03-03,Paid_Search,Mobile,Central,35-44,2024-03,2024-03-03,,,,,,0,stage1,0,0,0,0
U006740,2024-01-23,Organic,Mobile,West,25-34,2024-01,2024-01-23,2024-01-23,,,,,0,stage2,1,0,0,0
U006743,2024-03-11,Paid_Search,Desktop,South,25-34,2024-03,2024-03-11,,,,,,0,stage1,0,0,0,0
U006746,2024-03-08,Organic,Mobile,Central,18-24,2024-03,2024-03-08,2024-03-10,2024-03-12,,,,0,stage3,1,1,0,0
U006747,2024-03-25,Organic,Mobile,South,35-44,2024-03,2024-03-25,2024-03-26,,,,,0,stage2,1,0,0,0
U006749,2024-03-20,Paid_Search,Mobile,North,25-34,2024-03,2024-03-20,2024-03-20,,,,,0,stage2,1,0,0,0
U006750,2024-01-11,Organic,Mobile,West,45-54,2024-01,2024-01-11,2024-01-13,2024-01-16,2024-01-18,2024-01-21,2024-01-23,1,Converted,1,1,1,1
U006751,2024-02-01,Paid_Search,Mobile,Central,18-24,2024-02,2024-02-01,2024-02-02,,,,,0,stage2,1,0,0,0
U006753,2024-03-29,Social,Mobile,West,55+,2024-03,2024-03-29,,,,,,0,stage1,0,0,0,0
U006754,2024-03-14,Paid_Search,Desktop,East,35-44,2024-03,2024-03-14,2024-03-14,2024-03-15,2024-03-16,2024-03-18,2024-03-19,1,Converted,1,1,1,1
U006756,2024-02-08,Referral,Mobile,South,25-34,2024-02,2024-02-08,2024-02-10,,,,,0,stage2,1,0,0,0
U006757,2024-03-15,Organic,Desktop,West,35-44,2024-03,2024-03-15,2024-03-17,2024-03-20,,,,0,stage3,1,1,0,0
U006759,2024-03-16,Referral,Desktop,South,25-34,2024-03,2024-03-16,,,,,,0,stage1,0,0,0,0
U006760,2024-01-04,Referral,Mobile,West,25-34,2024-01,2024-01-04,2024-01-05,,,,,0,stage2,1,0,0,0
U006761,2024-01-11,Paid_Search,Tablet,South,35-44,2024-01,2024-01-11,2024-01-11,,,,,0,stage2,1,0,0,0
U006762,2024-03-13,Organic,Desktop,West,25-34,2024-03,2024-03-13,2024-03-15,2024-03-16,,,,0,stage3,1,1,0,0
U006763,2024-01-14,Social,Mobile,East,25-34,2024-01,2024-01-14,2024-01-15,2024-01-17,,,,0,stage3,1,1,0,0
U006764,2024-01-02,Email,Desktop,North,35-44,2024-01,2024-01-02,2024-01-03,2024-01-05,2024-01-07,2024-01-08,2024-01-08,1,Converted,1,1,1,1
U006765,2024-03-05,Paid_Search,Tablet,North,25-34,2024-03,2024-03-05,2024-03-05,2024-03-07,,,,0,stage3,1,1,0,0
U006766,2024-03-13,Paid_Search,Tablet,South,25-34,2024-03,2024-03-13,2024-03-15,,,,,0,stage2,1,0,0,0
U006768,2024-03-10,Paid_Search,Mobile,North,18-24,2024-03,2024-03-10,2024-03-10,,,,,0,stage2,1,0,0,0
U006769,2024-02-20,Social,Mobile,West,18-24,2024-02,2024-02-20,2024-02-21,2024-02-24,,,,0,stage3,1,1,0,0
U006770,2024-01-21,Social,Mobile,North,35-44,2024-01,2024-01-21,,,,,,0,stage1,0,0,0,0
U006771,2024-03-15,Social,Mobile,East,45-54,2024-03,2024-03-15,2024-03-15,,,,,0,stage2,1,0,0,0
U006772,2024-01-09,Paid_Search,Mobile,Central,55+,2024-01,2024-01-09,2024-01-10,2024-01-12,,,,0,stage3,1,1,0,0
U006773,2024-03-04,Organic,Mobile,South,35-44,2024-03,2024-03-04,2024-03-06,,,,,0,stage2,1,0,0,0
U006776,2024-03-18,Organic,Mobile,Central,25-34,2024-03,2024-03-18,,,,,,0,stage1,0,0,0,0
U006778,2024-03-23,Email,Mobile,West,18-24,2024-03,2024-03-23,,,,,,0,stage1,0,0,0,0
U006781,2024-02-21,Organic,Mobile,West,25-34,2024-02,2024-02-21,,,,,,0,stage1,0,0,0,0
U006782,2024-03-05,Paid_Search,Tablet,Central,35-44,2024-03,2024-03-05,2024-03-05,2024-03-07,,,,0,stage3,1,1,0,0
U006784,2024-03-19,Referral,Mobile,East,45-54,2024-03,2024-03-19,2024-03-19,2024-03-21,2024-03-23,,,0,stage4,1,1,1,0
U006787,2024-02-05,Social,Desktop,Central,25-34,2024-02,2024-02-05,2024-02-07,2024-02-09,,,,0,stage3,1,1,0,0
U006789,2024-03-21,Referral,Mobile,South,18-24,2024-03,2024-03-21,,,,,,0,stage1,0,0,0,0
U006792,2024-03-31,Organic,Mobile,West,25-34,2024-03,2024-03-31,2024-04-01,2024-04-03,,,,0,stage3,1,1,0,0
U006795,2024-01-08,Organic,Mobile,South,25-34,2024-01,2024-01-08,,,,,,0,stage1,0,0,0,0
U006797,2024-02-05,Referral,Mobile,North,25-34,2024-02,2024-02-05,2024-02-07,,,,,0,stage2,1,0,0,0
U006798,2024-03-18,Email,Desktop,South,35-44,2024-03,2024-03-18,2024-03-18,,,,,0,stage2,1,0,0,0
U006804,2024-03-16,Organic,Mobile,South,45-54,2024-03,2024-03-16,2024-03-16,2024-03-18,2024-03-18,,,0,stage4,1,1,1,0
U006808,2024-01-14,Social,Desktop,South,35-44,2024-01,2024-01-14,2024-01-14,,,,,0,stage2,1,0,0,0
U006809,2024-01-15,Referral,Mobile,North,18-24,2024-01,2024-01-15,2024-01-16,,,,,0,stage2,1,0,0,0
U006811,2024-01-25,Paid_Search,Mobile,North,18-24,2024-01,2024-01-25,2024-01-26,,,,,0,stage2,1,0,0,0
U006814,2024-03-25,Email,Mobile,South,25-34,2024-03,2024-03-25,2024-03-25,2024-03-26,,,,0,stage3,1,1,0,0
U006817,2024-01-14,Organic,Mobile,West,55+,2024-01,2024-01-14,,,,,,0,stage1,0,0,0,0
U006819,2024-02-22,Organic,Desktop,North,18-24,2024-02,2024-02-22,2024-02-24,2024-02-25,2024-02-27,,,0,stage4,1,1,1,0
U006822,2024-03-20,Organic,Mobile,North,45-54,2024-03,2024-03-20,2024-03-22,2024-03-23,,,,0,stage3,1,1,0,0
U006824,2024-01-01,Email,Mobile,South,25-34,2024-01,2024-01-01,2024-01-01,,,,,0,stage2,1,0,0,0
U006827,2024-03-04,Social,Desktop,South,45-54,2024-03,2024-03-04,,,,,,0,stage1,0,0,0,0
U006828,2024-02-22,Organic,Desktop,Central,35-44,2024-02,2024-02-22,2024-02-22,,,,,0,stage2,1,0,0,0
U006832,2024-03-17,Paid_Search,Desktop,North,25-34,2024-03,2024-03-17,,,,,,0,stage1,0,0,0,0
U006835,2024-02-17,Organic,Mobile,North,25-34,2024-02,2024-02-17,2024-02-17,2024-02-20,,,,0,stage3,1,1,0,0
U006836,2024-03-07,Referral,Desktop,Central,35-44,2024-03,2024-03-07,2024-03-09,2024-03-12,,,,0,stage3,1,1,0,0
U006839,2024-02-07,Paid_Search,Mobile,Central,35-44,2024-02,2024-02-07,,,,,,0,stage1,0,0,0,0
U006841,2024-02-17,Organic,Tablet,North,35-44,2024-02,2024-02-17,2024-02-17,2024-02-20,,,,0,stage3,1,1,0,0
U006843,2024-02-13,Organic,Mobile,North,18-24,2024-02,2024-02-13,2024-02-15,,,,,0,stage2,1,0,0,0
U006847,2024-03-15,Social,Desktop,East,45-54,2024-03,2024-03-15,,,,,,0,stage1,0,0,0,0
U006851,2024-03-11,Social,Tablet,West,45-54,2024-03,2024-03-11,2024-03-12,2024-03-14,2024-03-16,2024-03-17,,0,stage5,1,1,1,1
U006855,2024-01-08,Social,Mobile,North,18-24,2024-01,2024-01-08,2024-01-09,2024-01-11,,,,0,stage3,1,1,0,0
U006856,2024-01-31,Paid_Search,Desktop,East,35-44,2024-01,2024-01-31,2024-02-02,,,,,0,stage2,1,0,0,0
U006858,2024-01-03,Referral,Desktop,South,18-24,2024-01,2024-01-03,2024-01-05,2024-01-07,2024-01-07,2024-01-11,2024-01-11,1,Converted,1,1,1,1
U006859,2024-03-31,Paid_Search,Mobile,East,35-44,2024-03,2024-03-31,,,,,,0,stage1,0,0,0,0
U006860,2024-02-05,Organic,Desktop,Central,25-34,2024-02,2024-02-05,2024-02-06,,,,,0,stage2,1,0,0,0
U006862,2024-01-03,Organic,Desktop,North,25-34,2024-01,2024-01-03,,,,,,0,stage1,0,0,0,0
U006863,2024-02-10,Organic,Mobile,Central,18-24,2024-02,2024-02-10,2024-02-11,2024-02-14,,,,0,stage3,1,1,0,0
U006865,2024-03-30,Referral,Desktop,Central,25-34,2024-03,2024-03-30,2024-04-01,,,,,0,stage2,1,0,0,0
U006868,2024-01-17,Paid_Search,Tablet,South,55+,2024-01,2024-01-17,,,,,,0,stage1,0,0,0,0
U006869,2024-02-14,Referral,Mobile,South,45-54,2024-02,2024-02-14,2024-02-16,2024-02-17,,,,0,stage3,1,1,0,0
U006870,2024-03-31,Referral,Mobile,North,18-24,2024-03,2024-03-31,2024-04-02,2024-04-05,,,,0,stage3,1,1,0,0
U006873,2024-02-05,Social,Mobile,West,35-44,2024-02,2024-02-05,,,,,,0,stage1,0,0,0,0
U006874,2024-03-12,Paid_Search,Mobile,East,55+,2024-03,2024-03-12,2024-03-14,2024-03-16,2024-03-17,,,0,stage4,1,1,1,0
U006875,2024-01-18,Paid_Search,Mobile,West,18-24,2024-01,2024-01-18,2024-01-20,2024-01-22,2024-01-23,2024-01-27,2024-01-29,1,Converted,1,1,1,1
U006880,2024-02-03,Organic,Mobile,West,45-54,2024-02,2024-02-03,2024-02-05,,,,,0,stage2,1,0,0,0
U006881,2024-03-23,Paid_Search,Desktop,East,45-54,2024-03,2024-03-23,,,,,,0,stage1,0,0,0,0
U006885,2024-01-18,Social,Mobile,Central,35-44,2024-01,2024-01-18,,,,,,0,stage1,0,0,0,0
U006886,2024-01-12,Social,Desktop,North,35-44,2024-01,2024-01-12,2024-01-12,,,,,0,stage2,1,0,0,0
U006887,2024-02-10,Paid_Search,Desktop,South,25-34,2024-02,2024-02-10,2024-02-10,2024-02-11,,,,0,stage3,1,1,0,0
U006891,2024-02-29,Email,Desktop,West,45-54,2024-02,2024-02-29,2024-03-02,2024-03-03,2024-03-03,2024-03-05,2024-03-07,1,Converted,1,1,1,1
U006894,2024-01-16,Organic,Mobile,South,35-44,2024-01,2024-01-16,,,,,,0,stage1,0,0,0,0
U006896,2024-01-10,Organic,Mobile,West,45-54,2024-01,2024-01-10,,,,,,0,stage1,0,0,0,0
U006897,2024-01-19,Organic,Desktop,West,45-54,2024-01,2024-01-19,2024-01-20,2024-01-22,2024-01-24,,,0,stage4,1,1,1,0
U006900,2024-02-04,Referral,Desktop,Central,45-54,2024-02,2024-02-04,2024-02-06,2024-02-09,2024-02-11,,,0,stage4,1,1,1,0
U006901,2024-02-21,Social,Desktop,East,25-34,2024-02,2024-02-21,2024-02-21,2024-02-23,,,,0,stage3,1,1,0,0
U006904,2024-03-14,Paid_Search,Desktop,Central,25-34,2024-03,2024-03-14,,,,,,0,stage1,0,0,0,0
U006905,2024-02-27,Organic,Mobile,South,25-34,2024-02,2024-02-27,2024-02-27,2024-03-01,,,,0,stage3,1,1,0,0
U006906,2024-02-11,Referral,Desktop,East,25-34,2024-02,2024-02-11,,,,,,0,stage1,0,0,0,0
U006908,2024-01-23,Paid_Search,Mobile,Central,18-24,2024-01,2024-01-23,,,,,,0,stage1,0,0,0,0
U006911,2024-02-22,Email,Mobile,North,55+,2024-02,2024-02-22,,,,,,0,stage1,0,0,0,0
U006912,2024-01-09,Paid_Search,Mobile,East,55+,2024-01,2024-01-09,2024-01-09,,,,,0,stage2,1,0,0,0
U006913,2024-01-02,Organic,Desktop,East,25-34,2024-01,2024-01-02,2024-01-03,2024-01-05,2024-01-07,2024-01-08,2024-01-09,1,Converted,1,1,1,1
U006914,2024-02-17,Organic,Mobile,East,25-34,2024-02,2024-02-17,2024-02-19,,,,,0,stage2,1,0,0,0
U006917,2024-02-23,Referral,Desktop,Central,45-54,2024-02,2024-02-23,,,,,,0,stage1,0,0,0,0
U006919,2024-03-31,Paid_Search,Mobile,West,18-24,2024-03,2024-03-31,2024-04-01,,,,,0,stage2,1,0,0,0
U006922,2024-01-18,Referral,Desktop,West,35-44,2024-01,2024-01-18,2024-01-19,2024-01-21,2024-01-23,,,0,stage4,1,1,1,0
U006924,2024-01-19,Referral,Mobile,East,25-34,2024-01,2024-01-19,2024-01-21,2024-01-22,,,,0,stage3,1,1,0,0
U006925,2024-02-02,Paid_Search,Mobile,South,35-44,2024-02,2024-02-02,2024-02-04,2024-02-06,,,,0,stage3,1,1,0,0
U006926,2024-01-26,Paid_Search,Mobile,South,35-44,2024-01,2024-01-26,,,,,,0,stage1,0,0,0,0
U006927,2024-01-31,Email,Desktop,East,25-34,2024-01,2024-01-31,2024-02-01,,,,,0,stage2,1,0,0,0
U006928,2024-02-29,Paid_Search,Desktop,South,25-34,2024-02,2024-02-29,2024-02-29,,,,,0,stage2,1,0,0,0
U006930,2024-03-05,Social,Mobile,North,35-44,2024-03,2024-03-05,,,,,,0,stage1,0,0,0,0
U006932,2024-02-10,Organic,Mobile,Central,35-44,2024-02,2024-02-10,2024-02-11,,,,,0,stage2,1,0,0,0
U006933,2024-01-20,Referral,Desktop,North,25-34,2024-01,2024-01-20,2024-01-22,2024-01-25,2024-01-25,2024-01-28,2024-01-29,1,Converted,1,1,1,1
U006935,2024-01-15,Email,Desktop,West,45-54,2024-01,2024-01-15,,,,,,0,stage1,0,0,0,0
U006938,2024-01-29,Social,Mobile,West,18-24,2024-01,2024-01-29,2024-01-31,,,,,0,stage2,1,0,0,0
U006940,2024-03-08,Paid_Search,Tablet,Central,25-34,2024-03,2024-03-08,2024-03-10,2024-03-11,,,,0,stage3,1,1,0,0
U006941,2024-01-09,Referral,Mobile,Central,35-44,2024-01,2024-01-09,,,,,,0,stage1,0,0,0,0
U006942,2024-03-27,Organic,Desktop,West,18-24,2024-03,2024-03-27,2024-03-28,,,,,0,stage2,1,0,0,0
U006943,2024-03-07,Paid_Search,Mobile,Central,18-24,2024-03,2024-03-07,2024-03-07,,,,,0,stage2,1,0,0,0
U006944,2024-03-26,Referral,Mobile,East,35-44,2024-03,2024-03-26,2024-03-26,,,,,0,stage2,1,0,0,0
U006945,2024-02-05,Organic,Desktop,East,55+,2024-02,2024-02-05,2024-02-05,2024-02-08,2024-02-10,2024-02-13,2024-02-15,1,Converted,1,1,1,1
U006946,2024-01-16,Referral,Desktop,North,18-24,2024-01,2024-01-16,,,,,,0,stage1,0,0,0,0
U006947,2024-03-01,Paid_Search,Mobile,South,25-34,2024-03,2024-03-01,2024-03-02,,,,,0,stage2,1,0,0,0
U006948,2024-01-19,Paid_Search,Desktop,South,35-44,2024-01,2024-01-19,2024-01-21,,,,,0,stage2,1,0,0,0
U006950,2024-01-10,Paid_Search,Tablet,North,45-54,2024-01,2024-01-10,2024-01-11,2024-01-12,,,,0,stage3,1,1,0,0
U006952,2024-01-21,Referral,Desktop,North,55+,2024-01,2024-01-21,2024-01-23,,,,,0,stage2,1,0,0,0
U006954,2024-02-03,Email,Mobile,Central,35-44,2024-02,2024-02-03,2024-02-04,2024-02-07,2024-02-07,2024-02-08,2024-02-08,1,Converted,1,1,1,1
U006958,2024-03-30,Paid_Search,Desktop,West,25-34,2024-03,2024-03-30,2024-03-31,,,,,0,stage2,1,0,0,0
U006960,2024-02-28,Organic,Mobile,East,25-34,2024-02,2024-02-28,2024-02-28,2024-02-29,,,,0,stage3,1,1,0,0
U006961,2024-01-07,Organic,Desktop,West,18-24,2024-01,2024-01-07,2024-01-07,,,,,0,stage2,1,0,0,0
U006969,2024-01-30,Paid_Search,Mobile,West,45-54,2024-01,2024-01-30,2024-01-31,,,,,0,stage2,1,0,0,0
U006970,2024-01-31,Paid_Search,Mobile,South,18-24,2024-01,2024-01-31,2024-02-02,2024-02-04,,,,0,stage3,1,1,0,0
U006971,2024-03-31,Referral,Desktop,East,35-44,2024-03,2024-03-31,,,,,,0,stage1,0,0,0,0
U006972,2024-02-19,Social,Desktop,North,25-34,2024-02,2024-02-19,2024-02-20,2024-02-22,2024-02-22,2024-02-24,,0,stage5,1,1,1,1
U006973,2024-02-29,Paid_Search,Mobile,North,35-44,2024-02,2024-02-29,2024-02-29,2024-03-03,,,,0,stage3,1,1,0,0
U006974,2024-01-03,Social,Desktop,Central,25-34,2024-01,2024-01-03,,,,,,0,stage1,0,0,0,0
U006975,2024-02-28,Organic,Desktop,North,18-24,2024-02,2024-02-28,2024-02-29,2024-03-03,2024-03-05,2024-03-06,2024-03-06,1,Converted,1,1,1,1
U006976,2024-03-04,Organic,Mobile,East,35-44,2024-03,2024-03-04,2024-03-04,,,,,0,stage2,1,0,0,0
U006977,2024-01-20,Social,Mobile,South,25-34,2024-01,2024-01-20,,,,,,0,stage1,0,0,0,0
U006978,2024-01-15,Organic,Mobile,Central,25-34,2024-01,2024-01-15,2024-01-15,2024-01-17,,,,0,stage3,1,1,0,0
U006979,2024-02-16,Social,Desktop,North,18-24,2024-02,2024-02-16,2024-02-17,2024-02-18,,,,0,stage3,1,1,0,0
U006980,2024-03-21,Referral,Desktop,South,35-44,2024-03,2024-03-21,2024-03-22,2024-03-25,,,,0,stage3,1,1,0,0
U006982,2024-02-03,Referral,Mobile,West,45-54,2024-02,2024-02-03,,,,,,0,stage1,0,0,0,0
U006985,2024-02-01,Paid_Search,Mobile,East,25-34,2024-02,2024-02-01,2024-02-03,2024-02-04,2024-02-04,2024-02-07,2024-02-09,1,Converted,1,1,1,1
U006986,2024-02-22,Social,Mobile,North,55+,2024-02,2024-02-22,,,,,,0,stage1,0,0,0,0
U006990,2024-03-18,Paid_Search,Desktop,East,25-34,2024-03,2024-03-18,,,,,,0,stage1,0,0,0,0
U006995,2024-03-09,Organic,Desktop,Central,25-34,2024-03,2024-03-09,2024-03-10,,,,,0,stage2,1,0,0,0
U007000,2024-02-22,Social,Desktop,Central,35-44,2024-02,2024-02-22,,,,,,0,stage1,0,0,0,0
U007001,2024-02-05,Paid_Search,Mobile,South,35-44,2024-02,2024-02-05,2024-02-07,2024-02-08,2024-02-09,,,0,stage4,1,1,1,0
U007003,2024-02-06,Social,Mobile,West,35-44,2024-02,2024-02-06,,,,,,0,stage1,0,0,0,0
U007004,2024-01-10,Paid_Search,Mobile,West,25-34,2024-01,2024-01-10,2024-01-10,2024-01-13,,,,0,stage3,1,1,0,0
U007006,2024-01-30,Organic,Desktop,West,25-34,2024-01,2024-01-30,2024-01-30,2024-02-01,,,,0,stage3,1,1,0,0
U007007,2024-01-09,Organic,Mobile,South,18-24,2024-01,2024-01-09,2024-01-10,2024-01-12,,,,0,stage3,1,1,0,0
U007010,2024-03-17,Social,Mobile,Central,45-54,2024-03,2024-03-17,2024-03-17,,,,,0,stage2,1,0,0,0
U007011,2024-01-16,Paid_Search,Mobile,East,45-54,2024-01,2024-01-16,,,,,,0,stage1,0,0,0,0
U007012,2024-03-12,Email,Mobile,South,35-44,2024-03,2024-03-12,2024-03-14,2024-03-16,,,,0,stage3,1,1,0,0
U007015,2024-01-12,Organic,Desktop,East,25-34,2024-01,2024-01-12,2024-01-12,2024-01-13,2024-01-14,2024-01-16,2024-01-18,1,Converted,1,1,1,1
U007017,2024-01-14,Referral,Tablet,South,55+,2024-01,2024-01-14,2024-01-16,,,,,0,stage2,1,0,0,0
U007018,2024-03-19,Email,Desktop,Central,35-44,2024-03,2024-03-19,2024-03-19,2024-03-22,2024-03-23,2024-03-24,,0,stage5,1,1,1,1
U007020,2024-02-25,Social,Mobile,North,25-34,2024-02,2024-02-25,2024-02-25,,,,,0,stage2,1,0,0,0
U007021,2024-03-28,Organic,Mobile,Central,25-34,2024-03,2024-03-28,,,,,,0,stage1,0,0,0,0
U007023,2024-01-15,Paid_Search,Mobile,North,18-24,2024-01,2024-01-15,,,,,,0,stage1,0,0,0,0
U007024,2024-01-28,Social,Desktop,South,55+,2024-01,2024-01-28,,,,,,0,stage1,0,0,0,0
U007027,2024-03-14,Email,Tablet,West,35-44,2024-03,2024-03-14,,,,,,0,stage1,0,0,0,0
U007032,2024-02-11,Organic,Desktop,East,55+,2024-02,2024-02-11,2024-02-12,,,,,0,stage2,1,0,0,0
U007034,2024-03-01,Paid_Search,Mobile,West,55+,2024-03,2024-03-01,2024-03-01,,,,,0,stage2,1,0,0,0
U007035,2024-01-04,Organic,Desktop,Central,18-24,2024-01,2024-01-04,2024-01-05,2024-01-08,2024-01-09,,,0,stage4,1,1,1,0
U007036,2024-01-22,Referral,Tablet,North,35-44,2024-01,2024-01-22,2024-01-22,,,,,0,stage2,1,0,0,0
U007038,2024-03-27,Referral,Desktop,West,25-34,2024-03,2024-03-27,2024-03-29,,,,,0,stage2,1,0,0,0
U007042,2024-03-09,Organic,Mobile,North,25-34,2024-03,2024-03-09,2024-03-11,2024-03-13,2024-03-15,2024-03-16,2024-03-16,1,Converted,1,1,1,1
U007043,2024-03-19,Organic,Desktop,West,45-54,2024-03,2024-03-19,,,,,,0,stage1,0,0,0,0
U007046,2024-03-08,Email,Mobile,Central,45-54,2024-03,2024-03-08,2024-03-08,,,,,0,stage2,1,0,0,0
U007048,2024-01-05,Email,Mobile,Central,18-24,2024-01,2024-01-05,2024-01-06,,,,,0,stage2,1,0,0,0
U007049,2024-01-03,Social,Desktop,North,18-24,2024-01,2024-01-03,,,,,,0,stage1,0,0,0,0
U007055,2024-03-11,Organic,Mobile,North,25-34,2024-03,2024-03-11,2024-03-13,2024-03-16,,,,0,stage3,1,1,0,0
U007056,2024-03-21,Paid_Search,Desktop,Central,35-44,2024-03,2024-03-21,2024-03-21,2024-03-23,,,,0,stage3,1,1,0,0
U007057,2024-02-16,Paid_Search,Mobile,Central,55+,2024-02,2024-02-16,,,,,,0,stage1,0,0,0,0
U007058,2024-03-07,Email,Desktop,West,25-34,2024-03,2024-03-07,,,,,,0,stage1,0,0,0,0
U007059,2024-03-11,Social,Mobile,East,18-24,2024-03,2024-03-11,,,,,,0,stage1,0,0,0,0
U007060,2024-03-07,Referral,Mobile,South,55+,2024-03,2024-03-07,2024-03-08,2024-03-09,,,,0,stage3,1,1,0,0
U007061,2024-02-28,Organic,Mobile,East,35-44,2024-02,2024-02-28,2024-03-01,,,,,0,stage2,1,0,0,0
U007062,2024-02-14,Organic,Tablet,South,18-24,2024-02,2024-02-14,2024-02-14,2024-02-17,2024-02-19,2024-02-20,2024-02-20,1,Converted,1,1,1,1
U007063,2024-01-30,Organic,Mobile,Central,25-34,2024-01,2024-01-30,,,,,,0,stage1,0,0,0,0
U007065,2024-01-10,Organic,Desktop,East,18-24,2024-01,2024-01-10,,,,,,0,stage1,0,0,0,0
U007066,2024-02-17,Paid_Search,Desktop,Central,25-34,2024-02,2024-02-17,2024-02-19,2024-02-22,2024-02-23,2024-02-26,,0,stage5,1,1,1,1
U007067,2024-01-11,Paid_Search,Mobile,North,25-34,2024-01,2024-01-11,2024-01-13,2024-01-16,2024-01-16,2024-01-17,2024-01-19,1,Converted,1,1,1,1
U007068,2024-03-07,Email,Mobile,Central,18-24,2024-03,2024-03-07,,,,,,0,stage1,0,0,0,0
U007069,2024-03-06,Organic,Desktop,Central,45-54,2024-03,2024-03-06,,,,,,0,stage1,0,0,0,0
U007070,2024-01-05,Referral,Mobile,West,25-34,2024-01,2024-01-05,2024-01-07,2024-01-09,,,,0,stage3,1,1,0,0
U007072,2024-01-12,Social,Mobile,South,18-24,2024-01,2024-01-12,2024-01-14,2024-01-15,,,,0,stage3,1,1,0,0
U007073,2024-03-30,Email,Desktop,South,18-24,2024-03,2024-03-30,2024-03-30,,,,,0,stage2,1,0,0,0
U007074,2024-01-20,Paid_Search,Desktop,West,45-54,2024-01,2024-01-20,2024-01-22,,,,,0,stage2,1,0,0,0
U007076,2024-01-20,Paid_Search,Desktop,North,25-34,2024-01,2024-01-20,2024-01-20,2024-01-21,,,,0,stage3,1,1,0,0
U007077,2024-03-24,Paid_Search,Desktop,East,35-44,2024-03,2024-03-24,2024-03-26,,,,,0,stage2,1,0,0,0
U007083,2024-03-13,Email,Mobile,Central,35-44,2024-03,2024-03-13,,,,,,0,stage1,0,0,0,0
U007084,2024-02-06,Organic,Mobile,West,55+,2024-02,2024-02-06,,,,,,0,stage1,0,0,0,0
U007085,2024-01-07,Referral,Mobile,West,45-54,2024-01,2024-01-07,,,,,,0,stage1,0,0,0,0
U007086,2024-03-24,Referral,Mobile,West,25-34,2024-03,2024-03-24,,,,,,0,stage1,0,0,0,0
U007088,2024-03-26,Paid_Search,Mobile,Central,35-44,2024-03,2024-03-26,2024-03-27,2024-03-30,2024-03-31,2024-04-04,2024-04-05,1,Converted,1,1,1,1
U007090,2024-01-12,Paid_Search,Mobile,West,25-34,2024-01,2024-01-12,2024-01-13,2024-01-14,,,,0,stage3,1,1,0,0
U007092,2024-01-07,Organic,Mobile,Central,25-34,2024-01,2024-01-07,2024-01-07,,,,,0,stage2,1,0,0,0
U007097,2024-01-20,Organic,Mobile,East,35-44,2024-01,2024-01-20,2024-01-20,2024-01-23,,,,0,stage3,1,1,0,0
U007099,2024-02-01,Organic,Mobile,South,18-24,2024-02,2024-02-01,,,,,,0,stage1,0,0,0,0
U007101,2024-01-14,Organic,Desktop,Central,25-34,2024-01,2024-01-14,2024-01-16,,,,,0,stage2,1,0,0,0
U007105,2024-02-19,Paid_Search,Mobile,West,25-34,2024-02,2024-02-19,2024-02-21,,,,,0,stage2,1,0,0,0
U007106,2024-03-16,Organic,Desktop,West,18-24,2024-03,2024-03-16,2024-03-16,2024-03-18,2024-03-18,,,0,stage4,1,1,1,0
U007108,2024-02-29,Social,Desktop,Central,25-34,2024-02,2024-02-29,2024-03-01,2024-03-03,,,,0,stage3,1,1,0,0
U007109,2024-01-30,Paid_Search,Tablet,West,35-44,2024-01,2024-01-30,2024-02-01,2024-02-02,,,,0,stage3,1,1,0,0
U007112,2024-03-31,Referral,Mobile,South,25-34,2024-03,2024-03-31,,,,,,0,stage1,0,0,0,0
U007119,2024-02-02,Paid_Search,Mobile,West,35-44,2024-02,2024-02-02,2024-02-04,2024-02-05,,,,0,stage3,1,1,0,0
U007122,2024-02-05,Email,Desktop,East,45-54,2024-02,2024-02-05,2024-02-07,2024-02-09,,,,0,stage3,1,1,0,0
U007123,2024-03-14,Paid_Search,Desktop,South,18-24,2024-03,2024-03-14,,,,,,0,stage1,0,0,0,0
U007124,2024-03-28,Organic,Mobile,East,55+,2024-03,2024-03-28,2024-03-29,2024-03-30,,,,0,stage3,1,1,0,0
U007125,2024-01-21,Email,Desktop,North,45-54,2024-01,2024-01-21,,,,,,0,stage1,0,0,0,0
U007127,2024-02-20,Referral,Mobile,Central,35-44,2024-02,2024-02-20,,,,,,0,stage1,0,0,0,0
U007128,2024-02-16,Organic,Mobile,West,25-34,2024-02,2024-02-16,2024-02-17,2024-02-18,,,,0,stage3,1,1,0,0
U007129,2024-02-12,Paid_Search,Mobile,East,25-34,2024-02,2024-02-12,,,,,,0,stage1,0,0,0,0
U007130,2024-01-31,Paid_Search,Desktop,North,25-34,2024-01,2024-01-31,,,,,,0,stage1,0,0,0,0
U007134,2024-01-26,Referral,Mobile,South,45-54,2024-01,2024-01-26,2024-01-26,2024-01-27,,,,0,stage3,1,1,0,0
U007136,2024-01-07,Referral,Desktop,South,35-44,2024-01,2024-01-07,2024-01-09,2024-01-10,,,,0,stage3,1,1,0,0
U007137,2024-01-19,Organic,Desktop,East,35-44,2024-01,2024-01-19,2024-01-19,2024-01-22,,,,0,stage3,1,1,0,0
U007141,2024-03-16,Organic,Mobile,South,35-44,2024-03,2024-03-16,,,,,,0,stage1,0,0,0,0
U007142,2024-01-31,Referral,Mobile,West,18-24,2024-01,2024-01-31,2024-02-01,2024-02-03,2024-02-05,2024-02-06,2024-02-08,1,Converted,1,1,1,1
U007143,2024-01-12,Organic,Tablet,Central,55+,2024-01,2024-01-12,2024-01-12,,,,,0,stage2,1,0,0,0
U007144,2024-03-31,Social,Desktop,East,45-54,2024-03,2024-03-31,2024-04-01,2024-04-03,2024-04-05,,,0,stage4,1,1,1,0
U007147,2024-03-15,Social,Mobile,South,25-34,2024-03,2024-03-15,,,,,,0,stage1,0,0,0,0
U007149,2024-02-04,Referral,Mobile,West,35-44,2024-02,2024-02-04,2024-02-06,,,,,0,stage2,1,0,0,0
U007150,2024-02-16,Referral,Desktop,East,35-44,2024-02,2024-02-16,2024-02-18,2024-02-21,,,,0,stage3,1,1,0,0
U007152,2024-01-22,Paid_Search,Mobile,South,18-24,2024-01,2024-01-22,2024-01-22,2024-01-23,,,,0,stage3,1,1,0,0
U007157,2024-02-15,Organic,Mobile,North,55+,2024-02,2024-02-15,,,,,,0,stage1,0,0,0,0
U007160,2024-03-17,Referral,Mobile,North,45-54,2024-03,2024-03-17,2024-03-18,2024-03-20,,,,0,stage3,1,1,0,0
U007161,2024-01-13,Email,Desktop,North,25-34,2024-01,2024-01-13,,,,,,0,stage1,0,0,0,0
U007164,2024-03-14,Referral,Mobile,Central,25-34,2024-03,2024-03-14,,,,,,0,stage1,0,0,0,0
U007165,2024-03-23,Social,Mobile,West,18-24,2024-03,2024-03-23,2024-03-24,,,,,0,stage2,1,0,0,0
U007166,2024-03-22,Organic,Mobile,South,18-24,2024-03,2024-03-22,,,,,,0,stage1,0,0,0,0
U007167,2024-02-15,Email,Mobile,East,35-44,2024-02,2024-02-15,2024-02-15,2024-02-16,2024-02-18,2024-02-20,2024-02-21,1,Converted,1,1,1,1
U007169,2024-03-12,Email,Tablet,North,35-44,2024-03,2024-03-12,2024-03-14,2024-03-17,,,,0,stage3,1,1,0,0
U007170,2024-03-21,Organic,Mobile,East,25-34,2024-03,2024-03-21,,,,,,0,stage1,0,0,0,0
U007171,2024-01-26,Paid_Search,Mobile,East,18-24,2024-01,2024-01-26,,,,,,0,stage1,0,0,0,0
U007172,2024-03-29,Social,Mobile,Central,35-44,2024-03,2024-03-29,,,,,,0,stage1,0,0,0,0
U007173,2024-03-13,Email,Desktop,East,18-24,2024-03,2024-03-13,,,,,,0,stage1,0,0,0,0
U007174,2024-02-12,Email,Mobile,South,35-44,2024-02,2024-02-12,,,,,,0,stage1,0,0,0,0
U007175,2024-01-31,Organic,Desktop,Central,35-44,2024-01,2024-01-31,2024-02-01,,,,,0,stage2,1,0,0,0
U007176,2024-03-11,Organic,Mobile,North,35-44,2024-03,2024-03-11,2024-03-12,,,,,0,stage2,1,0,0,0
U007178,2024-01-28,Organic,Mobile,East,25-34,2024-01,2024-01-28,,,,,,0,stage1,0,0,0,0
U007179,2024-02-29,Organic,Mobile,North,18-24,2024-02,2024-02-29,,,,,,0,stage1,0,0,0,0
U007181,2024-03-12,Social,Mobile,Central,25-34,2024-03,2024-03-12,2024-03-12,,,,,0,stage2,1,0,0,0
U007182,2024-01-25,Email,Mobile,West,25-34,2024-01,2024-01-25,2024-01-25,,,,,0,stage2,1,0,0,0
U007187,2024-02-22,Organic,Desktop,East,35-44,2024-02,2024-02-22,2024-02-23,2024-02-26,,,,0,stage3,1,1,0,0
U007192,2024-03-16,Organic,Mobile,East,55+,2024-03,2024-03-16,2024-03-16,2024-03-19,,,,0,stage3,1,1,0,0
U007194,2024-01-31,Paid_Search,Desktop,Central,25-34,2024-01,2024-01-31,2024-02-01,,,,,0,stage2,1,0,0,0
U007196,2024-03-08,Referral,Mobile,North,25-34,2024-03,2024-03-08,,,,,,0,stage1,0,0,0,0
U007197,2024-01-23,Email,Mobile,Central,25-34,2024-01,2024-01-23,,,,,,0,stage1,0,0,0,0
U007198,2024-02-05,Paid_Search,Mobile,South,18-24,2024-02,2024-02-05,2024-02-06,2024-02-09,,,,0,stage3,1,1,0,0
U007200,2024-01-20,Social,Desktop,South,35-44,2024-01,2024-01-20,2024-01-21,2024-01-22,2024-01-24,,,0,stage4,1,1,1,0
U007201,2024-03-26,Organic,Desktop,North,25-34,2024-03,2024-03-26,2024-03-27,,,,,0,stage2,1,0,0,0
U007206,2024-01-26,Referral,Desktop,North,35-44,2024-01,2024-01-26,2024-01-28,2024-01-31,2024-02-01,2024-02-03,2024-02-05,1,Converted,1,1,1,1
U007208,2024-01-10,Organic,Desktop,South,18-24,2024-01,2024-01-10,2024-01-12,2024-01-15,2024-01-15,,,0,stage4,1,1,1,0
U007209,2024-03-03,Email,Mobile,East,35-44,2024-03,2024-03-03,2024-03-03,,,,,0,stage2,1,0,0,0
U007212,2024-02-26,Social,Desktop,South,35-44,2024-02,2024-02-26,2024-02-28,2024-02-29,,,,0,stage3,1,1,0,0
U007213,2024-03-08,Paid_Search,Desktop,Central,25-34,2024-03,2024-03-08,2024-03-09,2024-03-10,2024-03-11,,,0,stage4,1,1,1,0
U007214,2024-02-17,Paid_Search,Desktop,West,25-34,2024-02,2024-02-17,2024-02-19,2024-02-21,2024-02-22,2024-02-24,2024-02-24,1,Converted,1,1,1,1
U007220,2024-01-10,Organic,Mobile,West,45-54,2024-01,2024-01-10,,,,,,0,stage1,0,0,0,0
U007224,2024-03-30,Organic,Mobile,South,25-34,2024-03,2024-03-30,,,,,,0,stage1,0,0,0,0
U007227,2024-03-17,Referral,Mobile,South,35-44,2024-03,2024-03-17,2024-03-17,,,,,0,stage2,1,0,0,0
U007228,2024-03-15,Referral,Mobile,North,35-44,2024-03,2024-03-15,,,,,,0,stage1,0,0,0,0
U007232,2024-01-25,Paid_Search,Mobile,North,45-54,2024-01,2024-01-25,2024-01-25,,,,,0,stage2,1,0,0,0
U007233,2024-01-29,Organic,Mobile,West,18-24,2024-01,2024-01-29,2024-01-30,,,,,0,stage2,1,0,0,0
U007235,2024-03-24,Paid_Search,Desktop,West,45-54,2024-03,2024-03-24,2024-03-24,,,,,0,stage2,1,0,0,0
U007237,2024-01-30,Referral,Mobile,Central,35-44,2024-01,2024-01-30,2024-01-30,2024-02-01,2024-02-02,2024-02-03,2024-02-04,1,Converted,1,1,1,1
U007241,2024-03-15,Email,Desktop,East,18-24,2024-03,2024-03-15,2024-03-16,2024-03-19,,,,0,stage3,1,1,0,0
U007242,2024-02-25,Paid_Search,Desktop,West,35-44,2024-02,2024-02-25,,,,,,0,stage1,0,0,0,0
U007244,2024-03-23,Organic,Desktop,North,35-44,2024-03,2024-03-23,2024-03-24,2024-03-27,2024-03-28,,,0,stage4,1,1,1,0
U007246,2024-01-14,Organic,Mobile,Central,55+,2024-01,2024-01-14,,,,,,0,stage1,0,0,0,0
U007247,2024-03-09,Social,Desktop,Central,35-44,2024-03,2024-03-09,,,,,,0,stage1,0,0,0,0
U007249,2024-02-26,Paid_Search,Tablet,North,25-34,2024-02,2024-02-26,2024-02-27,,,,,0,stage2,1,0,0,0
U007251,2024-03-19,Paid_Search,Mobile,East,45-54,2024-03,2024-03-19,2024-03-20,2024-03-22,,,,0,stage3,1,1,0,0
U007252,2024-02-26,Email,Desktop,South,35-44,2024-02,2024-02-26,,,,,,0,stage1,0,0,0,0
U007254,2024-02-12,Referral,Mobile,East,25-34,2024-02,2024-02-12,2024-02-14,,,,,0,stage2,1,0,0,0
U007255,2024-02-22,Paid_Search,Mobile,Central,18-24,2024-02,2024-02-22,,,,,,0,stage1,0,0,0,0
U007260,2024-01-06,Referral,Desktop,Central,35-44,2024-01,2024-01-06,,,,,,0,stage1,0,0,0,0
U007261,2024-01-06,Paid_Search,Mobile,West,18-24,2024-01,2024-01-06,2024-01-07,,,,,0,stage2,1,0,0,0
U007262,2024-01-24,Paid_Search,Tablet,Central,35-44,2024-01,2024-01-24,2024-01-26,,,,,0,stage2,1,0,0,0
U007263,2024-03-26,Paid_Search,Mobile,West,35-44,2024-03,2024-03-26,2024-03-27,,,,,0,stage2,1,0,0,0
U007267,2024-02-20,Paid_Search,Mobile,West,18-24,2024-02,2024-02-20,2024-02-20,2024-02-23,,,,0,stage3,1,1,0,0
U007269,2024-02-28,Email,Desktop,North,25-34,2024-02,2024-02-28,2024-02-29,2024-03-01,2024-03-02,,,0,stage4,1,1,1,0
U007270,2024-03-25,Organic,Tablet,North,35-44,2024-03,2024-03-25,,,,,,0,stage1,0,0,0,0
U007272,2024-02-25,Organic,Desktop,North,25-34,2024-02,2024-02-25,2024-02-27,2024-03-01,,,,0,stage3,1,1,0,0
U007273,2024-03-04,Paid_Search,Desktop,South,55+,2024-03,2024-03-04,2024-03-04,2024-03-05,,,,0,stage3,1,1,0,0
U007274,2024-01-06,Social,Desktop,East,25-34,2024-01,2024-01-06,2024-01-08,,,,,0,stage2,1,0,0,0
U007275,2024-01-27,Paid_Search,Mobile,East,35-44,2024-01,2024-01-27,,,,,,0,stage1,0,0,0,0
U007278,2024-01-11,Paid_Search,Mobile,South,18-24,2024-01,2024-01-11,2024-01-11,,,,,0,stage2,1,0,0,0
U007279,2024-03-13,Paid_Search,Desktop,Central,35-44,2024-03,2024-03-13,2024-03-14,,,,,0,stage2,1,0,0,0
U007280,2024-01-07,Organic,Mobile,West,18-24,2024-01,2024-01-07,,,,,,0,stage1,0,0,0,0
U007281,2024-02-28,Organic,Mobile,South,55+,2024-02,2024-02-28,,,,,,0,stage1,0,0,0,0
U007284,2024-01-09,Paid_Search,Desktop,South,18-24,2024-01,2024-01-09,2024-01-10,,,,,0,stage2,1,0,0,0
U007285,2024-02-01,Social,Mobile,Central,25-34,2024-02,2024-02-01,2024-02-02,2024-02-05,,,,0,stage3,1,1,0,0
U007287,2024-03-10,Referral,Mobile,North,18-24,2024-03,2024-03-10,2024-03-10,2024-03-11,,,,0,stage3,1,1,0,0
U007288,2024-01-19,Social,Mobile,Central,35-44,2024-01,2024-01-19,2024-01-21,,,,,0,stage2,1,0,0,0
U007291,2024-02-08,Organic,Desktop,East,18-24,2024-02,2024-02-08,2024-02-08,2024-02-11,2024-02-13,2024-02-17,2024-02-17,1,Converted,1,1,1,1
U007293,2024-03-20,Referral,Desktop,East,55+,2024-03,2024-03-20,2024-03-21,2024-03-23,2024-03-25,2024-03-26,2024-03-27,1,Converted,1,1,1,1
U007294,2024-03-11,Organic,Mobile,Central,55+,2024-03,2024-03-11,,,,,,0,stage1,0,0,0,0
U007299,2024-03-15,Organic,Mobile,Central,25-34,2024-03,2024-03-15,2024-03-16,,,,,0,stage2,1,0,0,0
U007300,2024-01-24,Organic,Mobile,Central,25-34,2024-01,2024-01-24,2024-01-24,,,,,0,stage2,1,0,0,0
U007309,2024-02-29,Organic,Mobile,East,45-54,2024-02,2024-02-29,,,,,,0,stage1,0,0,0,0
U007314,2024-02-23,Paid_Search,Desktop,North,18-24,2024-02,2024-02-23,,,,,,0,stage1,0,0,0,0
U007316,2024-02-06,Email,Mobile,West,35-44,2024-02,2024-02-06,2024-02-07,2024-02-10,2024-02-11,2024-02-13,,0,stage5,1,1,1,1
U007317,2024-01-16,Organic,Mobile,West,18-24,2024-01,2024-01-16,2024-01-17,2024-01-19,,,,0,stage3,1,1,0,0
U007319,2024-03-27,Social,Mobile,South,35-44,2024-03,2024-03-27,2024-03-27,2024-03-28,2024-03-29,,,0,stage4,1,1,1,0
U007323,2024-03-09,Social,Desktop,South,25-34,2024-03,2024-03-09,2024-03-11,2024-03-12,2024-03-14,2024-03-18,2024-03-20,1,Converted,1,1,1,1
U007325,2024-03-01,Referral,Desktop,Central,18-24,2024-03,2024-03-01,2024-03-02,2024-03-04,2024-03-06,2024-03-10,2024-03-12,1,Converted,1,1,1,1
U007328,2024-01-20,Paid_Search,Desktop,Central,25-34,2024-01,2024-01-20,2024-01-21,,,,,0,stage2,1,0,0,0
U007329,2024-02-02,Referral,Desktop,South,18-24,2024-02,2024-02-02,,,,,,0,stage1,0,0,0,0
U007330,2024-01-04,Organic,Desktop,Central,25-34,2024-01,2024-01-04,2024-01-04,2024-01-07,,,,0,stage3,1,1,0,0
U007331,2024-02-01,Organic,Mobile,East,45-54,2024-02,2024-02-01,2024-02-01,2024-02-02,2024-02-03,2024-02-04,,0,stage5,1,1,1,1
U007332,2024-01-10,Organic,Desktop,West,55+,2024-01,2024-01-10,2024-01-11,2024-01-13,2024-01-13,,,0,stage4,1,1,1,0
U007336,2024-02-05,Paid_Search,Mobile,North,25-34,2024-02,2024-02-05,,,,,,0,stage1,0,0,0,0
U007339,2024-03-16,Referral,Desktop,West,35-44,2024-03,2024-03-16,2024-03-16,2024-03-18,,,,0,stage3,1,1,0,0
U007340,2024-03-16,Email,Mobile,North,25-34,2024-03,2024-03-16,,,,,,0,stage1,0,0,0,0
U007343,2024-03-23,Organic,Mobile,East,55+,2024-03,2024-03-23,,,,,,0,stage1,0,0,0,0
U007347,2024-02-06,Social,Tablet,East,25-34,2024-02,2024-02-06,2024-02-07,2024-02-10,,,,0,stage3,1,1,0,0
U007352,2024-02-04,Referral,Mobile,South,18-24,2024-02,2024-02-04,,,,,,0,stage1,0,0,0,0
U007353,2024-02-12,Referral,Desktop,North,45-54,2024-02,2024-02-12,2024-02-14,2024-02-17,,,,0,stage3,1,1,0,0
U007355,2024-02-15,Paid_Search,Tablet,East,35-44,2024-02,2024-02-15,2024-02-15,2024-02-17,,,,0,stage3,1,1,0,0
U007356,2024-01-18,Email,Mobile,West,35-44,2024-01,2024-01-18,,,,,,0,stage1,0,0,0,0
U007357,2024-01-02,Organic,Mobile,South,35-44,2024-01,2024-01-02,2024-01-03,2024-01-06,,,,0,stage3,1,1,0,0
U007358,2024-02-18,Organic,Desktop,West,45-54,2024-02,2024-02-18,2024-02-18,2024-02-21,2024-02-21,2024-02-25,2024-02-26,1,Converted,1,1,1,1
U007359,2024-01-25,Organic,Mobile,North,18-24,2024-01,2024-01-25,,,,,,0,stage1,0,0,0,0
U007360,2024-01-16,Email,Desktop,South,55+,2024-01,2024-01-16,,,,,,0,stage1,0,0,0,0
U007364,2024-01-18,Organic,Mobile,West,25-34,2024-01,2024-01-18,2024-01-19,,,,,0,stage2,1,0,0,0
U007366,2024-02-27,Social,Mobile,North,18-24,2024-02,2024-02-27,,,,,,0,stage1,0,0,0,0
U007367,2024-03-29,Organic,Desktop,West,35-44,2024-03,2024-03-29,,,,,,0,stage1,0,0,0,0
U007369,2024-02-19,Organic,Desktop,South,45-54,2024-02,2024-02-19,2024-02-20,,,,,0,stage2,1,0,0,0
U007370,2024-03-13,Email,Desktop,East,25-34,2024-03,2024-03-13,2024-03-14,2024-03-17,2024-03-19,2024-03-22,2024-03-23,1,Converted,1,1,1,1
U007372,2024-03-06,Paid_Search,Desktop,East,35-44,2024-03,2024-03-06,,,,,,0,stage1,0,0,0,0
U007375,2024-02-09,Social,Desktop,Central,45-54,2024-02,2024-02-09,,,,,,0,stage1,0,0,0,0
U007376,2024-01-27,Paid_Search,Desktop,North,55+,2024-01,2024-01-27,,,,,,0,stage1,0,0,0,0
U007377,2024-02-25,Social,Mobile,East,25-34,2024-02,2024-02-25,2024-02-26,,,,,0,stage2,1,0,0,0
U007378,2024-02-15,Organic,Tablet,East,55+,2024-02,2024-02-15,,,,,,0,stage1,0,0,0,0
U007379,2024-03-08,Organic,Mobile,Central,45-54,2024-03,2024-03-08,2024-03-10,2024-03-11,,,,0,stage3,1,1,0,0
U007380,2024-02-02,Paid_Search,Mobile,West,35-44,2024-02,2024-02-02,2024-02-04,,,,,0,stage2,1,0,0,0
U007382,2024-03-25,Email,Desktop,East,45-54,2024-03,2024-03-25,2024-03-27,2024-03-30,,,,0,stage3,1,1,0,0
U007386,2024-01-24,Referral,Desktop,Central,25-34,2024-01,2024-01-24,2024-01-26,2024-01-27,,,,0,stage3,1,1,0,0
U007387,2024-02-06,Social,Mobile,Central,45-54,2024-02,2024-02-06,,,,,,0,stage1,0,0,0,0
U007388,2024-02-12,Referral,Desktop,Central,45-54,2024-02,2024-02-12,2024-02-13,2024-02-14,2024-02-15,,,0,stage4,1,1,1,0
U007389,2024-01-20,Email,Desktop,West,55+,2024-01,2024-01-20,2024-01-20,,,,,0,stage2,1,0,0,0
U007390,2024-02-05,Paid_Search,Desktop,South,35-44,2024-02,2024-02-05,2024-02-07,2024-02-09,2024-02-10,2024-02-14,2024-02-15,1,Converted,1,1,1,1
U007391,2024-03-18,Paid_Search,Desktop,North,35-44,2024-03,2024-03-18,2024-03-20,2024-03-21,,,,0,stage3,1,1,0,0
U007392,2024-03-02,Social,Mobile,North,55+,2024-03,2024-03-02,,,,,,0,stage1,0,0,0,0
U007399,2024-01-21,Social,Desktop,Central,35-44,2024-01,2024-01-21,,,,,,0,stage1,0,0,0,0
U007401,2024-02-24,Social,Mobile,South,35-44,2024-02,2024-02-24,2024-02-24,2024-02-27,,,,0,stage3,1,1,0,0
U007402,2024-03-12,Organic,Mobile,East,55+,2024-03,2024-03-12,,,,,,0,stage1,0,0,0,0
U007403,2024-02-06,Email,Desktop,East,55+,2024-02,2024-02-06,2024-02-07,2024-02-10,2024-02-11,,,0,stage4,1,1,1,0
U007405,2024-03-05,Paid_Search,Mobile,East,25-34,2024-03,2024-03-05,,,,,,0,stage1,0,0,0,0
U007412,2024-01-02,Paid_Search,Desktop,East,18-24,2024-01,2024-01-02,2024-01-04,2024-01-06,2024-01-07,2024-01-08,2024-01-09,1,Converted,1,1,1,1
U007413,2024-03-05,Organic,Desktop,North,35-44,2024-03,2024-03-05,,,,,,0,stage1,0,0,0,0
U007415,2024-03-11,Organic,Desktop,West,18-24,2024-03,2024-03-11,2024-03-13,2024-03-15,,,,0,stage3,1,1,0,0
U007418,2024-03-11,Paid_Search,Mobile,North,18-24,2024-03,2024-03-11,2024-03-13,2024-03-14,2024-03-16,2024-03-17,2024-03-19,1,Converted,1,1,1,1
U007422,2024-01-10,Organic,Mobile,West,18-24,2024-01,2024-01-10,2024-01-11,2024-01-12,,,,0,stage3,1,1,0,0
U007424,2024-02-09,Email,Mobile,East,18-24,2024-02,2024-02-09,2024-02-11,,,,,0,stage2,1,0,0,0
U007425,2024-02-15,Organic,Desktop,West,25-34,2024-02,2024-02-15,2024-02-15,2024-02-16,2024-02-17,2024-02-18,2024-02-18,1,Converted,1,1,1,1
U007428,2024-01-16,Referral,Desktop,South,18-24,2024-01,2024-01-16,,,,,,0,stage1,0,0,0,0
U007429,2024-03-21,Organic,Mobile,North,25-34,2024-03,2024-03-21,2024-03-21,,,,,0,stage2,1,0,0,0
U007431,2024-02-19,Social,Mobile,South,18-24,2024-02,2024-02-19,,,,,,0,stage1,0,0,0,0
U007434,2024-01-05,Organic,Desktop,South,25-34,2024-01,2024-01-05,2024-01-06,2024-01-09,2024-01-10,2024-01-12,2024-01-14,1,Converted,1,1,1,1
U007436,2024-01-04,Referral,Tablet,North,45-54,2024-01,2024-01-04,2024-01-06,2024-01-08,,,,0,stage3,1,1,0,0
U007439,2024-03-09,Email,Tablet,North,25-34,2024-03,2024-03-09,2024-03-09,2024-03-10,,,,0,stage3,1,1,0,0
U007441,2024-01-12,Organic,Desktop,East,35-44,2024-01,2024-01-12,,,,,,0,stage1,0,0,0,0
U007442,2024-03-11,Email,Desktop,South,25-34,2024-03,2024-03-11,2024-03-13,,,,,0,stage2,1,0,0,0
U007443,2024-02-20,Referral,Mobile,South,18-24,2024-02,2024-02-20,,,,,,0,stage1,0,0,0,0
U007446,2024-02-14,Referral,Mobile,South,18-24,2024-02,2024-02-14,2024-02-16,2024-02-19,,,,0,stage3,1,1,0,0
U007447,2024-01-01,Organic,Desktop,South,55+,2024-01,2024-01-01,2024-01-02,2024-01-04,,,,0,stage3,1,1,0,0
U007452,2024-01-30,Organic,Mobile,East,25-34,2024-01,2024-01-30,2024-01-30,2024-01-31,2024-02-02,,,0,stage4,1,1,1,0
U007453,2024-01-23,Paid_Search,Mobile,Central,25-34,2024-01,2024-01-23,2024-01-23,,,,,0,stage2,1,0,0,0
U007454,2024-03-22,Referral,Desktop,North,45-54,2024-03,2024-03-22,2024-03-24,2024-03-27,2024-03-27,,,0,stage4,1,1,1,0
U007455,2024-02-13,Referral,Desktop,West,18-24,2024-02,2024-02-13,2024-02-13,2024-02-14,2024-02-16,2024-02-19,,0,stage5,1,1,1,1
U007458,2024-02-03,Paid_Search,Desktop,North,55+,2024-02,2024-02-03,2024-02-04,2024-02-05,,,,0,stage3,1,1,0,0
U007461,2024-03-21,Organic,Mobile,West,45-54,2024-03,2024-03-21,,,,,,0,stage1,0,0,0,0
U007463,2024-03-16,Paid_Search,Mobile,South,45-54,2024-03,2024-03-16,,,,,,0,stage1,0,0,0,0
U007464,2024-03-07,Email,Mobile,South,18-24,2024-03,2024-03-07,,,,,,0,stage1,0,0,0,0
U007466,2024-03-08,Paid_Search,Mobile,South,45-54,2024-03,2024-03-08,2024-03-08,2024-03-10,,,,0,stage3,1,1,0,0
U007467,2024-03-31,Organic,Mobile,South,45-54,2024-03,2024-03-31,2024-04-02,,,,,0,stage2,1,0,0,0
U007469,2024-03-30,Organic,Mobile,West,25-34,2024-03,2024-03-30,2024-04-01,,,,,0,stage2,1,0,0,0
U007476,2024-03-14,Paid_Search,Mobile,South,35-44,2024-03,2024-03-14,,,,,,0,stage1,0,0,0,0
U007477,2024-02-23,Email,Tablet,East,55+,2024-02,2024-02-23,2024-02-24,2024-02-27,,,,0,stage3,1,1,0,0
U007479,2024-03-09,Social,Desktop,East,35-44,2024-03,2024-03-09,,,,,,0,stage1,0,0,0,0
U007480,2024-01-24,Referral,Desktop,East,25-34,2024-01,2024-01-24,,,,,,0,stage1,0,0,0,0
U007482,2024-02-25,Email,Desktop,North,55+,2024-02,2024-02-25,2024-02-26,2024-02-28,2024-02-28,,,0,stage4,1,1,1,0
U007483,2024-01-30,Organic,Desktop,South,18-24,2024-01,2024-01-30,,,,,,0,stage1,0,0,0,0
U007486,2024-02-17,Social,Mobile,East,55+,2024-02,2024-02-17,,,,,,0,stage1,0,0,0,0
U007489,2024-03-23,Email,Mobile,South,25-34,2024-03,2024-03-23,2024-03-24,,,,,0,stage2,1,0,0,0
U007492,2024-01-09,Organic,Mobile,East,18-24,2024-01,2024-01-09,2024-01-10,,,,,0,stage2,1,0,0,0
U007496,2024-01-03,Paid_Search,Mobile,South,25-34,2024-01,2024-01-03,,,,,,0,stage1,0,0,0,0
U007497,2024-02-10,Organic,Mobile,Central,18-24,2024-02,2024-02-10,2024-02-11,2024-02-13,,,,0,stage3,1,1,0,0
U007498,2024-03-26,Paid_Search,Mobile,North,35-44,2024-03,2024-03-26,2024-03-27,,,,,0,stage2,1,0,0,0
U007500,2024-02-17,Organic,Desktop,North,45-54,2024-02,2024-02-17,,,,,,0,stage1,0,0,0,0
U007502,2024-02-11,Referral,Mobile,North,25-34,2024-02,2024-02-11,,,,,,0,stage1,0,0,0,0
U007504,2024-02-17,Referral,Desktop,East,35-44,2024-02,2024-02-17,2024-02-17,,,,,0,stage2,1,0,0,0
U007508,2024-03-03,Paid_Search,Desktop,East,35-44,2024-03,2024-03-03,2024-03-04,2024-03-07,,,,0,stage3,1,1,0,0
U007510,2024-03-27,Referral,Mobile,North,25-34,2024-03,2024-03-27,,,,,,0,stage1,0,0,0,0
U007513,2024-03-17,Organic,Desktop,West,35-44,2024-03,2024-03-17,2024-03-17,,,,,0,stage2,1,0,0,0
U007514,2024-02-29,Organic,Tablet,North,25-34,2024-02,2024-02-29,2024-03-02,2024-03-03,2024-03-04,2024-03-08,,0,stage5,1,1,1,1
U007515,2024-03-09,Social,Mobile,South,35-44,2024-03,2024-03-09,2024-03-11,,,,,0,stage2,1,0,0,0
U007520,2024-02-05,Paid_Search,Desktop,West,45-54,2024-02,2024-02-05,,,,,,0,stage1,0,0,0,0
U007521,2024-02-03,Social,Desktop,South,35-44,2024-02,2024-02-03,,,,,,0,stage1,0,0,0,0
U007523,2024-01-14,Organic,Mobile,North,35-44,2024-01,2024-01-14,2024-01-14,2024-01-16,,,,0,stage3,1,1,0,0
U007524,2024-02-06,Social,Desktop,East,45-54,2024-02,2024-02-06,,,,,,0,stage1,0,0,0,0
U007525,2024-03-29,Email,Mobile,North,18-24,2024-03,2024-03-29,,,,,,0,stage1,0,0,0,0
U007528,2024-02-12,Social,Desktop,North,18-24,2024-02,2024-02-12,2024-02-13,,,,,0,stage2,1,0,0,0
U007529,2024-01-01,Paid_Search,Tablet,West,25-34,2024-01,2024-01-01,2024-01-03,,,,,0,stage2,1,0,0,0
U007530,2024-02-07,Paid_Search,Desktop,East,18-24,2024-02,2024-02-07,2024-02-07,2024-02-08,2024-02-09,,,0,stage4,1,1,1,0
U007531,2024-03-19,Referral,Tablet,Central,25-34,2024-03,2024-03-19,2024-03-19,,,,,0,stage2,1,0,0,0
U007532,2024-02-17,Organic,Tablet,East,55+,2024-02,2024-02-17,,,,,,0,stage1,0,0,0,0
U007533,2024-03-01,Referral,Mobile,East,35-44,2024-03,2024-03-01,,,,,,0,stage1,0,0,0,0
U007534,2024-02-22,Organic,Mobile,Central,55+,2024-02,2024-02-22,2024-02-23,,,,,0,stage2,1,0,0,0
U007535,2024-01-24,Organic,Desktop,South,55+,2024-01,2024-01-24,2024-01-26,2024-01-27,2024-01-27,2024-01-30,2024-01-30,1,Converted,1,1,1,1
U007537,2024-02-10,Social,Mobile,West,25-34,2024-02,2024-02-10,,,,,,0,stage1,0,0,0,0
U007538,2024-03-29,Paid_Search,Mobile,South,35-44,2024-03,2024-03-29,2024-03-29,,,,,0,stage2,1,0,0,0
U007542,2024-02-02,Organic,Mobile,West,18-24,2024-02,2024-02-02,2024-02-03,,,,,0,stage2,1,0,0,0
U007543,2024-02-04,Organic,Desktop,North,35-44,2024-02,2024-02-04,,,,,,0,stage1,0,0,0,0
U007545,2024-03-24,Organic,Desktop,West,55+,2024-03,2024-03-24,2024-03-25,,,,,0,stage2,1,0,0,0
U007548,2024-01-19,Organic,Mobile,Central,18-24,2024-01,2024-01-19,,,,,,0,stage1,0,0,0,0
U007549,2024-03-29,Social,Mobile,North,35-44,2024-03,2024-03-29,2024-03-30,,,,,0,stage2,1,0,0,0
U007551,2024-02-15,Organic,Mobile,South,18-24,2024-02,2024-02-15,,,,,,0,stage1,0,0,0,0
U007552,2024-03-01,Social,Desktop,East,35-44,2024-03,2024-03-01,2024-03-02,,,,,0,stage2,1,0,0,0
U007554,2024-01-01,Referral,Desktop,South,45-54,2024-01,2024-01-01,2024-01-03,2024-01-06,,,,0,stage3,1,1,0,0
U007557,2024-02-24,Organic,Tablet,North,55+,2024-02,2024-02-24,2024-02-25,,,,,0,stage2,1,0,0,0
U007559,2024-03-27,Social,Mobile,South,25-34,2024-03,2024-03-27,,,,,,0,stage1,0,0,0,0
U007561,2024-03-20,Organic,Desktop,East,18-24,2024-03,2024-03-20,2024-03-21,,,,,0,stage2,1,0,0,0
U007563,2024-03-07,Referral,Mobile,North,45-54,2024-03,2024-03-07,,,,,,0,stage1,0,0,0,0
U007565,2024-02-11,Organic,Mobile,South,35-44,2024-02,2024-02-11,,,,,,0,stage1,0,0,0,0
U007570,2024-01-22,Paid_Search,Desktop,North,45-54,2024-01,2024-01-22,2024-01-23,,,,,0,stage2,1,0,0,0
U007572,2024-01-26,Social,Desktop,West,18-24,2024-01,2024-01-26,2024-01-28,2024-01-30,,,,0,stage3,1,1,0,0
U007573,2024-01-04,Referral,Mobile,North,25-34,2024-01,2024-01-04,2024-01-04,2024-01-06,,,,0,stage3,1,1,0,0
U007574,2024-02-02,Referral,Mobile,North,35-44,2024-02,2024-02-02,2024-02-04,2024-02-07,2024-02-08,2024-02-12,2024-02-12,1,Converted,1,1,1,1
U007578,2024-03-18,Organic,Mobile,East,18-24,2024-03,2024-03-18,2024-03-19,2024-03-21,,,,0,stage3,1,1,0,0
U007580,2024-03-26,Organic,Mobile,East,25-34,2024-03,2024-03-26,2024-03-28,2024-03-30,2024-03-30,,,0,stage4,1,1,1,0
U007581,2024-02-15,Paid_Search,Mobile,North,45-54,2024-02,2024-02-15,,,,,,0,stage1,0,0,0,0
U007584,2024-02-08,Paid_Search,Desktop,East,25-34,2024-02,2024-02-08,,,,,,0,stage1,0,0,0,0
U007585,2024-01-02,Referral,Mobile,West,35-44,2024-01,2024-01-02,,,,,,0,stage1,0,0,0,0
U007586,2024-03-27,Referral,Mobile,South,35-44,2024-03,2024-03-27,2024-03-29,,,,,0,stage2,1,0,0,0
U007588,2024-03-07,Referral,Mobile,North,45-54,2024-03,2024-03-07,,,,,,0,stage1,0,0,0,0
U007589,2024-02-20,Organic,Mobile,South,55+,2024-02,2024-02-20,2024-02-22,2024-02-25,2024-02-27,,,0,stage4,1,1,1,0
U007592,2024-03-13,Organic,Mobile,South,55+,2024-03,2024-03-13,,,,,,0,stage1,0,0,0,0
U007593,2024-01-11,Organic,Mobile,Central,45-54,2024-01,2024-01-11,,,,,,0,stage1,0,0,0,0
U007594,2024-02-01,Organic,Mobile,East,55+,2024-02,2024-02-01,2024-02-02,2024-02-04,2024-02-05,2024-02-06,2024-02-08,1,Converted,1,1,1,1
U007597,2024-03-27,Organic,Tablet,North,18-24,2024-03,2024-03-27,2024-03-29,2024-03-31,2024-03-31,,,0,stage4,1,1,1,0
U007599,2024-03-09,Social,Mobile,South,25-34,2024-03,2024-03-09,,,,,,0,stage1,0,0,0,0
U007600,2024-02-15,Paid_Search,Mobile,South,18-24,2024-02,2024-02-15,2024-02-16,,,,,0,stage2,1,0,0,0
U007603,2024-01-05,Paid_Search,Mobile,Central,25-34,2024-01,2024-01-05,2024-01-06,,,,,0,stage2,1,0,0,0
U007604,2024-03-24,Organic,Desktop,South,25-34,2024-03,2024-03-24,2024-03-25,2024-03-28,,,,0,stage3,1,1,0,0
U007605,2024-01-10,Email,Mobile,West,18-24,2024-01,2024-01-10,2024-01-12,,,,,0,stage2,1,0,0,0
U007606,2024-01-29,Paid_Search,Mobile,East,25-34,2024-01,2024-01-29,2024-01-30,,,,,0,stage2,1,0,0,0
U007607,2024-01-10,Social,Mobile,North,18-24,2024-01,2024-01-10,2024-01-12,,,,,0,stage2,1,0,0,0
U007610,2024-01-25,Paid_Search,Desktop,South,45-54,2024-01,2024-01-25,2024-01-25,2024-01-28,,,,0,stage3,1,1,0,0
U007611,2024-02-07,Organic,Desktop,Central,25-34,2024-02,2024-02-07,2024-02-09,,,,,0,stage2,1,0,0,0
U007614,2024-03-29,Email,Desktop,West,35-44,2024-03,2024-03-29,2024-03-30,,,,,0,stage2,1,0,0,0
U007616,2024-03-03,Organic,Tablet,West,35-44,2024-03,2024-03-03,,,,,,0,stage1,0,0,0,0
U007619,2024-01-20,Organic,Mobile,Central,18-24,2024-01,2024-01-20,,,,,,0,stage1,0,0,0,0
U007620,2024-03-24,Paid_Search,Desktop,North,25-34,2024-03,2024-03-24,2024-03-25,,,,,0,stage2,1,0,0,0
U007621,2024-01-10,Referral,Mobile,West,18-24,2024-01,2024-01-10,,,,,,0,stage1,0,0,0,0
U007622,2024-02-07,Organic,Mobile,North,35-44,2024-02,2024-02-07,2024-02-09,2024-02-12,2024-02-14,,,0,stage4,1,1,1,0
U007623,2024-01-26,Social,Desktop,East,35-44,2024-01,2024-01-26,2024-01-27,,,,,0,stage2,1,0,0,0
U007625,2024-01-21,Organic,Desktop,East,18-24,2024-01,2024-01-21,2024-01-22,,,,,0,stage2,1,0,0,0
U007627,2024-03-18,Organic,Mobile,East,25-34,2024-03,2024-03-18,,,,,,0,stage1,0,0,0,0
U007630,2024-03-06,Social,Mobile,Central,18-24,2024-03,2024-03-06,,,,,,0,stage1,0,0,0,0
U007632,2024-01-30,Social,Mobile,South,35-44,2024-01,2024-01-30,,,,,,0,stage1,0,0,0,0
U007633,2024-02-19,Referral,Desktop,Central,25-34,2024-02,2024-02-19,2024-02-21,,,,,0,stage2,1,0,0,0
U007634,2024-03-07,Referral,Mobile,East,35-44,2024-03,2024-03-07,2024-03-08,2024-03-11,,,,0,stage3,1,1,0,0
U007636,2024-01-13,Organic,Desktop,West,45-54,2024-01,2024-01-13,,,,,,0,stage1,0,0,0,0
U007638,2024-02-25,Organic,Desktop,North,55+,2024-02,2024-02-25,2024-02-26,2024-02-28,2024-03-01,,,0,stage4,1,1,1,0
U007640,2024-03-11,Organic,Desktop,North,35-44,2024-03,2024-03-11,2024-03-13,,,,,0,stage2,1,0,0,0
U007644,2024-03-13,Paid_Search,Mobile,Central,18-24,2024-03,2024-03-13,2024-03-14,,,,,0,stage2,1,0,0,0
U007645,2024-01-02,Organic,Mobile,South,18-24,2024-01,2024-01-02,2024-01-03,,,,,0,stage2,1,0,0,0
U007646,2024-02-23,Referral,Mobile,South,18-24,2024-02,2024-02-23,2024-02-23,2024-02-25,,,,0,stage3,1,1,0,0
U007648,2024-02-03,Organic,Mobile,South,18-24,2024-02,2024-02-03,2024-02-04,,,,,0,stage2,1,0,0,0
U007649,2024-03-09,Referral,Mobile,North,55+,2024-03,2024-03-09,2024-03-10,,,,,0,stage2,1,0,0,0
U007651,2024-01-05,Organic,Mobile,East,55+,2024-01,2024-01-05,2024-01-07,2024-01-09,2024-01-09,2024-01-10,2024-01-12,1,Converted,1,1,1,1
U007652,2024-03-14,Social,Mobile,East,35-44,2024-03,2024-03-14,2024-03-16,2024-03-19,,,,0,stage3,1,1,0,0
U007657,2024-03-25,Paid_Search,Desktop,North,35-44,2024-03,2024-03-25,,,,,,0,stage1,0,0,0,0
U007659,2024-03-28,Organic,Mobile,West,35-44,2024-03,2024-03-28,2024-03-29,,,,,0,stage2,1,0,0,0
U007660,2024-03-29,Organic,Desktop,North,55+,2024-03,2024-03-29,2024-03-30,,,,,0,stage2,1,0,0,0
U007661,2024-02-08,Paid_Search,Mobile,North,25-34,2024-02,2024-02-08,,,,,,0,stage1,0,0,0,0
U007665,2024-02-13,Paid_Search,Mobile,North,55+,2024-02,2024-02-13,2024-02-15,,,,,0,stage2,1,0,0,0
U007667,2024-03-06,Referral,Mobile,South,35-44,2024-03,2024-03-06,2024-03-07,,,,,0,stage2,1,0,0,0
U007668,2024-01-09,Paid_Search,Tablet,North,18-24,2024-01,2024-01-09,,,,,,0,stage1,0,0,0,0
U007670,2024-01-21,Organic,Mobile,South,25-34,2024-01,2024-01-21,2024-01-23,,,,,0,stage2,1,0,0,0
U007672,2024-02-23,Organic,Mobile,West,18-24,2024-02,2024-02-23,,,,,,0,stage1,0,0,0,0
U007675,2024-03-18,Referral,Mobile,North,18-24,2024-03,2024-03-18,2024-03-19,2024-03-21,,,,0,stage3,1,1,0,0
U007678,2024-02-09,Organic,Mobile,South,45-54,2024-02,2024-02-09,2024-02-11,2024-02-14,2024-02-14,2024-02-17,,0,stage5,1,1,1,1
U007680,2024-01-06,Email,Mobile,Central,55+,2024-01,2024-01-06,2024-01-07,2024-01-10,,,,0,stage3,1,1,0,0
U007684,2024-02-01,Paid_Search,Tablet,South,18-24,2024-02,2024-02-01,,,,,,0,stage1,0,0,0,0
U007685,2024-01-25,Social,Desktop,North,45-54,2024-01,2024-01-25,2024-01-26,,,,,0,stage2,1,0,0,0
U007686,2024-02-25,Email,Desktop,North,35-44,2024-02,2024-02-25,2024-02-25,,,,,0,stage2,1,0,0,0
U007687,2024-01-29,Organic,Desktop,West,18-24,2024-01,2024-01-29,2024-01-31,,,,,0,stage2,1,0,0,0
U007688,2024-03-15,Social,Desktop,West,35-44,2024-03,2024-03-15,,,,,,0,stage1,0,0,0,0
U007689,2024-02-15,Organic,Mobile,West,45-54,2024-02,2024-02-15,2024-02-15,,,,,0,stage2,1,0,0,0
U007691,2024-03-31,Paid_Search,Mobile,South,45-54,2024-03,2024-03-31,2024-03-31,2024-04-02,,,,0,stage3,1,1,0,0
U007693,2024-03-22,Organic,Mobile,North,25-34,2024-03,2024-03-22,2024-03-23,2024-03-26,,,,0,stage3,1,1,0,0
U007694,2024-01-28,Paid_Search,Mobile,North,25-34,2024-01,2024-01-28,2024-01-30,,,,,0,stage2,1,0,0,0
U007700,2024-02-15,Email,Mobile,North,35-44,2024-02,2024-02-15,2024-02-16,,,,,0,stage2,1,0,0,0
U007701,2024-03-14,Referral,Mobile,South,35-44,2024-03,2024-03-14,2024-03-14,,,,,0,stage2,1,0,0,0
U007705,2024-01-26,Referral,Desktop,West,25-34,2024-01,2024-01-26,2024-01-27,2024-01-30,2024-02-01,2024-02-05,2024-02-06,1,Converted,1,1,1,1
U007711,2024-03-24,Paid_Search,Mobile,North,18-24,2024-03,2024-03-24,2024-03-26,,,,,0,stage2,1,0,0,0
U007712,2024-03-04,Paid_Search,Tablet,North,55+,2024-03,2024-03-04,2024-03-04,,,,,0,stage2,1,0,0,0
U007714,2024-01-24,Email,Mobile,West,35-44,2024-01,2024-01-24,2024-01-25,,,,,0,stage2,1,0,0,0
U007715,2024-01-06,Organic,Mobile,West,25-34,2024-01,2024-01-06,,,,,,0,stage1,0,0,0,0
U007718,2024-02-11,Referral,Desktop,East,45-54,2024-02,2024-02-11,,,,,,0,stage1,0,0,0,0
U007720,2024-03-02,Referral,Mobile,West,25-34,2024-03,2024-03-02,2024-03-02,2024-03-04,,,,0,stage3,1,1,0,0
U007721,2024-02-21,Organic,Mobile,Central,45-54,2024-02,2024-02-21,2024-02-22,,,,,0,stage2,1,0,0,0
U007722,2024-02-03,Paid_Search,Mobile,East,18-24,2024-02,2024-02-03,2024-02-04,2024-02-05,,,,0,stage3,1,1,0,0
U007723,2024-01-08,Email,Tablet,Central,55+,2024-01,2024-01-08,2024-01-08,,,,,0,stage2,1,0,0,0
U007727,2024-03-02,Paid_Search,Mobile,South,35-44,2024-03,2024-03-02,2024-03-02,,,,,0,stage2,1,0,0,0
U007730,2024-03-25,Paid_Search,Desktop,East,18-24,2024-03,2024-03-25,2024-03-25,2024-03-26,2024-03-27,2024-03-28,2024-03-28,1,Converted,1,1,1,1
U007731,2024-01-09,Referral,Tablet,South,55+,2024-01,2024-01-09,2024-01-11,2024-01-14,,,,0,stage3,1,1,0,0
U007735,2024-01-19,Paid_Search,Mobile,South,45-54,2024-01,2024-01-19,,,,,,0,stage1,0,0,0,0
U007741,2024-01-16,Organic,Mobile,Central,55+,2024-01,2024-01-16,2024-01-17,2024-01-19,,,,0,stage3,1,1,0,0
U007742,2024-01-11,Social,Mobile,Central,25-34,2024-01,2024-01-11,,,,,,0,stage1,0,0,0,0
U007747,2024-01-27,Social,Mobile,South,45-54,2024-01,2024-01-27,2024-01-27,,,,,0,stage2,1,0,0,0
U007748,2024-03-08,Organic,Desktop,South,18-24,2024-03,2024-03-08,2024-03-10,,,,,0,stage2,1,0,0,0
U007749,2024-01-29,Paid_Search,Desktop,North,25-34,2024-01,2024-01-29,2024-01-31,2024-02-01,2024-02-02,2024-02-06,2024-02-08,1,Converted,1,1,1,1
U007750,2024-03-27,Email,Desktop,North,25-34,2024-03,2024-03-27,2024-03-27,2024-03-28,2024-03-29,2024-03-31,2024-04-01,1,Converted,1,1,1,1
U007751,2024-01-25,Organic,Mobile,North,25-34,2024-01,2024-01-25,,,,,,0,stage1,0,0,0,0
U007752,2024-03-25,Organic,Mobile,North,25-34,2024-03,2024-03-25,,,,,,0,stage1,0,0,0,0
U007755,2024-01-19,Social,Mobile,South,45-54,2024-01,2024-01-19,2024-01-20,,,,,0,stage2,1,0,0,0
U007757,2024-03-03,Referral,Mobile,North,18-24,2024-03,2024-03-03,,,,,,0,stage1,0,0,0,0
U007758,2024-03-07,Paid_Search,Mobile,East,18-24,2024-03,2024-03-07,2024-03-08,,,,,0,stage2,1,0,0,0
U007759,2024-03-16,Paid_Search,Desktop,West,35-44,2024-03,2024-03-16,2024-03-18,,,,,0,stage2,1,0,0,0
U007762,2024-03-07,Referral,Mobile,Central,45-54,2024-03,2024-03-07,2024-03-09,2024-03-11,2024-03-13,,,0,stage4,1,1,1,0
U007763,2024-01-10,Organic,Desktop,West,18-24,2024-01,2024-01-10,2024-01-10,,,,,0,stage2,1,0,0,0
U007764,2024-02-07,Paid_Search,Mobile,Central,35-44,2024-02,2024-02-07,,,,,,0,stage1,0,0,0,0
U007766,2024-01-07,Referral,Mobile,Central,18-24,2024-01,2024-01-07,2024-01-07,2024-01-09,2024-01-11,,,0,stage4,1,1,1,0
U007768,2024-03-19,Organic,Mobile,Central,55+,2024-03,2024-03-19,,,,,,0,stage1,0,0,0,0
U007769,2024-02-10,Paid_Search,Mobile,South,25-34,2024-02,2024-02-10,2024-02-12,2024-02-15,,,,0,stage3,1,1,0,0
U007770,2024-03-19,Paid_Search,Desktop,East,45-54,2024-03,2024-03-19,2024-03-20,2024-03-23,,,,0,stage3,1,1,0,0
U007773,2024-02-09,Referral,Mobile,North,35-44,2024-02,2024-02-09,2024-02-11,,,,,0,stage2,1,0,0,0
U007775,2024-02-07,Referral,Mobile,South,45-54,2024-02,2024-02-07,2024-02-09,2024-02-11,,,,0,stage3,1,1,0,0
U007777,2024-03-06,Paid_Search,Desktop,South,18-24,2024-03,2024-03-06,2024-03-08,2024-03-09,,,,0,stage3,1,1,0,0
U007778,2024-01-08,Organic,Desktop,East,25-34,2024-01,2024-01-08,2024-01-08,2024-01-11,2024-01-12,2024-01-14,2024-01-16,1,Converted,1,1,1,1
U007779,2024-01-04,Referral,Desktop,West,45-54,2024-01,2024-01-04,2024-01-05,,,,,0,stage2,1,0,0,0
U007784,2024-03-29,Referral,Mobile,Central,18-24,2024-03,2024-03-29,2024-03-31,,,,,0,stage2,1,0,0,0
U007785,2024-02-09,Organic,Mobile,East,25-34,2024-02,2024-02-09,2024-02-11,,,,,0,stage2,1,0,0,0
U007789,2024-02-13,Organic,Mobile,South,45-54,2024-02,2024-02-13,2024-02-15,2024-02-17,,,,0,stage3,1,1,0,0
U007790,2024-02-14,Social,Mobile,North,25-34,2024-02,2024-02-14,2024-02-15,,,,,0,stage2,1,0,0,0
U007792,2024-01-04,Paid_Search,Tablet,Central,45-54,2024-01,2024-01-04,,,,,,0,stage1,0,0,0,0
U007794,2024-02-27,Organic,Desktop,West,25-34,2024-02,2024-02-27,2024-02-28,2024-02-29,,,,0,stage3,1,1,0,0
U007795,2024-02-27,Email,Desktop,Central,18-24,2024-02,2024-02-27,2024-02-27,2024-02-29,,,,0,stage3,1,1,0,0
U007801,2024-02-21,Organic,Mobile,Central,35-44,2024-02,2024-02-21,,,,,,0,stage1,0,0,0,0
U007803,2024-01-09,Referral,Desktop,West,55+,2024-01,2024-01-09,,,,,,0,stage1,0,0,0,0
U007806,2024-01-18,Paid_Search,Desktop,North,45-54,2024-01,2024-01-18,2024-01-19,2024-01-22,2024-01-24,2024-01-25,,0,stage5,1,1,1,1
U007807,2024-01-15,Referral,Mobile,East,18-24,2024-01,2024-01-15,2024-01-16,,,,,0,stage2,1,0,0,0
U007809,2024-03-03,Referral,Mobile,West,45-54,2024-03,2024-03-03,2024-03-04,,,,,0,stage2,1,0,0,0
U007810,2024-02-16,Organic,Mobile,West,18-24,2024-02,2024-02-16,2024-02-18,2024-02-21,,,,0,stage3,1,1,0,0
U007811,2024-03-03,Organic,Mobile,North,45-54,2024-03,2024-03-03,2024-03-03,2024-03-06,,,,0,stage3,1,1,0,0
U007813,2024-02-15,Organic,Mobile,South,35-44,2024-02,2024-02-15,,,,,,0,stage1,0,0,0,0
U007814,2024-01-11,Organic,Mobile,Central,45-54,2024-01,2024-01-11,,,,,,0,stage1,0,0,0,0
U007816,2024-01-24,Organic,Mobile,East,45-54,2024-01,2024-01-24,,,,,,0,stage1,0,0,0,0
U007817,2024-02-18,Referral,Mobile,South,55+,2024-02,2024-02-18,2024-02-20,,,,,0,stage2,1,0,0,0
U007818,2024-01-17,Organic,Mobile,East,45-54,2024-01,2024-01-17,,,,,,0,stage1,0,0,0,0
U007819,2024-02-03,Social,Desktop,East,45-54,2024-02,2024-02-03,2024-02-05,,,,,0,stage2,1,0,0,0
U007820,2024-03-18,Paid_Search,Tablet,West,18-24,2024-03,2024-03-18,2024-03-18,2024-03-19,2024-03-19,2024-03-21,2024-03-23,1,Converted,1,1,1,1
U007823,2024-01-26,Paid_Search,Mobile,Central,25-34,2024-01,2024-01-26,2024-01-28,,,,,0,stage2,1,0,0,0
U007824,2024-01-14,Organic,Mobile,South,25-34,2024-01,2024-01-14,2024-01-15,2024-01-18,,,,0,stage3,1,1,0,0
U007825,2024-01-19,Email,Mobile,Central,55+,2024-01,2024-01-19,,,,,,0,stage1,0,0,0,0
U007826,2024-02-20,Email,Mobile,Central,35-44,2024-02,2024-02-20,2024-02-21,,,,,0,stage2,1,0,0,0
U007827,2024-01-30,Paid_Search,Mobile,North,35-44,2024-01,2024-01-30,,,,,,0,stage1,0,0,0,0
U007829,2024-01-22,Social,Desktop,Central,45-54,2024-01,2024-01-22,2024-01-23,2024-01-24,2024-01-24,2024-01-26,,0,stage5,1,1,1,1
U007831,2024-01-03,Social,Desktop,North,18-24,2024-01,2024-01-03,,,,,,0,stage1,0,0,0,0
U007833,2024-01-29,Social,Desktop,South,18-24,2024-01,2024-01-29,,,,,,0,stage1,0,0,0,0
U007835,2024-02-19,Email,Mobile,North,35-44,2024-02,2024-02-19,2024-02-21,,,,,0,stage2,1,0,0,0
U007839,2024-02-15,Social,Mobile,South,25-34,2024-02,2024-02-15,,,,,,0,stage1,0,0,0,0
U007840,2024-03-25,Email,Mobile,North,45-54,2024-03,2024-03-25,2024-03-27,2024-03-29,2024-03-31,2024-04-03,,0,stage5,1,1,1,1
U007842,2024-03-17,Organic,Desktop,South,18-24,2024-03,2024-03-17,,,,,,0,stage1,0,0,0,0
U007843,2024-03-08,Organic,Tablet,North,18-24,2024-03,2024-03-08,,,,,,0,stage1,0,0,0,0
U007845,2024-03-11,Referral,Tablet,West,25-34,2024-03,2024-03-11,2024-03-13,2024-03-16,2024-03-18,2024-03-21,,0,stage5,1,1,1,1
U007848,2024-01-29,Organic,Mobile,West,35-44,2024-01,2024-01-29,,,,,,0,stage1,0,0,0,0
U007849,2024-02-16,Organic,Mobile,North,25-34,2024-02,2024-02-16,2024-02-17,,,,,0,stage2,1,0,0,0
U007850,2024-01-02,Referral,Tablet,North,18-24,2024-01,2024-01-02,2024-01-03,2024-01-06,2024-01-07,2024-01-11,2024-01-11,1,Converted,1,1,1,1
U007851,2024-02-15,Organic,Mobile,South,45-54,2024-02,2024-02-15,,,,,,0,stage1,0,0,0,0
U007852,2024-01-17,Organic,Desktop,East,35-44,2024-01,2024-01-17,2024-01-18,,,,,0,stage2,1,0,0,0
U007854,2024-01-25,Referral,Tablet,West,25-34,2024-01,2024-01-25,2024-01-26,2024-01-28,,,,0,stage3,1,1,0,0
U007856,2024-02-29,Paid_Search,Mobile,North,35-44,2024-02,2024-02-29,2024-02-29,,,,,0,stage2,1,0,0,0
U007857,2024-03-19,Paid_Search,Mobile,Central,45-54,2024-03,2024-03-19,,,,,,0,stage1,0,0,0,0
U007859,2024-03-19,Paid_Search,Mobile,East,45-54,2024-03,2024-03-19,2024-03-20,,,,,0,stage2,1,0,0,0
U007861,2024-01-27,Paid_Search,Mobile,North,35-44,2024-01,2024-01-27,2024-01-29,2024-01-31,2024-02-02,2024-02-04,2024-02-06,1,Converted,1,1,1,1
U007865,2024-02-10,Paid_Search,Desktop,South,35-44,2024-02,2024-02-10,2024-02-11,2024-02-14,2024-02-15,,,0,stage4,1,1,1,0
U007868,2024-03-08,Social,Desktop,West,25-34,2024-03,2024-03-08,,,,,,0,stage1,0,0,0,0
U007870,2024-03-18,Social,Desktop,South,45-54,2024-03,2024-03-18,2024-03-19,2024-03-20,,,,0,stage3,1,1,0,0
U007871,2024-03-19,Paid_Search,Mobile,Central,18-24,2024-03,2024-03-19,,,,,,0,stage1,0,0,0,0
U007872,2024-03-26,Organic,Mobile,South,35-44,2024-03,2024-03-26,2024-03-28,,,,,0,stage2,1,0,0,0
U007873,2024-03-31,Referral,Desktop,North,25-34,2024-03,2024-03-31,,,,,,0,stage1,0,0,0,0
U007874,2024-03-21,Organic,Mobile,East,55+,2024-03,2024-03-21,2024-03-22,2024-03-24,,,,0,stage3,1,1,0,0
U007876,2024-01-15,Paid_Search,Tablet,North,25-34,2024-01,2024-01-15,2024-01-16,,,,,0,stage2,1,0,0,0
U007877,2024-03-31,Referral,Desktop,East,45-54,2024-03,2024-03-31,,,,,,0,stage1,0,0,0,0
U007879,2024-03-11,Organic,Desktop,North,18-24,2024-03,2024-03-11,2024-03-11,,,,,0,stage2,1,0,0,0
U007881,2024-02-23,Social,Mobile,North,45-54,2024-02,2024-02-23,2024-02-25,,,,,0,stage2,1,0,0,0
U007882,2024-03-06,Organic,Tablet,Central,18-24,2024-03,2024-03-06,2024-03-07,,,,,0,stage2,1,0,0,0
U007884,2024-01-07,Paid_Search,Mobile,South,45-54,2024-01,2024-01-07,,,,,,0,stage1,0,0,0,0
U007885,2024-03-23,Referral,Desktop,North,45-54,2024-03,2024-03-23,2024-03-24,2024-03-26,2024-03-27,2024-03-29,,0,stage5,1,1,1,1
U007886,2024-02-25,Social,Desktop,North,55+,2024-02,2024-02-25,2024-02-27,,,,,0,stage2,1,0,0,0
U007888,2024-03-11,Organic,Mobile,South,25-34,2024-03,2024-03-11,2024-03-11,,,,,0,stage2,1,0,0,0
U007889,2024-01-20,Organic,Desktop,West,25-34,2024-01,2024-01-20,,,,,,0,stage1,0,0,0,0
U007890,2024-03-03,Organic,Mobile,North,25-34,2024-03,2024-03-03,,,,,,0,stage1,0,0,0,0
U007891,2024-02-11,Organic,Desktop,West,18-24,2024-02,2024-02-11,,,,,,0,stage1,0,0,0,0
U007892,2024-03-24,Email,Desktop,East,25-34,2024-03,2024-03-24,2024-03-26,,,,,0,stage2,1,0,0,0
U007897,2024-03-04,Social,Mobile,North,18-24,2024-03,2024-03-04,2024-03-05,,,,,0,stage2,1,0,0,0
U007899,2024-01-16,Organic,Mobile,North,35-44,2024-01,2024-01-16,2024-01-16,2024-01-17,,,,0,stage3,1,1,0,0
U007901,2024-03-28,Referral,Desktop,East,18-24,2024-03,2024-03-28,,,,,,0,stage1,0,0,0,0
U007902,2024-03-11,Social,Tablet,North,35-44,2024-03,2024-03-11,2024-03-13,,,,,0,stage2,1,0,0,0
U007904,2024-01-19,Paid_Search,Mobile,West,35-44,2024-01,2024-01-19,2024-01-20,2024-01-23,,,,0,stage3,1,1,0,0
U007906,2024-02-21,Organic,Desktop,Central,35-44,2024-02,2024-02-21,2024-02-23,2024-02-24,2024-02-25,,,0,stage4,1,1,1,0
U007907,2024-03-03,Referral,Mobile,North,25-34,2024-03,2024-03-03,,,,,,0,stage1,0,0,0,0
U007908,2024-03-24,Paid_Search,Tablet,Central,45-54,2024-03,2024-03-24,2024-03-26,2024-03-29,2024-03-31,,,0,stage4,1,1,1,0
U007909,2024-03-07,Paid_Search,Desktop,Central,45-54,2024-03,2024-03-07,2024-03-09,2024-03-12,2024-03-13,2024-03-14,,0,stage5,1,1,1,1
U007910,2024-02-05,Email,Mobile,South,35-44,2024-02,2024-02-05,2024-02-05,2024-02-08,2024-02-10,,,0,stage4,1,1,1,0
U007911,2024-03-21,Email,Desktop,West,25-34,2024-03,2024-03-21,,,,,,0,stage1,0,0,0,0
U007914,2024-02-24,Paid_Search,Mobile,West,25-34,2024-02,2024-02-24,2024-02-24,,,,,0,stage2,1,0,0,0
U007915,2024-03-23,Organic,Desktop,West,25-34,2024-03,2024-03-23,,,,,,0,stage1,0,0,0,0
U007917,2024-02-28,Social,Mobile,West,45-54,2024-02,2024-02-28,2024-02-29,2024-03-02,2024-03-03,2024-03-05,2024-03-07,1,Converted,1,1,1,1
U007919,2024-03-07,Email,Mobile,West,55+,2024-03,2024-03-07,,,,,,0,stage1,0,0,0,0
U007920,2024-03-06,Social,Desktop,South,18-24,2024-03,2024-03-06,2024-03-08,2024-03-11,,,,0,stage3,1,1,0,0
U007921,2024-01-06,Paid_Search,Tablet,West,25-34,2024-01,2024-01-06,2024-01-06,2024-01-07,,,,0,stage3,1,1,0,0
U007924,2024-01-16,Organic,Desktop,Central,35-44,2024-01,2024-01-16,2024-01-18,,,,,0,stage2,1,0,0,0
U007926,2024-01-05,Organic,Tablet,East,25-34,2024-01,2024-01-05,2024-01-07,2024-01-09,2024-01-09,2024-01-12,2024-01-14,1,Converted,1,1,1,1
U007928,2024-01-20,Organic,Mobile,North,25-34,2024-01,2024-01-20,2024-01-22,,,,,0,stage2,1,0,0,0
U007929,2024-01-24,Social,Tablet,East,35-44,2024-01,2024-01-24,,,,,,0,stage1,0,0,0,0
U007935,2024-02-18,Organic,Mobile,North,35-44,2024-02,2024-02-18,2024-02-18,2024-02-21,,,,0,stage3,1,1,0,0
U007937,2024-02-08,Organic,Desktop,North,25-34,2024-02,2024-02-08,2024-02-10,2024-02-12,,,,0,stage3,1,1,0,0
U007938,2024-01-19,Paid_Search,Tablet,West,25-34,2024-01,2024-01-19,2024-01-19,2024-01-22,2024-01-24,,,0,stage4,1,1,1,0
U007939,2024-03-27,Social,Mobile,South,25-34,2024-03,2024-03-27,,,,,,0,stage1,0,0,0,0
U007943,2024-01-06,Organic,Mobile,South,18-24,2024-01,2024-01-06,2024-01-07,,,,,0,stage2,1,0,0,0
U007945,2024-01-02,Paid_Search,Mobile,North,35-44,2024-01,2024-01-02,,,,,,0,stage1,0,0,0,0
U007947,2024-01-03,Referral,Desktop,West,35-44,2024-01,2024-01-03,2024-01-03,,,,,0,stage2,1,0,0,0
U007948,2024-03-23,Paid_Search,Desktop,North,18-24,2024-03,2024-03-23,2024-03-24,2024-03-25,2024-03-26,2024-03-28,2024-03-30,1,Converted,1,1,1,1
U007950,2024-03-24,Organic,Desktop,West,25-34,2024-03,2024-03-24,,,,,,0,stage1,0,0,0,0
U007955,2024-02-18,Organic,Desktop,North,35-44,2024-02,2024-02-18,2024-02-18,,,,,0,stage2,1,0,0,0
U007956,2024-02-22,Social,Mobile,North,35-44,2024-02,2024-02-22,2024-02-23,2024-02-24,2024-02-24,2024-02-25,2024-02-27,1,Converted,1,1,1,1
U007958,2024-01-11,Paid_Search,Mobile,North,35-44,2024-01,2024-01-11,,,,,,0,stage1,0,0,0,0
U007959,2024-02-02,Referral,Desktop,West,45-54,2024-02,2024-02-02,2024-02-04,2024-02-06,2024-02-06,2024-02-09,2024-02-10,1,Converted,1,1,1,1
U007960,2024-02-28,Social,Mobile,South,25-34,2024-02,2024-02-28,2024-03-01,2024-03-02,2024-03-02,2024-03-05,,0,stage5,1,1,1,1
U007961,2024-02-11,Paid_Search,Mobile,South,55+,2024-02,2024-02-11,2024-02-12,,,,,0,stage2,1,0,0,0
U007962,2024-03-10,Paid_Search,Tablet,North,25-34,2024-03,2024-03-10,,,,,,0,stage1,0,0,0,0
U007963,2024-02-29,Email,Desktop,East,18-24,2024-02,2024-02-29,2024-02-29,2024-03-02,2024-03-02,2024-03-04,2024-03-05,1,Converted,1,1,1,1
U007964,2024-02-01,Social,Mobile,South,25-34,2024-02,2024-02-01,2024-02-02,2024-02-03,2024-02-04,,,0,stage4,1,1,1,0
U007965,2024-02-23,Paid_Search,Mobile,East,18-24,2024-02,2024-02-23,2024-02-24,2024-02-25,2024-02-26,,,0,stage4,1,1,1,0
U007967,2024-02-22,Organic,Desktop,West,45-54,2024-02,2024-02-22,2024-02-23,2024-02-26,2024-02-26,,,0,stage4,1,1,1,0
U007968,2024-01-24,Social,Desktop,East,35-44,2024-01,2024-01-24,2024-01-24,,,,,0,stage2,1,0,0,0
U007971,2024-02-11,Email,Mobile,East,35-44,2024-02,2024-02-11,2024-02-11,,,,,0,stage2,1,0,0,0
U007972,2024-01-31,Organic,Mobile,Central,25-34,2024-01,2024-01-31,,,,,,0,stage1,0,0,0,0
U007975,2024-03-22,Organic,Desktop,East,35-44,2024-03,2024-03-22,2024-03-23,2024-03-24,2024-03-24,2024-03-25,2024-03-27,1,Converted,1,1,1,1
U007978,2024-03-06,Referral,Mobile,West,35-44,2024-03,2024-03-06,2024-03-08,2024-03-09,2024-03-10,2024-03-11,2024-03-11,1,Converted,1,1,1,1
U007980,2024-03-20,Social,Desktop,Central,35-44,2024-03,2024-03-20,2024-03-20,2024-03-22,,,,0,stage3,1,1,0,0
U007982,2024-03-17,Referral,Mobile,West,25-34,2024-03,2024-03-17,2024-03-17,2024-03-20,2024-03-20,2024-03-24,2024-03-25,1,Converted,1,1,1,1
U007983,2024-01-05,Organic,Desktop,East,25-34,2024-01,2024-01-05,2024-01-06,,,,,0,stage2,1,0,0,0
U007986,2024-01-03,Paid_Search,Mobile,Central,25-34,2024-01,2024-01-03,2024-01-03,2024-01-06,,,,0,stage3,1,1,0,0
U007987,2024-02-09,Social,Desktop,North,35-44,2024-02,2024-02-09,2024-02-09,2024-02-12,2024-02-13,,,0,stage4,1,1,1,0
U007988,2024-01-10,Organic,Desktop,South,35-44,2024-01,2024-01-10,2024-01-10,2024-01-13,,,,0,stage3,1,1,0,0
U007989,2024-02-23,Email,Tablet,South,18-24,2024-02,2024-02-23,2024-02-25,2024-02-28,,,,0,stage3,1,1,0,0
U007990,2024-03-16,Paid_Search,Mobile,West,18-24,2024-03,2024-03-16,,,,,,0,stage1,0,0,0,0
U007994,2024-02-14,Organic,Mobile,East,45-54,2024-02,2024-02-14,,,,,,0,stage1,0,0,0,0
U007996,2024-01-29,Paid_Search,Desktop,West,45-54,2024-01,2024-01-29,,,,,,0,stage1,0,0,0,0
U007997,2024-02-11,Paid_Search,Desktop,West,25-34,2024-02,2024-02-11,,,,,,0,stage1,0,0,0,0
U007998,2024-01-08,Paid_Search,Mobile,West,35-44,2024-01,2024-01-08,2024-01-09,2024-01-10,,,,0,stage3,1,1,0,0
U007999,2024-03-19,Paid_Search,Tablet,Central,45-54,2024-03,2024-03-19,2024-03-20,2024-03-23,2024-03-24,2024-03-27,2024-03-29,1,Converted,1,1,1,1
U008000,2024-03-23,Referral,Mobile,East,18-24,2024-03,2024-03-23,2024-03-23,,,,,0,stage2,1,0,0,0
U008001,2024-01-07,Paid_Search,Desktop,West,45-54,2024-01,2024-01-07,2024-01-08,2024-01-09,,,,0,stage3,1,1,0,0
U008003,2024-02-06,Paid_Search,Mobile,North,18-24,2024-02,2024-02-06,2024-02-07,2024-02-08,,,,0,stage3,1,1,0,0
U008005,2024-01-26,Organic,Mobile,West,25-34,2024-01,2024-01-26,,,,,,0,stage1,0,0,0,0
U008006,2024-01-04,Social,Desktop,West,18-24,2024-01,2024-01-04,2024-01-05,,,,,0,stage2,1,0,0,0
U008007,2024-02-27,Organic,Mobile,North,35-44,2024-02,2024-02-27,2024-02-27,2024-02-29,,,,0,stage3,1,1,0,0
U008008,2024-01-17,Organic,Desktop,North,18-24,2024-01,2024-01-17,2024-01-17,,,,,0,stage2,1,0,0,0
U008014,2024-03-06,Organic,Desktop,North,35-44,2024-03,2024-03-06,2024-03-06,2024-03-08,2024-03-10,2024-03-13,2024-03-15,1,Converted,1,1,1,1
U008017,2024-02-26,Email,Mobile,East,55+,2024-02,2024-02-26,2024-02-28,2024-02-29,2024-02-29,,,0,stage4,1,1,1,0
U008018,2024-02-27,Referral,Desktop,East,35-44,2024-02,2024-02-27,2024-02-29,,,,,0,stage2,1,0,0,0
U008019,2024-01-22,Organic,Mobile,Central,45-54,2024-01,2024-01-22,,,,,,0,stage1,0,0,0,0
U008020,2024-01-25,Organic,Desktop,East,35-44,2024-01,2024-01-25,,,,,,0,stage1,0,0,0,0
U008022,2024-01-27,Organic,Mobile,South,25-34,2024-01,2024-01-27,2024-01-27,2024-01-28,,,,0,stage3,1,1,0,0
U008023,2024-03-05,Organic,Desktop,West,35-44,2024-03,2024-03-05,2024-03-05,,,,,0,stage2,1,0,0,0
U008025,2024-03-25,Paid_Search,Desktop,Central,25-34,2024-03,2024-03-25,2024-03-27,,,,,0,stage2,1,0,0,0
U008027,2024-03-24,Organic,Mobile,East,25-34,2024-03,2024-03-24,,,,,,0,stage1,0,0,0,0
U008032,2024-01-09,Social,Tablet,North,35-44,2024-01,2024-01-09,2024-01-11,2024-01-13,2024-01-15,2024-01-16,,0,stage5,1,1,1,1
U008033,2024-02-20,Organic,Desktop,East,18-24,2024-02,2024-02-20,,,,,,0,stage1,0,0,0,0
U008034,2024-02-16,Paid_Search,Desktop,Central,55+,2024-02,2024-02-16,,,,,,0,stage1,0,0,0,0
U008035,2024-01-04,Organic,Mobile,East,25-34,2024-01,2024-01-04,,,,,,0,stage1,0,0,0,0
U008036,2024-02-06,Referral,Mobile,North,25-34,2024-02,2024-02-06,2024-02-08,2024-02-09,,,,0,stage3,1,1,0,0
U008037,2024-03-01,Referral,Mobile,East,35-44,2024-03,2024-03-01,2024-03-01,,,,,0,stage2,1,0,0,0
U008039,2024-01-03,Referral,Mobile,East,25-34,2024-01,2024-01-03,2024-01-05,2024-01-07,,,,0,stage3,1,1,0,0
U008041,2024-02-18,Referral,Mobile,Central,25-34,2024-02,2024-02-18,2024-02-20,2024-02-23,,,,0,stage3,1,1,0,0
U008043,2024-02-24,Social,Mobile,North,25-34,2024-02,2024-02-24,,,,,,0,stage1,0,0,0,0
U008046,2024-01-31,Organic,Mobile,East,25-34,2024-01,2024-01-31,,,,,,0,stage1,0,0,0,0
U008047,2024-03-12,Paid_Search,Desktop,Central,18-24,2024-03,2024-03-12,,,,,,0,stage1,0,0,0,0
U008049,2024-03-28,Paid_Search,Desktop,South,18-24,2024-03,2024-03-28,2024-03-29,,,,,0,stage2,1,0,0,0
U008051,2024-01-25,Organic,Desktop,Central,35-44,2024-01,2024-01-25,2024-01-27,,,,,0,stage2,1,0,0,0
U008052,2024-03-28,Organic,Mobile,North,18-24,2024-03,2024-03-28,,,,,,0,stage1,0,0,0,0
U008055,2024-01-07,Social,Desktop,South,25-34,2024-01,2024-01-07,,,,,,0,stage1,0,0,0,0
U008057,2024-02-28,Email,Mobile,East,35-44,2024-02,2024-02-28,2024-02-29,,,,,0,stage2,1,0,0,0
U008058,2024-01-29,Paid_Search,Desktop,West,45-54,2024-01,2024-01-29,2024-01-29,2024-02-01,,,,0,stage3,1,1,0,0
U008059,2024-03-16,Paid_Search,Mobile,North,35-44,2024-03,2024-03-16,2024-03-16,,,,,0,stage2,1,0,0,0
U008060,2024-03-29,Referral,Mobile,Central,18-24,2024-03,2024-03-29,2024-03-30,2024-04-01,,,,0,stage3,1,1,0,0
U008064,2024-02-06,Paid_Search,Mobile,West,55+,2024-02,2024-02-06,,,,,,0,stage1,0,0,0,0
U008066,2024-02-26,Referral,Desktop,Central,35-44,2024-02,2024-02-26,2024-02-26,2024-02-27,,,,0,stage3,1,1,0,0
U008067,2024-03-31,Paid_Search,Mobile,West,25-34,2024-03,2024-03-31,2024-04-02,2024-04-05,2024-04-05,2024-04-06,2024-04-08,1,Converted,1,1,1,1
U008069,2024-02-28,Paid_Search,Desktop,North,55+,2024-02,2024-02-28,2024-03-01,,,,,0,stage2,1,0,0,0
U008071,2024-02-10,Organic,Desktop,East,18-24,2024-02,2024-02-10,2024-02-10,,,,,0,stage2,1,0,0,0
U008073,2024-02-08,Social,Mobile,South,25-34,2024-02,2024-02-08,2024-02-10,2024-02-13,,,,0,stage3,1,1,0,0
U008075,2024-03-12,Social,Mobile,West,18-24,2024-03,2024-03-12,2024-03-12,,,,,0,stage2,1,0,0,0
U008077,2024-03-16,Organic,Mobile,South,25-34,2024-03,2024-03-16,2024-03-17,,,,,0,stage2,1,0,0,0
U008080,2024-03-23,Paid_Search,Tablet,West,18-24,2024-03,2024-03-23,2024-03-23,2024-03-26,,,,0,stage3,1,1,0,0
U008081,2024-03-17,Paid_Search,Mobile,Central,55+,2024-03,2024-03-17,,,,,,0,stage1,0,0,0,0
U008082,2024-01-01,Organic,Desktop,Central,35-44,2024-01,2024-01-01,2024-01-01,,,,,0,stage2,1,0,0,0
U008083,2024-03-05,Social,Desktop,South,18-24,2024-03,2024-03-05,,,,,,0,stage1,0,0,0,0
U008085,2024-03-20,Paid_Search,Desktop,West,18-24,2024-03,2024-03-20,,,,,,0,stage1,0,0,0,0
U008086,2024-02-23,Social,Desktop,Central,25-34,2024-02,2024-02-23,2024-02-25,2024-02-28,,,,0,stage3,1,1,0,0
U008089,2024-02-06,Paid_Search,Desktop,Central,18-24,2024-02,2024-02-06,,,,,,0,stage1,0,0,0,0
U008091,2024-02-11,Organic,Desktop,North,35-44,2024-02,2024-02-11,2024-02-11,,,,,0,stage2,1,0,0,0
U008094,2024-03-04,Paid_Search,Mobile,North,45-54,2024-03,2024-03-04,2024-03-05,,,,,0,stage2,1,0,0,0
U008095,2024-01-19,Referral,Mobile,East,25-34,2024-01,2024-01-19,,,,,,0,stage1,0,0,0,0
U008096,2024-02-27,Paid_Search,Mobile,East,35-44,2024-02,2024-02-27,,,,,,0,stage1,0,0,0,0
U008097,2024-03-11,Email,Mobile,South,25-34,2024-03,2024-03-11,,,,,,0,stage1,0,0,0,0
U008098,2024-02-05,Email,Tablet,South,25-34,2024-02,2024-02-05,2024-02-06,2024-02-07,2024-02-09,2024-02-11,2024-02-11,1,Converted,1,1,1,1
U008101,2024-03-11,Email,Mobile,North,55+,2024-03,2024-03-11,2024-03-12,2024-03-13,,,,0,stage3,1,1,0,0
U008105,2024-02-01,Referral,Desktop,Central,25-34,2024-02,2024-02-01,2024-02-03,,,,,0,stage2,1,0,0,0
U008108,2024-01-11,Referral,Mobile,West,55+,2024-01,2024-01-11,2024-01-12,2024-01-14,2024-01-14,2024-01-18,2024-01-19,1,Converted,1,1,1,1
U008114,2024-03-02,Social,Tablet,North,25-34,2024-03,2024-03-02,2024-03-04,2024-03-06,2024-03-08,2024-03-12,,0,stage5,1,1,1,1
U008117,2024-01-27,Email,Mobile,East,18-24,2024-01,2024-01-27,2024-01-28,2024-01-31,,,,0,stage3,1,1,0,0
U008118,2024-03-11,Referral,Desktop,Central,35-44,2024-03,2024-03-11,2024-03-12,,,,,0,stage2,1,0,0,0
U008120,2024-03-25,Organic,Mobile,North,25-34,2024-03,2024-03-25,2024-03-26,2024-03-29,2024-03-30,2024-04-02,2024-04-02,1,Converted,1,1,1,1
U008121,2024-01-04,Social,Mobile,South,18-24,2024-01,2024-01-04,2024-01-04,,,,,0,stage2,1,0,0,0
U008124,2024-02-26,Organic,Mobile,Central,45-54,2024-02,2024-02-26,2024-02-28,2024-03-01,,,,0,stage3,1,1,0,0
U008126,2024-01-27,Paid_Search,Mobile,North,55+,2024-01,2024-01-27,2024-01-29,2024-01-31,2024-02-02,,,0,stage4,1,1,1,0
U008130,2024-01-28,Social,Desktop,South,18-24,2024-01,2024-01-28,2024-01-30,,,,,0,stage2,1,0,0,0
U008132,2024-01-26,Paid_Search,Mobile,South,35-44,2024-01,2024-01-26,,,,,,0,stage1,0,0,0,0
U008134,2024-01-31,Organic,Desktop,East,55+,2024-01,2024-01-31,2024-01-31,2024-02-02,,,,0,stage3,1,1,0,0
U008137,2024-03-29,Organic,Mobile,West,35-44,2024-03,2024-03-29,,,,,,0,stage1,0,0,0,0
U008145,2024-01-07,Social,Tablet,South,25-34,2024-01,2024-01-07,,,,,,0,stage1,0,0,0,0
U008146,2024-02-25,Organic,Mobile,East,35-44,2024-02,2024-02-25,2024-02-27,,,,,0,stage2,1,0,0,0
U008147,2024-02-16,Organic,Desktop,East,25-34,2024-02,2024-02-16,2024-02-16,,,,,0,stage2,1,0,0,0
U008149,2024-03-15,Organic,Desktop,West,25-34,2024-03,2024-03-15,2024-03-16,2024-03-17,,,,0,stage3,1,1,0,0
U008152,2024-03-11,Social,Desktop,North,45-54,2024-03,2024-03-11,2024-03-12,,,,,0,stage2,1,0,0,0
U008153,2024-01-13,Referral,Mobile,North,35-44,2024-01,2024-01-13,2024-01-14,2024-01-16,2024-01-18,,,0,stage4,1,1,1,0
U008155,2024-03-08,Email,Desktop,West,18-24,2024-03,2024-03-08,2024-03-08,,,,,0,stage2,1,0,0,0
U008156,2024-02-23,Paid_Search,Mobile,East,35-44,2024-02,2024-02-23,,,,,,0,stage1,0,0,0,0
U008159,2024-03-30,Social,Mobile,South,25-34,2024-03,2024-03-30,,,,,,0,stage1,0,0,0,0
U008160,2024-02-14,Paid_Search,Mobile,West,25-34,2024-02,2024-02-14,2024-02-15,2024-02-16,,,,0,stage3,1,1,0,0
U008161,2024-03-26,Social,Mobile,North,25-34,2024-03,2024-03-26,2024-03-27,2024-03-30,,,,0,stage3,1,1,0,0
U008163,2024-02-28,Social,Desktop,South,18-24,2024-02,2024-02-28,2024-02-29,,,,,0,stage2,1,0,0,0
U008164,2024-03-19,Referral,Mobile,West,25-34,2024-03,2024-03-19,,,,,,0,stage1,0,0,0,0
U008165,2024-01-26,Organic,Desktop,West,55+,2024-01,2024-01-26,2024-01-28,,,,,0,stage2,1,0,0,0
U008166,2024-01-24,Organic,Mobile,South,35-44,2024-01,2024-01-24,2024-01-26,2024-01-28,,,,0,stage3,1,1,0,0
U008167,2024-03-21,Referral,Mobile,North,55+,2024-03,2024-03-21,2024-03-23,2024-03-25,,,,0,stage3,1,1,0,0
U008169,2024-02-17,Organic,Mobile,North,35-44,2024-02,2024-02-17,2024-02-18,,,,,0,stage2,1,0,0,0
U008170,2024-02-21,Paid_Search,Desktop,East,55+,2024-02,2024-02-21,2024-02-22,,,,,0,stage2,1,0,0,0
U008172,2024-03-30,Organic,Mobile,North,35-44,2024-03,2024-03-30,,,,,,0,stage1,0,0,0,0
U008173,2024-03-27,Referral,Mobile,North,45-54,2024-03,2024-03-27,2024-03-28,2024-03-30,,,,0,stage3,1,1,0,0
U008174,2024-02-10,Organic,Desktop,North,25-34,2024-02,2024-02-10,2024-02-10,,,,,0,stage2,1,0,0,0
U008175,2024-03-23,Paid_Search,Desktop,East,18-24,2024-03,2024-03-23,2024-03-23,,,,,0,stage2,1,0,0,0
U008176,2024-01-29,Paid_Search,Desktop,Central,18-24,2024-01,2024-01-29,,,,,,0,stage1,0,0,0,0
U008177,2024-02-18,Organic,Mobile,South,45-54,2024-02,2024-02-18,2024-02-20,2024-02-22,2024-02-24,2024-02-27,,0,stage5,1,1,1,1
U008180,2024-01-20,Organic,Mobile,North,18-24,2024-01,2024-01-20,2024-01-20,2024-01-21,,,,0,stage3,1,1,0,0
U008181,2024-01-24,Paid_Search,Mobile,East,25-34,2024-01,2024-01-24,2024-01-26,,,,,0,stage2,1,0,0,0
U008184,2024-03-08,Organic,Mobile,West,18-24,2024-03,2024-03-08,,,,,,0,stage1,0,0,0,0
U008185,2024-02-07,Paid_Search,Desktop,South,35-44,2024-02,2024-02-07,2024-02-09,,,,,0,stage2,1,0,0,0
U008186,2024-03-28,Paid_Search,Mobile,North,18-24,2024-03,2024-03-28,2024-03-30,,,,,0,stage2,1,0,0,0
U008187,2024-03-31,Organic,Mobile,Central,35-44,2024-03,2024-03-31,,,,,,0,stage1,0,0,0,0
U008189,2024-02-04,Paid_Search,Mobile,West,45-54,2024-02,2024-02-04,,,,,,0,stage1,0,0,0,0
U008191,2024-01-27,Paid_Search,Mobile,East,45-54,2024-01,2024-01-27,,,,,,0,stage1,0,0,0,0
U008192,2024-03-16,Organic,Tablet,Central,45-54,2024-03,2024-03-16,,,,,,0,stage1,0,0,0,0
U008195,2024-03-23,Organic,Mobile,West,45-54,2024-03,2024-03-23,2024-03-23,,,,,0,stage2,1,0,0,0
U008198,2024-02-27,Organic,Mobile,Central,18-24,2024-02,2024-02-27,,,,,,0,stage1,0,0,0,0
U008200,2024-03-03,Social,Mobile,East,55+,2024-03,2024-03-03,2024-03-03,2024-03-05,,,,0,stage3,1,1,0,0
U008202,2024-03-03,Social,Desktop,South,18-24,2024-03,2024-03-03,,,,,,0,stage1,0,0,0,0
U008203,2024-01-06,Paid_Search,Mobile,North,25-34,2024-01,2024-01-06,2024-01-08,2024-01-10,2024-01-11,,,0,stage4,1,1,1,0
U008207,2024-02-17,Email,Desktop,West,35-44,2024-02,2024-02-17,2024-02-19,2024-02-22,2024-02-23,2024-02-27,2024-02-29,1,Converted,1,1,1,1
U008208,2024-03-07,Referral,Desktop,West,45-54,2024-03,2024-03-07,2024-03-09,2024-03-11,2024-03-12,2024-03-16,2024-03-17,1,Converted,1,1,1,1
U008210,2024-03-01,Organic,Desktop,Central,35-44,2024-03,2024-03-01,2024-03-02,,,,,0,stage2,1,0,0,0
U008213,2024-02-04,Organic,Mobile,East,25-34,2024-02,2024-02-04,,,,,,0,stage1,0,0,0,0
U008214,2024-03-23,Paid_Search,Mobile,North,55+,2024-03,2024-03-23,2024-03-25,2024-03-26,,,,0,stage3,1,1,0,0
U008216,2024-03-21,Social,Mobile,Central,35-44,2024-03,2024-03-21,,,,,,0,stage1,0,0,0,0
U008217,2024-01-27,Social,Desktop,West,35-44,2024-01,2024-01-27,2024-01-29,,,,,0,stage2,1,0,0,0
U008218,2024-02-28,Organic,Desktop,South,35-44,2024-02,2024-02-28,2024-03-01,,,,,0,stage2,1,0,0,0
U008219,2024-03-30,Email,Desktop,East,35-44,2024-03,2024-03-30,2024-04-01,2024-04-04,2024-04-06,2024-04-08,,0,stage5,1,1,1,1
U008225,2024-01-06,Organic,Desktop,South,35-44,2024-01,2024-01-06,,,,,,0,stage1,0,0,0,0
U008229,2024-01-15,Organic,Mobile,East,35-44,2024-01,2024-01-15,2024-01-16,2024-01-18,,,,0,stage3,1,1,0,0
U008231,2024-01-17,Paid_Search,Desktop,Central,18-24,2024-01,2024-01-17,2024-01-19,,,,,0,stage2,1,0,0,0
U008232,2024-03-31,Paid_Search,Desktop,West,25-34,2024-03,2024-03-31,2024-03-31,2024-04-03,2024-04-04,2024-04-07,,0,stage5,1,1,1,1
U008233,2024-01-08,Paid_Search,Desktop,South,45-54,2024-01,2024-01-08,,,,,,0,stage1,0,0,0,0
U008240,2024-01-02,Referral,Desktop,North,25-34,2024-01,2024-01-02,2024-01-04,,,,,0,stage2,1,0,0,0
U008241,2024-01-14,Organic,Mobile,Central,45-54,2024-01,2024-01-14,,,,,,0,stage1,0,0,0,0
U008245,2024-01-17,Email,Desktop,West,18-24,2024-01,2024-01-17,2024-01-19,,,,,0,stage2,1,0,0,0
U008247,2024-03-04,Email,Desktop,West,35-44,2024-03,2024-03-04,2024-03-06,,,,,0,stage2,1,0,0,0
U008248,2024-02-15,Social,Desktop,North,25-34,2024-02,2024-02-15,2024-02-15,,,,,0,stage2,1,0,0,0
U008249,2024-01-08,Paid_Search,Mobile,West,25-34,2024-01,2024-01-08,2024-01-10,,,,,0,stage2,1,0,0,0
U008251,2024-01-31,Paid_Search,Mobile,North,25-34,2024-01,2024-01-31,2024-02-01,2024-02-02,2024-02-02,2024-02-06,2024-02-08,1,Converted,1,1,1,1
U008254,2024-02-05,Referral,Mobile,South,55+,2024-02,2024-02-05,2024-02-06,2024-02-07,,,,0,stage3,1,1,0,0
U008255,2024-01-25,Organic,Mobile,West,45-54,2024-01,2024-01-25,,,,,,0,stage1,0,0,0,0
U008256,2024-03-20,Paid_Search,Desktop,Central,25-34,2024-03,2024-03-20,2024-03-21,,,,,0,stage2,1,0,0,0
U008257,2024-02-15,Organic,Mobile,South,25-34,2024-02,2024-02-15,,,,,,0,stage1,0,0,0,0
U008262,2024-02-21,Email,Mobile,Central,25-34,2024-02,2024-02-21,2024-02-21,2024-02-23,,,,0,stage3,1,1,0,0
U008266,2024-01-16,Referral,Mobile,East,25-34,2024-01,2024-01-16,,,,,,0,stage1,0,0,0,0
U008269,2024-01-25,Social,Mobile,East,55+,2024-01,2024-01-25,,,,,,0,stage1,0,0,0,0
U008270,2024-02-13,Referral,Mobile,West,25-34,2024-02,2024-02-13,2024-02-13,,,,,0,stage2,1,0,0,0
U008272,2024-03-19,Organic,Mobile,Central,35-44,2024-03,2024-03-19,2024-03-19,2024-03-22,,,,0,stage3,1,1,0,0
U008276,2024-02-25,Email,Mobile,East,25-34,2024-02,2024-02-25,2024-02-26,2024-02-27,,,,0,stage3,1,1,0,0
U008281,2024-02-08,Organic,Mobile,East,18-24,2024-02,2024-02-08,2024-02-09,2024-02-10,2024-02-12,2024-02-13,,0,stage5,1,1,1,1
U008283,2024-03-20,Email,Mobile,West,18-24,2024-03,2024-03-20,2024-03-21,2024-03-22,,,,0,stage3,1,1,0,0
U008284,2024-03-30,Referral,Mobile,East,25-34,2024-03,2024-03-30,2024-04-01,,,,,0,stage2,1,0,0,0
U008285,2024-02-16,Referral,Mobile,East,55+,2024-02,2024-02-16,,,,,,0,stage1,0,0,0,0
U008291,2024-01-30,Referral,Mobile,South,18-24,2024-01,2024-01-30,,,,,,0,stage1,0,0,0,0
U008294,2024-01-17,Referral,Mobile,East,45-54,2024-01,2024-01-17,,,,,,0,stage1,0,0,0,0
U008295,2024-03-27,Referral,Tablet,North,25-34,2024-03,2024-03-27,,,,,,0,stage1,0,0,0,0
U008296,2024-03-04,Organic,Tablet,South,25-34,2024-03,2024-03-04,2024-03-05,2024-03-06,,,,0,stage3,1,1,0,0
U008297,2024-03-02,Paid_Search,Mobile,West,18-24,2024-03,2024-03-02,,,,,,0,stage1,0,0,0,0
U008299,2024-02-18,Email,Mobile,East,25-34,2024-02,2024-02-18,,,,,,0,stage1,0,0,0,0
U008301,2024-01-11,Social,Tablet,East,35-44,2024-01,2024-01-11,2024-01-12,,,,,0,stage2,1,0,0,0
U008302,2024-01-16,Paid_Search,Desktop,North,18-24,2024-01,2024-01-16,,,,,,0,stage1,0,0,0,0
U008305,2024-01-26,Organic,Mobile,Central,18-24,2024-01,2024-01-26,2024-01-28,,,,,0,stage2,1,0,0,0
U008306,2024-01-24,Organic,Mobile,South,25-34,2024-01,2024-01-24,,,,,,0,stage1,0,0,0,0
U008308,2024-03-23,Organic,Mobile,Central,25-34,2024-03,2024-03-23,2024-03-25,,,,,0,stage2,1,0,0,0
U008312,2024-03-23,Referral,Desktop,North,25-34,2024-03,2024-03-23,2024-03-23,2024-03-25,2024-03-25,,,0,stage4,1,1,1,0
U008313,2024-03-15,Referral,Mobile,West,18-24,2024-03,2024-03-15,2024-03-17,,,,,0,stage2,1,0,0,0
U008323,2024-01-11,Organic,Desktop,East,35-44,2024-01,2024-01-11,2024-01-11,2024-01-12,,,,0,stage3,1,1,0,0
U008324,2024-03-19,Organic,Mobile,East,25-34,2024-03,2024-03-19,,,,,,0,stage1,0,0,0,0
U008326,2024-03-21,Paid_Search,Mobile,West,18-24,2024-03,2024-03-21,,,,,,0,stage1,0,0,0,0
U008327,2024-01-13,Email,Desktop,North,18-24,2024-01,2024-01-13,2024-01-15,,,,,0,stage2,1,0,0,0
U008328,2024-01-08,Social,Desktop,North,35-44,2024-01,2024-01-08,,,,,,0,stage1,0,0,0,0
U008329,2024-01-13,Email,Desktop,East,35-44,2024-01,2024-01-13,,,,,,0,stage1,0,0,0,0
U008330,2024-03-18,Referral,Mobile,West,45-54,2024-03,2024-03-18,2024-03-19,2024-03-20,,,,0,stage3,1,1,0,0
U008331,2024-03-31,Referral,Mobile,West,25-34,2024-03,2024-03-31,,,,,,0,stage1,0,0,0,0
U008333,2024-01-14,Organic,Mobile,Central,45-54,2024-01,2024-01-14,2024-01-16,2024-01-18,,,,0,stage3,1,1,0,0
U008336,2024-02-15,Referral,Mobile,East,45-54,2024-02,2024-02-15,2024-02-17,2024-02-19,2024-02-21,2024-02-22,2024-02-22,1,Converted,1,1,1,1
U008337,2024-01-26,Paid_Search,Mobile,South,25-34,2024-01,2024-01-26,,,,,,0,stage1,0,0,0,0
U008339,2024-03-22,Organic,Desktop,East,55+,2024-03,2024-03-22,2024-03-22,2024-03-25,,,,0,stage3,1,1,0,0
U008340,2024-02-22,Organic,Mobile,North,18-24,2024-02,2024-02-22,2024-02-23,,,,,0,stage2,1,0,0,0
U008341,2024-02-22,Social,Tablet,East,25-34,2024-02,2024-02-22,,,,,,0,stage1,0,0,0,0
U008343,2024-01-04,Referral,Mobile,West,45-54,2024-01,2024-01-04,,,,,,0,stage1,0,0,0,0
U008344,2024-01-12,Organic,Mobile,East,45-54,2024-01,2024-01-12,2024-01-13,2024-01-14,2024-01-16,2024-01-17,,0,stage5,1,1,1,1
U008345,2024-03-15,Organic,Desktop,South,25-34,2024-03,2024-03-15,,,,,,0,stage1,0,0,0,0
U008346,2024-01-02,Referral,Desktop,West,25-34,2024-01,2024-01-02,2024-01-02,2024-01-05,,,,0,stage3,1,1,0,0
U008347,2024-03-25,Referral,Mobile,Central,35-44,2024-03,2024-03-25,2024-03-25,2024-03-27,,,,0,stage3,1,1,0,0
U008348,2024-02-28,Email,Desktop,East,25-34,2024-02,2024-02-28,2024-02-29,,,,,0,stage2,1,0,0,0
U008351,2024-03-04,Referral,Mobile,West,25-34,2024-03,2024-03-04,2024-03-06,2024-03-09,2024-03-10,2024-03-14,2024-03-16,1,Converted,1,1,1,1
U008353,2024-03-10,Referral,Desktop,Central,45-54,2024-03,2024-03-10,2024-03-11,,,,,0,stage2,1,0,0,0
U008355,2024-01-03,Organic,Desktop,West,25-34,2024-01,2024-01-03,2024-01-04,2024-01-06,2024-01-07,2024-01-10,2024-01-10,1,Converted,1,1,1,1
U008357,2024-01-11,Email,Desktop,East,45-54,2024-01,2024-01-11,2024-01-13,2024-01-15,,,,0,stage3,1,1,0,0
U008358,2024-02-02,Email,Mobile,South,25-34,2024-02,2024-02-02,2024-02-04,2024-02-07,2024-02-07,,,0,stage4,1,1,1,0
U008359,2024-01-19,Social,Tablet,North,18-24,2024-01,2024-01-19,2024-01-21,,,,,0,stage2,1,0,0,0
U008360,2024-01-30,Organic,Desktop,South,18-24,2024-01,2024-01-30,2024-01-30,,,,,0,stage2,1,0,0,0
U008361,2024-02-10,Organic,Mobile,South,35-44,2024-02,2024-02-10,2024-02-11,,,,,0,stage2,1,0,0,0
U008362,2024-01-18,Paid_Search,Mobile,East,25-34,2024-01,2024-01-18,,,,,,0,stage1,0,0,0,0
U008363,2024-02-16,Email,Desktop,South,25-34,2024-02,2024-02-16,,,,,,0,stage1,0,0,0,0
U008365,2024-02-12,Organic,Mobile,South,18-24,2024-02,2024-02-12,2024-02-14,,,,,0,stage2,1,0,0,0
U008366,2024-03-06,Social,Desktop,South,45-54,2024-03,2024-03-06,2024-03-08,,,,,0,stage2,1,0,0,0
U008369,2024-03-07,Organic,Mobile,Central,45-54,2024-03,2024-03-07,,,,,,0,stage1,0,0,0,0
U008370,2024-01-28,Social,Mobile,East,55+,2024-01,2024-01-28,,,,,,0,stage1,0,0,0,0
U008371,2024-01-31,Organic,Mobile,North,25-34,2024-01,2024-01-31,2024-02-01,,,,,0,stage2,1,0,0,0
U008372,2024-02-21,Referral,Mobile,East,45-54,2024-02,2024-02-21,2024-02-21,,,,,0,stage2,1,0,0,0
U008375,2024-01-28,Referral,Desktop,South,35-44,2024-01,2024-01-28,,,,,,0,stage1,0,0,0,0
U008376,2024-01-29,Organic,Mobile,West,35-44,2024-01,2024-01-29,,,,,,0,stage1,0,0,0,0
U008377,2024-02-28,Organic,Mobile,North,55+,2024-02,2024-02-28,,,,,,0,stage1,0,0,0,0
U008378,2024-01-10,Organic,Mobile,North,25-34,2024-01,2024-01-10,2024-01-11,2024-01-12,,,,0,stage3,1,1,0,0
U008379,2024-01-22,Referral,Mobile,West,35-44,2024-01,2024-01-22,2024-01-24,,,,,0,stage2,1,0,0,0
U008380,2024-01-18,Organic,Mobile,North,55+,2024-01,2024-01-18,,,,,,0,stage1,0,0,0,0
U008381,2024-03-02,Paid_Search,Desktop,North,55+,2024-03,2024-03-02,,,,,,0,stage1,0,0,0,0
U008384,2024-02-06,Social,Mobile,North,18-24,2024-02,2024-02-06,,,,,,0,stage1,0,0,0,0
U008388,2024-02-23,Email,Desktop,East,18-24,2024-02,2024-02-23,2024-02-25,2024-02-27,2024-02-27,2024-02-28,2024-02-28,1,Converted,1,1,1,1
U008389,2024-03-28,Organic,Mobile,North,35-44,2024-03,2024-03-28,2024-03-29,,,,,0,stage2,1,0,0,0
U008390,2024-02-14,Social,Mobile,Central,35-44,2024-02,2024-02-14,2024-02-15,2024-02-17,,,,0,stage3,1,1,0,0
U008391,2024-02-21,Referral,Mobile,Central,45-54,2024-02,2024-02-21,,,,,,0,stage1,0,0,0,0
U008393,2024-01-15,Organic,Mobile,North,18-24,2024-01,2024-01-15,2024-01-16,,,,,0,stage2,1,0,0,0
U008395,2024-01-17,Paid_Search,Mobile,North,55+,2024-01,2024-01-17,,,,,,0,stage1,0,0,0,0
U008396,2024-02-27,Paid_Search,Tablet,South,35-44,2024-02,2024-02-27,2024-02-27,2024-03-01,,,,0,stage3,1,1,0,0
U008397,2024-02-19,Social,Mobile,North,25-34,2024-02,2024-02-19,,,,,,0,stage1,0,0,0,0
U008398,2024-03-26,Organic,Desktop,Central,18-24,2024-03,2024-03-26,,,,,,0,stage1,0,0,0,0
U008403,2024-01-15,Social,Mobile,South,18-24,2024-01,2024-01-15,,,,,,0,stage1,0,0,0,0
U008404,2024-01-29,Social,Mobile,South,35-44,2024-01,2024-01-29,2024-01-31,2024-02-01,,,,0,stage3,1,1,0,0
U008407,2024-01-05,Social,Mobile,East,35-44,2024-01,2024-01-05,2024-01-07,2024-01-10,2024-01-10,2024-01-13,,0,stage5,1,1,1,1
U008409,2024-01-10,Social,Mobile,West,45-54,2024-01,2024-01-10,2024-01-10,2024-01-11,2024-01-13,2024-01-15,,0,stage5,1,1,1,1
U008410,2024-01-02,Paid_Search,Desktop,West,25-34,2024-01,2024-01-02,,,,,,0,stage1,0,0,0,0
U008414,2024-01-31,Email,Desktop,Central,18-24,2024-01,2024-01-31,2024-01-31,,,,,0,stage2,1,0,0,0
U008418,2024-01-19,Paid_Search,Mobile,South,55+,2024-01,2024-01-19,2024-01-19,,,,,0,stage2,1,0,0,0
U008421,2024-03-01,Referral,Mobile,West,35-44,2024-03,2024-03-01,2024-03-03,2024-03-05,,,,0,stage3,1,1,0,0
U008425,2024-02-09,Social,Mobile,East,25-34,2024-02,2024-02-09,2024-02-10,,,,,0,stage2,1,0,0,0
U008427,2024-02-27,Referral,Mobile,North,55+,2024-02,2024-02-27,2024-02-27,2024-02-29,,,,0,stage3,1,1,0,0
U008430,2024-03-06,Referral,Mobile,West,25-34,2024-03,2024-03-06,2024-03-06,2024-03-08,,,,0,stage3,1,1,0,0
U008431,2024-01-06,Organic,Desktop,Central,35-44,2024-01,2024-01-06,2024-01-07,2024-01-09,,,,0,stage3,1,1,0,0
U008432,2024-02-06,Paid_Search,Mobile,North,45-54,2024-02,2024-02-06,2024-02-06,,,,,0,stage2,1,0,0,0
U008434,2024-02-02,Social,Mobile,West,45-54,2024-02,2024-02-02,,,,,,0,stage1,0,0,0,0
U008441,2024-02-25,Paid_Search,Mobile,East,45-54,2024-02,2024-02-25,2024-02-27,,,,,0,stage2,1,0,0,0
U008442,2024-02-18,Email,Desktop,West,25-34,2024-02,2024-02-18,2024-02-20,,,,,0,stage2,1,0,0,0
U008443,2024-02-19,Paid_Search,Mobile,North,35-44,2024-02,2024-02-19,2024-02-21,2024-02-24,,,,0,stage3,1,1,0,0
U008449,2024-03-17,Organic,Desktop,North,45-54,2024-03,2024-03-17,2024-03-19,,,,,0,stage2,1,0,0,0
U008451,2024-02-21,Organic,Desktop,North,35-44,2024-02,2024-02-21,2024-02-21,2024-02-23,2024-02-25,2024-02-27,2024-02-29,1,Converted,1,1,1,1
U008455,2024-02-16,Organic,Tablet,North,35-44,2024-02,2024-02-16,2024-02-17,,,,,0,stage2,1,0,0,0
U008456,2024-01-07,Paid_Search,Mobile,East,25-34,2024-01,2024-01-07,2024-01-09,,,,,0,stage2,1,0,0,0
U008457,2024-02-22,Referral,Mobile,South,25-34,2024-02,2024-02-22,,,,,,0,stage1,0,0,0,0
U008459,2024-02-14,Organic,Tablet,Central,35-44,2024-02,2024-02-14,2024-02-15,2024-02-18,,,,0,stage3,1,1,0,0
U008462,2024-02-08,Referral,Desktop,East,35-44,2024-02,2024-02-08,2024-02-09,,,,,0,stage2,1,0,0,0
U008463,2024-03-22,Organic,Desktop,North,45-54,2024-03,2024-03-22,2024-03-23,2024-03-24,,,,0,stage3,1,1,0,0
U008464,2024-02-03,Social,Mobile,East,25-34,2024-02,2024-02-03,2024-02-04,2024-02-06,2024-02-08,,,0,stage4,1,1,1,0
U008467,2024-01-10,Organic,Mobile,South,35-44,2024-01,2024-01-10,2024-01-12,,,,,0,stage2,1,0,0,0
U008468,2024-01-25,Email,Desktop,South,55+,2024-01,2024-01-25,,,,,,0,stage1,0,0,0,0
U008469,2024-01-17,Paid_Search,Mobile,West,35-44,2024-01,2024-01-17,2024-01-17,,,,,0,stage2,1,0,0,0
U008470,2024-01-06,Email,Mobile,South,55+,2024-01,2024-01-06,2024-01-06,,,,,0,stage2,1,0,0,0
U008471,2024-01-14,Social,Mobile,North,18-24,2024-01,2024-01-14,2024-01-15,,,,,0,stage2,1,0,0,0
U008472,2024-01-24,Paid_Search,Desktop,West,35-44,2024-01,2024-01-24,,,,,,0,stage1,0,0,0,0
U008473,2024-03-21,Referral,Desktop,South,35-44,2024-03,2024-03-21,2024-03-22,,,,,0,stage2,1,0,0,0
U008474,2024-02-21,Paid_Search,Mobile,South,25-34,2024-02,2024-02-21,2024-02-23,,,,,0,stage2,1,0,0,0
U008475,2024-02-08,Social,Mobile,South,45-54,2024-02,2024-02-08,2024-02-08,,,,,0,stage2,1,0,0,0
U008476,2024-03-19,Organic,Mobile,North,55+,2024-03,2024-03-19,,,,,,0,stage1,0,0,0,0
U008477,2024-01-17,Social,Mobile,Central,55+,2024-01,2024-01-17,2024-01-18,,,,,0,stage2,1,0,0,0
U008480,2024-03-15,Referral,Desktop,South,35-44,2024-03,2024-03-15,2024-03-16,,,,,0,stage2,1,0,0,0
U008481,2024-01-26,Social,Desktop,Central,45-54,2024-01,2024-01-26,2024-01-28,,,,,0,stage2,1,0,0,0
U008482,2024-02-10,Email,Tablet,South,35-44,2024-02,2024-02-10,2024-02-10,2024-02-11,,,,0,stage3,1,1,0,0
U008488,2024-01-25,Organic,Desktop,South,35-44,2024-01,2024-01-25,2024-01-25,2024-01-26,,,,0,stage3,1,1,0,0
U008495,2024-01-06,Social,Mobile,West,25-34,2024-01,2024-01-06,,,,,,0,stage1,0,0,0,0
U008498,2024-03-27,Email,Mobile,Central,25-34,2024-03,2024-03-27,2024-03-27,,,,,0,stage2,1,0,0,0
U008501,2024-03-17,Organic,Mobile,Central,25-34,2024-03,2024-03-17,2024-03-19,2024-03-21,,,,0,stage3,1,1,0,0
U008502,2024-02-08,Paid_Search,Mobile,Central,45-54,2024-02,2024-02-08,2024-02-08,,,,,0,stage2,1,0,0,0
U008504,2024-01-22,Organic,Desktop,North,35-44,2024-01,2024-01-22,2024-01-23,2024-01-26,,,,0,stage3,1,1,0,0
U008506,2024-01-05,Organic,Mobile,North,18-24,2024-01,2024-01-05,2024-01-07,2024-01-10,2024-01-11,,,0,stage4,1,1,1,0
U008507,2024-02-13,Organic,Desktop,Central,18-24,2024-02,2024-02-13,2024-02-14,2024-02-16,,,,0,stage3,1,1,0,0
U008508,2024-02-19,Referral,Desktop,East,18-24,2024-02,2024-02-19,,,,,,0,stage1,0,0,0,0
U008510,2024-03-12,Referral,Desktop,South,45-54,2024-03,2024-03-12,,,,,,0,stage1,0,0,0,0
U008512,2024-01-07,Email,Mobile,Central,18-24,2024-01,2024-01-07,2024-01-08,2024-01-10,,,,0,stage3,1,1,0,0
U008513,2024-02-12,Organic,Desktop,Central,45-54,2024-02,2024-02-12,2024-02-12,2024-02-15,,,,0,stage3,1,1,0,0
U008514,2024-03-02,Social,Mobile,West,35-44,2024-03,2024-03-02,,,,,,0,stage1,0,0,0,0
U008516,2024-03-19,Paid_Search,Tablet,North,25-34,2024-03,2024-03-19,2024-03-20,,,,,0,stage2,1,0,0,0
U008519,2024-03-10,Email,Desktop,South,25-34,2024-03,2024-03-10,2024-03-12,2024-03-15,,,,0,stage3,1,1,0,0
U008524,2024-01-10,Referral,Mobile,Central,25-34,2024-01,2024-01-10,2024-01-12,,,,,0,stage2,1,0,0,0
U008526,2024-03-10,Organic,Mobile,North,45-54,2024-03,2024-03-10,,,,,,0,stage1,0,0,0,0
U008529,2024-03-28,Referral,Desktop,South,25-34,2024-03,2024-03-28,2024-03-28,2024-03-30,,,,0,stage3,1,1,0,0
U008530,2024-03-07,Organic,Desktop,North,25-34,2024-03,2024-03-07,,,,,,0,stage1,0,0,0,0
U008533,2024-03-09,Referral,Mobile,South,25-34,2024-03,2024-03-09,2024-03-09,2024-03-11,,,,0,stage3,1,1,0,0
U008536,2024-01-30,Social,Mobile,North,45-54,2024-01,2024-01-30,2024-01-30,,,,,0,stage2,1,0,0,0
U008537,2024-02-02,Organic,Mobile,North,35-44,2024-02,2024-02-02,,,,,,0,stage1,0,0,0,0
U008538,2024-01-28,Paid_Search,Mobile,South,45-54,2024-01,2024-01-28,,,,,,0,stage1,0,0,0,0
U008539,2024-03-03,Organic,Tablet,East,18-24,2024-03,2024-03-03,2024-03-03,2024-03-04,,,,0,stage3,1,1,0,0
U008541,2024-02-09,Paid_Search,Desktop,North,55+,2024-02,2024-02-09,,,,,,0,stage1,0,0,0,0
U008543,2024-01-20,Referral,Mobile,Central,35-44,2024-01,2024-01-20,,,,,,0,stage1,0,0,0,0
U008544,2024-01-03,Email,Desktop,South,55+,2024-01,2024-01-03,2024-01-05,,,,,0,stage2,1,0,0,0
U008545,2024-01-04,Social,Mobile,East,25-34,2024-01,2024-01-04,2024-01-06,2024-01-08,,,,0,stage3,1,1,0,0
U008547,2024-01-19,Paid_Search,Mobile,North,35-44,2024-01,2024-01-19,2024-01-19,2024-01-22,,,,0,stage3,1,1,0,0
U008550,2024-03-25,Organic,Mobile,Central,35-44,2024-03,2024-03-25,2024-03-27,2024-03-28,,,,0,stage3,1,1,0,0
U008552,2024-02-01,Social,Mobile,South,35-44,2024-02,2024-02-01,,,,,,0,stage1,0,0,0,0
U008553,2024-01-15,Social,Desktop,Central,25-34,2024-01,2024-01-15,,,,,,0,stage1,0,0,0,0
U008555,2024-01-21,Social,Mobile,North,35-44,2024-01,2024-01-21,2024-01-21,2024-01-22,,,,0,stage3,1,1,0,0
U008556,2024-01-24,Organic,Desktop,North,45-54,2024-01,2024-01-24,,,,,,0,stage1,0,0,0,0
U008557,2024-01-01,Paid_Search,Desktop,North,55+,2024-01,2024-01-01,,,,,,0,stage1,0,0,0,0
U008559,2024-02-29,Paid_Search,Mobile,North,55+,2024-02,2024-02-29,,,,,,0,stage1,0,0,0,0
U008560,2024-02-23,Organic,Mobile,South,25-34,2024-02,2024-02-23,,,,,,0,stage1,0,0,0,0
U008561,2024-01-13,Referral,Tablet,Central,45-54,2024-01,2024-01-13,2024-01-15,,,,,0,stage2,1,0,0,0
U008562,2024-01-21,Referral,Mobile,West,35-44,2024-01,2024-01-21,,,,,,0,stage1,0,0,0,0
U008564,2024-03-23,Referral,Mobile,North,25-34,2024-03,2024-03-23,,,,,,0,stage1,0,0,0,0
U008568,2024-03-14,Organic,Desktop,East,35-44,2024-03,2024-03-14,,,,,,0,stage1,0,0,0,0
U008571,2024-01-21,Referral,Tablet,North,55+,2024-01,2024-01-21,2024-01-21,,,,,0,stage2,1,0,0,0
U008572,2024-02-20,Paid_Search,Mobile,West,45-54,2024-02,2024-02-20,2024-02-21,2024-02-22,,,,0,stage3,1,1,0,0
U008576,2024-03-23,Email,Desktop,South,18-24,2024-03,2024-03-23,2024-03-23,2024-03-24,2024-03-25,2024-03-28,,0,stage5,1,1,1,1
U008579,2024-01-02,Referral,Desktop,West,25-34,2024-01,2024-01-02,2024-01-04,,,,,0,stage2,1,0,0,0
U008581,2024-03-13,Referral,Desktop,West,35-44,2024-03,2024-03-13,2024-03-13,2024-03-14,2024-03-14,,,0,stage4,1,1,1,0
U008582,2024-01-17,Social,Desktop,South,18-24,2024-01,2024-01-17,2024-01-18,2024-01-20,2024-01-22,2024-01-23,2024-01-25,1,Converted,1,1,1,1
U008584,2024-01-21,Email,Mobile,South,25-34,2024-01,2024-01-21,2024-01-23,2024-01-26,2024-01-27,,,0,stage4,1,1,1,0
U008585,2024-01-04,Organic,Desktop,South,35-44,2024-01,2024-01-04,2024-01-06,,,,,0,stage2,1,0,0,0
U008588,2024-01-17,Email,Mobile,West,55+,2024-01,2024-01-17,2024-01-19,2024-01-21,,,,0,stage3,1,1,0,0
U008589,2024-03-22,Organic,Mobile,South,25-34,2024-03,2024-03-22,2024-03-23,,,,,0,stage2,1,0,0,0
U008592,2024-03-17,Email,Desktop,South,35-44,2024-03,2024-03-17,2024-03-18,,,,,0,stage2,1,0,0,0
U008593,2024-03-21,Organic,Mobile,Central,35-44,2024-03,2024-03-21,,,,,,0,stage1,0,0,0,0
U008595,2024-02-18,Paid_Search,Mobile,East,35-44,2024-02,2024-02-18,2024-02-18,2024-02-21,,,,0,stage3,1,1,0,0
U008596,2024-02-13,Organic,Mobile,Central,18-24,2024-02,2024-02-13,2024-02-13,2024-02-16,,,,0,stage3,1,1,0,0
U008597,2024-03-31,Paid_Search,Desktop,West,25-34,2024-03,2024-03-31,2024-04-01,,,,,0,stage2,1,0,0,0
U008600,2024-03-24,Paid_Search,Mobile,West,25-34,2024-03,2024-03-24,2024-03-25,,,,,0,stage2,1,0,0,0
U008604,2024-02-06,Social,Tablet,West,55+,2024-02,2024-02-06,,,,,,0,stage1,0,0,0,0
U008607,2024-02-05,Organic,Tablet,South,45-54,2024-02,2024-02-05,2024-02-06,2024-02-08,2024-02-10,2024-02-12,2024-02-13,1,Converted,1,1,1,1
U008609,2024-01-04,Organic,Mobile,North,25-34,2024-01,2024-01-04,2024-01-05,2024-01-08,,,,0,stage3,1,1,0,0
U008610,2024-02-14,Paid_Search,Mobile,East,18-24,2024-02,2024-02-14,2024-02-14,2024-02-17,2024-02-17,,,0,stage4,1,1,1,0
U008611,2024-02-25,Organic,Desktop,East,25-34,2024-02,2024-02-25,2024-02-25,2024-02-26,2024-02-27,2024-03-02,2024-03-02,1,Converted,1,1,1,1
U008612,2024-03-10,Paid_Search,Desktop,North,55+,2024-03,2024-03-10,2024-03-11,2024-03-12,,,,0,stage3,1,1,0,0
U008613,2024-01-06,Organic,Tablet,North,18-24,2024-01,2024-01-06,2024-01-07,2024-01-09,,,,0,stage3,1,1,0,0
U008614,2024-02-10,Organic,Mobile,North,25-34,2024-02,2024-02-10,,,,,,0,stage1,0,0,0,0
U008615,2024-03-18,Paid_Search,Desktop,North,18-24,2024-03,2024-03-18,2024-03-20,,,,,0,stage2,1,0,0,0
U008616,2024-03-12,Social,Mobile,South,18-24,2024-03,2024-03-12,,,,,,0,stage1,0,0,0,0
U008617,2024-02-28,Organic,Desktop,East,45-54,2024-02,2024-02-28,2024-02-28,,,,,0,stage2,1,0,0,0
U008622,2024-03-31,Social,Desktop,Central,18-24,2024-03,2024-03-31,2024-03-31,2024-04-01,2024-04-02,2024-04-06,2024-04-08,1,Converted,1,1,1,1
U008623,2024-03-15,Organic,Mobile,East,18-24,2024-03,2024-03-15,2024-03-15,2024-03-16,,,,0,stage3,1,1,0,0
U008625,2024-02-25,Email,Mobile,North,25-34,2024-02,2024-02-25,2024-02-26,,,,,0,stage2,1,0,0,0
U008627,2024-01-04,Referral,Mobile,North,18-24,2024-01,2024-01-04,,,,,,0,stage1,0,0,0,0
U008628,2024-03-19,Social,Mobile,East,35-44,2024-03,2024-03-19,2024-03-21,,,,,0,stage2,1,0,0,0
U008629,2024-02-10,Referral,Mobile,Central,35-44,2024-02,2024-02-10,2024-02-11,,,,,0,stage2,1,0,0,0
U008631,2024-03-20,Organic,Mobile,East,35-44,2024-03,2024-03-20,2024-03-22,,,,,0,stage2,1,0,0,0
U008634,2024-03-13,Referral,Mobile,East,25-34,2024-03,2024-03-13,2024-03-14,2024-03-17,,,,0,stage3,1,1,0,0
U008636,2024-02-02,Referral,Mobile,North,35-44,2024-02,2024-02-02,,,,,,0,stage1,0,0,0,0
U008640,2024-02-23,Organic,Mobile,Central,25-34,2024-02,2024-02-23,2024-02-24,,,,,0,stage2,1,0,0,0
U008643,2024-03-25,Social,Mobile,East,18-24,2024-03,2024-03-25,2024-03-27,2024-03-28,2024-03-28,2024-03-31,2024-04-02,1,Converted,1,1,1,1
U008646,2024-01-05,Organic,Desktop,Central,25-34,2024-01,2024-01-05,2024-01-06,,,,,0,stage2,1,0,0,0
U008648,2024-01-25,Organic,Mobile,East,25-34,2024-01,2024-01-25,2024-01-26,,,,,0,stage2,1,0,0,0
U008649,2024-02-07,Social,Mobile,East,18-24,2024-02,2024-02-07,2024-02-09,2024-02-11,,,,0,stage3,1,1,0,0
U008650,2024-01-21,Organic,Desktop,South,55+,2024-01,2024-01-21,2024-01-23,,,,,0,stage2,1,0,0,0
U008653,2024-01-16,Email,Tablet,South,25-34,2024-01,2024-01-16,2024-01-17,,,,,0,stage2,1,0,0,0
U008654,2024-03-04,Referral,Desktop,Central,55+,2024-03,2024-03-04,,,,,,0,stage1,0,0,0,0
U008655,2024-02-27,Social,Desktop,Central,25-34,2024-02,2024-02-27,,,,,,0,stage1,0,0,0,0
U008657,2024-03-24,Organic,Desktop,South,18-24,2024-03,2024-03-24,,,,,,0,stage1,0,0,0,0
U008661,2024-02-21,Paid_Search,Tablet,East,25-34,2024-02,2024-02-21,,,,,,0,stage1,0,0,0,0
U008663,2024-01-31,Organic,Mobile,North,18-24,2024-01,2024-01-31,2024-02-01,,,,,0,stage2,1,0,0,0
U008664,2024-01-16,Email,Mobile,South,45-54,2024-01,2024-01-16,2024-01-18,2024-01-19,2024-01-21,2024-01-24,,0,stage5,1,1,1,1
U008665,2024-03-04,Email,Mobile,East,25-34,2024-03,2024-03-04,2024-03-05,,,,,0,stage2,1,0,0,0
U008667,2024-03-17,Referral,Desktop,Central,45-54,2024-03,2024-03-17,2024-03-18,,,,,0,stage2,1,0,0,0
U008668,2024-02-22,Referral,Mobile,Central,18-24,2024-02,2024-02-22,,,,,,0,stage1,0,0,0,0
U008669,2024-02-06,Organic,Desktop,North,25-34,2024-02,2024-02-06,2024-02-07,2024-02-08,,,,0,stage3,1,1,0,0
U008670,2024-01-08,Organic,Mobile,West,18-24,2024-01,2024-01-08,2024-01-10,2024-01-13,,,,0,stage3,1,1,0,0
U008672,2024-01-21,Paid_Search,Mobile,South,18-24,2024-01,2024-01-21,,,,,,0,stage1,0,0,0,0
U008676,2024-02-10,Organic,Desktop,West,25-34,2024-02,2024-02-10,2024-02-12,2024-02-14,,,,0,stage3,1,1,0,0
U008677,2024-03-21,Paid_Search,Mobile,North,18-24,2024-03,2024-03-21,2024-03-21,,,,,0,stage2,1,0,0,0
U008678,2024-03-11,Paid_Search,Desktop,Central,25-34,2024-03,2024-03-11,,,,,,0,stage1,0,0,0,0
U008681,2024-03-13,Organic,Desktop,West,25-34,2024-03,2024-03-13,,,,,,0,stage1,0,0,0,0
U008682,2024-02-11,Organic,Desktop,East,35-44,2024-02,2024-02-11,,,,,,0,stage1,0,0,0,0
U008684,2024-03-23,Email,Mobile,East,55+,2024-03,2024-03-23,,,,,,0,stage1,0,0,0,0
U008685,2024-01-05,Paid_Search,Mobile,South,35-44,2024-01,2024-01-05,,,,,,0,stage1,0,0,0,0
U008686,2024-02-01,Paid_Search,Mobile,West,55+,2024-02,2024-02-01,2024-02-01,,,,,0,stage2,1,0,0,0
U008687,2024-03-24,Paid_Search,Desktop,West,55+,2024-03,2024-03-24,,,,,,0,stage1,0,0,0,0
U008689,2024-02-06,Referral,Mobile,North,25-34,2024-02,2024-02-06,2024-02-07,2024-02-10,,,,0,stage3,1,1,0,0
U008691,2024-01-07,Paid_Search,Mobile,West,18-24,2024-01,2024-01-07,2024-01-09,2024-01-11,,,,0,stage3,1,1,0,0
U008693,2024-03-23,Referral,Mobile,East,18-24,2024-03,2024-03-23,2024-03-24,,,,,0,stage2,1,0,0,0
U008694,2024-02-15,Referral,Mobile,South,18-24,2024-02,2024-02-15,,,,,,0,stage1,0,0,0,0
U008695,2024-03-24,Email,Desktop,Central,25-34,2024-03,2024-03-24,2024-03-26,,,,,0,stage2,1,0,0,0
U008696,2024-01-09,Organic,Mobile,West,55+,2024-01,2024-01-09,2024-01-11,,,,,0,stage2,1,0,0,0
U008697,2024-03-13,Paid_Search,Mobile,East,45-54,2024-03,2024-03-13,2024-03-14,,,,,0,stage2,1,0,0,0
U008700,2024-01-15,Referral,Mobile,Central,55+,2024-01,2024-01-15,2024-01-17,,,,,0,stage2,1,0,0,0
U008701,2024-02-03,Organic,Mobile,Central,35-44,2024-02,2024-02-03,2024-02-04,,,,,0,stage2,1,0,0,0
U008702,2024-01-17,Social,Desktop,North,45-54,2024-01,2024-01-17,,,,,,0,stage1,0,0,0,0
U008703,2024-01-18,Referral,Mobile,North,25-34,2024-01,2024-01-18,2024-01-18,,,,,0,stage2,1,0,0,0
U008704,2024-02-08,Social,Mobile,West,45-54,2024-02,2024-02-08,,,,,,0,stage1,0,0,0,0
U008705,2024-01-27,Organic,Mobile,North,18-24,2024-01,2024-01-27,2024-01-29,,,,,0,stage2,1,0,0,0
U008706,2024-02-11,Organic,Mobile,Central,45-54,2024-02,2024-02-11,,,,,,0,stage1,0,0,0,0
U008707,2024-03-01,Organic,Desktop,East,35-44,2024-03,2024-03-01,2024-03-01,2024-03-03,,,,0,stage3,1,1,0,0
U008709,2024-01-21,Paid_Search,Mobile,West,45-54,2024-01,2024-01-21,,,,,,0,stage1,0,0,0,0
U008711,2024-01-18,Email,Desktop,North,25-34,2024-01,2024-01-18,2024-01-19,,,,,0,stage2,1,0,0,0
U008714,2024-02-09,Paid_Search,Mobile,West,25-34,2024-02,2024-02-09,2024-02-11,2024-02-12,,,,0,stage3,1,1,0,0
U008715,2024-02-23,Organic,Mobile,Central,18-24,2024-02,2024-02-23,,,,,,0,stage1,0,0,0,0
U008717,2024-03-07,Organic,Mobile,Central,25-34,2024-03,2024-03-07,,,,,,0,stage1,0,0,0,0
U008718,2024-02-28,Paid_Search,Desktop,South,25-34,2024-02,2024-02-28,2024-02-28,2024-02-29,2024-03-02,2024-03-03,,0,stage5,1,1,1,1
U008719,2024-01-14,Paid_Search,Mobile,East,55+,2024-01,2024-01-14,,,,,,0,stage1,0,0,0,0
U008722,2024-02-05,Paid_Search,Mobile,East,18-24,2024-02,2024-02-05,2024-02-07,2024-02-09,,,,0,stage3,1,1,0,0
U008723,2024-03-23,Social,Desktop,South,25-34,2024-03,2024-03-23,2024-03-24,2024-03-27,,,,0,stage3,1,1,0,0
U008725,2024-01-05,Email,Mobile,North,35-44,2024-01,2024-01-05,2024-01-07,,,,,0,stage2,1,0,0,0
U008726,2024-03-15,Organic,Mobile,East,25-34,2024-03,2024-03-15,2024-03-16,,,,,0,stage2,1,0,0,0
U008727,2024-01-07,Organic,Mobile,South,25-34,2024-01,2024-01-07,2024-01-09,2024-01-12,2024-01-14,,,0,stage4,1,1,1,0
U008729,2024-01-18,Paid_Search,Mobile,South,18-24,2024-01,2024-01-18,,,,,,0,stage1,0,0,0,0
U008730,2024-01-11,Organic,Mobile,West,18-24,2024-01,2024-01-11,,,,,,0,stage1,0,0,0,0
U008731,2024-02-21,Social,Mobile,East,25-34,2024-02,2024-02-21,2024-02-23,,,,,0,stage2,1,0,0,0
U008732,2024-01-10,Referral,Desktop,West,25-34,2024-01,2024-01-10,2024-01-10,,,,,0,stage2,1,0,0,0
U008733,2024-02-28,Organic,Tablet,South,35-44,2024-02,2024-02-28,,,,,,0,stage1,0,0,0,0
U008735,2024-03-30,Organic,Mobile,South,35-44,2024-03,2024-03-30,,,,,,0,stage1,0,0,0,0
U008737,2024-01-21,Paid_Search,Mobile,West,55+,2024-01,2024-01-21,,,,,,0,stage1,0,0,0,0
U008740,2024-02-08,Referral,Mobile,West,35-44,2024-02,2024-02-08,2024-02-10,2024-02-11,,,,0,stage3,1,1,0,0
U008745,2024-03-06,Referral,Desktop,Central,25-34,2024-03,2024-03-06,2024-03-07,,,,,0,stage2,1,0,0,0
U008746,2024-02-20,Social,Tablet,South,45-54,2024-02,2024-02-20,,,,,,0,stage1,0,0,0,0
U008747,2024-03-24,Organic,Desktop,North,25-34,2024-03,2024-03-24,,,,,,0,stage1,0,0,0,0
U008748,2024-03-07,Social,Desktop,West,18-24,2024-03,2024-03-07,2024-03-08,2024-03-09,,,,0,stage3,1,1,0,0
U008751,2024-01-08,Email,Mobile,Central,35-44,2024-01,2024-01-08,2024-01-09,,,,,0,stage2,1,0,0,0
U008756,2024-02-22,Referral,Desktop,East,35-44,2024-02,2024-02-22,2024-02-22,,,,,0,stage2,1,0,0,0
U008758,2024-03-18,Organic,Desktop,West,25-34,2024-03,2024-03-18,2024-03-19,2024-03-21,2024-03-21,2024-03-23,2024-03-25,1,Converted,1,1,1,1
U008759,2024-03-05,Social,Desktop,South,35-44,2024-03,2024-03-05,2024-03-05,2024-03-08,,,,0,stage3,1,1,0,0
U008760,2024-01-07,Organic,Desktop,East,35-44,2024-01,2024-01-07,2024-01-08,,,,,0,stage2,1,0,0,0
U008761,2024-01-04,Organic,Mobile,Central,35-44,2024-01,2024-01-04,,,,,,0,stage1,0,0,0,0
U008762,2024-02-25,Paid_Search,Mobile,East,25-34,2024-02,2024-02-25,,,,,,0,stage1,0,0,0,0
U008763,2024-02-16,Social,Desktop,East,25-34,2024-02,2024-02-16,,,,,,0,stage1,0,0,0,0
U008764,2024-03-26,Social,Desktop,West,45-54,2024-03,2024-03-26,2024-03-26,,,,,0,stage2,1,0,0,0
U008767,2024-02-12,Referral,Tablet,North,45-54,2024-02,2024-02-12,2024-02-13,2024-02-15,2024-02-17,2024-02-20,2024-02-22,1,Converted,1,1,1,1
U008768,2024-03-04,Social,Desktop,Central,45-54,2024-03,2024-03-04,,,,,,0,stage1,0,0,0,0
U008769,2024-01-20,Paid_Search,Desktop,West,18-24,2024-01,2024-01-20,,,,,,0,stage1,0,0,0,0
U008771,2024-01-28,Social,Mobile,North,25-34,2024-01,2024-01-28,,,,,,0,stage1,0,0,0,0
U008772,2024-01-01,Organic,Desktop,East,35-44,2024-01,2024-01-01,2024-01-01,2024-01-04,2024-01-04,2024-01-05,2024-01-06,1,Converted,1,1,1,1
U008773,2024-01-01,Social,Mobile,West,55+,2024-01,2024-01-01,,,,,,0,stage1,0,0,0,0
U008774,2024-03-18,Organic,Desktop,North,25-34,2024-03,2024-03-18,2024-03-19,2024-03-21,,,,0,stage3,1,1,0,0
U008780,2024-03-17,Referral,Mobile,Central,18-24,2024-03,2024-03-17,2024-03-17,2024-03-18,,,,0,stage3,1,1,0,0
U008781,2024-03-18,Social,Mobile,West,45-54,2024-03,2024-03-18,2024-03-18,,,,,0,stage2,1,0,0,0
U008782,2024-03-08,Paid_Search,Desktop,East,25-34,2024-03,2024-03-08,2024-03-09,2024-03-10,,,,0,stage3,1,1,0,0
U008783,2024-01-31,Paid_Search,Mobile,East,25-34,2024-01,2024-01-31,2024-02-02,2024-02-05,,,,0,stage3,1,1,0,0
U008785,2024-01-08,Organic,Mobile,South,35-44,2024-01,2024-01-08,2024-01-09,,,,,0,stage2,1,0,0,0
U008786,2024-02-14,Email,Desktop,South,35-44,2024-02,2024-02-14,,,,,,0,stage1,0,0,0,0
U008787,2024-01-04,Organic,Mobile,North,25-34,2024-01,2024-01-04,,,,,,0,stage1,0,0,0,0
U008788,2024-01-29,Referral,Mobile,West,35-44,2024-01,2024-01-29,2024-01-29,2024-02-01,2024-02-01,2024-02-05,,0,stage5,1,1,1,1
U008792,2024-01-17,Organic,Mobile,West,25-34,2024-01,2024-01-17,,,,,,0,stage1,0,0,0,0
U008794,2024-01-10,Paid_Search,Mobile,Central,35-44,2024-01,2024-01-10,,,,,,0,stage1,0,0,0,0
U008801,2024-01-17,Organic,Desktop,North,25-34,2024-01,2024-01-17,2024-01-18,2024-01-21,2024-01-22,2024-01-26,2024-01-26,1,Converted,1,1,1,1
U008802,2024-03-09,Organic,Mobile,East,25-34,2024-03,2024-03-09,2024-03-09,,,,,0,stage2,1,0,0,0
U008804,2024-01-01,Paid_Search,Tablet,Central,55+,2024-01,2024-01-01,2024-01-03,,,,,0,stage2,1,0,0,0
U008805,2024-01-12,Paid_Search,Mobile,South,18-24,2024-01,2024-01-12,,,,,,0,stage1,0,0,0,0
U008809,2024-01-13,Paid_Search,Mobile,North,25-34,2024-01,2024-01-13,2024-01-14,2024-01-16,2024-01-16,2024-01-19,2024-01-20,1,Converted,1,1,1,1
U008811,2024-02-11,Social,Mobile,East,35-44,2024-02,2024-02-11,2024-02-12,2024-02-15,,,,0,stage3,1,1,0,0
U008814,2024-03-23,Social,Desktop,East,18-24,2024-03,2024-03-23,,,,,,0,stage1,0,0,0,0
U008819,2024-03-15,Email,Mobile,North,35-44,2024-03,2024-03-15,,,,,,0,stage1,0,0,0,0
U008820,2024-02-07,Paid_Search,Mobile,South,35-44,2024-02,2024-02-07,2024-02-09,,,,,0,stage2,1,0,0,0
U008825,2024-02-05,Paid_Search,Desktop,North,35-44,2024-02,2024-02-05,2024-02-06,,,,,0,stage2,1,0,0,0
U008829,2024-03-28,Social,Desktop,North,35-44,2024-03,2024-03-28,2024-03-30,,,,,0,stage2,1,0,0,0
U008831,2024-02-05,Organic,Mobile,South,35-44,2024-02,2024-02-05,,,,,,0,stage1,0,0,0,0
U008832,2024-02-22,Social,Mobile,South,45-54,2024-02,2024-02-22,2024-02-24,2024-02-26,,,,0,stage3,1,1,0,0
U008833,2024-01-21,Organic,Mobile,West,25-34,2024-01,2024-01-21,,,,,,0,stage1,0,0,0,0
U008838,2024-02-12,Paid_Search,Mobile,Central,45-54,2024-02,2024-02-12,2024-02-14,,,,,0,stage2,1,0,0,0
U008839,2024-02-28,Paid_Search,Mobile,West,25-34,2024-02,2024-02-28,2024-03-01,2024-03-04,,,,0,stage3,1,1,0,0
U008840,2024-03-26,Organic,Mobile,Central,25-34,2024-03,2024-03-26,2024-03-27,,,,,0,stage2,1,0,0,0
U008841,2024-01-30,Organic,Mobile,Central,55+,2024-01,2024-01-30,2024-01-31,,,,,0,stage2,1,0,0,0
U008847,2024-02-27,Email,Mobile,East,35-44,2024-02,2024-02-27,2024-02-29,,,,,0,stage2,1,0,0,0
U008849,2024-02-18,Paid_Search,Desktop,North,45-54,2024-02,2024-02-18,2024-02-20,2024-02-21,,,,0,stage3,1,1,0,0
U008855,2024-02-18,Paid_Search,Mobile,South,35-44,2024-02,2024-02-18,,,,,,0,stage1,0,0,0,0
U008856,2024-01-07,Referral,Mobile,North,25-34,2024-01,2024-01-07,2024-01-07,2024-01-08,2024-01-09,,,0,stage4,1,1,1,0
U008857,2024-01-31,Referral,Mobile,East,18-24,2024-01,2024-01-31,2024-01-31,,,,,0,stage2,1,0,0,0
U008858,2024-02-17,Referral,Mobile,Central,35-44,2024-02,2024-02-17,2024-02-19,,,,,0,stage2,1,0,0,0
U008859,2024-01-19,Organic,Desktop,East,55+,2024-01,2024-01-19,2024-01-19,2024-01-21,,,,0,stage3,1,1,0,0
U008863,2024-03-17,Email,Mobile,East,35-44,2024-03,2024-03-17,,,,,,0,stage1,0,0,0,0
U008864,2024-03-28,Social,Mobile,Central,55+,2024-03,2024-03-28,2024-03-29,,,,,0,stage2,1,0,0,0
U008866,2024-03-18,Email,Mobile,West,25-34,2024-03,2024-03-18,2024-03-19,,,,,0,stage2,1,0,0,0
U008871,2024-01-11,Referral,Mobile,East,18-24,2024-01,2024-01-11,2024-01-13,2024-01-15,,,,0,stage3,1,1,0,0
U008872,2024-01-09,Social,Mobile,Central,18-24,2024-01,2024-01-09,,,,,,0,stage1,0,0,0,0
U008874,2024-03-30,Organic,Mobile,North,18-24,2024-03,2024-03-30,2024-03-30,2024-04-01,,,,0,stage3,1,1,0,0
U008882,2024-03-05,Referral,Mobile,East,25-34,2024-03,2024-03-05,2024-03-07,2024-03-08,2024-03-08,,,0,stage4,1,1,1,0
U008883,2024-03-03,Organic,Desktop,South,55+,2024-03,2024-03-03,2024-03-05,2024-03-08,2024-03-10,2024-03-11,2024-03-12,1,Converted,1,1,1,1
U008885,2024-03-27,Organic,Desktop,East,35-44,2024-03,2024-03-27,2024-03-27,2024-03-30,2024-03-31,,,0,stage4,1,1,1,0
U008886,2024-01-09,Social,Desktop,West,35-44,2024-01,2024-01-09,2024-01-10,,,,,0,stage2,1,0,0,0
U008887,2024-03-20,Organic,Desktop,North,25-34,2024-03,2024-03-20,2024-03-22,2024-03-25,,,,0,stage3,1,1,0,0
U008889,2024-02-25,Organic,Desktop,South,18-24,2024-02,2024-02-25,2024-02-27,,,,,0,stage2,1,0,0,0
U008891,2024-01-25,Organic,Mobile,South,35-44,2024-01,2024-01-25,,,,,,0,stage1,0,0,0,0
U008892,2024-01-03,Referral,Desktop,North,35-44,2024-01,2024-01-03,2024-01-05,,,,,0,stage2,1,0,0,0
U008893,2024-02-02,Email,Mobile,South,45-54,2024-02,2024-02-02,2024-02-04,2024-02-07,2024-02-07,2024-02-11,2024-02-11,1,Converted,1,1,1,1
U008896,2024-01-13,Referral,Mobile,Central,18-24,2024-01,2024-01-13,2024-01-14,,,,,0,stage2,1,0,0,0
U008900,2024-02-11,Paid_Search,Mobile,East,25-34,2024-02,2024-02-11,2024-02-11,,,,,0,stage2,1,0,0,0
U008901,2024-03-15,Organic,Desktop,East,45-54,2024-03,2024-03-15,,,,,,0,stage1,0,0,0,0
U008903,2024-01-29,Paid_Search,Mobile,Central,25-34,2024-01,2024-01-29,,,,,,0,stage1,0,0,0,0
U008905,2024-02-09,Referral,Mobile,South,35-44,2024-02,2024-02-09,2024-02-09,,,,,0,stage2,1,0,0,0
U008906,2024-02-20,Organic,Desktop,South,35-44,2024-02,2024-02-20,2024-02-21,2024-02-23,,,,0,stage3,1,1,0,0
U008907,2024-03-04,Organic,Desktop,West,45-54,2024-03,2024-03-04,2024-03-04,2024-03-06,,,,0,stage3,1,1,0,0
U008910,2024-01-12,Social,Mobile,West,25-34,2024-01,2024-01-12,,,,,,0,stage1,0,0,0,0
U008911,2024-03-18,Referral,Desktop,East,25-34,2024-03,2024-03-18,2024-03-18,2024-03-19,2024-03-20,2024-03-24,2024-03-24,1,Converted,1,1,1,1
U008914,2024-01-30,Organic,Mobile,East,18-24,2024-01,2024-01-30,2024-01-30,,,,,0,stage2,1,0,0,0
U008915,2024-02-12,Email,Desktop,East,55+,2024-02,2024-02-12,2024-02-12,,,,,0,stage2,1,0,0,0
U008916,2024-02-03,Paid_Search,Desktop,West,55+,2024-02,2024-02-03,,,,,,0,stage1,0,0,0,0
U008918,2024-01-07,Organic,Desktop,North,55+,2024-01,2024-01-07,2024-01-08,2024-01-10,,,,0,stage3,1,1,0,0
U008923,2024-01-28,Email,Mobile,East,18-24,2024-01,2024-01-28,,,,,,0,stage1,0,0,0,0
U008925,2024-01-09,Email,Desktop,East,25-34,2024-01,2024-01-09,2024-01-10,,,,,0,stage2,1,0,0,0
U008927,2024-01-23,Organic,Mobile,North,55+,2024-01,2024-01-23,2024-01-24,2024-01-27,,,,0,stage3,1,1,0,0
U008930,2024-01-07,Organic,Desktop,South,45-54,2024-01,2024-01-07,2024-01-07,,,,,0,stage2,1,0,0,0
U008931,2024-01-23,Referral,Desktop,North,18-24,2024-01,2024-01-23,2024-01-25,,,,,0,stage2,1,0,0,0
U008932,2024-02-17,Paid_Search,Mobile,South,25-34,2024-02,2024-02-17,,,,,,0,stage1,0,0,0,0
U008935,2024-03-08,Organic,Desktop,East,45-54,2024-03,2024-03-08,2024-03-09,2024-03-10,,,,0,stage3,1,1,0,0
U008939,2024-01-30,Paid_Search,Mobile,South,45-54,2024-01,2024-01-30,2024-02-01,,,,,0,stage2,1,0,0,0
U008940,2024-01-11,Organic,Mobile,Central,18-24,2024-01,2024-01-11,2024-01-11,,,,,0,stage2,1,0,0,0
U008941,2024-02-21,Referral,Desktop,Central,35-44,2024-02,2024-02-21,,,,,,0,stage1,0,0,0,0
U008942,2024-02-07,Referral,Desktop,North,55+,2024-02,2024-02-07,,,,,,0,stage1,0,0,0,0
U008943,2024-03-17,Organic,Desktop,South,35-44,2024-03,2024-03-17,,,,,,0,stage1,0,0,0,0
U008944,2024-02-04,Organic,Tablet,North,25-34,2024-02,2024-02-04,2024-02-06,2024-02-09,,,,0,stage3,1,1,0,0
U008946,2024-01-03,Email,Mobile,Central,25-34,2024-01,2024-01-03,2024-01-04,,,,,0,stage2,1,0,0,0
U008947,2024-01-16,Organic,Desktop,West,25-34,2024-01,2024-01-16,2024-01-18,2024-01-19,2024-01-19,,,0,stage4,1,1,1,0
U008949,2024-03-09,Organic,Desktop,West,45-54,2024-03,2024-03-09,2024-03-11,,,,,0,stage2,1,0,0,0
U008951,2024-02-05,Organic,Mobile,North,25-34,2024-02,2024-02-05,2024-02-06,,,,,0,stage2,1,0,0,0
U008952,2024-03-03,Paid_Search,Desktop,North,25-34,2024-03,2024-03-03,,,,,,0,stage1,0,0,0,0
U008955,2024-02-24,Organic,Mobile,East,55+,2024-02,2024-02-24,2024-02-24,,,,,0,stage2,1,0,0,0
U008956,2024-02-14,Organic,Mobile,South,25-34,2024-02,2024-02-14,2024-02-15,,,,,0,stage2,1,0,0,0
U008960,2024-01-19,Paid_Search,Mobile,North,25-34,2024-01,2024-01-19,2024-01-19,,,,,0,stage2,1,0,0,0
U008963,2024-02-07,Organic,Desktop,North,18-24,2024-02,2024-02-07,,,,,,0,stage1,0,0,0,0
U008964,2024-01-18,Organic,Mobile,East,45-54,2024-01,2024-01-18,2024-01-19,2024-01-22,2024-01-22,2024-01-24,2024-01-24,1,Converted,1,1,1,1
U008968,2024-01-16,Referral,Desktop,North,35-44,2024-01,2024-01-16,2024-01-17,2024-01-18,2024-01-19,2024-01-23,2024-01-23,1,Converted,1,1,1,1
U008969,2024-02-19,Paid_Search,Mobile,East,25-34,2024-02,2024-02-19,2024-02-21,,,,,0,stage2,1,0,0,0
U008971,2024-02-02,Paid_Search,Desktop,Central,18-24,2024-02,2024-02-02,2024-02-03,2024-02-06,2024-02-08,2024-02-12,,0,stage5,1,1,1,1
U008973,2024-01-20,Organic,Mobile,East,35-44,2024-01,2024-01-20,2024-01-21,2024-01-24,,,,0,stage3,1,1,0,0
U008974,2024-01-08,Organic,Desktop,North,35-44,2024-01,2024-01-08,2024-01-09,,,,,0,stage2,1,0,0,0
U008975,2024-01-17,Paid_Search,Mobile,West,25-34,2024-01,2024-01-17,,,,,,0,stage1,0,0,0,0
U008977,2024-01-22,Referral,Mobile,East,45-54,2024-01,2024-01-22,2024-01-24,2024-01-25,,,,0,stage3,1,1,0,0
U008979,2024-01-11,Referral,Tablet,North,35-44,2024-01,2024-01-11,2024-01-12,2024-01-14,,,,0,stage3,1,1,0,0
U008983,2024-03-19,Referral,Desktop,West,35-44,2024-03,2024-03-19,2024-03-20,2024-03-23,,,,0,stage3,1,1,0,0
U008989,2024-03-27,Organic,Desktop,West,35-44,2024-03,2024-03-27,2024-03-27,,,,,0,stage2,1,0,0,0
U008992,2024-03-28,Email,Desktop,West,35-44,2024-03,2024-03-28,2024-03-30,2024-04-02,,,,0,stage3,1,1,0,0
U008994,2024-01-17,Organic,Mobile,West,25-34,2024-01,2024-01-17,2024-01-18,2024-01-21,,,,0,stage3,1,1,0,0
U008995,2024-03-09,Referral,Desktop,East,35-44,2024-03,2024-03-09,2024-03-10,,,,,0,stage2,1,0,0,0
U008996,2024-03-14,Referral,Mobile,West,25-34,2024-03,2024-03-14,2024-03-16,,,,,0,stage2,1,0,0,0
U008998,2024-02-28,Organic,Mobile,North,25-34,2024-02,2024-02-28,2024-02-29,,,,,0,stage2,1,0,0,0
U008999,2024-03-23,Paid_Search,Desktop,South,35-44,2024-03,2024-03-23,,,,,,0,stage1,0,0,0,0
U009000,2024-03-02,Paid_Search,Tablet,North,55+,2024-03,2024-03-02,2024-03-04,,,,,0,stage2,1,0,0,0
U009001,2024-02-18,Email,Desktop,East,35-44,2024-02,2024-02-18,2024-02-19,2024-02-21,2024-02-21,2024-02-24,,0,stage5,1,1,1,1
U009005,2024-03-16,Paid_Search,Mobile,Central,25-34,2024-03,2024-03-16,,,,,,0,stage1,0,0,0,0
U009006,2024-02-18,Paid_Search,Desktop,South,45-54,2024-02,2024-02-18,2024-02-20,2024-02-23,2024-02-24,2024-02-27,,0,stage5,1,1,1,1
U009007,2024-02-22,Social,Mobile,East,45-54,2024-02,2024-02-22,,,,,,0,stage1,0,0,0,0
U009010,2024-01-31,Organic,Desktop,Central,55+,2024-01,2024-01-31,2024-02-02,,,,,0,stage2,1,0,0,0
U009011,2024-03-15,Social,Mobile,North,25-34,2024-03,2024-03-15,,,,,,0,stage1,0,0,0,0
U009013,2024-02-22,Referral,Desktop,West,35-44,2024-02,2024-02-22,,,,,,0,stage1,0,0,0,0
U009016,2024-02-16,Referral,Mobile,South,35-44,2024-02,2024-02-16,,,,,,0,stage1,0,0,0,0
U009019,2024-03-03,Paid_Search,Desktop,Central,55+,2024-03,2024-03-03,,,,,,0,stage1,0,0,0,0
U009022,2024-03-10,Paid_Search,Desktop,West,25-34,2024-03,2024-03-10,,,,,,0,stage1,0,0,0,0
U009024,2024-03-28,Paid_Search,Mobile,West,25-34,2024-03,2024-03-28,,,,,,0,stage1,0,0,0,0
U009025,2024-02-07,Paid_Search,Desktop,East,55+,2024-02,2024-02-07,2024-02-08,2024-02-11,,,,0,stage3,1,1,0,0
U009026,2024-01-19,Referral,Desktop,South,35-44,2024-01,2024-01-19,2024-01-20,2024-01-21,,,,0,stage3,1,1,0,0
U009030,2024-03-11,Referral,Desktop,West,35-44,2024-03,2024-03-11,2024-03-13,,,,,0,stage2,1,0,0,0
U009032,2024-02-20,Paid_Search,Desktop,South,25-34,2024-02,2024-02-20,2024-02-21,,,,,0,stage2,1,0,0,0
U009033,2024-01-14,Social,Mobile,West,25-34,2024-01,2024-01-14,,,,,,0,stage1,0,0,0,0
U009038,2024-03-21,Referral,Desktop,East,18-24,2024-03,2024-03-21,2024-03-21,2024-03-22,2024-03-22,2024-03-23,2024-03-24,1,Converted,1,1,1,1
U009039,2024-01-14,Referral,Desktop,Central,18-24,2024-01,2024-01-14,2024-01-14,2024-01-15,2024-01-16,2024-01-17,2024-01-19,1,Converted,1,1,1,1
U009041,2024-02-02,Organic,Mobile,South,25-34,2024-02,2024-02-02,2024-02-02,,,,,0,stage2,1,0,0,0
U009043,2024-02-22,Social,Mobile,West,35-44,2024-02,2024-02-22,,,,,,0,stage1,0,0,0,0
U009044,2024-01-11,Referral,Desktop,North,35-44,2024-01,2024-01-11,2024-01-13,2024-01-16,,,,0,stage3,1,1,0,0
U009045,2024-01-16,Organic,Desktop,West,35-44,2024-01,2024-01-16,,,,,,0,stage1,0,0,0,0
U009046,2024-01-03,Social,Mobile,West,18-24,2024-01,2024-01-03,2024-01-03,,,,,0,stage2,1,0,0,0
U009047,2024-03-27,Organic,Mobile,East,25-34,2024-03,2024-03-27,2024-03-29,,,,,0,stage2,1,0,0,0
U009048,2024-03-11,Referral,Mobile,East,55+,2024-03,2024-03-11,,,,,,0,stage1,0,0,0,0
U009049,2024-03-13,Referral,Mobile,South,45-54,2024-03,2024-03-13,2024-03-14,,,,,0,stage2,1,0,0,0
U009050,2024-03-02,Paid_Search,Desktop,North,25-34,2024-03,2024-03-02,,,,,,0,stage1,0,0,0,0
U009051,2024-02-29,Social,Desktop,North,45-54,2024-02,2024-02-29,2024-02-29,2024-03-03,,,,0,stage3,1,1,0,0
U009053,2024-02-08,Organic,Mobile,North,25-34,2024-02,2024-02-08,2024-02-08,2024-02-11,,,,0,stage3,1,1,0,0
U009058,2024-02-11,Paid_Search,Desktop,East,55+,2024-02,2024-02-11,,,,,,0,stage1,0,0,0,0
U009059,2024-01-24,Organic,Mobile,East,18-24,2024-01,2024-01-24,2024-01-26,,,,,0,stage2,1,0,0,0
U009061,2024-01-25,Paid_Search,Tablet,East,25-34,2024-01,2024-01-25,2024-01-25,2024-01-27,,,,0,stage3,1,1,0,0
U009062,2024-02-26,Referral,Mobile,East,45-54,2024-02,2024-02-26,2024-02-26,2024-02-28,,,,0,stage3,1,1,0,0
U009064,2024-02-12,Email,Desktop,East,55+,2024-02,2024-02-12,2024-02-12,2024-02-13,2024-02-14,2024-02-15,,0,stage5,1,1,1,1
U009065,2024-01-01,Social,Desktop,South,55+,2024-01,2024-01-01,2024-01-01,2024-01-04,,,,0,stage3,1,1,0,0
U009066,2024-03-19,Paid_Search,Mobile,Central,35-44,2024-03,2024-03-19,,,,,,0,stage1,0,0,0,0
U009069,2024-02-29,Referral,Mobile,West,55+,2024-02,2024-02-29,2024-02-29,,,,,0,stage2,1,0,0,0
U009070,2024-01-21,Social,Desktop,South,55+,2024-01,2024-01-21,2024-01-22,,,,,0,stage2,1,0,0,0
U009072,2024-02-08,Referral,Mobile,East,25-34,2024-02,2024-02-08,2024-02-10,2024-02-12,2024-02-14,2024-02-18,2024-02-18,1,Converted,1,1,1,1
U009074,2024-03-10,Paid_Search,Mobile,Central,35-44,2024-03,2024-03-10,,,,,,0,stage1,0,0,0,0
U009075,2024-02-22,Referral,Mobile,South,35-44,2024-02,2024-02-22,2024-02-24,2024-02-26,2024-02-27,,,0,stage4,1,1,1,0
U009077,2024-03-23,Referral,Mobile,East,25-34,2024-03,2024-03-23,2024-03-23,,,,,0,stage2,1,0,0,0
U009079,2024-02-22,Paid_Search,Desktop,North,35-44,2024-02,2024-02-22,,,,,,0,stage1,0,0,0,0
U009081,2024-02-06,Paid_Search,Mobile,East,18-24,2024-02,2024-02-06,2024-02-08,,,,,0,stage2,1,0,0,0
U009082,2024-01-20,Paid_Search,Mobile,South,25-34,2024-01,2024-01-20,2024-01-22,,,,,0,stage2,1,0,0,0
U009085,2024-02-13,Referral,Desktop,East,35-44,2024-02,2024-02-13,2024-02-14,2024-02-15,,,,0,stage3,1,1,0,0
U009086,2024-02-25,Referral,Desktop,South,55+,2024-02,2024-02-25,2024-02-26,,,,,0,stage2,1,0,0,0
U009087,2024-03-31,Email,Desktop,West,18-24,2024-03,2024-03-31,,,,,,0,stage1,0,0,0,0
U009089,2024-03-15,Organic,Desktop,Central,45-54,2024-03,2024-03-15,2024-03-15,2024-03-17,2024-03-19,,,0,stage4,1,1,1,0
U009091,2024-01-07,Referral,Desktop,North,45-54,2024-01,2024-01-07,2024-01-09,,,,,0,stage2,1,0,0,0
U009093,2024-01-06,Paid_Search,Mobile,East,18-24,2024-01,2024-01-06,2024-01-07,2024-01-10,2024-01-11,,,0,stage4,1,1,1,0
U009095,2024-01-06,Referral,Mobile,South,18-24,2024-01,2024-01-06,2024-01-07,,,,,0,stage2,1,0,0,0
U009098,2024-03-07,Paid_Search,Mobile,South,25-34,2024-03,2024-03-07,,,,,,0,stage1,0,0,0,0
U009100,2024-02-10,Social,Tablet,East,25-34,2024-02,2024-02-10,,,,,,0,stage1,0,0,0,0
U009101,2024-02-13,Organic,Mobile,South,35-44,2024-02,2024-02-13,2024-02-13,,,,,0,stage2,1,0,0,0
U009103,2024-01-10,Referral,Desktop,Central,35-44,2024-01,2024-01-10,2024-01-11,,,,,0,stage2,1,0,0,0
U009105,2024-01-13,Social,Desktop,East,45-54,2024-01,2024-01-13,,,,,,0,stage1,0,0,0,0
U009106,2024-02-28,Paid_Search,Mobile,West,18-24,2024-02,2024-02-28,2024-02-28,2024-03-02,,,,0,stage3,1,1,0,0
U009107,2024-02-10,Paid_Search,Mobile,Central,25-34,2024-02,2024-02-10,2024-02-10,,,,,0,stage2,1,0,0,0
U009110,2024-03-05,Paid_Search,Mobile,West,25-34,2024-03,2024-03-05,2024-03-05,,,,,0,stage2,1,0,0,0
U009113,2024-03-16,Paid_Search,Mobile,West,18-24,2024-03,2024-03-16,2024-03-16,2024-03-18,,,,0,stage3,1,1,0,0
U009114,2024-03-12,Organic,Tablet,North,18-24,2024-03,2024-03-12,,,,,,0,stage1,0,0,0,0
U009115,2024-02-17,Referral,Mobile,East,25-34,2024-02,2024-02-17,2024-02-17,,,,,0,stage2,1,0,0,0
U009117,2024-02-12,Paid_Search,Desktop,Central,35-44,2024-02,2024-02-12,,,,,,0,stage1,0,0,0,0
U009120,2024-02-15,Organic,Desktop,South,55+,2024-02,2024-02-15,2024-02-16,2024-02-19,,,,0,stage3,1,1,0,0
U009122,2024-02-12,Social,Tablet,West,45-54,2024-02,2024-02-12,2024-02-12,2024-02-13,,,,0,stage3,1,1,0,0
U009123,2024-02-20,Organic,Mobile,West,35-44,2024-02,2024-02-20,2024-02-22,,,,,0,stage2,1,0,0,0
U009124,2024-01-20,Email,Mobile,West,25-34,2024-01,2024-01-20,,,,,,0,stage1,0,0,0,0
U009125,2024-01-18,Organic,Desktop,Central,35-44,2024-01,2024-01-18,,,,,,0,stage1,0,0,0,0
U009126,2024-01-26,Paid_Search,Desktop,West,25-34,2024-01,2024-01-26,2024-01-27,,,,,0,stage2,1,0,0,0
U009127,2024-02-15,Social,Desktop,Central,25-34,2024-02,2024-02-15,2024-02-17,,,,,0,stage2,1,0,0,0
U009128,2024-02-01,Referral,Mobile,West,35-44,2024-02,2024-02-01,2024-02-02,,,,,0,stage2,1,0,0,0
U009131,2024-02-15,Organic,Mobile,Central,35-44,2024-02,2024-02-15,2024-02-15,,,,,0,stage2,1,0,0,0
U009133,2024-03-03,Referral,Desktop,Central,45-54,2024-03,2024-03-03,2024-03-03,,,,,0,stage2,1,0,0,0
U009134,2024-03-24,Paid_Search,Mobile,Central,45-54,2024-03,2024-03-24,2024-03-24,,,,,0,stage2,1,0,0,0
U009135,2024-03-10,Paid_Search,Mobile,Central,45-54,2024-03,2024-03-10,,,,,,0,stage1,0,0,0,0
U009138,2024-01-15,Referral,Desktop,East,35-44,2024-01,2024-01-15,,,,,,0,stage1,0,0,0,0
U009140,2024-02-04,Organic,Tablet,West,35-44,2024-02,2024-02-04,2024-02-04,2024-02-05,2024-02-06,,,0,stage4,1,1,1,0
U009141,2024-02-09,Paid_Search,Desktop,Central,25-34,2024-02,2024-02-09,,,,,,0,stage1,0,0,0,0
U009142,2024-02-03,Paid_Search,Mobile,Central,35-44,2024-02,2024-02-03,2024-02-03,,,,,0,stage2,1,0,0,0
U009145,2024-03-12,Referral,Desktop,North,25-34,2024-03,2024-03-12,2024-03-13,,,,,0,stage2,1,0,0,0
U009146,2024-03-03,Referral,Mobile,North,35-44,2024-03,2024-03-03,,,,,,0,stage1,0,0,0,0
U009148,2024-01-29,Referral,Mobile,North,25-34,2024-01,2024-01-29,2024-01-31,2024-02-01,,,,0,stage3,1,1,0,0
U009149,2024-02-11,Organic,Mobile,North,45-54,2024-02,2024-02-11,2024-02-13,2024-02-16,,,,0,stage3,1,1,0,0
U009150,2024-01-11,Social,Tablet,North,25-34,2024-01,2024-01-11,,,,,,0,stage1,0,0,0,0
U009151,2024-01-18,Social,Desktop,East,35-44,2024-01,2024-01-18,,,,,,0,stage1,0,0,0,0
U009153,2024-03-14,Social,Desktop,West,25-34,2024-03,2024-03-14,,,,,,0,stage1,0,0,0,0
U009160,2024-03-05,Paid_Search,Mobile,South,35-44,2024-03,2024-03-05,2024-03-07,2024-03-09,2024-03-09,2024-03-13,2024-03-13,1,Converted,1,1,1,1
U009161,2024-01-10,Organic,Desktop,Central,25-34,2024-01,2024-01-10,2024-01-10,2024-01-11,,,,0,stage3,1,1,0,0
U009165,2024-01-07,Referral,Desktop,Central,25-34,2024-01,2024-01-07,2024-01-08,,,,,0,stage2,1,0,0,0
U009167,2024-02-20,Organic,Mobile,South,18-24,2024-02,2024-02-20,2024-02-20,2024-02-21,,,,0,stage3,1,1,0,0
U009170,2024-02-07,Email,Mobile,Central,25-34,2024-02,2024-02-07,2024-02-08,,,,,0,stage2,1,0,0,0
U009173,2024-03-03,Social,Desktop,North,18-24,2024-03,2024-03-03,,,,,,0,stage1,0,0,0,0
U009174,2024-02-06,Paid_Search,Desktop,Central,45-54,2024-02,2024-02-06,2024-02-06,2024-02-07,,,,0,stage3,1,1,0,0
U009176,2024-03-05,Email,Mobile,East,25-34,2024-03,2024-03-05,2024-03-06,2024-03-08,,,,0,stage3,1,1,0,0
U009179,2024-02-03,Organic,Mobile,North,25-34,2024-02,2024-02-03,2024-02-04,2024-02-05,2024-02-05,,,0,stage4,1,1,1,0
U009180,2024-02-07,Email,Desktop,South,25-34,2024-02,2024-02-07,2024-02-09,2024-02-10,,,,0,stage3,1,1,0,0
U009181,2024-03-16,Referral,Mobile,South,25-34,2024-03,2024-03-16,,,,,,0,stage1,0,0,0,0
U009183,2024-01-14,Referral,Mobile,West,35-44,2024-01,2024-01-14,,,,,,0,stage1,0,0,0,0
U009184,2024-03-30,Referral,Desktop,West,18-24,2024-03,2024-03-30,2024-03-31,2024-04-02,2024-04-04,2024-04-08,2024-04-08,1,Converted,1,1,1,1
U009186,2024-03-16,Social,Mobile,North,55+,2024-03,2024-03-16,2024-03-17,,,,,0,stage2,1,0,0,0
U009190,2024-01-18,Organic,Mobile,South,35-44,2024-01,2024-01-18,,,,,,0,stage1,0,0,0,0
U009191,2024-03-31,Email,Mobile,North,25-34,2024-03,2024-03-31,2024-04-01,,,,,0,stage2,1,0,0,0
U009192,2024-02-19,Referral,Mobile,Central,45-54,2024-02,2024-02-19,,,,,,0,stage1,0,0,0,0
U009193,2024-03-20,Organic,Mobile,North,25-34,2024-03,2024-03-20,2024-03-22,,,,,0,stage2,1,0,0,0
U009194,2024-02-12,Organic,Desktop,West,25-34,2024-02,2024-02-12,2024-02-12,,,,,0,stage2,1,0,0,0
U009195,2024-01-26,Referral,Tablet,Central,45-54,2024-01,2024-01-26,2024-01-26,2024-01-29,,,,0,stage3,1,1,0,0
U009197,2024-03-10,Organic,Desktop,West,45-54,2024-03,2024-03-10,2024-03-10,,,,,0,stage2,1,0,0,0
U009198,2024-01-07,Organic,Mobile,South,18-24,2024-01,2024-01-07,2024-01-09,2024-01-10,,,,0,stage3,1,1,0,0
U009200,2024-03-26,Organic,Mobile,North,45-54,2024-03,2024-03-26,2024-03-28,2024-03-30,2024-03-31,,,0,stage4,1,1,1,0
U009206,2024-02-09,Referral,Mobile,West,18-24,2024-02,2024-02-09,,,,,,0,stage1,0,0,0,0
U009208,2024-03-25,Social,Desktop,Central,25-34,2024-03,2024-03-25,,,,,,0,stage1,0,0,0,0
U009212,2024-02-06,Organic,Tablet,North,18-24,2024-02,2024-02-06,2024-02-06,,,,,0,stage2,1,0,0,0
U009213,2024-02-20,Referral,Mobile,West,45-54,2024-02,2024-02-20,2024-02-20,2024-02-23,,,,0,stage3,1,1,0,0
U009216,2024-03-18,Paid_Search,Desktop,South,35-44,2024-03,2024-03-18,2024-03-18,2024-03-19,,,,0,stage3,1,1,0,0
U009217,2024-02-19,Organic,Mobile,West,35-44,2024-02,2024-02-19,,,,,,0,stage1,0,0,0,0
U009221,2024-03-06,Social,Mobile,North,55+,2024-03,2024-03-06,,,,,,0,stage1,0,0,0,0
U009222,2024-02-23,Organic,Mobile,West,25-34,2024-02,2024-02-23,2024-02-23,2024-02-24,2024-02-24,2024-02-25,2024-02-26,1,Converted,1,1,1,1
U009224,2024-02-26,Organic,Desktop,East,25-34,2024-02,2024-02-26,,,,,,0,stage1,0,0,0,0
U009226,2024-02-12,Organic,Tablet,East,35-44,2024-02,2024-02-12,2024-02-14,2024-02-16,2024-02-16,2024-02-17,2024-02-19,1,Converted,1,1,1,1
U009228,2024-03-28,Referral,Mobile,West,35-44,2024-03,2024-03-28,2024-03-30,2024-04-02,2024-04-03,2024-04-07,2024-04-08,1,Converted,1,1,1,1
U009232,2024-03-25,Paid_Search,Desktop,West,35-44,2024-03,2024-03-25,,,,,,0,stage1,0,0,0,0
U009234,2024-03-24,Referral,Desktop,West,45-54,2024-03,2024-03-24,2024-03-26,2024-03-27,,,,0,stage3,1,1,0,0
U009238,2024-03-12,Paid_Search,Mobile,North,35-44,2024-03,2024-03-12,2024-03-14,,,,,0,stage2,1,0,0,0
U009239,2024-03-03,Organic,Desktop,West,18-24,2024-03,2024-03-03,,,,,,0,stage1,0,0,0,0
U009240,2024-02-27,Organic,Desktop,East,35-44,2024-02,2024-02-27,2024-02-27,2024-02-29,2024-03-01,,,0,stage4,1,1,1,0
U009241,2024-03-10,Referral,Tablet,Central,45-54,2024-03,2024-03-10,2024-03-11,2024-03-14,,,,0,stage3,1,1,0,0
U009242,2024-03-17,Organic,Mobile,Central,25-34,2024-03,2024-03-17,2024-03-18,2024-03-21,,,,0,stage3,1,1,0,0
U009244,2024-02-07,Paid_Search,Mobile,South,45-54,2024-02,2024-02-07,2024-02-09,2024-02-10,2024-02-10,,,0,stage4,1,1,1,0
U009245,2024-03-04,Referral,Desktop,North,25-34,2024-03,2024-03-04,2024-03-05,2024-03-06,,,,0,stage3,1,1,0,0
U009246,2024-01-26,Social,Mobile,West,18-24,2024-01,2024-01-26,2024-01-28,2024-01-31,,,,0,stage3,1,1,0,0
U009250,2024-03-25,Organic,Mobile,South,45-54,2024-03,2024-03-25,2024-03-26,2024-03-27,2024-03-27,2024-03-29,2024-03-31,1,Converted,1,1,1,1
U009252,2024-01-17,Paid_Search,Desktop,Central,35-44,2024-01,2024-01-17,,,,,,0,stage1,0,0,0,0
U009253,2024-03-21,Referral,Mobile,East,25-34,2024-03,2024-03-21,2024-03-21,2024-03-23,2024-03-24,2024-03-28,2024-03-28,1,Converted,1,1,1,1
U009256,2024-03-26,Paid_Search,Desktop,West,35-44,2024-03,2024-03-26,2024-03-27,2024-03-28,,,,0,stage3,1,1,0,0
U009257,2024-03-19,Paid_Search,Mobile,South,25-34,2024-03,2024-03-19,2024-03-19,,,,,0,stage2,1,0,0,0
U009262,2024-02-10,Paid_Search,Desktop,West,35-44,2024-02,2024-02-10,,,,,,0,stage1,0,0,0,0
U009264,2024-01-22,Email,Desktop,East,35-44,2024-01,2024-01-22,2024-01-22,,,,,0,stage2,1,0,0,0
U009265,2024-01-22,Referral,Desktop,North,25-34,2024-01,2024-01-22,2024-01-22,2024-01-25,2024-01-25,2024-01-27,,0,stage5,1,1,1,1
U009268,2024-01-24,Social,Desktop,East,18-24,2024-01,2024-01-24,,,,,,0,stage1,0,0,0,0
U009270,2024-02-08,Organic,Desktop,Central,25-34,2024-02,2024-02-08,2024-02-08,2024-02-09,,,,0,stage3,1,1,0,0
U009272,2024-02-15,Organic,Mobile,North,18-24,2024-02,2024-02-15,,,,,,0,stage1,0,0,0,0
U009273,2024-01-09,Email,Tablet,South,25-34,2024-01,2024-01-09,2024-01-09,2024-01-11,2024-01-12,,,0,stage4,1,1,1,0
U009280,2024-03-20,Referral,Desktop,Central,18-24,2024-03,2024-03-20,2024-03-21,2024-03-22,,,,0,stage3,1,1,0,0
U009281,2024-01-10,Organic,Desktop,North,18-24,2024-01,2024-01-10,2024-01-12,2024-01-13,,,,0,stage3,1,1,0,0
U009282,2024-01-11,Email,Desktop,North,35-44,2024-01,2024-01-11,2024-01-13,2024-01-14,,,,0,stage3,1,1,0,0
U009283,2024-02-19,Paid_Search,Mobile,North,55+,2024-02,2024-02-19,,,,,,0,stage1,0,0,0,0
U009284,2024-02-13,Organic,Desktop,Central,45-54,2024-02,2024-02-13,2024-02-14,2024-02-16,2024-02-16,2024-02-19,,0,stage5,1,1,1,1
U009286,2024-03-15,Organic,Desktop,South,18-24,2024-03,2024-03-15,,,,,,0,stage1,0,0,0,0
U009289,2024-03-13,Organic,Desktop,North,35-44,2024-03,2024-03-13,2024-03-13,2024-03-14,2024-03-15,2024-03-18,,0,stage5,1,1,1,1
U009290,2024-02-10,Email,Desktop,North,25-34,2024-02,2024-02-10,2024-02-12,,,,,0,stage2,1,0,0,0
U009293,2024-03-13,Paid_Search,Mobile,Central,45-54,2024-03,2024-03-13,,,,,,0,stage1,0,0,0,0
U009294,2024-01-09,Organic,Desktop,North,35-44,2024-01,2024-01-09,2024-01-10,,,,,0,stage2,1,0,0,0
U009295,2024-03-27,Organic,Mobile,Central,55+,2024-03,2024-03-27,2024-03-29,2024-03-30,,,,0,stage3,1,1,0,0
U009300,2024-03-01,Referral,Desktop,East,25-34,2024-03,2024-03-01,2024-03-02,,,,,0,stage2,1,0,0,0
U009302,2024-02-23,Paid_Search,Mobile,East,25-34,2024-02,2024-02-23,2024-02-23,2024-02-25,,,,0,stage3,1,1,0,0
U009303,2024-02-08,Organic,Mobile,South,35-44,2024-02,2024-02-08,,,,,,0,stage1,0,0,0,0
U009305,2024-01-31,Email,Desktop,East,25-34,2024-01,2024-01-31,2024-01-31,,,,,0,stage2,1,0,0,0
U009306,2024-01-28,Referral,Desktop,West,45-54,2024-01,2024-01-28,2024-01-29,2024-01-30,,,,0,stage3,1,1,0,0
U009307,2024-02-08,Referral,Tablet,West,25-34,2024-02,2024-02-08,2024-02-10,2024-02-11,,,,0,stage3,1,1,0,0
U009308,2024-03-13,Organic,Desktop,Central,18-24,2024-03,2024-03-13,2024-03-14,2024-03-17,2024-03-18,2024-03-20,2024-03-22,1,Converted,1,1,1,1
U009310,2024-02-01,Organic,Mobile,South,45-54,2024-02,2024-02-01,2024-02-03,2024-02-06,,,,0,stage3,1,1,0,0
U009314,2024-01-09,Referral,Desktop,Central,25-34,2024-01,2024-01-09,2024-01-10,,,,,0,stage2,1,0,0,0
U009315,2024-02-10,Referral,Mobile,North,18-24,2024-02,2024-02-10,2024-02-11,2024-02-12,2024-02-13,2024-02-14,2024-02-14,1,Converted,1,1,1,1
U009316,2024-01-09,Organic,Desktop,West,25-34,2024-01,2024-01-09,,,,,,0,stage1,0,0,0,0
U009317,2024-03-05,Organic,Desktop,South,45-54,2024-03,2024-03-05,2024-03-06,2024-03-07,,,,0,stage3,1,1,0,0
U009323,2024-03-24,Paid_Search,Mobile,East,45-54,2024-03,2024-03-24,2024-03-26,,,,,0,stage2,1,0,0,0
U009326,2024-03-21,Social,Mobile,West,45-54,2024-03,2024-03-21,,,,,,0,stage1,0,0,0,0
U009329,2024-01-02,Paid_Search,Mobile,East,25-34,2024-01,2024-01-02,,,,,,0,stage1,0,0,0,0
U009330,2024-02-12,Social,Mobile,West,35-44,2024-02,2024-02-12,2024-02-13,2024-02-15,,,,0,stage3,1,1,0,0
U009331,2024-01-24,Paid_Search,Mobile,West,55+,2024-01,2024-01-24,2024-01-25,,,,,0,stage2,1,0,0,0
U009332,2024-03-26,Paid_Search,Mobile,North,18-24,2024-03,2024-03-26,2024-03-26,,,,,0,stage2,1,0,0,0
U009333,2024-01-11,Organic,Desktop,Central,25-34,2024-01,2024-01-11,2024-01-11,2024-01-12,,,,0,stage3,1,1,0,0
U009336,2024-02-21,Social,Mobile,South,25-34,2024-02,2024-02-21,2024-02-23,,,,,0,stage2,1,0,0,0
U009337,2024-02-16,Referral,Mobile,East,35-44,2024-02,2024-02-16,2024-02-17,,,,,0,stage2,1,0,0,0
U009338,2024-01-10,Paid_Search,Desktop,West,35-44,2024-01,2024-01-10,2024-01-10,,,,,0,stage2,1,0,0,0
U009341,2024-03-27,Paid_Search,Desktop,South,45-54,2024-03,2024-03-27,2024-03-27,2024-03-28,,,,0,stage3,1,1,0,0
U009344,2024-02-07,Organic,Desktop,North,45-54,2024-02,2024-02-07,2024-02-08,2024-02-11,,,,0,stage3,1,1,0,0
U009349,2024-01-11,Email,Desktop,North,25-34,2024-01,2024-01-11,2024-01-12,,,,,0,stage2,1,0,0,0
U009351,2024-03-15,Social,Mobile,East,35-44,2024-03,2024-03-15,,,,,,0,stage1,0,0,0,0
U009357,2024-02-29,Paid_Search,Mobile,West,45-54,2024-02,2024-02-29,2024-03-01,,,,,0,stage2,1,0,0,0
U009359,2024-03-08,Organic,Desktop,North,25-34,2024-03,2024-03-08,2024-03-09,,,,,0,stage2,1,0,0,0
U009361,2024-01-10,Organic,Desktop,East,45-54,2024-01,2024-01-10,,,,,,0,stage1,0,0,0,0
U009362,2024-02-28,Email,Desktop,Central,18-24,2024-02,2024-02-28,2024-03-01,2024-03-04,,,,0,stage3,1,1,0,0
U009363,2024-03-06,Referral,Mobile,West,18-24,2024-03,2024-03-06,2024-03-07,2024-03-09,2024-03-09,2024-03-11,2024-03-11,1,Converted,1,1,1,1
U009364,2024-02-26,Referral,Mobile,South,45-54,2024-02,2024-02-26,,,,,,0,stage1,0,0,0,0
U009367,2024-01-20,Organic,Desktop,North,25-34,2024-01,2024-01-20,2024-01-21,2024-01-24,2024-01-26,2024-01-30,2024-01-30,1,Converted,1,1,1,1
U009370,2024-02-24,Paid_Search,Mobile,South,55+,2024-02,2024-02-24,2024-02-26,,,,,0,stage2,1,0,0,0
U009373,2024-01-30,Referral,Mobile,East,18-24,2024-01,2024-01-30,2024-01-30,2024-02-01,,,,0,stage3,1,1,0,0
U009375,2024-02-15,Organic,Mobile,East,18-24,2024-02,2024-02-15,2024-02-17,,,,,0,stage2,1,0,0,0
U009377,2024-01-04,Organic,Desktop,North,25-34,2024-01,2024-01-04,,,,,,0,stage1,0,0,0,0
U009379,2024-01-06,Email,Mobile,South,25-34,2024-01,2024-01-06,2024-01-06,2024-01-07,2024-01-09,2024-01-12,2024-01-12,1,Converted,1,1,1,1
U009381,2024-03-15,Paid_Search,Mobile,South,35-44,2024-03,2024-03-15,2024-03-17,,,,,0,stage2,1,0,0,0
U009382,2024-03-06,Paid_Search,Mobile,Central,25-34,2024-03,2024-03-06,2024-03-07,,,,,0,stage2,1,0,0,0
U009383,2024-02-11,Email,Desktop,South,55+,2024-02,2024-02-11,2024-02-12,,,,,0,stage2,1,0,0,0
U009384,2024-02-22,Organic,Tablet,North,35-44,2024-02,2024-02-22,,,,,,0,stage1,0,0,0,0
U009385,2024-02-11,Referral,Desktop,East,18-24,2024-02,2024-02-11,2024-02-12,,,,,0,stage2,1,0,0,0
U009386,2024-01-25,Referral,Mobile,South,25-34,2024-01,2024-01-25,,,,,,0,stage1,0,0,0,0
U009387,2024-03-14,Social,Mobile,Central,55+,2024-03,2024-03-14,2024-03-15,,,,,0,stage2,1,0,0,0
U009389,2024-02-09,Social,Mobile,South,45-54,2024-02,2024-02-09,2024-02-09,2024-02-10,,,,0,stage3,1,1,0,0
U009390,2024-03-02,Paid_Search,Mobile,North,45-54,2024-03,2024-03-02,,,,,,0,stage1,0,0,0,0
U009391,2024-01-17,Organic,Desktop,East,55+,2024-01,2024-01-17,2024-01-18,2024-01-19,2024-01-19,2024-01-23,2024-01-24,1,Converted,1,1,1,1
U009392,2024-02-01,Paid_Search,Mobile,South,55+,2024-02,2024-02-01,2024-02-03,,,,,0,stage2,1,0,0,0
U009397,2024-02-18,Paid_Search,Mobile,South,55+,2024-02,2024-02-18,2024-02-20,,,,,0,stage2,1,0,0,0
U009398,2024-03-05,Organic,Desktop,North,18-24,2024-03,2024-03-05,2024-03-07,2024-03-08,,,,0,stage3,1,1,0,0
U009400,2024-01-23,Social,Mobile,West,25-34,2024-01,2024-01-23,2024-01-23,,,,,0,stage2,1,0,0,0
U009401,2024-02-11,Social,Mobile,East,25-34,2024-02,2024-02-11,2024-02-11,,,,,0,stage2,1,0,0,0
U009402,2024-03-28,Paid_Search,Mobile,West,35-44,2024-03,2024-03-28,,,,,,0,stage1,0,0,0,0
U009403,2024-02-11,Email,Mobile,East,35-44,2024-02,2024-02-11,2024-02-13,,,,,0,stage2,1,0,0,0
U009405,2024-02-19,Social,Mobile,East,18-24,2024-02,2024-02-19,,,,,,0,stage1,0,0,0,0
U009407,2024-03-30,Social,Mobile,East,35-44,2024-03,2024-03-30,,,,,,0,stage1,0,0,0,0
U009408,2024-01-08,Social,Tablet,South,18-24,2024-01,2024-01-08,,,,,,0,stage1,0,0,0,0
U009409,2024-03-28,Social,Mobile,South,45-54,2024-03,2024-03-28,,,,,,0,stage1,0,0,0,0
U009411,2024-01-27,Referral,Mobile,North,35-44,2024-01,2024-01-27,2024-01-29,,,,,0,stage2,1,0,0,0
U009413,2024-02-24,Organic,Mobile,East,18-24,2024-02,2024-02-24,2024-02-24,2024-02-25,,,,0,stage3,1,1,0,0
U009417,2024-02-28,Organic,Mobile,South,25-34,2024-02,2024-02-28,2024-03-01,2024-03-03,,,,0,stage3,1,1,0,0
U009420,2024-03-23,Organic,Mobile,East,25-34,2024-03,2024-03-23,2024-03-25,,,,,0,stage2,1,0,0,0
U009422,2024-02-20,Organic,Desktop,East,25-34,2024-02,2024-02-20,2024-02-20,,,,,0,stage2,1,0,0,0
U009423,2024-01-10,Email,Mobile,West,25-34,2024-01,2024-01-10,,,,,,0,stage1,0,0,0,0
U009425,2024-02-18,Organic,Desktop,East,18-24,2024-02,2024-02-18,2024-02-18,,,,,0,stage2,1,0,0,0
U009427,2024-03-31,Referral,Mobile,South,45-54,2024-03,2024-03-31,2024-03-31,,,,,0,stage2,1,0,0,0
U009429,2024-01-02,Email,Mobile,North,18-24,2024-01,2024-01-02,,,,,,0,stage1,0,0,0,0
U009430,2024-03-21,Email,Mobile,West,35-44,2024-03,2024-03-21,2024-03-22,2024-03-23,,,,0,stage3,1,1,0,0
U009431,2024-02-04,Organic,Mobile,North,55+,2024-02,2024-02-04,2024-02-04,,,,,0,stage2,1,0,0,0
U009438,2024-01-10,Paid_Search,Mobile,South,25-34,2024-01,2024-01-10,,,,,,0,stage1,0,0,0,0
U009439,2024-01-28,Paid_Search,Desktop,West,18-24,2024-01,2024-01-28,,,,,,0,stage1,0,0,0,0
U009440,2024-01-15,Organic,Mobile,West,18-24,2024-01,2024-01-15,2024-01-16,,,,,0,stage2,1,0,0,0
U009442,2024-03-07,Email,Mobile,North,35-44,2024-03,2024-03-07,2024-03-08,,,,,0,stage2,1,0,0,0
U009443,2024-02-09,Paid_Search,Desktop,South,55+,2024-02,2024-02-09,2024-02-10,2024-02-12,,,,0,stage3,1,1,0,0
U009445,2024-01-20,Organic,Desktop,South,25-34,2024-01,2024-01-20,,,,,,0,stage1,0,0,0,0
U009447,2024-03-17,Email,Mobile,West,35-44,2024-03,2024-03-17,2024-03-18,,,,,0,stage2,1,0,0,0
U009448,2024-01-06,Paid_Search,Desktop,Central,35-44,2024-01,2024-01-06,,,,,,0,stage1,0,0,0,0
U009449,2024-01-07,Organic,Mobile,East,45-54,2024-01,2024-01-07,2024-01-08,,,,,0,stage2,1,0,0,0
U009450,2024-03-24,Organic,Tablet,West,25-34,2024-03,2024-03-24,,,,,,0,stage1,0,0,0,0
U009451,2024-02-17,Organic,Mobile,North,25-34,2024-02,2024-02-17,2024-02-19,2024-02-20,,,,0,stage3,1,1,0,0
U009452,2024-02-05,Paid_Search,Mobile,West,35-44,2024-02,2024-02-05,,,,,,0,stage1,0,0,0,0
U009455,2024-03-26,Organic,Mobile,North,35-44,2024-03,2024-03-26,2024-03-27,,,,,0,stage2,1,0,0,0
U009456,2024-02-01,Paid_Search,Desktop,Central,45-54,2024-02,2024-02-01,2024-02-01,2024-02-04,,,,0,stage3,1,1,0,0
U009457,2024-02-24,Social,Mobile,East,18-24,2024-02,2024-02-24,,,,,,0,stage1,0,0,0,0
U009459,2024-01-21,Social,Mobile,Central,45-54,2024-01,2024-01-21,,,,,,0,stage1,0,0,0,0
U009460,2024-02-29,Organic,Mobile,Central,35-44,2024-02,2024-02-29,2024-02-29,,,,,0,stage2,1,0,0,0
U009461,2024-03-11,Organic,Mobile,Central,18-24,2024-03,2024-03-11,2024-03-12,,,,,0,stage2,1,0,0,0
U009465,2024-03-17,Social,Desktop,Central,25-34,2024-03,2024-03-17,,,,,,0,stage1,0,0,0,0
U009467,2024-01-26,Social,Mobile,South,18-24,2024-01,2024-01-26,2024-01-27,,,,,0,stage2,1,0,0,0
U009468,2024-01-11,Social,Mobile,South,55+,2024-01,2024-01-11,2024-01-12,2024-01-14,2024-01-14,2024-01-17,,0,stage5,1,1,1,1
U009469,2024-03-09,Referral,Mobile,South,45-54,2024-03,2024-03-09,2024-03-11,2024-03-12,,,,0,stage3,1,1,0,0
U009470,2024-02-05,Social,Desktop,East,25-34,2024-02,2024-02-05,,,,,,0,stage1,0,0,0,0
U009471,2024-01-18,Paid_Search,Mobile,South,18-24,2024-01,2024-01-18,2024-01-18,2024-01-21,2024-01-21,2024-01-22,2024-01-23,1,Converted,1,1,1,1
U009472,2024-01-11,Organic,Mobile,North,25-34,2024-01,2024-01-11,2024-01-12,,,,,0,stage2,1,0,0,0
U009475,2024-01-28,Social,Mobile,North,25-34,2024-01,2024-01-28,2024-01-29,2024-01-30,,,,0,stage3,1,1,0,0
U009477,2024-01-21,Paid_Search,Mobile,Central,25-34,2024-01,2024-01-21,2024-01-22,,,,,0,stage2,1,0,0,0
U009478,2024-02-13,Organic,Desktop,Central,18-24,2024-02,2024-02-13,,,,,,0,stage1,0,0,0,0
U009479,2024-02-17,Paid_Search,Desktop,South,55+,2024-02,2024-02-17,2024-02-19,,,,,0,stage2,1,0,0,0
U009481,2024-01-27,Social,Mobile,South,45-54,2024-01,2024-01-27,2024-01-29,,,,,0,stage2,1,0,0,0
U009482,2024-01-05,Organic,Mobile,West,18-24,2024-01,2024-01-05,2024-01-06,,,,,0,stage2,1,0,0,0
U009483,2024-02-25,Paid_Search,Desktop,Central,35-44,2024-02,2024-02-25,2024-02-27,2024-03-01,,,,0,stage3,1,1,0,0
U009484,2024-02-02,Organic,Desktop,North,25-34,2024-02,2024-02-02,2024-02-02,,,,,0,stage2,1,0,0,0
U009487,2024-03-10,Referral,Desktop,North,25-34,2024-03,2024-03-10,2024-03-12,,,,,0,stage2,1,0,0,0
U009488,2024-02-18,Paid_Search,Mobile,Central,18-24,2024-02,2024-02-18,2024-02-19,2024-02-22,,,,0,stage3,1,1,0,0
U009489,2024-03-01,Social,Mobile,East,18-24,2024-03,2024-03-01,,,,,,0,stage1,0,0,0,0
U009490,2024-01-16,Paid_Search,Mobile,Central,18-24,2024-01,2024-01-16,,,,,,0,stage1,0,0,0,0
U009498,2024-02-18,Referral,Desktop,Central,18-24,2024-02,2024-02-18,2024-02-20,2024-02-22,,,,0,stage3,1,1,0,0
U009500,2024-02-02,Paid_Search,Mobile,East,35-44,2024-02,2024-02-02,2024-02-04,2024-02-05,2024-02-07,,,0,stage4,1,1,1,0
U009503,2024-03-04,Paid_Search,Mobile,West,55+,2024-03,2024-03-04,2024-03-06,2024-03-07,,,,0,stage3,1,1,0,0
U009504,2024-01-19,Organic,Desktop,East,35-44,2024-01,2024-01-19,2024-01-21,,,,,0,stage2,1,0,0,0
U009506,2024-02-25,Referral,Mobile,South,35-44,2024-02,2024-02-25,,,,,,0,stage1,0,0,0,0
U009507,2024-03-11,Social,Mobile,West,25-34,2024-03,2024-03-11,,,,,,0,stage1,0,0,0,0
U009508,2024-01-29,Paid_Search,Mobile,North,25-34,2024-01,2024-01-29,2024-01-31,2024-02-01,,,,0,stage3,1,1,0,0
U009510,2024-02-23,Organic,Mobile,West,18-24,2024-02,2024-02-23,2024-02-25,2024-02-26,2024-02-28,,,0,stage4,1,1,1,0
U009511,2024-01-04,Organic,Mobile,North,25-34,2024-01,2024-01-04,2024-01-05,2024-01-06,,,,0,stage3,1,1,0,0
U009512,2024-03-28,Referral,Mobile,East,45-54,2024-03,2024-03-28,,,,,,0,stage1,0,0,0,0
U009513,2024-02-22,Paid_Search,Tablet,East,45-54,2024-02,2024-02-22,2024-02-23,,,,,0,stage2,1,0,0,0
U009514,2024-02-06,Paid_Search,Desktop,East,45-54,2024-02,2024-02-06,,,,,,0,stage1,0,0,0,0
U009515,2024-02-07,Organic,Mobile,North,18-24,2024-02,2024-02-07,,,,,,0,stage1,0,0,0,0
U009517,2024-03-24,Organic,Mobile,South,45-54,2024-03,2024-03-24,2024-03-25,,,,,0,stage2,1,0,0,0
U009520,2024-03-11,Organic,Mobile,West,45-54,2024-03,2024-03-11,,,,,,0,stage1,0,0,0,0
U009524,2024-02-22,Organic,Mobile,Central,25-34,2024-02,2024-02-22,2024-02-23,2024-02-25,2024-02-25,2024-02-27,2024-02-28,1,Converted,1,1,1,1
U009526,2024-03-05,Paid_Search,Tablet,North,18-24,2024-03,2024-03-05,2024-03-05,2024-03-07,,,,0,stage3,1,1,0,0
U009528,2024-01-16,Referral,Desktop,East,45-54,2024-01,2024-01-16,2024-01-18,2024-01-20,2024-01-22,2024-01-25,2024-01-25,1,Converted,1,1,1,1
U009530,2024-03-14,Referral,Mobile,Central,18-24,2024-03,2024-03-14,,,,,,0,stage1,0,0,0,0
U009531,2024-02-06,Email,Desktop,West,55+,2024-02,2024-02-06,2024-02-07,2024-02-09,,,,0,stage3,1,1,0,0
U009532,2024-02-15,Social,Desktop,Central,25-34,2024-02,2024-02-15,,,,,,0,stage1,0,0,0,0
U009534,2024-01-04,Email,Mobile,East,35-44,2024-01,2024-01-04,2024-01-05,2024-01-08,2024-01-08,2024-01-12,2024-01-13,1,Converted,1,1,1,1
U009535,2024-03-18,Email,Mobile,West,18-24,2024-03,2024-03-18,,,,,,0,stage1,0,0,0,0
U009538,2024-03-10,Email,Mobile,Central,55+,2024-03,2024-03-10,2024-03-10,,,,,0,stage2,1,0,0,0
U009540,2024-02-26,Social,Mobile,East,25-34,2024-02,2024-02-26,2024-02-27,,,,,0,stage2,1,0,0,0
U009541,2024-02-04,Paid_Search,Mobile,South,35-44,2024-02,2024-02-04,,,,,,0,stage1,0,0,0,0
U009542,2024-01-05,Paid_Search,Desktop,West,35-44,2024-01,2024-01-05,,,,,,0,stage1,0,0,0,0
U009543,2024-03-01,Organic,Desktop,South,35-44,2024-03,2024-03-01,2024-03-03,2024-03-05,,,,0,stage3,1,1,0,0
U009545,2024-02-26,Paid_Search,Desktop,West,35-44,2024-02,2024-02-26,2024-02-28,,,,,0,stage2,1,0,0,0
U009547,2024-02-07,Referral,Desktop,Central,35-44,2024-02,2024-02-07,2024-02-07,2024-02-09,,,,0,stage3,1,1,0,0
U009550,2024-01-26,Organic,Mobile,North,55+,2024-01,2024-01-26,,,,,,0,stage1,0,0,0,0
U009551,2024-03-10,Referral,Desktop,Central,55+,2024-03,2024-03-10,,,,,,0,stage1,0,0,0,0
U009554,2024-03-20,Organic,Desktop,South,35-44,2024-03,2024-03-20,2024-03-22,2024-03-24,,,,0,stage3,1,1,0,0
U009555,2024-01-06,Email,Mobile,West,25-34,2024-01,2024-01-06,,,,,,0,stage1,0,0,0,0
U009556,2024-01-17,Paid_Search,Mobile,West,25-34,2024-01,2024-01-17,2024-01-19,,,,,0,stage2,1,0,0,0
U009557,2024-01-28,Referral,Desktop,West,45-54,2024-01,2024-01-28,2024-01-28,2024-01-30,2024-01-31,2024-02-02,2024-02-04,1,Converted,1,1,1,1
U009560,2024-02-16,Organic,Mobile,West,18-24,2024-02,2024-02-16,,,,,,0,stage1,0,0,0,0
U009563,2024-02-08,Referral,Desktop,East,35-44,2024-02,2024-02-08,2024-02-08,2024-02-10,,,,0,stage3,1,1,0,0
U009573,2024-01-25,Paid_Search,Desktop,Central,18-24,2024-01,2024-01-25,,,,,,0,stage1,0,0,0,0
U009576,2024-03-03,Referral,Mobile,South,55+,2024-03,2024-03-03,2024-03-04,,,,,0,stage2,1,0,0,0
U009577,2024-01-12,Social,Desktop,North,25-34,2024-01,2024-01-12,2024-01-13,,,,,0,stage2,1,0,0,0
U009580,2024-03-02,Referral,Desktop,West,35-44,2024-03,2024-03-02,2024-03-04,,,,,0,stage2,1,0,0,0
U009581,2024-03-26,Paid_Search,Desktop,West,18-24,2024-03,2024-03-26,2024-03-27,,,,,0,stage2,1,0,0,0
U009582,2024-02-28,Social,Mobile,South,25-34,2024-02,2024-02-28,2024-02-29,2024-03-03,2024-03-03,2024-03-04,2024-03-04,1,Converted,1,1,1,1
U009584,2024-02-05,Paid_Search,Mobile,Central,45-54,2024-02,2024-02-05,,,,,,0,stage1,0,0,0,0
U009585,2024-02-29,Organic,Mobile,North,18-24,2024-02,2024-02-29,2024-03-01,2024-03-02,2024-03-02,,,0,stage4,1,1,1,0
U009587,2024-01-19,Organic,Mobile,East,35-44,2024-01,2024-01-19,2024-01-19,2024-01-22,2024-01-24,2024-01-28,2024-01-30,1,Converted,1,1,1,1
U009588,2024-02-04,Paid_Search,Mobile,North,18-24,2024-02,2024-02-04,2024-02-04,2024-02-07,2024-02-07,2024-02-09,2024-02-10,1,Converted,1,1,1,1
U009589,2024-01-25,Organic,Desktop,Central,25-34,2024-01,2024-01-25,2024-01-25,,,,,0,stage2,1,0,0,0
U009590,2024-03-06,Paid_Search,Desktop,Central,55+,2024-03,2024-03-06,2024-03-06,2024-03-09,2024-03-10,2024-03-11,2024-03-12,1,Converted,1,1,1,1
U009593,2024-02-23,Social,Desktop,East,25-34,2024-02,2024-02-23,,,,,,0,stage1,0,0,0,0
U009594,2024-01-24,Organic,Desktop,North,55+,2024-01,2024-01-24,,,,,,0,stage1,0,0,0,0
U009595,2024-03-28,Referral,Mobile,North,25-34,2024-03,2024-03-28,,,,,,0,stage1,0,0,0,0
U009596,2024-03-01,Referral,Mobile,Central,25-34,2024-03,2024-03-01,,,,,,0,stage1,0,0,0,0
U009598,2024-03-05,Social,Tablet,South,35-44,2024-03,2024-03-05,,,,,,0,stage1,0,0,0,0
U009601,2024-03-02,Referral,Mobile,Central,35-44,2024-03,2024-03-02,2024-03-02,,,,,0,stage2,1,0,0,0
U009604,2024-02-12,Social,Mobile,East,25-34,2024-02,2024-02-12,,,,,,0,stage1,0,0,0,0
U009606,2024-01-02,Referral,Desktop,Central,25-34,2024-01,2024-01-02,2024-01-03,,,,,0,stage2,1,0,0,0
U009607,2024-02-25,Organic,Mobile,North,45-54,2024-02,2024-02-25,,,,,,0,stage1,0,0,0,0
U009610,2024-03-12,Social,Mobile,South,18-24,2024-03,2024-03-12,,,,,,0,stage1,0,0,0,0
U009611,2024-01-01,Social,Mobile,South,25-34,2024-01,2024-01-01,,,,,,0,stage1,0,0,0,0
U009615,2024-02-12,Referral,Desktop,North,25-34,2024-02,2024-02-12,,,,,,0,stage1,0,0,0,0
U009616,2024-01-07,Social,Mobile,East,18-24,2024-01,2024-01-07,,,,,,0,stage1,0,0,0,0
U009617,2024-01-25,Referral,Mobile,East,35-44,2024-01,2024-01-25,2024-01-27,,,,,0,stage2,1,0,0,0
U009620,2024-02-29,Paid_Search,Desktop,North,18-24,2024-02,2024-02-29,,,,,,0,stage1,0,0,0,0
U009621,2024-01-12,Referral,Desktop,Central,55+,2024-01,2024-01-12,2024-01-14,2024-01-15,2024-01-15,,,0,stage4,1,1,1,0
U009622,2024-02-23,Paid_Search,Desktop,Central,35-44,2024-02,2024-02-23,2024-02-23,2024-02-24,2024-02-25,2024-02-29,2024-02-29,1,Converted,1,1,1,1
U009624,2024-02-27,Referral,Desktop,Central,55+,2024-02,2024-02-27,2024-02-29,,,,,0,stage2,1,0,0,0
U009625,2024-02-04,Referral,Mobile,South,18-24,2024-02,2024-02-04,,,,,,0,stage1,0,0,0,0
U009626,2024-01-09,Social,Desktop,East,25-34,2024-01,2024-01-09,,,,,,0,stage1,0,0,0,0
U009627,2024-01-31,Organic,Mobile,Central,35-44,2024-01,2024-01-31,2024-02-02,2024-02-05,2024-02-05,,,0,stage4,1,1,1,0
U009631,2024-02-13,Organic,Tablet,Central,35-44,2024-02,2024-02-13,,,,,,0,stage1,0,0,0,0
U009633,2024-02-14,Paid_Search,Desktop,North,35-44,2024-02,2024-02-14,2024-02-16,2024-02-18,,,,0,stage3,1,1,0,0
U009634,2024-01-28,Paid_Search,Mobile,Central,25-34,2024-01,2024-01-28,2024-01-28,2024-01-29,,,,0,stage3,1,1,0,0
U009635,2024-02-24,Paid_Search,Desktop,West,18-24,2024-02,2024-02-24,2024-02-24,,,,,0,stage2,1,0,0,0
U009636,2024-02-09,Referral,Mobile,South,55+,2024-02,2024-02-09,,,,,,0,stage1,0,0,0,0
U009640,2024-03-09,Referral,Mobile,South,55+,2024-03,2024-03-09,2024-03-11,2024-03-14,,,,0,stage3,1,1,0,0
U009644,2024-03-25,Referral,Desktop,Central,18-24,2024-03,2024-03-25,,,,,,0,stage1,0,0,0,0
U009647,2024-02-25,Paid_Search,Mobile,West,45-54,2024-02,2024-02-25,2024-02-26,2024-02-28,2024-02-28,2024-03-03,2024-03-04,1,Converted,1,1,1,1
U009648,2024-03-21,Social,Mobile,North,25-34,2024-03,2024-03-21,,,,,,0,stage1,0,0,0,0
U009649,2024-03-07,Paid_Search,Mobile,East,18-24,2024-03,2024-03-07,,,,,,0,stage1,0,0,0,0
U009651,2024-02-24,Social,Mobile,East,18-24,2024-02,2024-02-24,,,,,,0,stage1,0,0,0,0
U009652,2024-01-06,Referral,Mobile,South,25-34,2024-01,2024-01-06,,,,,,0,stage1,0,0,0,0
U009653,2024-02-20,Paid_Search,Mobile,Central,18-24,2024-02,2024-02-20,2024-02-21,2024-02-23,2024-02-24,,,0,stage4,1,1,1,0
U009656,2024-02-02,Referral,Mobile,South,45-54,2024-02,2024-02-02,2024-02-02,2024-02-03,,,,0,stage3,1,1,0,0
U009659,2024-02-04,Organic,Desktop,East,35-44,2024-02,2024-02-04,,,,,,0,stage1,0,0,0,0
U009660,2024-01-14,Organic,Mobile,South,55+,2024-01,2024-01-14,,,,,,0,stage1,0,0,0,0
U009662,2024-02-16,Paid_Search,Mobile,West,45-54,2024-02,2024-02-16,2024-02-18,,,,,0,stage2,1,0,0,0
U009663,2024-02-29,Organic,Mobile,Central,25-34,2024-02,2024-02-29,,,,,,0,stage1,0,0,0,0
U009664,2024-02-02,Paid_Search,Desktop,South,35-44,2024-02,2024-02-02,,,,,,0,stage1,0,0,0,0
U009665,2024-03-02,Paid_Search,Mobile,North,45-54,2024-03,2024-03-02,2024-03-02,,,,,0,stage2,1,0,0,0
U009668,2024-03-02,Referral,Mobile,West,35-44,2024-03,2024-03-02,,,,,,0,stage1,0,0,0,0
U009670,2024-03-27,Social,Mobile,North,18-24,2024-03,2024-03-27,2024-03-29,,,,,0,stage2,1,0,0,0
U009672,2024-03-26,Paid_Search,Mobile,East,25-34,2024-03,2024-03-26,2024-03-28,2024-03-29,,,,0,stage3,1,1,0,0
U009673,2024-02-15,Organic,Mobile,North,18-24,2024-02,2024-02-15,,,,,,0,stage1,0,0,0,0
U009674,2024-01-12,Email,Desktop,South,25-34,2024-01,2024-01-12,2024-01-13,2024-01-15,2024-01-15,,,0,stage4,1,1,1,0
U009675,2024-02-05,Organic,Mobile,Central,55+,2024-02,2024-02-05,2024-02-05,2024-02-08,,,,0,stage3,1,1,0,0
U009678,2024-02-07,Social,Desktop,South,35-44,2024-02,2024-02-07,2024-02-09,,,,,0,stage2,1,0,0,0
U009681,2024-03-23,Email,Mobile,Central,35-44,2024-03,2024-03-23,2024-03-24,2024-03-25,,,,0,stage3,1,1,0,0
U009683,2024-03-27,Organic,Mobile,East,25-34,2024-03,2024-03-27,2024-03-27,2024-03-28,,,,0,stage3,1,1,0,0
U009684,2024-01-03,Organic,Desktop,Central,45-54,2024-01,2024-01-03,2024-01-03,,,,,0,stage2,1,0,0,0
U009686,2024-01-07,Social,Desktop,East,55+,2024-01,2024-01-07,2024-01-09,,,,,0,stage2,1,0,0,0
U009687,2024-01-08,Social,Mobile,North,45-54,2024-01,2024-01-08,,,,,,0,stage1,0,0,0,0
U009688,2024-01-22,Organic,Desktop,East,35-44,2024-01,2024-01-22,2024-01-23,,,,,0,stage2,1,0,0,0
U009689,2024-02-12,Social,Mobile,Central,45-54,2024-02,2024-02-12,2024-02-14,,,,,0,stage2,1,0,0,0
U009693,2024-01-15,Paid_Search,Desktop,North,18-24,2024-01,2024-01-15,2024-01-17,,,,,0,stage2,1,0,0,0
U009695,2024-02-08,Referral,Mobile,South,35-44,2024-02,2024-02-08,,,,,,0,stage1,0,0,0,0
U009696,2024-03-31,Social,Desktop,West,18-24,2024-03,2024-03-31,2024-04-01,,,,,0,stage2,1,0,0,0
U009699,2024-01-30,Social,Mobile,West,45-54,2024-01,2024-01-30,,,,,,0,stage1,0,0,0,0
U009702,2024-03-15,Paid_Search,Desktop,South,45-54,2024-03,2024-03-15,,,,,,0,stage1,0,0,0,0
U009703,2024-03-15,Social,Mobile,Central,18-24,2024-03,2024-03-15,2024-03-16,,,,,0,stage2,1,0,0,0
U009704,2024-02-10,Organic,Mobile,East,25-34,2024-02,2024-02-10,,,,,,0,stage1,0,0,0,0
U009705,2024-01-22,Organic,Tablet,South,35-44,2024-01,2024-01-22,2024-01-24,,,,,0,stage2,1,0,0,0
U009706,2024-02-07,Email,Desktop,South,25-34,2024-02,2024-02-07,2024-02-09,2024-02-12,,,,0,stage3,1,1,0,0
U009709,2024-03-14,Email,Desktop,Central,35-44,2024-03,2024-03-14,2024-03-15,2024-03-18,,,,0,stage3,1,1,0,0
U009710,2024-01-20,Paid_Search,Mobile,Central,18-24,2024-01,2024-01-20,2024-01-20,,,,,0,stage2,1,0,0,0
U009711,2024-02-14,Referral,Mobile,East,18-24,2024-02,2024-02-14,2024-02-15,,,,,0,stage2,1,0,0,0
U009714,2024-03-21,Referral,Desktop,North,45-54,2024-03,2024-03-21,,,,,,0,stage1,0,0,0,0
U009716,2024-01-07,Referral,Mobile,West,25-34,2024-01,2024-01-07,2024-01-07,,,,,0,stage2,1,0,0,0
U009718,2024-03-07,Organic,Mobile,North,25-34,2024-03,2024-03-07,2024-03-07,2024-03-09,,,,0,stage3,1,1,0,0
U009719,2024-03-29,Organic,Mobile,Central,18-24,2024-03,2024-03-29,,,,,,0,stage1,0,0,0,0
U009723,2024-02-08,Referral,Tablet,West,35-44,2024-02,2024-02-08,2024-02-09,2024-02-11,2024-02-13,2024-02-14,2024-02-14,1,Converted,1,1,1,1
U009725,2024-02-08,Paid_Search,Mobile,Central,35-44,2024-02,2024-02-08,,,,,,0,stage1,0,0,0,0
U009726,2024-03-09,Email,Desktop,North,45-54,2024-03,2024-03-09,,,,,,0,stage1,0,0,0,0
U009729,2024-03-20,Paid_Search,Mobile,North,18-24,2024-03,2024-03-20,2024-03-20,,,,,0,stage2,1,0,0,0
U009732,2024-02-23,Organic,Mobile,North,25-34,2024-02,2024-02-23,2024-02-23,,,,,0,stage2,1,0,0,0
U009736,2024-03-31,Organic,Mobile,West,35-44,2024-03,2024-03-31,2024-03-31,2024-04-03,,,,0,stage3,1,1,0,0
U009738,2024-02-17,Organic,Tablet,Central,35-44,2024-02,2024-02-17,2024-02-17,,,,,0,stage2,1,0,0,0
U009739,2024-01-17,Referral,Mobile,East,25-34,2024-01,2024-01-17,2024-01-17,2024-01-19,2024-01-19,,,0,stage4,1,1,1,0
U009740,2024-02-01,Paid_Search,Desktop,North,25-34,2024-02,2024-02-01,,,,,,0,stage1,0,0,0,0
U009742,2024-02-01,Referral,Desktop,South,25-34,2024-02,2024-02-01,2024-02-03,2024-02-06,2024-02-08,2024-02-09,2024-02-10,1,Converted,1,1,1,1
U009744,2024-03-07,Organic,Desktop,Central,55+,2024-03,2024-03-07,,,,,,0,stage1,0,0,0,0
U009747,2024-02-19,Paid_Search,Mobile,North,35-44,2024-02,2024-02-19,2024-02-20,2024-02-23,,,,0,stage3,1,1,0,0
U009748,2024-02-18,Organic,Mobile,West,45-54,2024-02,2024-02-18,,,,,,0,stage1,0,0,0,0
U009751,2024-03-09,Organic,Desktop,West,35-44,2024-03,2024-03-09,,,,,,0,stage1,0,0,0,0
U009752,2024-03-03,Organic,Mobile,West,45-54,2024-03,2024-03-03,2024-03-03,,,,,0,stage2,1,0,0,0
U009756,2024-03-16,Organic,Mobile,South,35-44,2024-03,2024-03-16,2024-03-18,,,,,0,stage2,1,0,0,0
U009757,2024-02-13,Email,Desktop,Central,25-34,2024-02,2024-02-13,,,,,,0,stage1,0,0,0,0
U009762,2024-03-17,Paid_Search,Desktop,Central,45-54,2024-03,2024-03-17,2024-03-17,2024-03-18,2024-03-18,2024-03-22,2024-03-24,1,Converted,1,1,1,1
U009763,2024-02-03,Referral,Mobile,South,25-34,2024-02,2024-02-03,2024-02-04,,,,,0,stage2,1,0,0,0
U009765,2024-01-27,Paid_Search,Tablet,North,25-34,2024-01,2024-01-27,2024-01-28,,,,,0,stage2,1,0,0,0
U009766,2024-03-05,Organic,Mobile,West,35-44,2024-03,2024-03-05,2024-03-05,2024-03-07,,,,0,stage3,1,1,0,0
U009767,2024-01-11,Referral,Desktop,West,18-24,2024-01,2024-01-11,2024-01-12,2024-01-14,2024-01-16,2024-01-20,,0,stage5,1,1,1,1
U009768,2024-02-10,Organic,Desktop,North,55+,2024-02,2024-02-10,2024-02-11,,,,,0,stage2,1,0,0,0
U009770,2024-02-17,Organic,Mobile,Central,18-24,2024-02,2024-02-17,2024-02-18,2024-02-19,2024-02-21,2024-02-24,,0,stage5,1,1,1,1
U009771,2024-03-28,Paid_Search,Mobile,South,55+,2024-03,2024-03-28,2024-03-30,2024-04-02,,,,0,stage3,1,1,0,0
U009772,2024-02-17,Social,Desktop,North,25-34,2024-02,2024-02-17,2024-02-18,,,,,0,stage2,1,0,0,0
U009773,2024-02-19,Paid_Search,Mobile,South,45-54,2024-02,2024-02-19,,,,,,0,stage1,0,0,0,0
U009774,2024-01-06,Referral,Mobile,Central,35-44,2024-01,2024-01-06,2024-01-08,,,,,0,stage2,1,0,0,0
U009775,2024-01-22,Organic,Desktop,West,18-24,2024-01,2024-01-22,2024-01-23,,,,,0,stage2,1,0,0,0
U009777,2024-03-15,Social,Mobile,South,25-34,2024-03,2024-03-15,2024-03-17,,,,,0,stage2,1,0,0,0
U009780,2024-02-27,Paid_Search,Mobile,East,18-24,2024-02,2024-02-27,,,,,,0,stage1,0,0,0,0
U009781,2024-01-28,Referral,Mobile,North,35-44,2024-01,2024-01-28,2024-01-29,,,,,0,stage2,1,0,0,0
U009782,2024-03-02,Organic,Desktop,South,35-44,2024-03,2024-03-02,2024-03-04,2024-03-07,2024-03-09,2024-03-11,2024-03-12,1,Converted,1,1,1,1
U009783,2024-03-25,Organic,Mobile,West,35-44,2024-03,2024-03-25,,,,,,0,stage1,0,0,0,0
U009784,2024-02-04,Paid_Search,Mobile,West,25-34,2024-02,2024-02-04,,,,,,0,stage1,0,0,0,0
U009787,2024-01-16,Social,Mobile,South,35-44,2024-01,2024-01-16,2024-01-18,2024-01-21,,,,0,stage3,1,1,0,0
U009788,2024-03-28,Referral,Desktop,West,45-54,2024-03,2024-03-28,,,,,,0,stage1,0,0,0,0
U009789,2024-01-10,Paid_Search,Desktop,West,55+,2024-01,2024-01-10,,,,,,0,stage1,0,0,0,0
U009790,2024-03-15,Social,Mobile,North,18-24,2024-03,2024-03-15,2024-03-17,2024-03-20,2024-03-20,,,0,stage4,1,1,1,0
U009791,2024-03-15,Organic,Mobile,Central,18-24,2024-03,2024-03-15,2024-03-15,2024-03-16,2024-03-16,,,0,stage4,1,1,1,0
U009792,2024-02-23,Social,Desktop,Central,18-24,2024-02,2024-02-23,,,,,,0,stage1,0,0,0,0
U009793,2024-03-31,Referral,Desktop,North,25-34,2024-03,2024-03-31,2024-03-31,2024-04-03,,,,0,stage3,1,1,0,0
U009794,2024-03-06,Organic,Mobile,West,18-24,2024-03,2024-03-06,2024-03-08,,,,,0,stage2,1,0,0,0
U009795,2024-03-21,Social,Desktop,Central,18-24,2024-03,2024-03-21,2024-03-23,2024-03-24,,,,0,stage3,1,1,0,0
U009797,2024-02-26,Organic,Desktop,West,45-54,2024-02,2024-02-26,2024-02-26,2024-02-27,2024-02-27,2024-02-28,2024-03-01,1,Converted,1,1,1,1
U009802,2024-02-20,Referral,Desktop,North,18-24,2024-02,2024-02-20,,,,,,0,stage1,0,0,0,0
U009803,2024-03-02,Referral,Tablet,East,25-34,2024-03,2024-03-02,2024-03-04,2024-03-05,2024-03-07,2024-03-09,2024-03-10,1,Converted,1,1,1,1
U009804,2024-02-25,Social,Mobile,North,55+,2024-02,2024-02-25,2024-02-25,,,,,0,stage2,1,0,0,0
U009806,2024-03-23,Referral,Desktop,East,25-34,2024-03,2024-03-23,2024-03-23,2024-03-24,2024-03-25,2024-03-26,2024-03-28,1,Converted,1,1,1,1
U009807,2024-01-20,Organic,Mobile,West,18-24,2024-01,2024-01-20,2024-01-20,2024-01-23,,,,0,stage3,1,1,0,0
U009809,2024-03-24,Paid_Search,Mobile,West,25-34,2024-03,2024-03-24,,,,,,0,stage1,0,0,0,0
U009814,2024-01-03,Social,Mobile,East,35-44,2024-01,2024-01-03,,,,,,0,stage1,0,0,0,0
U009815,2024-01-03,Referral,Desktop,North,18-24,2024-01,2024-01-03,2024-01-03,2024-01-04,2024-01-04,2024-01-05,2024-01-07,1,Converted,1,1,1,1
U009816,2024-01-28,Referral,Mobile,West,25-34,2024-01,2024-01-28,,,,,,0,stage1,0,0,0,0
U009817,2024-03-26,Social,Desktop,South,18-24,2024-03,2024-03-26,2024-03-27,2024-03-28,2024-03-30,,,0,stage4,1,1,1,0
U009818,2024-02-02,Email,Mobile,North,45-54,2024-02,2024-02-02,,,,,,0,stage1,0,0,0,0
U009823,2024-03-08,Organic,Desktop,North,25-34,2024-03,2024-03-08,2024-03-10,2024-03-12,,,,0,stage3,1,1,0,0
U009825,2024-01-31,Organic,Mobile,North,25-34,2024-01,2024-01-31,2024-02-02,2024-02-04,,,,0,stage3,1,1,0,0
U009826,2024-01-01,Paid_Search,Desktop,Central,25-34,2024-01,2024-01-01,2024-01-03,2024-01-06,2024-01-06,,,0,stage4,1,1,1,0
U009830,2024-02-04,Organic,Desktop,East,25-34,2024-02,2024-02-04,2024-02-04,2024-02-05,2024-02-06,,,0,stage4,1,1,1,0
U009833,2024-03-14,Social,Mobile,South,55+,2024-03,2024-03-14,,,,,,0,stage1,0,0,0,0
U009834,2024-01-28,Organic,Mobile,Central,25-34,2024-01,2024-01-28,2024-01-30,2024-02-01,,,,0,stage3,1,1,0,0
U009835,2024-02-27,Organic,Desktop,South,35-44,2024-02,2024-02-27,2024-02-27,2024-02-29,,,,0,stage3,1,1,0,0
U009837,2024-01-07,Email,Mobile,West,18-24,2024-01,2024-01-07,,,,,,0,stage1,0,0,0,0
U009840,2024-02-10,Organic,Tablet,South,25-34,2024-02,2024-02-10,,,,,,0,stage1,0,0,0,0
U009841,2024-02-25,Social,Desktop,North,45-54,2024-02,2024-02-25,2024-02-27,,,,,0,stage2,1,0,0,0
U009843,2024-03-11,Referral,Desktop,East,45-54,2024-03,2024-03-11,2024-03-12,2024-03-14,2024-03-15,2024-03-16,2024-03-16,1,Converted,1,1,1,1
U009844,2024-03-06,Organic,Desktop,North,18-24,2024-03,2024-03-06,,,,,,0,stage1,0,0,0,0
U009845,2024-01-10,Email,Desktop,North,45-54,2024-01,2024-01-10,2024-01-12,2024-01-15,,,,0,stage3,1,1,0,0
U009846,2024-03-16,Organic,Tablet,Central,25-34,2024-03,2024-03-16,2024-03-16,2024-03-19,,,,0,stage3,1,1,0,0
U009849,2024-01-11,Organic,Mobile,North,25-34,2024-01,2024-01-11,,,,,,0,stage1,0,0,0,0
U009851,2024-03-27,Paid_Search,Desktop,South,18-24,2024-03,2024-03-27,2024-03-27,2024-03-29,2024-03-30,,,0,stage4,1,1,1,0
U009854,2024-01-12,Referral,Desktop,East,25-34,2024-01,2024-01-12,,,,,,0,stage1,0,0,0,0
U009856,2024-01-25,Organic,Desktop,South,35-44,2024-01,2024-01-25,2024-01-25,2024-01-28,,,,0,stage3,1,1,0,0
U009857,2024-02-02,Paid_Search,Desktop,East,25-34,2024-02,2024-02-02,,,,,,0,stage1,0,0,0,0
U009859,2024-01-11,Social,Desktop,North,55+,2024-01,2024-01-11,,,,,,0,stage1,0,0,0,0
U009860,2024-02-19,Paid_Search,Desktop,Central,25-34,2024-02,2024-02-19,2024-02-19,,,,,0,stage2,1,0,0,0
U009862,2024-02-22,Social,Desktop,South,45-54,2024-02,2024-02-22,2024-02-23,,,,,0,stage2,1,0,0,0
U009866,2024-01-23,Referral,Desktop,North,25-34,2024-01,2024-01-23,2024-01-23,2024-01-25,,,,0,stage3,1,1,0,0
U009867,2024-02-09,Paid_Search,Mobile,West,35-44,2024-02,2024-02-09,2024-02-11,2024-02-13,2024-02-13,2024-02-16,2024-02-18,1,Converted,1,1,1,1
U009868,2024-02-24,Social,Mobile,West,45-54,2024-02,2024-02-24,,,,,,0,stage1,0,0,0,0
U009869,2024-01-26,Social,Mobile,North,25-34,2024-01,2024-01-26,,,,,,0,stage1,0,0,0,0
U009870,2024-02-14,Referral,Tablet,East,25-34,2024-02,2024-02-14,,,,,,0,stage1,0,0,0,0
U009871,2024-02-25,Organic,Desktop,South,18-24,2024-02,2024-02-25,2024-02-26,,,,,0,stage2,1,0,0,0
U009872,2024-03-28,Referral,Mobile,South,25-34,2024-03,2024-03-28,2024-03-29,2024-03-30,,,,0,stage3,1,1,0,0
U009878,2024-03-08,Organic,Mobile,West,25-34,2024-03,2024-03-08,2024-03-09,,,,,0,stage2,1,0,0,0
U009879,2024-01-11,Social,Mobile,North,18-24,2024-01,2024-01-11,2024-01-11,,,,,0,stage2,1,0,0,0
U009880,2024-03-02,Paid_Search,Mobile,Central,35-44,2024-03,2024-03-02,2024-03-03,,,,,0,stage2,1,0,0,0
U009882,2024-03-17,Referral,Tablet,South,45-54,2024-03,2024-03-17,2024-03-17,,,,,0,stage2,1,0,0,0
U009886,2024-02-04,Referral,Mobile,South,18-24,2024-02,2024-02-04,2024-02-05,2024-02-06,,,,0,stage3,1,1,0,0
U009887,2024-02-24,Organic,Desktop,West,45-54,2024-02,2024-02-24,2024-02-24,,,,,0,stage2,1,0,0,0
U009889,2024-02-01,Organic,Mobile,East,45-54,2024-02,2024-02-01,2024-02-01,,,,,0,stage2,1,0,0,0
U009890,2024-01-27,Organic,Desktop,Central,18-24,2024-01,2024-01-27,2024-01-29,2024-01-31,2024-02-01,2024-02-02,2024-02-04,1,Converted,1,1,1,1
U009891,2024-01-13,Paid_Search,Mobile,East,35-44,2024-01,2024-01-13,,,,,,0,stage1,0,0,0,0
U009895,2024-01-17,Social,Mobile,South,25-34,2024-01,2024-01-17,,,,,,0,stage1,0,0,0,0
U009896,2024-03-15,Organic,Desktop,Central,35-44,2024-03,2024-03-15,2024-03-16,2024-03-19,2024-03-19,2024-03-20,2024-03-22,1,Converted,1,1,1,1
U009907,2024-03-16,Email,Mobile,Central,35-44,2024-03,2024-03-16,2024-03-18,,,,,0,stage2,1,0,0,0
U009912,2024-03-25,Organic,Tablet,West,55+,2024-03,2024-03-25,2024-03-27,,,,,0,stage2,1,0,0,0
U009913,2024-01-27,Organic,Desktop,Central,18-24,2024-01,2024-01-27,2024-01-28,2024-01-29,,,,0,stage3,1,1,0,0
U009916,2024-02-19,Organic,Mobile,South,18-24,2024-02,2024-02-19,2024-02-19,2024-02-20,,,,0,stage3,1,1,0,0
U009917,2024-01-28,Organic,Mobile,West,45-54,2024-01,2024-01-28,2024-01-28,2024-01-29,2024-01-30,,,0,stage4,1,1,1,0
U009918,2024-02-06,Email,Mobile,West,25-34,2024-02,2024-02-06,2024-02-07,,,,,0,stage2,1,0,0,0
U009921,2024-01-06,Email,Mobile,North,45-54,2024-01,2024-01-06,,,,,,0,stage1,0,0,0,0
U009925,2024-01-31,Email,Desktop,South,25-34,2024-01,2024-01-31,2024-02-01,2024-02-03,2024-02-03,2024-02-07,,0,stage5,1,1,1,1
U009926,2024-02-14,Organic,Desktop,West,35-44,2024-02,2024-02-14,2024-02-16,2024-02-17,,,,0,stage3,1,1,0,0
U009927,2024-03-20,Paid_Search,Desktop,Central,18-24,2024-03,2024-03-20,,,,,,0,stage1,0,0,0,0
U009936,2024-03-13,Referral,Desktop,East,45-54,2024-03,2024-03-13,,,,,,0,stage1,0,0,0,0
U009937,2024-01-01,Organic,Desktop,East,25-34,2024-01,2024-01-01,2024-01-02,2024-01-04,,,,0,stage3,1,1,0,0
U009939,2024-01-31,Referral,Desktop,North,35-44,2024-01,2024-01-31,2024-01-31,2024-02-03,,,,0,stage3,1,1,0,0
U009941,2024-03-28,Organic,Desktop,South,35-44,2024-03,2024-03-28,2024-03-28,,,,,0,stage2,1,0,0,0
U009946,2024-02-07,Paid_Search,Mobile,Central,18-24,2024-02,2024-02-07,2024-02-08,2024-02-11,,,,0,stage3,1,1,0,0
U009947,2024-03-09,Paid_Search,Desktop,North,45-54,2024-03,2024-03-09,2024-03-09,2024-03-12,,,,0,stage3,1,1,0,0
U009950,2024-01-04,Organic,Mobile,West,35-44,2024-01,2024-01-04,,,,,,0,stage1,0,0,0,0
U009954,2024-02-07,Referral,Desktop,South,55+,2024-02,2024-02-07,,,,,,0,stage1,0,0,0,0
U009955,2024-02-18,Paid_Search,Tablet,South,25-34,2024-02,2024-02-18,,,,,,0,stage1,0,0,0,0
U009958,2024-03-27,Social,Mobile,South,35-44,2024-03,2024-03-27,2024-03-27,,,,,0,stage2,1,0,0,0
U009959,2024-03-05,Paid_Search,Mobile,South,18-24,2024-03,2024-03-05,2024-03-05,2024-03-07,,,,0,stage3,1,1,0,0
U009961,2024-02-08,Organic,Desktop,North,45-54,2024-02,2024-02-08,2024-02-08,2024-02-11,,,,0,stage3,1,1,0,0
U009962,2024-03-20,Social,Desktop,West,35-44,2024-03,2024-03-20,2024-03-22,2024-03-24,2024-03-26,2024-03-27,2024-03-27,1,Converted,1,1,1,1
U009963,2024-02-12,Referral,Mobile,North,35-44,2024-02,2024-02-12,2024-02-13,2024-02-14,2024-02-14,2024-02-15,,0,stage5,1,1,1,1
U009966,2024-01-30,Email,Mobile,South,18-24,2024-01,2024-01-30,2024-01-31,,,,,0,stage2,1,0,0,0
U009968,2024-02-21,Email,Mobile,East,35-44,2024-02,2024-02-21,,,,,,0,stage1,0,0,0,0
U009969,2024-01-20,Paid_Search,Desktop,East,25-34,2024-01,2024-01-20,,,,,,0,stage1,0,0,0,0
U009970,2024-01-21,Email,Desktop,Central,25-34,2024-01,2024-01-21,2024-01-23,2024-01-24,2024-01-26,2024-01-29,2024-01-29,1,Converted,1,1,1,1
U009971,2024-01-13,Paid_Search,Desktop,East,25-34,2024-01,2024-01-13,,,,,,0,stage1,0,0,0,0
U009972,2024-01-17,Social,Desktop,West,25-34,2024-01,2024-01-17,2024-01-18,2024-01-21,,,,0,stage3,1,1,0,0
U009973,2024-01-15,Paid_Search,Desktop,South,45-54,2024-01,2024-01-15,2024-01-17,,,,,0,stage2,1,0,0,0
U009977,2024-03-23,Paid_Search,Mobile,Central,45-54,2024-03,2024-03-23,,,,,,0,stage1,0,0,0,0
U009978,2024-01-14,Organic,Mobile,North,35-44,2024-01,2024-01-14,2024-01-15,2024-01-17,,,,0,stage3,1,1,0,0
U009979,2024-02-15,Organic,Desktop,West,35-44,2024-02,2024-02-15,,,,,,0,stage1,0,0,0,0
U009982,2024-02-06,Organic,Desktop,West,35-44,2024-02,2024-02-06,2024-02-06,,,,,0,stage2,1,0,0,0
U009984,2024-02-26,Paid_Search,Mobile,East,55+,2024-02,2024-02-26,,,,,,0,stage1,0,0,0,0
U009986,2024-03-12,Referral,Mobile,South,25-34,2024-03,2024-03-12,,,,,,0,stage1,0,0,0,0
U009987,2024-03-10,Social,Desktop,South,45-54,2024-03,2024-03-10,2024-03-10,2024-03-12,,,,0,stage3,1,1,0,0
U009989,2024-01-15,Email,Mobile,Central,18-24,2024-01,2024-01-15,2024-01-17,,,,,0,stage2,1,0,0,0
U009991,2024-02-05,Email,Desktop,West,45-54,2024-02,2024-02-05,,,,,,0,stage1,0,0,0,0
U009994,2024-02-03,Organic,Mobile,West,35-44,2024-02,2024-02-03,2024-02-05,,,,,0,stage2,1,0,0,0
U009995,2024-02-05,Referral,Desktop,Central,25-34,2024-02,2024-02-05,2024-02-06,2024-02-07,,,,0,stage3,1,1,0,0
U009997,2024-01-24,Organic,Mobile,North,25-34,2024-01,2024-01-24,,,,,,0,stage1,0,0,0,0
U010002,2024-01-18,Organic,Mobile,West,55+,2024-01,2024-01-18,,,,,,0,stage1,0,0,0,0
U010003,2024-03-08,Social,Tablet,South,25-34,2024-03,2024-03-08,2024-03-08,2024-03-10,,,,0,stage3,1,1,0,0
U010005,2024-03-08,Social,Desktop,Central,55+,2024-03,2024-03-08,2024-03-08,,,,,0,stage2,1,0,0,0
U010006,2024-02-19,Paid_Search,Mobile,West,25-34,2024-02,2024-02-19,2024-02-19,2024-02-20,,,,0,stage3,1,1,0,0
U010008,2024-02-03,Email,Mobile,Central,45-54,2024-02,2024-02-03,2024-02-04,2024-02-06,,,,0,stage3,1,1,0,0
U010009,2024-02-13,Paid_Search,Mobile,East,25-34,2024-02,2024-02-13,2024-02-13,,,,,0,stage2,1,0,0,0
U010010,2024-03-29,Social,Desktop,East,25-34,2024-03,2024-03-29,2024-03-30,,,,,0,stage2,1,0,0,0
U010011,2024-01-28,Paid_Search,Desktop,North,18-24,2024-01,2024-01-28,2024-01-29,,,,,0,stage2,1,0,0,0
U010013,2024-02-22,Social,Desktop,West,45-54,2024-02,2024-02-22,,,,,,0,stage1,0,0,0,0
U010014,2024-02-12,Organic,Desktop,West,35-44,2024-02,2024-02-12,2024-02-14,2024-02-15,2024-02-15,2024-02-17,2024-02-17,1,Converted,1,1,1,1
U010017,2024-02-03,Paid_Search,Desktop,West,25-34,2024-02,2024-02-03,,,,,,0,stage1,0,0,0,0
U010021,2024-02-18,Organic,Mobile,East,55+,2024-02,2024-02-18,2024-02-18,2024-02-20,,,,0,stage3,1,1,0,0
U010022,2024-01-20,Paid_Search,Desktop,West,25-34,2024-01,2024-01-20,2024-01-22,2024-01-25,,,,0,stage3,1,1,0,0
U010023,2024-03-16,Social,Desktop,East,25-34,2024-03,2024-03-16,2024-03-17,,,,,0,stage2,1,0,0,0
U010024,2024-03-08,Social,Mobile,South,45-54,2024-03,2024-03-08,2024-03-10,,,,,0,stage2,1,0,0,0
U010025,2024-01-13,Paid_Search,Mobile,North,18-24,2024-01,2024-01-13,2024-01-15,2024-01-16,2024-01-18,2024-01-21,2024-01-21,1,Converted,1,1,1,1
U010026,2024-02-06,Paid_Search,Mobile,Central,25-34,2024-02,2024-02-06,2024-02-07,2024-02-09,,,,0,stage3,1,1,0,0
U010028,2024-01-12,Social,Desktop,East,25-34,2024-01,2024-01-12,,,,,,0,stage1,0,0,0,0
U010029,2024-01-25,Paid_Search,Mobile,North,25-34,2024-01,2024-01-25,2024-01-26,,,,,0,stage2,1,0,0,0
U010030,2024-03-11,Paid_Search,Mobile,West,25-34,2024-03,2024-03-11,2024-03-12,,,,,0,stage2,1,0,0,0
U010031,2024-01-14,Social,Mobile,Central,25-34,2024-01,2024-01-14,2024-01-14,,,,,0,stage2,1,0,0,0
U010033,2024-03-05,Social,Tablet,South,35-44,2024-03,2024-03-05,,,,,,0,stage1,0,0,0,0
U010034,2024-01-27,Organic,Mobile,North,55+,2024-01,2024-01-27,2024-01-28,,,,,0,stage2,1,0,0,0
U010038,2024-02-13,Email,Desktop,East,25-34,2024-02,2024-02-13,2024-02-13,,,,,0,stage2,1,0,0,0
U010039,2024-01-20,Referral,Desktop,West,55+,2024-01,2024-01-20,2024-01-20,2024-01-21,,,,0,stage3,1,1,0,0
U010042,2024-01-27,Organic,Mobile,West,18-24,2024-01,2024-01-27,2024-01-29,,,,,0,stage2,1,0,0,0
U010043,2024-02-19,Referral,Desktop,West,55+,2024-02,2024-02-19,2024-02-20,2024-02-23,,,,0,stage3,1,1,0,0
U010045,2024-03-28,Organic,Mobile,Central,25-34,2024-03,2024-03-28,2024-03-30,,,,,0,stage2,1,0,0,0
U010050,2024-02-15,Email,Mobile,North,25-34,2024-02,2024-02-15,2024-02-17,2024-02-20,2024-02-21,,,0,stage4,1,1,1,0
U010052,2024-03-27,Paid_Search,Mobile,South,18-24,2024-03,2024-03-27,2024-03-27,2024-03-30,,,,0,stage3,1,1,0,0
U010054,2024-01-06,Email,Mobile,West,25-34,2024-01,2024-01-06,2024-01-07,,,,,0,stage2,1,0,0,0
U010060,2024-01-31,Organic,Mobile,West,45-54,2024-01,2024-01-31,2024-02-01,2024-02-03,,,,0,stage3,1,1,0,0
U010063,2024-01-04,Referral,Mobile,Central,25-34,2024-01,2024-01-04,2024-01-05,,,,,0,stage2,1,0,0,0
U010064,2024-01-01,Social,Mobile,North,25-34,2024-01,2024-01-01,2024-01-02,,,,,0,stage2,1,0,0,0
U010066,2024-02-13,Referral,Mobile,Central,25-34,2024-02,2024-02-13,,,,,,0,stage1,0,0,0,0
U010067,2024-02-16,Organic,Mobile,West,18-24,2024-02,2024-02-16,,,,,,0,stage1,0,0,0,0
U010068,2024-02-27,Referral,Desktop,West,35-44,2024-02,2024-02-27,,,,,,0,stage1,0,0,0,0
U010070,2024-03-24,Organic,Mobile,Central,18-24,2024-03,2024-03-24,,,,,,0,stage1,0,0,0,0
U010078,2024-02-08,Paid_Search,Mobile,West,25-34,2024-02,2024-02-08,,,,,,0,stage1,0,0,0,0
U010079,2024-01-19,Referral,Desktop,East,35-44,2024-01,2024-01-19,2024-01-21,,,,,0,stage2,1,0,0,0
U010081,2024-02-14,Referral,Mobile,South,25-34,2024-02,2024-02-14,2024-02-14,,,,,0,stage2,1,0,0,0
U010083,2024-02-05,Social,Mobile,West,18-24,2024-02,2024-02-05,2024-02-06,2024-02-09,2024-02-10,2024-02-14,2024-02-16,1,Converted,1,1,1,1
U010084,2024-01-11,Email,Desktop,Central,45-54,2024-01,2024-01-11,,,,,,0,stage1,0,0,0,0
U010089,2024-03-09,Paid_Search,Desktop,South,45-54,2024-03,2024-03-09,2024-03-09,2024-03-11,,,,0,stage3,1,1,0,0
U010091,2024-03-14,Organic,Desktop,South,35-44,2024-03,2024-03-14,,,,,,0,stage1,0,0,0,0
U010093,2024-01-09,Paid_Search,Desktop,South,25-34,2024-01,2024-01-09,2024-01-11,2024-01-14,2024-01-16,,,0,stage4,1,1,1,0
U010094,2024-02-28,Paid_Search,Mobile,North,25-34,2024-02,2024-02-28,,,,,,0,stage1,0,0,0,0
U010098,2024-03-05,Social,Mobile,North,35-44,2024-03,2024-03-05,2024-03-07,,,,,0,stage2,1,0,0,0
U010099,2024-03-15,Referral,Mobile,West,18-24,2024-03,2024-03-15,2024-03-17,,,,,0,stage2,1,0,0,0
U010100,2024-02-03,Organic,Mobile,Central,25-34,2024-02,2024-02-03,,,,,,0,stage1,0,0,0,0
U010101,2024-03-17,Organic,Mobile,East,35-44,2024-03,2024-03-17,,,,,,0,stage1,0,0,0,0
U010104,2024-01-22,Referral,Mobile,West,55+,2024-01,2024-01-22,2024-01-23,,,,,0,stage2,1,0,0,0
U010105,2024-03-29,Social,Mobile,South,35-44,2024-03,2024-03-29,2024-03-30,2024-04-02,,,,0,stage3,1,1,0,0
U010110,2024-03-01,Paid_Search,Mobile,South,35-44,2024-03,2024-03-01,2024-03-03,,,,,0,stage2,1,0,0,0
U010113,2024-02-20,Paid_Search,Mobile,South,25-34,2024-02,2024-02-20,,,,,,0,stage1,0,0,0,0
U010115,2024-01-07,Social,Tablet,North,35-44,2024-01,2024-01-07,,,,,,0,stage1,0,0,0,0
U010117,2024-01-20,Organic,Mobile,Central,35-44,2024-01,2024-01-20,2024-01-22,2024-01-23,,,,0,stage3,1,1,0,0
U010124,2024-02-09,Social,Desktop,East,25-34,2024-02,2024-02-09,,,,,,0,stage1,0,0,0,0
U010125,2024-02-03,Social,Mobile,West,25-34,2024-02,2024-02-03,2024-02-04,2024-02-07,2024-02-09,2024-02-11,2024-02-12,1,Converted,1,1,1,1
U010126,2024-01-10,Paid_Search,Mobile,North,45-54,2024-01,2024-01-10,2024-01-12,,,,,0,stage2,1,0,0,0
U010135,2024-03-25,Organic,Desktop,Central,25-34,2024-03,2024-03-25,2024-03-27,,,,,0,stage2,1,0,0,0
U010138,2024-02-01,Social,Desktop,Central,45-54,2024-02,2024-02-01,,,,,,0,stage1,0,0,0,0
U010139,2024-02-12,Social,Mobile,West,45-54,2024-02,2024-02-12,2024-02-13,,,,,0,stage2,1,0,0,0
U010141,2024-03-28,Social,Desktop,West,18-24,2024-03,2024-03-28,2024-03-29,,,,,0,stage2,1,0,0,0
U010142,2024-03-09,Referral,Desktop,South,25-34,2024-03,2024-03-09,,,,,,0,stage1,0,0,0,0
U010143,2024-03-05,Social,Mobile,East,25-34,2024-03,2024-03-05,2024-03-05,,,,,0,stage2,1,0,0,0
U010145,2024-02-20,Email,Mobile,South,25-34,2024-02,2024-02-20,2024-02-20,2024-02-22,,,,0,stage3,1,1,0,0
U010147,2024-02-17,Paid_Search,Desktop,East,45-54,2024-02,2024-02-17,2024-02-19,2024-02-20,2024-02-22,2024-02-24,2024-02-26,1,Converted,1,1,1,1
U010151,2024-02-12,Organic,Desktop,Central,25-34,2024-02,2024-02-12,2024-02-13,2024-02-14,2024-02-16,2024-02-19,2024-02-19,1,Converted,1,1,1,1
U010155,2024-02-13,Referral,Mobile,West,45-54,2024-02,2024-02-13,2024-02-14,2024-02-17,2024-02-17,2024-02-19,2024-02-20,1,Converted,1,1,1,1
U010159,2024-02-27,Paid_Search,Desktop,North,25-34,2024-02,2024-02-27,2024-02-29,,,,,0,stage2,1,0,0,0
U010160,2024-01-28,Organic,Mobile,North,55+,2024-01,2024-01-28,2024-01-30,,,,,0,stage2,1,0,0,0
U010165,2024-03-24,Organic,Desktop,East,45-54,2024-03,2024-03-24,2024-03-24,,,,,0,stage2,1,0,0,0
U010168,2024-03-14,Social,Desktop,East,18-24,2024-03,2024-03-14,,,,,,0,stage1,0,0,0,0
U010169,2024-03-07,Referral,Mobile,Central,18-24,2024-03,2024-03-07,2024-03-07,2024-03-08,,,,0,stage3,1,1,0,0
U010170,2024-02-19,Organic,Mobile,Central,25-34,2024-02,2024-02-19,2024-02-20,2024-02-23,2024-02-25,2024-02-26,2024-02-28,1,Converted,1,1,1,1
U010172,2024-01-20,Email,Desktop,South,55+,2024-01,2024-01-20,,,,,,0,stage1,0,0,0,0
U010173,2024-01-29,Organic,Tablet,South,25-34,2024-01,2024-01-29,2024-01-30,2024-02-02,,,,0,stage3,1,1,0,0
U010175,2024-01-13,Referral,Desktop,East,55+,2024-01,2024-01-13,2024-01-13,2024-01-16,,,,0,stage3,1,1,0,0
U010178,2024-03-09,Referral,Mobile,West,35-44,2024-03,2024-03-09,,,,,,0,stage1,0,0,0,0
U010179,2024-01-10,Organic,Desktop,East,18-24,2024-01,2024-01-10,2024-01-10,2024-01-12,2024-01-12,2024-01-16,,0,stage5,1,1,1,1
U010180,2024-03-19,Organic,Desktop,Central,25-34,2024-03,2024-03-19,2024-03-19,,,,,0,stage2,1,0,0,0
U010181,2024-03-24,Organic,Mobile,East,25-34,2024-03,2024-03-24,,,,,,0,stage1,0,0,0,0
U010182,2024-03-16,Referral,Desktop,North,25-34,2024-03,2024-03-16,2024-03-17,,,,,0,stage2,1,0,0,0
U010183,2024-01-28,Social,Desktop,East,35-44,2024-01,2024-01-28,2024-01-29,,,,,0,stage2,1,0,0,0
U010184,2024-03-24,Paid_Search,Mobile,Central,45-54,2024-03,2024-03-24,2024-03-24,,,,,0,stage2,1,0,0,0
U010185,2024-01-28,Organic,Mobile,Central,25-34,2024-01,2024-01-28,,,,,,0,stage1,0,0,0,0
U010186,2024-02-25,Organic,Desktop,Central,35-44,2024-02,2024-02-25,2024-02-27,,,,,0,stage2,1,0,0,0
U010187,2024-02-14,Paid_Search,Mobile,West,25-34,2024-02,2024-02-14,,,,,,0,stage1,0,0,0,0
U010190,2024-01-25,Paid_Search,Mobile,South,25-34,2024-01,2024-01-25,,,,,,0,stage1,0,0,0,0
U010191,2024-03-01,Paid_Search,Mobile,North,25-34,2024-03,2024-03-01,2024-03-02,,,,,0,stage2,1,0,0,0
U010193,2024-03-22,Referral,Desktop,North,25-34,2024-03,2024-03-22,2024-03-22,,,,,0,stage2,1,0,0,0
U010194,2024-01-05,Paid_Search,Desktop,North,25-34,2024-01,2024-01-05,,,,,,0,stage1,0,0,0,0
U010196,2024-02-08,Email,Mobile,North,35-44,2024-02,2024-02-08,2024-02-10,2024-02-13,2024-02-13,2024-02-16,,0,stage5,1,1,1,1
U010197,2024-01-23,Referral,Mobile,Central,35-44,2024-01,2024-01-23,2024-01-23,2024-01-25,,,,0,stage3,1,1,0,0
U010198,2024-02-15,Paid_Search,Mobile,South,18-24,2024-02,2024-02-15,,,,,,0,stage1,0,0,0,0
U010201,2024-02-01,Organic,Tablet,South,18-24,2024-02,2024-02-01,2024-02-03,2024-02-06,,,,0,stage3,1,1,0,0
U010204,2024-01-16,Paid_Search,Desktop,Central,45-54,2024-01,2024-01-16,2024-01-18,,,,,0,stage2,1,0,0,0
U010205,2024-02-03,Organic,Mobile,East,35-44,2024-02,2024-02-03,,,,,,0,stage1,0,0,0,0
U010209,2024-02-05,Paid_Search,Tablet,Central,35-44,2024-02,2024-02-05,,,,,,0,stage1,0,0,0,0
U010210,2024-03-25,Organic,Desktop,East,35-44,2024-03,2024-03-25,,,,,,0,stage1,0,0,0,0
U010215,2024-03-12,Referral,Mobile,West,35-44,2024-03,2024-03-12,2024-03-13,,,,,0,stage2,1,0,0,0
U010216,2024-02-12,Organic,Mobile,Central,55+,2024-02,2024-02-12,,,,,,0,stage1,0,0,0,0
U010217,2024-02-05,Paid_Search,Mobile,South,35-44,2024-02,2024-02-05,2024-02-06,,,,,0,stage2,1,0,0,0
U010219,2024-03-27,Organic,Mobile,Central,25-34,2024-03,2024-03-27,2024-03-29,2024-04-01,,,,0,stage3,1,1,0,0
U010220,2024-03-12,Email,Desktop,South,18-24,2024-03,2024-03-12,,,,,,0,stage1,0,0,0,0
U010222,2024-03-27,Paid_Search,Mobile,West,45-54,2024-03,2024-03-27,,,,,,0,stage1,0,0,0,0
U010224,2024-03-22,Organic,Mobile,South,25-34,2024-03,2024-03-22,2024-03-24,,,,,0,stage2,1,0,0,0
U010226,2024-03-18,Referral,Mobile,South,25-34,2024-03,2024-03-18,,,,,,0,stage1,0,0,0,0
U010228,2024-01-31,Organic,Desktop,West,35-44,2024-01,2024-01-31,,,,,,0,stage1,0,0,0,0
U010229,2024-01-22,Referral,Mobile,Central,55+,2024-01,2024-01-22,2024-01-24,2024-01-26,,,,0,stage3,1,1,0,0
U010230,2024-03-26,Organic,Mobile,South,45-54,2024-03,2024-03-26,2024-03-26,,,,,0,stage2,1,0,0,0
U010231,2024-02-04,Referral,Mobile,North,35-44,2024-02,2024-02-04,,,,,,0,stage1,0,0,0,0
U010232,2024-01-02,Social,Desktop,West,35-44,2024-01,2024-01-02,2024-01-02,2024-01-03,,,,0,stage3,1,1,0,0
U010233,2024-02-09,Paid_Search,Desktop,South,18-24,2024-02,2024-02-09,,,,,,0,stage1,0,0,0,0
U010234,2024-03-19,Referral,Mobile,Central,25-34,2024-03,2024-03-19,2024-03-20,,,,,0,stage2,1,0,0,0
U010237,2024-02-29,Email,Mobile,South,18-24,2024-02,2024-02-29,2024-02-29,2024-03-01,,,,0,stage3,1,1,0,0
U010238,2024-02-03,Organic,Desktop,East,45-54,2024-02,2024-02-03,2024-02-05,,,,,0,stage2,1,0,0,0
U010239,2024-01-30,Paid_Search,Tablet,West,35-44,2024-01,2024-01-30,2024-01-31,2024-02-02,,,,0,stage3,1,1,0,0
U010240,2024-01-18,Email,Mobile,West,35-44,2024-01,2024-01-18,,,,,,0,stage1,0,0,0,0
U010241,2024-02-23,Organic,Mobile,North,18-24,2024-02,2024-02-23,,,,,,0,stage1,0,0,0,0
U010242,2024-01-02,Organic,Desktop,Central,18-24,2024-01,2024-01-02,2024-01-03,,,,,0,stage2,1,0,0,0
U010243,2024-03-28,Referral,Mobile,South,55+,2024-03,2024-03-28,2024-03-29,,,,,0,stage2,1,0,0,0
U010244,2024-01-09,Organic,Mobile,Central,18-24,2024-01,2024-01-09,2024-01-11,2024-01-12,,,,0,stage3,1,1,0,0
U010247,2024-03-13,Organic,Desktop,North,18-24,2024-03,2024-03-13,2024-03-14,2024-03-16,2024-03-18,,,0,stage4,1,1,1,0
U010251,2024-02-26,Organic,Mobile,North,18-24,2024-02,2024-02-26,2024-02-27,2024-02-29,,,,0,stage3,1,1,0,0
U010253,2024-03-15,Paid_Search,Desktop,South,35-44,2024-03,2024-03-15,2024-03-17,2024-03-19,,,,0,stage3,1,1,0,0
U010254,2024-02-08,Email,Desktop,North,18-24,2024-02,2024-02-08,2024-02-10,,,,,0,stage2,1,0,0,0
U010255,2024-01-02,Organic,Desktop,East,45-54,2024-01,2024-01-02,2024-01-02,,,,,0,stage2,1,0,0,0
U010259,2024-02-25,Paid_Search,Mobile,East,35-44,2024-02,2024-02-25,2024-02-25,2024-02-28,,,,0,stage3,1,1,0,0
U010261,2024-01-28,Organic,Desktop,Central,25-34,2024-01,2024-01-28,2024-01-30,2024-01-31,2024-01-31,2024-02-01,2024-02-01,1,Converted,1,1,1,1
U010262,2024-02-21,Referral,Mobile,North,55+,2024-02,2024-02-21,2024-02-23,,,,,0,stage2,1,0,0,0
U010263,2024-02-06,Organic,Desktop,Central,25-34,2024-02,2024-02-06,2024-02-08,,,,,0,stage2,1,0,0,0
U010264,2024-01-02,Organic,Desktop,Central,35-44,2024-01,2024-01-02,,,,,,0,stage1,0,0,0,0
U010266,2024-03-19,Referral,Desktop,West,35-44,2024-03,2024-03-19,2024-03-21,,,,,0,stage2,1,0,0,0
U010267,2024-01-24,Organic,Mobile,West,55+,2024-01,2024-01-24,,,,,,0,stage1,0,0,0,0
U010268,2024-01-16,Paid_Search,Desktop,Central,25-34,2024-01,2024-01-16,2024-01-17,2024-01-20,,,,0,stage3,1,1,0,0
U010269,2024-01-03,Organic,Mobile,West,35-44,2024-01,2024-01-03,,,,,,0,stage1,0,0,0,0
U010270,2024-01-24,Paid_Search,Mobile,East,55+,2024-01,2024-01-24,2024-01-26,2024-01-27,,,,0,stage3,1,1,0,0
U010274,2024-02-12,Email,Mobile,West,25-34,2024-02,2024-02-12,2024-02-13,,,,,0,stage2,1,0,0,0
U010278,2024-03-30,Social,Desktop,Central,18-24,2024-03,2024-03-30,2024-03-31,,,,,0,stage2,1,0,0,0
U010284,2024-02-09,Referral,Desktop,South,35-44,2024-02,2024-02-09,,,,,,0,stage1,0,0,0,0
U010290,2024-01-14,Paid_Search,Desktop,Central,35-44,2024-01,2024-01-14,,,,,,0,stage1,0,0,0,0
U010294,2024-02-14,Referral,Mobile,South,25-34,2024-02,2024-02-14,,,,,,0,stage1,0,0,0,0
U010295,2024-01-17,Email,Mobile,South,25-34,2024-01,2024-01-17,,,,,,0,stage1,0,0,0,0
U010297,2024-02-25,Organic,Desktop,North,35-44,2024-02,2024-02-25,,,,,,0,stage1,0,0,0,0
U010298,2024-02-20,Referral,Desktop,West,25-34,2024-02,2024-02-20,2024-02-21,,,,,0,stage2,1,0,0,0
U010299,2024-02-25,Organic,Mobile,Central,45-54,2024-02,2024-02-25,,,,,,0,stage1,0,0,0,0
U010301,2024-02-17,Social,Mobile,South,35-44,2024-02,2024-02-17,,,,,,0,stage1,0,0,0,0
U010302,2024-01-08,Paid_Search,Mobile,West,18-24,2024-01,2024-01-08,2024-01-09,,,,,0,stage2,1,0,0,0
U010303,2024-02-16,Organic,Desktop,West,35-44,2024-02,2024-02-16,,,,,,0,stage1,0,0,0,0
U010304,2024-02-14,Organic,Mobile,South,45-54,2024-02,2024-02-14,2024-02-14,2024-02-17,2024-02-19,,,0,stage4,1,1,1,0
U010306,2024-02-13,Organic,Mobile,West,55+,2024-02,2024-02-13,,,,,,0,stage1,0,0,0,0
U010307,2024-01-26,Paid_Search,Desktop,Central,35-44,2024-01,2024-01-26,,,,,,0,stage1,0,0,0,0
U010310,2024-03-01,Email,Mobile,West,45-54,2024-03,2024-03-01,2024-03-03,2024-03-06,,,,0,stage3,1,1,0,0
U010311,2024-02-06,Social,Desktop,South,55+,2024-02,2024-02-06,,,,,,0,stage1,0,0,0,0
U010312,2024-03-01,Social,Mobile,North,18-24,2024-03,2024-03-01,,,,,,0,stage1,0,0,0,0
U010313,2024-02-12,Organic,Desktop,South,25-34,2024-02,2024-02-12,2024-02-13,2024-02-16,2024-02-17,2024-02-19,2024-02-21,1,Converted,1,1,1,1
U010320,2024-03-04,Social,Desktop,West,25-34,2024-03,2024-03-04,2024-03-04,,,,,0,stage2,1,0,0,0
U010322,2024-03-07,Social,Mobile,South,45-54,2024-03,2024-03-07,2024-03-08,,,,,0,stage2,1,0,0,0
U010324,2024-02-16,Organic,Mobile,East,35-44,2024-02,2024-02-16,,,,,,0,stage1,0,0,0,0
U010327,2024-01-01,Email,Mobile,West,55+,2024-01,2024-01-01,2024-01-01,2024-01-04,2024-01-04,,,0,stage4,1,1,1,0
U010329,2024-02-11,Organic,Mobile,North,45-54,2024-02,2024-02-11,,,,,,0,stage1,0,0,0,0
U010330,2024-01-15,Referral,Mobile,East,45-54,2024-01,2024-01-15,,,,,,0,stage1,0,0,0,0
U010331,2024-03-25,Social,Mobile,South,25-34,2024-03,2024-03-25,2024-03-25,2024-03-28,,,,0,stage3,1,1,0,0
U010334,2024-01-29,Social,Mobile,South,25-34,2024-01,2024-01-29,2024-01-29,2024-01-31,2024-02-02,,,0,stage4,1,1,1,0
U010335,2024-03-24,Referral,Mobile,Central,45-54,2024-03,2024-03-24,2024-03-24,,,,,0,stage2,1,0,0,0
U010337,2024-01-08,Social,Desktop,East,55+,2024-01,2024-01-08,,,,,,0,stage1,0,0,0,0
U010340,2024-02-14,Organic,Desktop,North,35-44,2024-02,2024-02-14,,,,,,0,stage1,0,0,0,0
U010341,2024-01-10,Organic,Desktop,East,25-34,2024-01,2024-01-10,2024-01-10,,,,,0,stage2,1,0,0,0
U010342,2024-03-08,Paid_Search,Mobile,West,55+,2024-03,2024-03-08,2024-03-10,,,,,0,stage2,1,0,0,0
U010348,2024-02-23,Organic,Desktop,East,35-44,2024-02,2024-02-23,2024-02-25,2024-02-28,2024-03-01,2024-03-04,2024-03-06,1,Converted,1,1,1,1
U010350,2024-02-17,Organic,Desktop,East,35-44,2024-02,2024-02-17,2024-02-17,,,,,0,stage2,1,0,0,0
U010353,2024-02-21,Referral,Desktop,Central,45-54,2024-02,2024-02-21,2024-02-21,2024-02-23,,,,0,stage3,1,1,0,0
U010354,2024-03-18,Email,Mobile,East,45-54,2024-03,2024-03-18,,,,,,0,stage1,0,0,0,0
U010355,2024-03-01,Email,Mobile,East,18-24,2024-03,2024-03-01,,,,,,0,stage1,0,0,0,0
U010357,2024-01-21,Paid_Search,Mobile,East,55+,2024-01,2024-01-21,,,,,,0,stage1,0,0,0,0
U010359,2024-03-23,Social,Mobile,South,25-34,2024-03,2024-03-23,,,,,,0,stage1,0,0,0,0
U010360,2024-01-29,Social,Mobile,West,25-34,2024-01,2024-01-29,,,,,,0,stage1,0,0,0,0
U010362,2024-02-11,Organic,Desktop,East,18-24,2024-02,2024-02-11,,,,,,0,stage1,0,0,0,0
U010363,2024-02-23,Email,Mobile,North,45-54,2024-02,2024-02-23,2024-02-25,,,,,0,stage2,1,0,0,0
U010365,2024-01-06,Paid_Search,Desktop,Central,55+,2024-01,2024-01-06,2024-01-06,2024-01-09,2024-01-11,,,0,stage4,1,1,1,0
U010366,2024-02-12,Referral,Mobile,Central,18-24,2024-02,2024-02-12,2024-02-14,2024-02-17,,,,0,stage3,1,1,0,0
U010367,2024-03-30,Paid_Search,Mobile,Central,55+,2024-03,2024-03-30,2024-04-01,2024-04-02,2024-04-02,2024-04-05,2024-04-05,1,Converted,1,1,1,1
U010371,2024-02-19,Referral,Mobile,South,35-44,2024-02,2024-02-19,2024-02-19,2024-02-22,,,,0,stage3,1,1,0,0
U010372,2024-02-20,Paid_Search,Desktop,Central,35-44,2024-02,2024-02-20,2024-02-20,2024-02-23,,,,0,stage3,1,1,0,0
U010374,2024-01-22,Organic,Desktop,South,25-34,2024-01,2024-01-22,2024-01-22,2024-01-25,,,,0,stage3,1,1,0,0
U010376,2024-01-24,Organic,Desktop,South,35-44,2024-01,2024-01-24,2024-01-26,2024-01-27,,,,0,stage3,1,1,0,0
U010377,2024-02-07,Organic,Mobile,East,55+,2024-02,2024-02-07,2024-02-08,,,,,0,stage2,1,0,0,0
U010378,2024-01-13,Paid_Search,Mobile,West,35-44,2024-01,2024-01-13,2024-01-15,2024-01-16,,,,0,stage3,1,1,0,0
U010379,2024-02-08,Organic,Desktop,Central,18-24,2024-02,2024-02-08,2024-02-08,2024-02-09,,,,0,stage3,1,1,0,0
U010380,2024-02-10,Referral,Desktop,South,55+,2024-02,2024-02-10,2024-02-10,,,,,0,stage2,1,0,0,0
U010382,2024-02-05,Paid_Search,Tablet,South,18-24,2024-02,2024-02-05,2024-02-05,,,,,0,stage2,1,0,0,0
U010383,2024-01-30,Paid_Search,Mobile,West,25-34,2024-01,2024-01-30,2024-02-01,2024-02-04,2024-02-06,2024-02-07,2024-02-07,1,Converted,1,1,1,1
U010384,2024-01-29,Social,Mobile,South,25-34,2024-01,2024-01-29,2024-01-30,2024-02-01,,,,0,stage3,1,1,0,0
U010385,2024-01-27,Organic,Desktop,Central,25-34,2024-01,2024-01-27,2024-01-27,,,,,0,stage2,1,0,0,0
U010386,2024-02-16,Paid_Search,Mobile,North,18-24,2024-02,2024-02-16,,,,,,0,stage1,0,0,0,0
U010387,2024-01-11,Paid_Search,Desktop,South,45-54,2024-01,2024-01-11,2024-01-11,2024-01-14,,,,0,stage3,1,1,0,0
U010388,2024-01-09,Email,Mobile,East,25-34,2024-01,2024-01-09,2024-01-10,2024-01-11,2024-01-13,2024-01-16,,0,stage5,1,1,1,1
U010391,2024-03-04,Paid_Search,Mobile,Central,55+,2024-03,2024-03-04,2024-03-04,2024-03-07,,,,0,stage3,1,1,0,0
U010392,2024-02-24,Paid_Search,Mobile,Central,25-34,2024-02,2024-02-24,,,,,,0,stage1,0,0,0,0
U010393,2024-01-10,Paid_Search,Mobile,North,25-34,2024-01,2024-01-10,2024-01-11,,,,,0,stage2,1,0,0,0
U010395,2024-02-19,Organic,Mobile,West,18-24,2024-02,2024-02-19,2024-02-20,,,,,0,stage2,1,0,0,0
U010402,2024-01-24,Email,Mobile,South,18-24,2024-01,2024-01-24,,,,,,0,stage1,0,0,0,0
U010403,2024-03-13,Paid_Search,Desktop,West,55+,2024-03,2024-03-13,2024-03-13,2024-03-16,,,,0,stage3,1,1,0,0
U010406,2024-03-27,Organic,Desktop,North,35-44,2024-03,2024-03-27,2024-03-27,2024-03-30,,,,0,stage3,1,1,0,0
U010408,2024-02-08,Paid_Search,Mobile,Central,18-24,2024-02,2024-02-08,2024-02-10,,,,,0,stage2,1,0,0,0
U010409,2024-03-14,Paid_Search,Desktop,North,55+,2024-03,2024-03-14,2024-03-15,2024-03-16,2024-03-16,2024-03-18,,0,stage5,1,1,1,1
U010413,2024-01-01,Organic,Mobile,North,25-34,2024-01,2024-01-01,,,,,,0,stage1,0,0,0,0
U010414,2024-02-24,Social,Desktop,Central,25-34,2024-02,2024-02-24,,,,,,0,stage1,0,0,0,0
U010418,2024-03-29,Paid_Search,Desktop,West,18-24,2024-03,2024-03-29,2024-03-29,,,,,0,stage2,1,0,0,0
U010422,2024-01-05,Organic,Mobile,East,35-44,2024-01,2024-01-05,2024-01-05,2024-01-06,,,,0,stage3,1,1,0,0
U010424,2024-01-31,Email,Mobile,South,25-34,2024-01,2024-01-31,,,,,,0,stage1,0,0,0,0
U010425,2024-02-06,Organic,Desktop,East,25-34,2024-02,2024-02-06,,,,,,0,stage1,0,0,0,0
U010426,2024-03-11,Social,Mobile,East,25-34,2024-03,2024-03-11,,,,,,0,stage1,0,0,0,0
U010427,2024-02-18,Organic,Tablet,North,25-34,2024-02,2024-02-18,2024-02-19,2024-02-21,,,,0,stage3,1,1,0,0
U010430,2024-02-03,Email,Mobile,Central,25-34,2024-02,2024-02-03,,,,,,0,stage1,0,0,0,0
U010431,2024-02-24,Organic,Mobile,West,25-34,2024-02,2024-02-24,2024-02-24,2024-02-26,,,,0,stage3,1,1,0,0
U010432,2024-01-20,Organic,Mobile,East,18-24,2024-01,2024-01-20,2024-01-22,,,,,0,stage2,1,0,0,0
U010433,2024-02-09,Referral,Mobile,East,18-24,2024-02,2024-02-09,,,,,,0,stage1,0,0,0,0
U010434,2024-01-07,Referral,Mobile,South,35-44,2024-01,2024-01-07,2024-01-07,2024-01-09,2024-01-09,,,0,stage4,1,1,1,0
U010438,2024-02-11,Social,Desktop,North,35-44,2024-02,2024-02-11,2024-02-12,2024-02-13,,,,0,stage3,1,1,0,0
U010441,2024-02-12,Paid_Search,Mobile,West,25-34,2024-02,2024-02-12,2024-02-14,2024-02-17,,,,0,stage3,1,1,0,0
U010442,2024-01-16,Paid_Search,Mobile,West,35-44,2024-01,2024-01-16,2024-01-17,2024-01-20,,,,0,stage3,1,1,0,0
U010443,2024-01-22,Organic,Desktop,Central,25-34,2024-01,2024-01-22,2024-01-23,2024-01-25,2024-01-27,2024-01-28,2024-01-29,1,Converted,1,1,1,1
U010444,2024-02-28,Referral,Desktop,East,35-44,2024-02,2024-02-28,2024-02-28,2024-02-29,2024-03-01,2024-03-02,,0,stage5,1,1,1,1
U010445,2024-03-28,Social,Mobile,South,25-34,2024-03,2024-03-28,2024-03-29,2024-03-31,2024-03-31,2024-04-01,2024-04-01,1,Converted,1,1,1,1
U010447,2024-02-01,Organic,Desktop,West,35-44,2024-02,2024-02-01,2024-02-01,,,,,0,stage2,1,0,0,0
U010451,2024-01-17,Organic,Mobile,West,35-44,2024-01,2024-01-17,2024-01-18,2024-01-20,2024-01-22,,,0,stage4,1,1,1,0
U010453,2024-03-30,Social,Mobile,Central,35-44,2024-03,2024-03-30,,,,,,0,stage1,0,0,0,0
U010456,2024-03-04,Social,Mobile,Central,25-34,2024-03,2024-03-04,,,,,,0,stage1,0,0,0,0
U010457,2024-03-05,Organic,Mobile,East,25-34,2024-03,2024-03-05,2024-03-06,2024-03-07,,,,0,stage3,1,1,0,0
U010458,2024-02-05,Organic,Mobile,North,18-24,2024-02,2024-02-05,2024-02-06,2024-02-08,,,,0,stage3,1,1,0,0
U010460,2024-01-29,Referral,Mobile,East,18-24,2024-01,2024-01-29,2024-01-29,2024-02-01,,,,0,stage3,1,1,0,0
U010461,2024-01-16,Referral,Desktop,North,35-44,2024-01,2024-01-16,2024-01-16,,,,,0,stage2,1,0,0,0
U010463,2024-02-01,Organic,Desktop,West,35-44,2024-02,2024-02-01,,,,,,0,stage1,0,0,0,0
U010464,2024-01-10,Organic,Mobile,South,18-24,2024-01,2024-01-10,,,,,,0,stage1,0,0,0,0
U010465,2024-02-23,Referral,Mobile,South,45-54,2024-02,2024-02-23,2024-02-23,2024-02-26,,,,0,stage3,1,1,0,0
U010467,2024-02-28,Organic,Mobile,North,18-24,2024-02,2024-02-28,,,,,,0,stage1,0,0,0,0
U010468,2024-01-26,Referral,Mobile,North,35-44,2024-01,2024-01-26,2024-01-27,2024-01-29,,,,0,stage3,1,1,0,0
U010469,2024-03-11,Social,Mobile,East,35-44,2024-03,2024-03-11,2024-03-11,,,,,0,stage2,1,0,0,0
U010473,2024-01-11,Organic,Mobile,West,55+,2024-01,2024-01-11,,,,,,0,stage1,0,0,0,0
U010476,2024-01-25,Paid_Search,Desktop,North,35-44,2024-01,2024-01-25,2024-01-27,2024-01-30,,,,0,stage3,1,1,0,0
U010478,2024-01-28,Referral,Mobile,West,45-54,2024-01,2024-01-28,,,,,,0,stage1,0,0,0,0
U010479,2024-02-07,Organic,Desktop,West,25-34,2024-02,2024-02-07,2024-02-09,2024-02-10,2024-02-12,2024-02-13,2024-02-14,1,Converted,1,1,1,1
U010481,2024-01-16,Organic,Desktop,South,18-24,2024-01,2024-01-16,,,,,,0,stage1,0,0,0,0
U010483,2024-01-22,Organic,Desktop,North,35-44,2024-01,2024-01-22,,,,,,0,stage1,0,0,0,0
U010484,2024-02-20,Organic,Mobile,East,18-24,2024-02,2024-02-20,,,,,,0,stage1,0,0,0,0
U010486,2024-01-11,Paid_Search,Desktop,South,35-44,2024-01,2024-01-11,2024-01-12,2024-01-14,2024-01-14,2024-01-16,2024-01-16,1,Converted,1,1,1,1
U010488,2024-03-14,Social,Tablet,South,18-24,2024-03,2024-03-14,2024-03-15,,,,,0,stage2,1,0,0,0
U010491,2024-02-14,Referral,Mobile,North,45-54,2024-02,2024-02-14,,,,,,0,stage1,0,0,0,0
U010492,2024-01-30,Organic,Mobile,East,25-34,2024-01,2024-01-30,2024-02-01,,,,,0,stage2,1,0,0,0
U010493,2024-02-20,Organic,Mobile,South,18-24,2024-02,2024-02-20,2024-02-20,2024-02-21,2024-02-23,2024-02-27,,0,stage5,1,1,1,1
U010494,2024-02-16,Referral,Mobile,South,25-34,2024-02,2024-02-16,2024-02-17,2024-02-20,2024-02-22,2024-02-25,2024-02-26,1,Converted,1,1,1,1
U010497,2024-03-05,Paid_Search,Tablet,South,25-34,2024-03,2024-03-05,2024-03-06,2024-03-07,2024-03-07,,,0,stage4,1,1,1,0
U010498,2024-01-31,Organic,Desktop,Central,25-34,2024-01,2024-01-31,,,,,,0,stage1,0,0,0,0
U010500,2024-01-02,Organic,Mobile,North,25-34,2024-01,2024-01-02,2024-01-03,2024-01-04,2024-01-06,2024-01-08,2024-01-10,1,Converted,1,1,1,1
U010503,2024-01-21,Referral,Mobile,South,35-44,2024-01,2024-01-21,2024-01-22,2024-01-25,,,,0,stage3,1,1,0,0
U010504,2024-01-17,Email,Mobile,East,18-24,2024-01,2024-01-17,,,,,,0,stage1,0,0,0,0
U010507,2024-01-05,Organic,Mobile,North,55+,2024-01,2024-01-05,,,,,,0,stage1,0,0,0,0
U010508,2024-01-09,Organic,Mobile,South,25-34,2024-01,2024-01-09,2024-01-09,2024-01-11,2024-01-12,2024-01-16,2024-01-17,1,Converted,1,1,1,1
U010509,2024-01-26,Referral,Mobile,Central,35-44,2024-01,2024-01-26,,,,,,0,stage1,0,0,0,0
U010510,2024-03-20,Organic,Mobile,Central,25-34,2024-03,2024-03-20,2024-03-21,,,,,0,stage2,1,0,0,0
U010512,2024-01-30,Email,Desktop,South,45-54,2024-01,2024-01-30,2024-01-30,2024-02-01,2024-02-03,,,0,stage4,1,1,1,0
U010516,2024-02-01,Referral,Desktop,West,35-44,2024-02,2024-02-01,2024-02-02,2024-02-03,2024-02-03,,,0,stage4,1,1,1,0
U010519,2024-01-18,Paid_Search,Tablet,East,25-34,2024-01,2024-01-18,2024-01-20,,,,,0,stage2,1,0,0,0
U010521,2024-01-01,Organic,Desktop,South,25-34,2024-01,2024-01-01,2024-01-02,2024-01-03,2024-01-05,,,0,stage4,1,1,1,0
U010523,2024-01-17,Paid_Search,Mobile,North,45-54,2024-01,2024-01-17,2024-01-18,,,,,0,stage2,1,0,0,0
U010524,2024-02-14,Organic,Mobile,East,18-24,2024-02,2024-02-14,2024-02-14,,,,,0,stage2,1,0,0,0
U010525,2024-03-06,Referral,Mobile,West,45-54,2024-03,2024-03-06,2024-03-08,2024-03-11,2024-03-13,2024-03-14,2024-03-16,1,Converted,1,1,1,1
U010526,2024-03-17,Paid_Search,Desktop,West,25-34,2024-03,2024-03-17,2024-03-19,,,,,0,stage2,1,0,0,0
U010530,2024-01-17,Social,Mobile,North,25-34,2024-01,2024-01-17,2024-01-17,,,,,0,stage2,1,0,0,0
U010535,2024-03-15,Social,Desktop,West,35-44,2024-03,2024-03-15,,,,,,0,stage1,0,0,0,0
U010536,2024-01-27,Organic,Tablet,East,25-34,2024-01,2024-01-27,2024-01-28,,,,,0,stage2,1,0,0,0
U010538,2024-02-08,Social,Desktop,East,35-44,2024-02,2024-02-08,2024-02-08,2024-02-10,,,,0,stage3,1,1,0,0
U010539,2024-03-14,Organic,Mobile,North,18-24,2024-03,2024-03-14,,,,,,0,stage1,0,0,0,0
U010540,2024-01-13,Referral,Desktop,South,25-34,2024-01,2024-01-13,2024-01-14,2024-01-16,,,,0,stage3,1,1,0,0
U010542,2024-03-09,Social,Mobile,East,55+,2024-03,2024-03-09,,,,,,0,stage1,0,0,0,0
U010543,2024-03-04,Organic,Mobile,North,35-44,2024-03,2024-03-04,2024-03-04,,,,,0,stage2,1,0,0,0
U010544,2024-02-14,Social,Desktop,South,25-34,2024-02,2024-02-14,,,,,,0,stage1,0,0,0,0
U010545,2024-03-23,Paid_Search,Desktop,North,55+,2024-03,2024-03-23,2024-03-24,2024-03-25,,,,0,stage3,1,1,0,0
U010546,2024-02-23,Social,Mobile,North,35-44,2024-02,2024-02-23,,,,,,0,stage1,0,0,0,0
U010549,2024-03-15,Paid_Search,Mobile,West,18-24,2024-03,2024-03-15,,,,,,0,stage1,0,0,0,0
U010551,2024-01-30,Organic,Desktop,West,25-34,2024-01,2024-01-30,2024-02-01,,,,,0,stage2,1,0,0,0
U010553,2024-01-04,Paid_Search,Tablet,South,35-44,2024-01,2024-01-04,2024-01-04,2024-01-07,,,,0,stage3,1,1,0,0
U010554,2024-03-08,Paid_Search,Mobile,East,25-34,2024-03,2024-03-08,2024-03-08,,,,,0,stage2,1,0,0,0
U010557,2024-02-05,Organic,Mobile,West,45-54,2024-02,2024-02-05,,,,,,0,stage1,0,0,0,0
U010558,2024-01-07,Organic,Mobile,West,18-24,2024-01,2024-01-07,2024-01-07,2024-01-09,2024-01-09,2024-01-13,2024-01-15,1,Converted,1,1,1,1
U010559,2024-02-13,Email,Mobile,East,18-24,2024-02,2024-02-13,2024-02-13,2024-02-14,2024-02-15,2024-02-16,2024-02-16,1,Converted,1,1,1,1
U010562,2024-01-08,Referral,Mobile,West,35-44,2024-01,2024-01-08,2024-01-10,2024-01-13,2024-01-15,,,0,stage4,1,1,1,0
U010563,2024-03-07,Organic,Mobile,North,25-34,2024-03,2024-03-07,2024-03-07,,,,,0,stage2,1,0,0,0
U010565,2024-01-22,Organic,Mobile,East,18-24,2024-01,2024-01-22,2024-01-22,2024-01-24,,,,0,stage3,1,1,0,0
U010572,2024-02-07,Paid_Search,Tablet,North,25-34,2024-02,2024-02-07,,,,,,0,stage1,0,0,0,0
U010573,2024-01-29,Referral,Desktop,Central,35-44,2024-01,2024-01-29,2024-01-29,,,,,0,stage2,1,0,0,0
U010575,2024-01-06,Referral,Desktop,East,25-34,2024-01,2024-01-06,,,,,,0,stage1,0,0,0,0
U010579,2024-03-18,Organic,Mobile,Central,45-54,2024-03,2024-03-18,2024-03-20,2024-03-21,,,,0,stage3,1,1,0,0
U010580,2024-02-11,Organic,Desktop,South,25-34,2024-02,2024-02-11,2024-02-11,2024-02-13,,,,0,stage3,1,1,0,0
U010583,2024-02-29,Referral,Desktop,North,55+,2024-02,2024-02-29,2024-03-02,2024-03-04,2024-03-06,2024-03-09,2024-03-10,1,Converted,1,1,1,1
U010584,2024-01-03,Paid_Search,Desktop,Central,35-44,2024-01,2024-01-03,2024-01-05,2024-01-06,,,,0,stage3,1,1,0,0
U010585,2024-01-16,Social,Desktop,East,18-24,2024-01,2024-01-16,2024-01-16,,,,,0,stage2,1,0,0,0
U010586,2024-03-07,Referral,Mobile,North,55+,2024-03,2024-03-07,2024-03-09,,,,,0,stage2,1,0,0,0
U010587,2024-01-12,Paid_Search,Desktop,South,25-34,2024-01,2024-01-12,2024-01-13,2024-01-15,2024-01-16,2024-01-20,2024-01-22,1,Converted,1,1,1,1
U010588,2024-01-24,Paid_Search,Mobile,West,35-44,2024-01,2024-01-24,,,,,,0,stage1,0,0,0,0
U010589,2024-02-16,Referral,Mobile,Central,25-34,2024-02,2024-02-16,2024-02-16,2024-02-18,,,,0,stage3,1,1,0,0
U010594,2024-03-10,Email,Desktop,East,45-54,2024-03,2024-03-10,,,,,,0,stage1,0,0,0,0
U010595,2024-02-12,Referral,Mobile,North,18-24,2024-02,2024-02-12,2024-02-14,2024-02-17,,,,0,stage3,1,1,0,0
U010597,2024-02-08,Paid_Search,Desktop,West,35-44,2024-02,2024-02-08,2024-02-09,,,,,0,stage2,1,0,0,0
U010600,2024-01-12,Social,Tablet,South,18-24,2024-01,2024-01-12,2024-01-14,2024-01-16,,,,0,stage3,1,1,0,0
U010601,2024-02-28,Email,Mobile,East,35-44,2024-02,2024-02-28,2024-03-01,2024-03-02,,,,0,stage3,1,1,0,0
U010602,2024-03-07,Organic,Desktop,North,35-44,2024-03,2024-03-07,2024-03-07,2024-03-10,2024-03-11,2024-03-12,,0,stage5,1,1,1,1
U010603,2024-03-31,Paid_Search,Desktop,Central,25-34,2024-03,2024-03-31,,,,,,0,stage1,0,0,0,0
U010606,2024-03-04,Paid_Search,Mobile,Central,55+,2024-03,2024-03-04,2024-03-04,,,,,0,stage2,1,0,0,0
U010610,2024-02-27,Social,Mobile,East,55+,2024-02,2024-02-27,2024-02-28,,,,,0,stage2,1,0,0,0
U010612,2024-03-15,Organic,Mobile,South,35-44,2024-03,2024-03-15,,,,,,0,stage1,0,0,0,0
U010614,2024-01-12,Organic,Mobile,South,25-34,2024-01,2024-01-12,,,,,,0,stage1,0,0,0,0
U010620,2024-03-08,Paid_Search,Mobile,West,35-44,2024-03,2024-03-08,,,,,,0,stage1,0,0,0,0
U010622,2024-01-07,Email,Desktop,West,55+,2024-01,2024-01-07,2024-01-08,2024-01-10,,,,0,stage3,1,1,0,0
U010624,2024-01-17,Paid_Search,Mobile,Central,35-44,2024-01,2024-01-17,2024-01-18,,,,,0,stage2,1,0,0,0
U010625,2024-01-03,Paid_Search,Tablet,West,35-44,2024-01,2024-01-03,2024-01-03,,,,,0,stage2,1,0,0,0
U010627,2024-03-27,Referral,Mobile,North,18-24,2024-03,2024-03-27,2024-03-27,2024-03-29,2024-03-29,,,0,stage4,1,1,1,0
U010628,2024-02-10,Email,Mobile,South,45-54,2024-02,2024-02-10,2024-02-11,2024-02-14,2024-02-14,2024-02-18,2024-02-19,1,Converted,1,1,1,1
U010630,2024-02-02,Referral,Mobile,Central,45-54,2024-02,2024-02-02,,,,,,0,stage1,0,0,0,0
U010631,2024-01-01,Paid_Search,Mobile,East,25-34,2024-01,2024-01-01,2024-01-03,,,,,0,stage2,1,0,0,0
U010634,2024-02-05,Paid_Search,Desktop,South,25-34,2024-02,2024-02-05,2024-02-06,,,,,0,stage2,1,0,0,0
U010636,2024-02-08,Paid_Search,Mobile,South,25-34,2024-02,2024-02-08,2024-02-10,,,,,0,stage2,1,0,0,0
U010638,2024-01-06,Paid_Search,Mobile,Central,25-34,2024-01,2024-01-06,,,,,,0,stage1,0,0,0,0
U010640,2024-01-29,Organic,Mobile,East,25-34,2024-01,2024-01-29,2024-01-31,2024-02-03,2024-02-03,2024-02-06,2024-02-08,1,Converted,1,1,1,1
U010643,2024-02-11,Organic,Desktop,North,55+,2024-02,2024-02-11,2024-02-11,2024-02-14,,,,0,stage3,1,1,0,0
U010645,2024-02-29,Referral,Mobile,North,35-44,2024-02,2024-02-29,,,,,,0,stage1,0,0,0,0
U010646,2024-02-24,Referral,Mobile,South,35-44,2024-02,2024-02-24,2024-02-25,2024-02-28,,,,0,stage3,1,1,0,0
U010648,2024-01-01,Social,Desktop,North,45-54,2024-01,2024-01-01,2024-01-02,,,,,0,stage2,1,0,0,0
U010649,2024-02-17,Email,Mobile,Central,25-34,2024-02,2024-02-17,2024-02-17,2024-02-18,,,,0,stage3,1,1,0,0
U010650,2024-03-06,Referral,Tablet,East,35-44,2024-03,2024-03-06,,,,,,0,stage1,0,0,0,0
U010651,2024-03-23,Paid_Search,Mobile,Central,35-44,2024-03,2024-03-23,,,,,,0,stage1,0,0,0,0
U010653,2024-01-25,Referral,Mobile,South,35-44,2024-01,2024-01-25,2024-01-26,2024-01-28,2024-01-30,2024-01-31,,0,stage5,1,1,1,1
U010654,2024-02-12,Email,Mobile,East,35-44,2024-02,2024-02-12,2024-02-13,2024-02-15,2024-02-16,2024-02-20,2024-02-20,1,Converted,1,1,1,1
U010655,2024-03-08,Referral,Mobile,North,35-44,2024-03,2024-03-08,2024-03-08,2024-03-11,,,,0,stage3,1,1,0,0
U010656,2024-01-25,Referral,Mobile,Central,18-24,2024-01,2024-01-25,2024-01-26,2024-01-28,2024-01-30,2024-01-31,2024-01-31,1,Converted,1,1,1,1
U010659,2024-01-17,Social,Desktop,East,55+,2024-01,2024-01-17,,,,,,0,stage1,0,0,0,0
U010662,2024-01-17,Referral,Desktop,South,45-54,2024-01,2024-01-17,2024-01-19,,,,,0,stage2,1,0,0,0
U010663,2024-02-02,Referral,Mobile,Central,25-34,2024-02,2024-02-02,2024-02-04,2024-02-06,,,,0,stage3,1,1,0,0
U010666,2024-01-11,Email,Desktop,North,18-24,2024-01,2024-01-11,2024-01-13,,,,,0,stage2,1,0,0,0
U010668,2024-01-01,Referral,Desktop,East,45-54,2024-01,2024-01-01,2024-01-02,,,,,0,stage2,1,0,0,0
U010671,2024-01-25,Referral,Mobile,Central,18-24,2024-01,2024-01-25,2024-01-26,,,,,0,stage2,1,0,0,0
U010672,2024-01-21,Social,Desktop,East,25-34,2024-01,2024-01-21,2024-01-22,2024-01-24,,,,0,stage3,1,1,0,0
U010674,2024-01-27,Social,Mobile,West,35-44,2024-01,2024-01-27,2024-01-27,2024-01-29,2024-01-31,,,0,stage4,1,1,1,0
U010675,2024-02-17,Organic,Mobile,North,25-34,2024-02,2024-02-17,,,,,,0,stage1,0,0,0,0
U010677,2024-03-08,Paid_Search,Desktop,East,18-24,2024-03,2024-03-08,,,,,,0,stage1,0,0,0,0
U010684,2024-03-20,Referral,Desktop,North,25-34,2024-03,2024-03-20,2024-03-22,2024-03-24,2024-03-26,,,0,stage4,1,1,1,0
U010685,2024-03-20,Organic,Mobile,North,35-44,2024-03,2024-03-20,,,,,,0,stage1,0,0,0,0
U010687,2024-01-24,Referral,Mobile,East,18-24,2024-01,2024-01-24,2024-01-25,,,,,0,stage2,1,0,0,0
U010688,2024-03-28,Organic,Desktop,South,55+,2024-03,2024-03-28,2024-03-30,,,,,0,stage2,1,0,0,0
U010689,2024-03-07,Organic,Desktop,North,25-34,2024-03,2024-03-07,2024-03-08,,,,,0,stage2,1,0,0,0
U010691,2024-02-01,Referral,Desktop,South,55+,2024-02,2024-02-01,2024-02-03,2024-02-04,2024-02-06,,,0,stage4,1,1,1,0
U010693,2024-02-16,Paid_Search,Desktop,South,35-44,2024-02,2024-02-16,,,,,,0,stage1,0,0,0,0
U010694,2024-01-15,Referral,Desktop,East,35-44,2024-01,2024-01-15,,,,,,0,stage1,0,0,0,0
U010696,2024-01-12,Email,Desktop,West,18-24,2024-01,2024-01-12,2024-01-13,2024-01-14,,,,0,stage3,1,1,0,0
U010697,2024-01-19,Referral,Mobile,East,25-34,2024-01,2024-01-19,2024-01-20,2024-01-21,2024-01-22,2024-01-23,2024-01-23,1,Converted,1,1,1,1
U010701,2024-03-21,Organic,Desktop,North,18-24,2024-03,2024-03-21,,,,,,0,stage1,0,0,0,0
U010702,2024-03-04,Referral,Mobile,North,25-34,2024-03,2024-03-04,2024-03-05,,,,,0,stage2,1,0,0,0
U010704,2024-02-02,Organic,Desktop,South,35-44,2024-02,2024-02-02,2024-02-02,,,,,0,stage2,1,0,0,0
U010706,2024-03-07,Email,Mobile,Central,45-54,2024-03,2024-03-07,2024-03-08,,,,,0,stage2,1,0,0,0
U010709,2024-01-02,Social,Desktop,East,25-34,2024-01,2024-01-02,2024-01-02,2024-01-03,2024-01-05,2024-01-08,2024-01-08,1,Converted,1,1,1,1
U010710,2024-03-17,Organic,Mobile,East,18-24,2024-03,2024-03-17,2024-03-19,2024-03-22,2024-03-23,2024-03-25,2024-03-25,1,Converted,1,1,1,1
U010711,2024-03-16,Paid_Search,Desktop,North,35-44,2024-03,2024-03-16,2024-03-17,2024-03-19,2024-03-21,2024-03-24,2024-03-26,1,Converted,1,1,1,1
U010714,2024-03-08,Email,Desktop,East,55+,2024-03,2024-03-08,2024-03-08,2024-03-09,,,,0,stage3,1,1,0,0
U010715,2024-03-20,Organic,Desktop,East,18-24,2024-03,2024-03-20,2024-03-21,,,,,0,stage2,1,0,0,0
U010720,2024-03-22,Referral,Mobile,South,55+,2024-03,2024-03-22,2024-03-22,,,,,0,stage2,1,0,0,0
U010721,2024-02-19,Organic,Desktop,East,18-24,2024-02,2024-02-19,2024-02-21,2024-02-24,,,,0,stage3,1,1,0,0
U010722,2024-01-08,Referral,Mobile,East,25-34,2024-01,2024-01-08,2024-01-09,2024-01-10,2024-01-10,2024-01-13,,0,stage5,1,1,1,1
U010723,2024-03-07,Organic,Mobile,Central,25-34,2024-03,2024-03-07,2024-03-08,2024-03-10,2024-03-10,2024-03-12,2024-03-13,1,Converted,1,1,1,1
U010724,2024-03-27,Organic,Mobile,West,18-24,2024-03,2024-03-27,2024-03-29,2024-03-31,,,,0,stage3,1,1,0,0
U010725,2024-01-14,Social,Mobile,Central,35-44,2024-01,2024-01-14,2024-01-14,2024-01-16,,,,0,stage3,1,1,0,0
U010728,2024-03-29,Referral,Desktop,East,18-24,2024-03,2024-03-29,2024-03-29,2024-03-30,2024-03-30,2024-04-03,2024-04-03,1,Converted,1,1,1,1
U010729,2024-02-17,Email,Mobile,East,55+,2024-02,2024-02-17,2024-02-17,,,,,0,stage2,1,0,0,0
U010730,2024-02-14,Organic,Desktop,East,55+,2024-02,2024-02-14,2024-02-14,,,,,0,stage2,1,0,0,0
U010731,2024-03-16,Referral,Desktop,North,25-34,2024-03,2024-03-16,2024-03-16,2024-03-18,,,,0,stage3,1,1,0,0
U010734,2024-03-21,Email,Mobile,South,45-54,2024-03,2024-03-21,2024-03-23,,,,,0,stage2,1,0,0,0
U010735,2024-01-18,Organic,Mobile,North,25-34,2024-01,2024-01-18,,,,,,0,stage1,0,0,0,0
U010737,2024-01-08,Referral,Tablet,East,25-34,2024-01,2024-01-08,,,,,,0,stage1,0,0,0,0
U010738,2024-01-27,Organic,Mobile,East,35-44,2024-01,2024-01-27,2024-01-27,2024-01-28,,,,0,stage3,1,1,0,0
U010739,2024-03-12,Referral,Mobile,South,45-54,2024-03,2024-03-12,2024-03-14,2024-03-15,2024-03-15,2024-03-18,2024-03-20,1,Converted,1,1,1,1
U010740,2024-03-05,Referral,Mobile,Central,25-34,2024-03,2024-03-05,,,,,,0,stage1,0,0,0,0
U010743,2024-01-28,Paid_Search,Mobile,South,55+,2024-01,2024-01-28,,,,,,0,stage1,0,0,0,0
U010746,2024-02-02,Paid_Search,Tablet,West,35-44,2024-02,2024-02-02,2024-02-02,,,,,0,stage2,1,0,0,0
U010747,2024-01-21,Organic,Mobile,Central,35-44,2024-01,2024-01-21,2024-01-21,,,,,0,stage2,1,0,0,0
U010750,2024-01-04,Paid_Search,Mobile,West,18-24,2024-01,2024-01-04,,,,,,0,stage1,0,0,0,0
U010751,2024-03-10,Organic,Mobile,Central,55+,2024-03,2024-03-10,,,,,,0,stage1,0,0,0,0
U010753,2024-02-04,Referral,Mobile,Central,35-44,2024-02,2024-02-04,,,,,,0,stage1,0,0,0,0
U010755,2024-02-12,Organic,Mobile,Central,55+,2024-02,2024-02-12,2024-02-14,2024-02-16,2024-02-16,,,0,stage4,1,1,1,0
U010756,2024-02-07,Referral,Desktop,West,35-44,2024-02,2024-02-07,2024-02-09,,,,,0,stage2,1,0,0,0
U010757,2024-01-29,Social,Desktop,Central,35-44,2024-01,2024-01-29,2024-01-29,2024-01-30,,,,0,stage3,1,1,0,0
U010758,2024-02-22,Organic,Mobile,North,55+,2024-02,2024-02-22,2024-02-24,2024-02-26,,,,0,stage3,1,1,0,0
U010759,2024-02-28,Referral,Mobile,Central,18-24,2024-02,2024-02-28,,,,,,0,stage1,0,0,0,0
U010761,2024-02-28,Organic,Mobile,Central,35-44,2024-02,2024-02-28,2024-02-29,2024-03-02,2024-03-04,2024-03-08,2024-03-10,1,Converted,1,1,1,1
U010762,2024-01-13,Organic,Desktop,North,35-44,2024-01,2024-01-13,2024-01-14,2024-01-17,,,,0,stage3,1,1,0,0
U010763,2024-03-30,Paid_Search,Tablet,Central,45-54,2024-03,2024-03-30,2024-04-01,,,,,0,stage2,1,0,0,0
U010764,2024-02-13,Email,Mobile,East,18-24,2024-02,2024-02-13,2024-02-14,,,,,0,stage2,1,0,0,0
U010765,2024-03-08,Referral,Mobile,North,45-54,2024-03,2024-03-08,2024-03-10,,,,,0,stage2,1,0,0,0
U010766,2024-02-14,Referral,Mobile,North,35-44,2024-02,2024-02-14,2024-02-15,,,,,0,stage2,1,0,0,0
U010767,2024-02-02,Organic,Mobile,East,35-44,2024-02,2024-02-02,,,,,,0,stage1,0,0,0,0
U010768,2024-02-01,Paid_Search,Mobile,South,45-54,2024-02,2024-02-01,2024-02-03,,,,,0,stage2,1,0,0,0
U010771,2024-01-13,Email,Mobile,North,18-24,2024-01,2024-01-13,,,,,,0,stage1,0,0,0,0
U010772,2024-01-09,Paid_Search,Desktop,West,35-44,2024-01,2024-01-09,,,,,,0,stage1,0,0,0,0
U010774,2024-03-06,Referral,Desktop,East,18-24,2024-03,2024-03-06,2024-03-07,2024-03-10,2024-03-11,2024-03-14,2024-03-16,1,Converted,1,1,1,1
U010776,2024-01-29,Paid_Search,Desktop,East,35-44,2024-01,2024-01-29,2024-01-29,2024-01-30,2024-01-30,2024-02-03,2024-02-04,1,Converted,1,1,1,1
U010780,2024-01-22,Organic,Mobile,West,35-44,2024-01,2024-01-22,2024-01-23,,,,,0,stage2,1,0,0,0
U010782,2024-03-03,Organic,Desktop,East,25-34,2024-03,2024-03-03,2024-03-05,2024-03-07,,,,0,stage3,1,1,0,0
U010785,2024-02-13,Organic,Mobile,South,25-34,2024-02,2024-02-13,2024-02-13,,,,,0,stage2,1,0,0,0
U010786,2024-02-19,Referral,Mobile,Central,35-44,2024-02,2024-02-19,,,,,,0,stage1,0,0,0,0
U010790,2024-02-13,Organic,Mobile,Central,25-34,2024-02,2024-02-13,2024-02-13,2024-02-15,,,,0,stage3,1,1,0,0
U010791,2024-03-31,Email,Mobile,East,45-54,2024-03,2024-03-31,,,,,,0,stage1,0,0,0,0
U010792,2024-01-04,Paid_Search,Mobile,South,45-54,2024-01,2024-01-04,,,,,,0,stage1,0,0,0,0
U010794,2024-01-16,Referral,Desktop,South,25-34,2024-01,2024-01-16,,,,,,0,stage1,0,0,0,0
U010795,2024-01-18,Referral,Mobile,North,25-34,2024-01,2024-01-18,,,,,,0,stage1,0,0,0,0
U010798,2024-01-11,Paid_Search,Mobile,North,18-24,2024-01,2024-01-11,2024-01-12,2024-01-14,,,,0,stage3,1,1,0,0
U010800,2024-01-09,Organic,Mobile,South,55+,2024-01,2024-01-09,2024-01-10,2024-01-13,,,,0,stage3,1,1,0,0
U010801,2024-02-28,Email,Tablet,East,35-44,2024-02,2024-02-28,2024-02-29,,,,,0,stage2,1,0,0,0
U010803,2024-02-07,Paid_Search,Mobile,North,18-24,2024-02,2024-02-07,,,,,,0,stage1,0,0,0,0
U010804,2024-03-09,Email,Mobile,South,25-34,2024-03,2024-03-09,2024-03-11,2024-03-12,,,,0,stage3,1,1,0,0
U010805,2024-03-25,Email,Mobile,West,18-24,2024-03,2024-03-25,2024-03-25,,,,,0,stage2,1,0,0,0
U010806,2024-03-19,Referral,Mobile,Central,35-44,2024-03,2024-03-19,2024-03-19,2024-03-20,,,,0,stage3,1,1,0,0
U010812,2024-03-14,Referral,Mobile,Central,25-34,2024-03,2024-03-14,,,,,,0,stage1,0,0,0,0
U010814,2024-01-18,Email,Mobile,East,35-44,2024-01,2024-01-18,2024-01-19,2024-01-21,2024-01-21,2024-01-24,2024-01-25,1,Converted,1,1,1,1
U010815,2024-03-06,Referral,Mobile,South,25-34,2024-03,2024-03-06,,,,,,0,stage1,0,0,0,0
U010818,2024-02-23,Paid_Search,Desktop,Central,25-34,2024-02,2024-02-23,2024-02-25,,,,,0,stage2,1,0,0,0
U010824,2024-01-04,Social,Mobile,South,18-24,2024-01,2024-01-04,2024-01-06,,,,,0,stage2,1,0,0,0
U010828,2024-03-23,Organic,Desktop,South,55+,2024-03,2024-03-23,,,,,,0,stage1,0,0,0,0
U010829,2024-03-02,Organic,Desktop,South,25-34,2024-03,2024-03-02,2024-03-04,,,,,0,stage2,1,0,0,0
U010833,2024-03-06,Referral,Mobile,North,25-34,2024-03,2024-03-06,2024-03-08,2024-03-11,2024-03-12,2024-03-16,,0,stage5,1,1,1,1
U010837,2024-03-19,Organic,Desktop,West,45-54,2024-03,2024-03-19,,,,,,0,stage1,0,0,0,0
U010838,2024-03-21,Email,Mobile,South,25-34,2024-03,2024-03-21,2024-03-22,2024-03-25,,,,0,stage3,1,1,0,0
U010840,2024-02-04,Organic,Tablet,East,35-44,2024-02,2024-02-04,2024-02-05,2024-02-06,2024-02-07,,,0,stage4,1,1,1,0
U010842,2024-02-05,Referral,Mobile,Central,35-44,2024-02,2024-02-05,2024-02-06,,,,,0,stage2,1,0,0,0
U010844,2024-01-10,Paid_Search,Mobile,South,18-24,2024-01,2024-01-10,2024-01-10,2024-01-13,,,,0,stage3,1,1,0,0
U010848,2024-03-05,Organic,Mobile,East,45-54,2024-03,2024-03-05,,,,,,0,stage1,0,0,0,0
U010849,2024-02-14,Social,Mobile,East,35-44,2024-02,2024-02-14,,,,,,0,stage1,0,0,0,0
U010850,2024-03-09,Referral,Desktop,South,35-44,2024-03,2024-03-09,2024-03-09,,,,,0,stage2,1,0,0,0
U010851,2024-02-22,Referral,Mobile,East,25-34,2024-02,2024-02-22,2024-02-24,,,,,0,stage2,1,0,0,0
U010854,2024-02-11,Social,Mobile,West,18-24,2024-02,2024-02-11,2024-02-13,2024-02-14,,,,0,stage3,1,1,0,0
U010855,2024-03-01,Social,Mobile,West,35-44,2024-03,2024-03-01,,,,,,0,stage1,0,0,0,0
U010857,2024-01-27,Social,Mobile,Central,45-54,2024-01,2024-01-27,2024-01-27,,,,,0,stage2,1,0,0,0
U010858,2024-01-29,Social,Mobile,West,55+,2024-01,2024-01-29,,,,,,0,stage1,0,0,0,0
U010861,2024-01-08,Organic,Desktop,North,55+,2024-01,2024-01-08,2024-01-09,2024-01-10,2024-01-12,2024-01-14,2024-01-14,1,Converted,1,1,1,1
U010863,2024-02-07,Social,Desktop,Central,25-34,2024-02,2024-02-07,,,,,,0,stage1,0,0,0,0
U010864,2024-02-01,Organic,Mobile,West,35-44,2024-02,2024-02-01,2024-02-01,2024-02-02,2024-02-02,2024-02-04,2024-02-04,1,Converted,1,1,1,1
U010865,2024-02-14,Paid_Search,Mobile,East,35-44,2024-02,2024-02-14,,,,,,0,stage1,0,0,0,0
U010866,2024-01-01,Paid_Search,Mobile,Central,25-34,2024-01,2024-01-01,2024-01-01,,,,,0,stage2,1,0,0,0
U010867,2024-01-17,Organic,Desktop,East,45-54,2024-01,2024-01-17,2024-01-19,2024-01-22,2024-01-23,,,0,stage4,1,1,1,0
U010870,2024-01-30,Paid_Search,Desktop,Central,55+,2024-01,2024-01-30,2024-01-30,,,,,0,stage2,1,0,0,0
U010871,2024-01-08,Organic,Mobile,South,55+,2024-01,2024-01-08,2024-01-10,,,,,0,stage2,1,0,0,0
U010874,2024-01-22,Email,Mobile,West,18-24,2024-01,2024-01-22,2024-01-23,2024-01-24,,,,0,stage3,1,1,0,0
U010876,2024-03-14,Organic,Desktop,South,18-24,2024-03,2024-03-14,,,,,,0,stage1,0,0,0,0
U010877,2024-01-16,Email,Desktop,East,35-44,2024-01,2024-01-16,2024-01-18,,,,,0,stage2,1,0,0,0
U010878,2024-03-01,Social,Desktop,East,45-54,2024-03,2024-03-01,2024-03-03,2024-03-05,,,,0,stage3,1,1,0,0
U010879,2024-03-22,Organic,Desktop,West,25-34,2024-03,2024-03-22,2024-03-24,,,,,0,stage2,1,0,0,0
U010880,2024-03-03,Organic,Desktop,North,35-44,2024-03,2024-03-03,,,,,,0,stage1,0,0,0,0
U010883,2024-01-13,Organic,Mobile,Central,35-44,2024-01,2024-01-13,2024-01-14,,,,,0,stage2,1,0,0,0
U010884,2024-03-11,Social,Mobile,North,45-54,2024-03,2024-03-11,,,,,,0,stage1,0,0,0,0
U010888,2024-02-05,Organic,Mobile,Central,25-34,2024-02,2024-02-05,,,,,,0,stage1,0,0,0,0
U010889,2024-02-19,Social,Mobile,South,45-54,2024-02,2024-02-19,,,,,,0,stage1,0,0,0,0
U010890,2024-03-21,Paid_Search,Desktop,Central,25-34,2024-03,2024-03-21,2024-03-22,2024-03-24,,,,0,stage3,1,1,0,0
U010892,2024-03-21,Referral,Desktop,West,45-54,2024-03,2024-03-21,,,,,,0,stage1,0,0,0,0
U010894,2024-01-09,Paid_Search,Mobile,South,25-34,2024-01,2024-01-09,,,,,,0,stage1,0,0,0,0
U010895,2024-01-01,Social,Mobile,North,25-34,2024-01,2024-01-01,2024-01-01,2024-01-04,,,,0,stage3,1,1,0,0
U010896,2024-01-05,Social,Desktop,West,35-44,2024-01,2024-01-05,,,,,,0,stage1,0,0,0,0
U010898,2024-02-16,Organic,Desktop,North,45-54,2024-02,2024-02-16,,,,,,0,stage1,0,0,0,0
U010899,2024-01-01,Paid_Search,Desktop,South,18-24,2024-01,2024-01-01,2024-01-02,2024-01-04,,,,0,stage3,1,1,0,0
U010900,2024-03-25,Social,Mobile,North,25-34,2024-03,2024-03-25,2024-03-27,2024-03-30,2024-03-31,2024-04-04,,0,stage5,1,1,1,1
U010901,2024-01-20,Organic,Desktop,East,35-44,2024-01,2024-01-20,,,,,,0,stage1,0,0,0,0
U010902,2024-03-25,Paid_Search,Tablet,North,35-44,2024-03,2024-03-25,2024-03-25,2024-03-28,,,,0,stage3,1,1,0,0
U010903,2024-01-12,Email,Mobile,West,55+,2024-01,2024-01-12,2024-01-13,2024-01-15,,,,0,stage3,1,1,0,0
U010906,2024-01-19,Paid_Search,Desktop,East,25-34,2024-01,2024-01-19,2024-01-19,2024-01-22,,,,0,stage3,1,1,0,0
U010908,2024-03-17,Paid_Search,Mobile,East,45-54,2024-03,2024-03-17,2024-03-17,2024-03-20,,,,0,stage3,1,1,0,0
U010909,2024-01-24,Referral,Desktop,North,45-54,2024-01,2024-01-24,2024-01-26,,,,,0,stage2,1,0,0,0
U010910,2024-02-27,Organic,Desktop,West,35-44,2024-02,2024-02-27,2024-02-28,,,,,0,stage2,1,0,0,0
U010911,2024-01-01,Referral,Desktop,West,25-34,2024-01,2024-01-01,2024-01-02,,,,,0,stage2,1,0,0,0
U010913,2024-03-23,Organic,Tablet,East,18-24,2024-03,2024-03-23,,,,,,0,stage1,0,0,0,0
U010914,2024-01-26,Referral,Desktop,South,25-34,2024-01,2024-01-26,,,,,,0,stage1,0,0,0,0
U010919,2024-03-16,Organic,Desktop,Central,35-44,2024-03,2024-03-16,2024-03-18,2024-03-19,,,,0,stage3,1,1,0,0
U010924,2024-02-10,Social,Mobile,West,18-24,2024-02,2024-02-10,2024-02-11,,,,,0,stage2,1,0,0,0
U010939,2024-03-01,Referral,Desktop,South,35-44,2024-03,2024-03-01,2024-03-01,,,,,0,stage2,1,0,0,0
U010940,2024-01-06,Organic,Mobile,South,55+,2024-01,2024-01-06,,,,,,0,stage1,0,0,0,0
U010941,2024-01-23,Paid_Search,Desktop,Central,25-34,2024-01,2024-01-23,2024-01-23,,,,,0,stage2,1,0,0,0
U010944,2024-01-04,Paid_Search,Mobile,North,25-34,2024-01,2024-01-04,2024-01-05,2024-01-06,2024-01-08,2024-01-09,2024-01-11,1,Converted,1,1,1,1
U010947,2024-03-26,Paid_Search,Mobile,North,45-54,2024-03,2024-03-26,,,,,,0,stage1,0,0,0,0
U010949,2024-03-21,Organic,Mobile,West,35-44,2024-03,2024-03-21,2024-03-21,,,,,0,stage2,1,0,0,0
U010953,2024-01-24,Paid_Search,Desktop,Central,35-44,2024-01,2024-01-24,,,,,,0,stage1,0,0,0,0
U010956,2024-03-16,Organic,Desktop,East,55+,2024-03,2024-03-16,2024-03-17,2024-03-20,,,,0,stage3,1,1,0,0
U010957,2024-02-17,Referral,Desktop,North,18-24,2024-02,2024-02-17,2024-02-17,2024-02-18,2024-02-20,2024-02-22,,0,stage5,1,1,1,1
U010958,2024-03-12,Organic,Tablet,Central,35-44,2024-03,2024-03-12,2024-03-12,2024-03-15,,,,0,stage3,1,1,0,0
U010960,2024-02-05,Paid_Search,Mobile,South,18-24,2024-02,2024-02-05,2024-02-06,2024-02-08,,,,0,stage3,1,1,0,0
U010961,2024-02-15,Referral,Mobile,Central,45-54,2024-02,2024-02-15,2024-02-15,2024-02-16,2024-02-18,,,0,stage4,1,1,1,0
U010963,2024-03-26,Paid_Search,Desktop,North,18-24,2024-03,2024-03-26,2024-03-28,,,,,0,stage2,1,0,0,0
U010965,2024-01-20,Email,Mobile,North,45-54,2024-01,2024-01-20,2024-01-21,,,,,0,stage2,1,0,0,0
U010966,2024-01-14,Referral,Mobile,East,18-24,2024-01,2024-01-14,2024-01-16,,,,,0,stage2,1,0,0,0
U010967,2024-03-08,Referral,Desktop,West,18-24,2024-03,2024-03-08,2024-03-10,2024-03-13,,,,0,stage3,1,1,0,0
U010970,2024-03-29,Referral,Mobile,North,45-54,2024-03,2024-03-29,2024-03-31,,,,,0,stage2,1,0,0,0
U010971,2024-03-16,Social,Desktop,West,18-24,2024-03,2024-03-16,,,,,,0,stage1,0,0,0,0
U010975,2024-02-02,Email,Mobile,Central,35-44,2024-02,2024-02-02,2024-02-02,,,,,0,stage2,1,0,0,0
U010979,2024-01-13,Social,Desktop,West,25-34,2024-01,2024-01-13,2024-01-13,,,,,0,stage2,1,0,0,0
U010981,2024-02-26,Organic,Desktop,West,45-54,2024-02,2024-02-26,2024-02-28,2024-03-01,2024-03-02,2024-03-05,2024-03-05,1,Converted,1,1,1,1
U010983,2024-02-24,Paid_Search,Mobile,North,35-44,2024-02,2024-02-24,,,,,,0,stage1,0,0,0,0
U010984,2024-02-04,Referral,Desktop,Central,25-34,2024-02,2024-02-04,2024-02-05,2024-02-07,,,,0,stage3,1,1,0,0
U010985,2024-02-15,Referral,Desktop,North,35-44,2024-02,2024-02-15,2024-02-17,2024-02-18,2024-02-20,,,0,stage4,1,1,1,0
U010987,2024-03-12,Paid_Search,Mobile,North,18-24,2024-03,2024-03-12,2024-03-12,2024-03-13,,,,0,stage3,1,1,0,0
U010988,2024-01-23,Referral,Desktop,East,45-54,2024-01,2024-01-23,,,,,,0,stage1,0,0,0,0
U010993,2024-01-24,Referral,Desktop,East,25-34,2024-01,2024-01-24,2024-01-24,,,,,0,stage2,1,0,0,0
U010995,2024-01-19,Organic,Desktop,Central,18-24,2024-01,2024-01-19,2024-01-20,,,,,0,stage2,1,0,0,0
U010997,2024-01-02,Organic,Desktop,South,18-24,2024-01,2024-01-02,2024-01-03,2024-01-04,2024-01-04,,,0,stage4,1,1,1,0
U010998,2024-03-30,Social,Mobile,West,25-34,2024-03,2024-03-30,,,,,,0,stage1,0,0,0,0
U011002,2024-01-01,Paid_Search,Desktop,South,18-24,2024-01,2024-01-01,2024-01-03,2024-01-04,2024-01-05,,,0,stage4,1,1,1,0
U011003,2024-01-28,Social,Desktop,Central,35-44,2024-01,2024-01-28,2024-01-30,,,,,0,stage2,1,0,0,0
U011004,2024-01-23,Organic,Mobile,East,45-54,2024-01,2024-01-23,2024-01-24,2024-01-25,,,,0,stage3,1,1,0,0
U011006,2024-01-21,Organic,Desktop,North,45-54,2024-01,2024-01-21,,,,,,0,stage1,0,0,0,0
U011007,2024-01-12,Referral,Mobile,Central,45-54,2024-01,2024-01-12,,,,,,0,stage1,0,0,0,0
U011010,2024-01-14,Referral,Desktop,North,18-24,2024-01,2024-01-14,2024-01-16,,,,,0,stage2,1,0,0,0
U011011,2024-02-04,Social,Mobile,Central,45-54,2024-02,2024-02-04,2024-02-04,,,,,0,stage2,1,0,0,0
U011012,2024-01-12,Email,Mobile,South,25-34,2024-01,2024-01-12,2024-01-12,,,,,0,stage2,1,0,0,0
U011014,2024-01-19,Organic,Mobile,North,45-54,2024-01,2024-01-19,,,,,,0,stage1,0,0,0,0
U011016,2024-03-21,Organic,Mobile,North,18-24,2024-03,2024-03-21,2024-03-23,2024-03-24,,,,0,stage3,1,1,0,0
U011017,2024-01-02,Referral,Mobile,Central,45-54,2024-01,2024-01-02,2024-01-03,2024-01-05,,,,0,stage3,1,1,0,0
U011019,2024-01-23,Social,Desktop,East,45-54,2024-01,2024-01-23,2024-01-25,2024-01-28,2024-01-29,2024-02-01,,0,stage5,1,1,1,1
U011021,2024-03-16,Referral,Desktop,West,25-34,2024-03,2024-03-16,,,,,,0,stage1,0,0,0,0
U011022,2024-02-28,Organic,Desktop,Central,25-34,2024-02,2024-02-28,2024-03-01,2024-03-02,,,,0,stage3,1,1,0,0
U011031,2024-01-23,Paid_Search,Mobile,North,35-44,2024-01,2024-01-23,2024-01-25,,,,,0,stage2,1,0,0,0
U011033,2024-03-20,Social,Desktop,West,45-54,2024-03,2024-03-20,2024-03-22,,,,,0,stage2,1,0,0,0
U011034,2024-01-22,Organic,Desktop,East,45-54,2024-01,2024-01-22,,,,,,0,stage1,0,0,0,0
U011035,2024-02-24,Paid_Search,Mobile,North,35-44,2024-02,2024-02-24,,,,,,0,stage1,0,0,0,0
U011036,2024-01-19,Organic,Tablet,Central,25-34,2024-01,2024-01-19,,,,,,0,stage1,0,0,0,0
U011037,2024-01-10,Organic,Desktop,East,45-54,2024-01,2024-01-10,2024-01-11,,,,,0,stage2,1,0,0,0
U011038,2024-03-26,Social,Desktop,East,35-44,2024-03,2024-03-26,,,,,,0,stage1,0,0,0,0
U011039,2024-01-12,Email,Mobile,South,45-54,2024-01,2024-01-12,2024-01-12,,,,,0,stage2,1,0,0,0
U011040,2024-03-31,Organic,Desktop,West,35-44,2024-03,2024-03-31,,,,,,0,stage1,0,0,0,0
U011043,2024-02-26,Organic,Desktop,North,25-34,2024-02,2024-02-26,2024-02-28,2024-02-29,,,,0,stage3,1,1,0,0
U011044,2024-01-18,Referral,Mobile,South,18-24,2024-01,2024-01-18,2024-01-19,2024-01-21,2024-01-21,,,0,stage4,1,1,1,0
U011048,2024-03-02,Email,Tablet,West,45-54,2024-03,2024-03-02,,,,,,0,stage1,0,0,0,0
U011049,2024-03-27,Organic,Mobile,North,35-44,2024-03,2024-03-27,,,,,,0,stage1,0,0,0,0
U011050,2024-02-08,Referral,Desktop,Central,55+,2024-02,2024-02-08,2024-02-09,,,,,0,stage2,1,0,0,0
U011053,2024-03-10,Organic,Mobile,Central,55+,2024-03,2024-03-10,2024-03-12,,,,,0,stage2,1,0,0,0
U011055,2024-01-10,Paid_Search,Desktop,North,35-44,2024-01,2024-01-10,,,,,,0,stage1,0,0,0,0
U011058,2024-02-26,Organic,Mobile,North,45-54,2024-02,2024-02-26,2024-02-28,2024-03-01,2024-03-02,,,0,stage4,1,1,1,0
U011060,2024-03-18,Referral,Mobile,North,55+,2024-03,2024-03-18,,,,,,0,stage1,0,0,0,0
U011061,2024-02-15,Referral,Desktop,North,18-24,2024-02,2024-02-15,2024-02-16,2024-02-17,,,,0,stage3,1,1,0,0
U011063,2024-01-13,Paid_Search,Mobile,North,25-34,2024-01,2024-01-13,,,,,,0,stage1,0,0,0,0
U011064,2024-03-25,Organic,Tablet,South,18-24,2024-03,2024-03-25,2024-03-26,2024-03-27,,,,0,stage3,1,1,0,0
U011066,2024-03-11,Organic,Mobile,South,18-24,2024-03,2024-03-11,2024-03-13,,,,,0,stage2,1,0,0,0
U011067,2024-01-13,Paid_Search,Mobile,North,18-24,2024-01,2024-01-13,2024-01-14,2024-01-16,,,,0,stage3,1,1,0,0
U011069,2024-01-21,Referral,Mobile,North,18-24,2024-01,2024-01-21,2024-01-22,2024-01-24,2024-01-24,2024-01-26,,0,stage5,1,1,1,1
U011071,2024-01-03,Referral,Mobile,West,18-24,2024-01,2024-01-03,2024-01-05,,,,,0,stage2,1,0,0,0
U011072,2024-01-09,Organic,Desktop,South,25-34,2024-01,2024-01-09,,,,,,0,stage1,0,0,0,0
U011074,2024-01-28,Social,Mobile,North,18-24,2024-01,2024-01-28,2024-01-28,,,,,0,stage2,1,0,0,0
U011076,2024-03-20,Social,Desktop,South,35-44,2024-03,2024-03-20,2024-03-22,,,,,0,stage2,1,0,0,0
U011077,2024-01-08,Paid_Search,Mobile,North,35-44,2024-01,2024-01-08,,,,,,0,stage1,0,0,0,0
U011079,2024-02-29,Organic,Mobile,West,25-34,2024-02,2024-02-29,,,,,,0,stage1,0,0,0,0
U011080,2024-01-26,Paid_Search,Mobile,Central,35-44,2024-01,2024-01-26,2024-01-26,2024-01-27,,,,0,stage3,1,1,0,0
U011082,2024-01-25,Social,Mobile,Central,18-24,2024-01,2024-01-25,2024-01-27,2024-01-30,2024-01-30,2024-02-01,2024-02-02,1,Converted,1,1,1,1
U011083,2024-03-16,Organic,Desktop,West,25-34,2024-03,2024-03-16,2024-03-18,2024-03-20,,,,0,stage3,1,1,0,0
U011089,2024-02-29,Paid_Search,Mobile,West,55+,2024-02,2024-02-29,,,,,,0,stage1,0,0,0,0
U011090,2024-03-21,Organic,Mobile,South,35-44,2024-03,2024-03-21,2024-03-22,,,,,0,stage2,1,0,0,0
U011092,2024-02-15,Paid_Search,Mobile,North,55+,2024-02,2024-02-15,,,,,,0,stage1,0,0,0,0
U011093,2024-01-01,Organic,Mobile,West,35-44,2024-01,2024-01-01,2024-01-01,,,,,0,stage2,1,0,0,0
U011096,2024-02-10,Organic,Mobile,North,35-44,2024-02,2024-02-10,2024-02-11,2024-02-14,,,,0,stage3,1,1,0,0
U011097,2024-01-13,Social,Mobile,East,35-44,2024-01,2024-01-13,,,,,,0,stage1,0,0,0,0
U011098,2024-01-21,Paid_Search,Mobile,South,45-54,2024-01,2024-01-21,2024-01-22,,,,,0,stage2,1,0,0,0
U011099,2024-01-29,Organic,Desktop,West,45-54,2024-01,2024-01-29,2024-01-30,2024-01-31,,,,0,stage3,1,1,0,0
U011100,2024-02-16,Email,Mobile,East,18-24,2024-02,2024-02-16,2024-02-17,2024-02-20,2024-02-22,2024-02-25,2024-02-26,1,Converted,1,1,1,1
U011102,2024-03-13,Referral,Mobile,East,35-44,2024-03,2024-03-13,2024-03-13,2024-03-15,,,,0,stage3,1,1,0,0
U011103,2024-01-26,Referral,Mobile,East,25-34,2024-01,2024-01-26,2024-01-27,,,,,0,stage2,1,0,0,0
U011105,2024-02-18,Social,Mobile,East,45-54,2024-02,2024-02-18,,,,,,0,stage1,0,0,0,0
U011106,2024-02-03,Social,Desktop,North,25-34,2024-02,2024-02-03,,,,,,0,stage1,0,0,0,0
U011109,2024-03-31,Paid_Search,Desktop,South,18-24,2024-03,2024-03-31,,,,,,0,stage1,0,0,0,0
U011113,2024-01-08,Organic,Mobile,Central,55+,2024-01,2024-01-08,2024-01-08,2024-01-11,2024-01-11,2024-01-12,2024-01-12,1,Converted,1,1,1,1
U011116,2024-03-18,Paid_Search,Tablet,East,45-54,2024-03,2024-03-18,2024-03-20,,,,,0,stage2,1,0,0,0
U011117,2024-01-04,Paid_Search,Desktop,West,18-24,2024-01,2024-01-04,2024-01-04,,,,,0,stage2,1,0,0,0
U011119,2024-02-02,Organic,Mobile,Central,35-44,2024-02,2024-02-02,2024-02-02,,,,,0,stage2,1,0,0,0
U011120,2024-02-24,Referral,Tablet,East,18-24,2024-02,2024-02-24,2024-02-25,2024-02-26,2024-02-28,2024-03-02,2024-03-02,1,Converted,1,1,1,1
U011121,2024-01-19,Organic,Mobile,Central,18-24,2024-01,2024-01-19,2024-01-21,,,,,0,stage2,1,0,0,0
U011122,2024-03-17,Paid_Search,Tablet,South,45-54,2024-03,2024-03-17,2024-03-19,2024-03-22,,,,0,stage3,1,1,0,0
U011123,2024-01-25,Email,Desktop,West,18-24,2024-01,2024-01-25,,,,,,0,stage1,0,0,0,0
U011124,2024-02-26,Paid_Search,Mobile,East,25-34,2024-02,2024-02-26,,,,,,0,stage1,0,0,0,0
U011127,2024-03-03,Paid_Search,Desktop,North,25-34,2024-03,2024-03-03,,,,,,0,stage1,0,0,0,0
U011130,2024-03-28,Paid_Search,Desktop,East,25-34,2024-03,2024-03-28,,,,,,0,stage1,0,0,0,0
U011131,2024-02-07,Organic,Desktop,North,18-24,2024-02,2024-02-07,2024-02-07,2024-02-09,2024-02-10,,,0,stage4,1,1,1,0
U011132,2024-01-19,Paid_Search,Desktop,East,18-24,2024-01,2024-01-19,,,,,,0,stage1,0,0,0,0
U011133,2024-01-09,Paid_Search,Mobile,North,25-34,2024-01,2024-01-09,,,,,,0,stage1,0,0,0,0
U011134,2024-01-16,Organic,Mobile,North,45-54,2024-01,2024-01-16,,,,,,0,stage1,0,0,0,0
U011137,2024-01-04,Social,Mobile,North,18-24,2024-01,2024-01-04,2024-01-06,,,,,0,stage2,1,0,0,0
U011138,2024-01-05,Paid_Search,Desktop,North,35-44,2024-01,2024-01-05,2024-01-06,,,,,0,stage2,1,0,0,0
U011141,2024-01-19,Organic,Desktop,East,18-24,2024-01,2024-01-19,2024-01-21,2024-01-23,,,,0,stage3,1,1,0,0
U011143,2024-03-08,Referral,Desktop,North,25-34,2024-03,2024-03-08,2024-03-08,2024-03-11,,,,0,stage3,1,1,0,0
U011144,2024-03-02,Social,Mobile,Central,18-24,2024-03,2024-03-02,2024-03-03,2024-03-06,,,,0,stage3,1,1,0,0
U011145,2024-03-09,Social,Mobile,West,18-24,2024-03,2024-03-09,,,,,,0,stage1,0,0,0,0
U011147,2024-02-25,Organic,Desktop,West,25-34,2024-02,2024-02-25,,,,,,0,stage1,0,0,0,0
U011150,2024-03-14,Organic,Desktop,Central,45-54,2024-03,2024-03-14,2024-03-15,,,,,0,stage2,1,0,0,0
U011152,2024-02-27,Social,Mobile,Central,45-54,2024-02,2024-02-27,,,,,,0,stage1,0,0,0,0
U011153,2024-01-06,Referral,Tablet,West,55+,2024-01,2024-01-06,2024-01-06,2024-01-08,,,,0,stage3,1,1,0,0
U011155,2024-01-03,Organic,Mobile,Central,18-24,2024-01,2024-01-03,2024-01-03,,,,,0,stage2,1,0,0,0
U011156,2024-02-11,Organic,Mobile,North,35-44,2024-02,2024-02-11,2024-02-13,,,,,0,stage2,1,0,0,0
U011157,2024-03-30,Organic,Tablet,West,45-54,2024-03,2024-03-30,2024-03-30,,,,,0,stage2,1,0,0,0
U011158,2024-01-19,Social,Desktop,East,18-24,2024-01,2024-01-19,2024-01-20,2024-01-21,,,,0,stage3,1,1,0,0
U011160,2024-03-06,Organic,Mobile,East,25-34,2024-03,2024-03-06,2024-03-06,,,,,0,stage2,1,0,0,0
U011162,2024-03-14,Referral,Desktop,North,45-54,2024-03,2024-03-14,2024-03-14,,,,,0,stage2,1,0,0,0
U011164,2024-02-17,Email,Desktop,East,35-44,2024-02,2024-02-17,2024-02-19,2024-02-20,2024-02-22,,,0,stage4,1,1,1,0
U011165,2024-02-17,Paid_Search,Mobile,North,35-44,2024-02,2024-02-17,2024-02-19,,,,,0,stage2,1,0,0,0
U011168,2024-02-26,Organic,Tablet,North,25-34,2024-02,2024-02-26,,,,,,0,stage1,0,0,0,0
U011169,2024-02-26,Paid_Search,Mobile,South,25-34,2024-02,2024-02-26,2024-02-27,2024-02-29,,,,0,stage3,1,1,0,0
U011170,2024-01-25,Referral,Desktop,South,55+,2024-01,2024-01-25,2024-01-25,2024-01-26,,,,0,stage3,1,1,0,0
U011171,2024-01-09,Paid_Search,Tablet,South,45-54,2024-01,2024-01-09,2024-01-11,,,,,0,stage2,1,0,0,0
U011172,2024-01-11,Organic,Mobile,North,35-44,2024-01,2024-01-11,2024-01-13,,,,,0,stage2,1,0,0,0
U011175,2024-01-02,Referral,Desktop,Central,35-44,2024-01,2024-01-02,2024-01-04,2024-01-07,2024-01-09,2024-01-13,2024-01-15,1,Converted,1,1,1,1
U011176,2024-03-05,Organic,Desktop,West,35-44,2024-03,2024-03-05,,,,,,0,stage1,0,0,0,0
U011177,2024-03-03,Organic,Desktop,North,45-54,2024-03,2024-03-03,2024-03-03,2024-03-04,2024-03-04,,,0,stage4,1,1,1,0
U011178,2024-01-23,Organic,Desktop,South,25-34,2024-01,2024-01-23,2024-01-24,2024-01-26,,,,0,stage3,1,1,0,0
U011187,2024-02-12,Email,Tablet,East,18-24,2024-02,2024-02-12,2024-02-13,2024-02-14,2024-02-14,,,0,stage4,1,1,1,0
U011188,2024-03-02,Paid_Search,Desktop,North,18-24,2024-03,2024-03-02,,,,,,0,stage1,0,0,0,0
U011190,2024-02-15,Paid_Search,Mobile,North,35-44,2024-02,2024-02-15,2024-02-15,,,,,0,stage2,1,0,0,0
U011194,2024-02-17,Referral,Mobile,North,18-24,2024-02,2024-02-17,,,,,,0,stage1,0,0,0,0
U011195,2024-01-20,Referral,Desktop,East,18-24,2024-01,2024-01-20,2024-01-21,2024-01-23,2024-01-24,2024-01-25,2024-01-27,1,Converted,1,1,1,1
U011197,2024-01-01,Organic,Desktop,South,25-34,2024-01,2024-01-01,,,,,,0,stage1,0,0,0,0
U011199,2024-01-24,Organic,Desktop,South,25-34,2024-01,2024-01-24,2024-01-25,,,,,0,stage2,1,0,0,0
U011200,2024-02-11,Social,Mobile,Central,55+,2024-02,2024-02-11,2024-02-11,2024-02-14,,,,0,stage3,1,1,0,0
U011202,2024-01-02,Email,Desktop,East,35-44,2024-01,2024-01-02,,,,,,0,stage1,0,0,0,0
U011203,2024-02-16,Organic,Desktop,East,25-34,2024-02,2024-02-16,,,,,,0,stage1,0,0,0,0
U011204,2024-02-18,Organic,Desktop,West,35-44,2024-02,2024-02-18,2024-02-19,2024-02-22,,,,0,stage3,1,1,0,0
U011205,2024-02-13,Referral,Mobile,South,45-54,2024-02,2024-02-13,2024-02-13,,,,,0,stage2,1,0,0,0
U011207,2024-03-31,Paid_Search,Desktop,North,25-34,2024-03,2024-03-31,2024-04-02,,,,,0,stage2,1,0,0,0
U011208,2024-02-01,Referral,Desktop,East,45-54,2024-02,2024-02-01,,,,,,0,stage1,0,0,0,0
U011211,2024-01-02,Organic,Tablet,East,18-24,2024-01,2024-01-02,,,,,,0,stage1,0,0,0,0
U011215,2024-01-25,Paid_Search,Mobile,West,35-44,2024-01,2024-01-25,2024-01-26,,,,,0,stage2,1,0,0,0
U011216,2024-01-28,Email,Mobile,South,45-54,2024-01,2024-01-28,2024-01-28,,,,,0,stage2,1,0,0,0
U011219,2024-01-21,Paid_Search,Desktop,South,45-54,2024-01,2024-01-21,,,,,,0,stage1,0,0,0,0
U011221,2024-03-21,Referral,Tablet,South,45-54,2024-03,2024-03-21,2024-03-23,,,,,0,stage2,1,0,0,0
U011227,2024-01-12,Organic,Desktop,North,45-54,2024-01,2024-01-12,2024-01-14,,,,,0,stage2,1,0,0,0
U011228,2024-01-13,Organic,Mobile,East,18-24,2024-01,2024-01-13,2024-01-14,2024-01-15,2024-01-16,,,0,stage4,1,1,1,0
U011232,2024-02-25,Email,Mobile,West,45-54,2024-02,2024-02-25,,,,,,0,stage1,0,0,0,0
U011233,2024-01-18,Social,Mobile,West,18-24,2024-01,2024-01-18,,,,,,0,stage1,0,0,0,0
U011236,2024-02-09,Paid_Search,Mobile,West,45-54,2024-02,2024-02-09,2024-02-11,,,,,0,stage2,1,0,0,0
U011238,2024-03-20,Organic,Desktop,North,18-24,2024-03,2024-03-20,2024-03-20,2024-03-23,2024-03-23,2024-03-25,2024-03-25,1,Converted,1,1,1,1
U011240,2024-02-11,Referral,Desktop,East,35-44,2024-02,2024-02-11,,,,,,0,stage1,0,0,0,0
U011241,2024-01-01,Referral,Mobile,East,35-44,2024-01,2024-01-01,2024-01-01,,,,,0,stage2,1,0,0,0
U011242,2024-02-15,Referral,Mobile,East,45-54,2024-02,2024-02-15,2024-02-17,2024-02-18,,,,0,stage3,1,1,0,0
U011245,2024-02-09,Paid_Search,Mobile,Central,35-44,2024-02,2024-02-09,2024-02-09,,,,,0,stage2,1,0,0,0
U011246,2024-03-05,Social,Mobile,Central,25-34,2024-03,2024-03-05,,,,,,0,stage1,0,0,0,0
U011247,2024-01-23,Organic,Desktop,East,55+,2024-01,2024-01-23,2024-01-24,2024-01-26,,,,0,stage3,1,1,0,0
U011249,2024-02-24,Referral,Mobile,South,18-24,2024-02,2024-02-24,2024-02-26,2024-02-27,2024-02-29,,,0,stage4,1,1,1,0
U011251,2024-01-29,Organic,Mobile,Central,25-34,2024-01,2024-01-29,,,,,,0,stage1,0,0,0,0
U011252,2024-01-17,Paid_Search,Mobile,East,55+,2024-01,2024-01-17,2024-01-18,2024-01-20,2024-01-22,2024-01-24,2024-01-26,1,Converted,1,1,1,1
U011253,2024-01-03,Organic,Desktop,North,35-44,2024-01,2024-01-03,2024-01-05,,,,,0,stage2,1,0,0,0
U011254,2024-02-02,Paid_Search,Mobile,Central,25-34,2024-02,2024-02-02,,,,,,0,stage1,0,0,0,0
U011256,2024-01-04,Referral,Mobile,West,35-44,2024-01,2024-01-04,,,,,,0,stage1,0,0,0,0
U011257,2024-02-02,Paid_Search,Mobile,West,55+,2024-02,2024-02-02,,,,,,0,stage1,0,0,0,0
U011258,2024-01-10,Paid_Search,Desktop,West,55+,2024-01,2024-01-10,2024-01-12,2024-01-13,,,,0,stage3,1,1,0,0
U011259,2024-01-13,Paid_Search,Desktop,West,35-44,2024-01,2024-01-13,2024-01-14,2024-01-17,,,,0,stage3,1,1,0,0
U011261,2024-02-26,Paid_Search,Mobile,North,45-54,2024-02,2024-02-26,2024-02-26,2024-02-27,,,,0,stage3,1,1,0,0
U011266,2024-01-27,Organic,Desktop,South,25-34,2024-01,2024-01-27,2024-01-27,2024-01-29,2024-01-31,2024-02-02,2024-02-02,1,Converted,1,1,1,1
U011267,2024-02-03,Social,Desktop,West,18-24,2024-02,2024-02-03,2024-02-05,2024-02-06,2024-02-07,,,0,stage4,1,1,1,0
U011268,2024-03-26,Social,Desktop,Central,35-44,2024-03,2024-03-26,,,,,,0,stage1,0,0,0,0
U011269,2024-01-13,Paid_Search,Desktop,North,18-24,2024-01,2024-01-13,2024-01-14,2024-01-16,2024-01-17,2024-01-19,,0,stage5,1,1,1,1
U011270,2024-01-01,Email,Mobile,Central,45-54,2024-01,2024-01-01,2024-01-03,,,,,0,stage2,1,0,0,0
U011271,2024-01-15,Email,Desktop,South,25-34,2024-01,2024-01-15,,,,,,0,stage1,0,0,0,0
U011272,2024-03-29,Paid_Search,Mobile,South,35-44,2024-03,2024-03-29,2024-03-31,,,,,0,stage2,1,0,0,0
U011274,2024-02-29,Social,Mobile,North,35-44,2024-02,2024-02-29,,,,,,0,stage1,0,0,0,0
U011279,2024-01-19,Referral,Mobile,East,45-54,2024-01,2024-01-19,,,,,,0,stage1,0,0,0,0
U011281,2024-02-11,Referral,Mobile,Central,25-34,2024-02,2024-02-11,2024-02-13,,,,,0,stage2,1,0,0,0
U011282,2024-01-23,Referral,Mobile,East,25-34,2024-01,2024-01-23,,,,,,0,stage1,0,0,0,0
U011286,2024-01-11,Paid_Search,Desktop,South,45-54,2024-01,2024-01-11,2024-01-11,,,,,0,stage2,1,0,0,0
U011289,2024-01-31,Referral,Mobile,Central,25-34,2024-01,2024-01-31,2024-01-31,2024-02-02,2024-02-02,2024-02-05,2024-02-05,1,Converted,1,1,1,1
U011291,2024-01-21,Organic,Mobile,East,45-54,2024-01,2024-01-21,2024-01-21,2024-01-22,,,,0,stage3,1,1,0,0
U011293,2024-01-04,Organic,Mobile,East,35-44,2024-01,2024-01-04,2024-01-06,,,,,0,stage2,1,0,0,0
U011294,2024-01-15,Paid_Search,Desktop,North,35-44,2024-01,2024-01-15,2024-01-16,2024-01-18,2024-01-20,2024-01-23,2024-01-24,1,Converted,1,1,1,1
U011296,2024-01-11,Referral,Mobile,East,35-44,2024-01,2024-01-11,2024-01-12,2024-01-13,2024-01-15,2024-01-19,2024-01-19,1,Converted,1,1,1,1
U011297,2024-01-22,Organic,Desktop,West,25-34,2024-01,2024-01-22,2024-01-24,,,,,0,stage2,1,0,0,0
U011300,2024-01-16,Referral,Mobile,Central,35-44,2024-01,2024-01-16,2024-01-17,2024-01-20,2024-01-21,2024-01-24,2024-01-25,1,Converted,1,1,1,1
U011303,2024-02-20,Organic,Desktop,East,18-24,2024-02,2024-02-20,,,,,,0,stage1,0,0,0,0
U011305,2024-03-19,Referral,Tablet,South,18-24,2024-03,2024-03-19,2024-03-21,2024-03-22,2024-03-24,2024-03-26,2024-03-28,1,Converted,1,1,1,1
U011308,2024-02-03,Paid_Search,Mobile,Central,18-24,2024-02,2024-02-03,,,,,,0,stage1,0,0,0,0
U011309,2024-02-13,Organic,Mobile,East,18-24,2024-02,2024-02-13,,,,,,0,stage1,0,0,0,0
U011311,2024-02-04,Paid_Search,Desktop,Central,18-24,2024-02,2024-02-04,,,,,,0,stage1,0,0,0,0
U011313,2024-01-23,Referral,Mobile,West,35-44,2024-01,2024-01-23,,,,,,0,stage1,0,0,0,0
U011314,2024-03-16,Social,Desktop,South,55+,2024-03,2024-03-16,,,,,,0,stage1,0,0,0,0
U011315,2024-02-07,Paid_Search,Mobile,Central,35-44,2024-02,2024-02-07,2024-02-08,,,,,0,stage2,1,0,0,0
U011316,2024-02-25,Paid_Search,Tablet,East,25-34,2024-02,2024-02-25,,,,,,0,stage1,0,0,0,0
U011318,2024-02-05,Paid_Search,Mobile,North,25-34,2024-02,2024-02-05,2024-02-07,2024-02-09,2024-02-11,,,0,stage4,1,1,1,0
U011320,2024-03-09,Paid_Search,Tablet,North,25-34,2024-03,2024-03-09,2024-03-11,2024-03-12,,,,0,stage3,1,1,0,0
U011321,2024-01-26,Organic,Desktop,North,45-54,2024-01,2024-01-26,2024-01-28,2024-01-31,2024-02-02,2024-02-03,2024-02-05,1,Converted,1,1,1,1
U011325,2024-02-07,Social,Mobile,North,35-44,2024-02,2024-02-07,2024-02-09,,,,,0,stage2,1,0,0,0
U011326,2024-03-02,Organic,Desktop,South,25-34,2024-03,2024-03-02,2024-03-04,,,,,0,stage2,1,0,0,0
U011327,2024-03-20,Paid_Search,Mobile,North,25-34,2024-03,2024-03-20,2024-03-22,,,,,0,stage2,1,0,0,0
U011328,2024-01-22,Referral,Mobile,North,18-24,2024-01,2024-01-22,2024-01-24,,,,,0,stage2,1,0,0,0
U011331,2024-02-26,Referral,Mobile,North,45-54,2024-02,2024-02-26,2024-02-26,2024-02-29,,,,0,stage3,1,1,0,0
U011332,2024-03-27,Paid_Search,Mobile,West,45-54,2024-03,2024-03-27,2024-03-27,,,,,0,stage2,1,0,0,0
U011333,2024-02-04,Paid_Search,Mobile,North,18-24,2024-02,2024-02-04,2024-02-06,2024-02-08,,,,0,stage3,1,1,0,0
U011337,2024-02-27,Social,Mobile,North,25-34,2024-02,2024-02-27,,,,,,0,stage1,0,0,0,0
U011338,2024-03-03,Organic,Mobile,East,35-44,2024-03,2024-03-03,,,,,,0,stage1,0,0,0,0
U011339,2024-03-07,Organic,Mobile,South,25-34,2024-03,2024-03-07,2024-03-07,2024-03-08,,,,0,stage3,1,1,0,0
U011341,2024-01-20,Referral,Desktop,West,55+,2024-01,2024-01-20,2024-01-20,2024-01-23,2024-01-24,2024-01-28,2024-01-29,1,Converted,1,1,1,1
U011342,2024-01-08,Organic,Mobile,Central,25-34,2024-01,2024-01-08,2024-01-09,2024-01-12,,,,0,stage3,1,1,0,0
U011343,2024-03-09,Social,Desktop,East,55+,2024-03,2024-03-09,2024-03-10,2024-03-12,2024-03-14,2024-03-18,2024-03-20,1,Converted,1,1,1,1
U011345,2024-03-09,Referral,Desktop,North,35-44,2024-03,2024-03-09,2024-03-10,2024-03-12,2024-03-13,2024-03-17,2024-03-19,1,Converted,1,1,1,1
U011346,2024-03-09,Referral,Mobile,West,25-34,2024-03,2024-03-09,2024-03-11,2024-03-14,,,,0,stage3,1,1,0,0
U011347,2024-03-26,Referral,Mobile,North,25-34,2024-03,2024-03-26,,,,,,0,stage1,0,0,0,0
U011348,2024-02-21,Email,Desktop,North,35-44,2024-02,2024-02-21,,,,,,0,stage1,0,0,0,0
U011350,2024-03-02,Social,Mobile,West,55+,2024-03,2024-03-02,,,,,,0,stage1,0,0,0,0
U011354,2024-01-17,Organic,Mobile,South,25-34,2024-01,2024-01-17,2024-01-18,,,,,0,stage2,1,0,0,0
U011355,2024-02-23,Referral,Desktop,West,25-34,2024-02,2024-02-23,,,,,,0,stage1,0,0,0,0
U011356,2024-03-12,Email,Desktop,North,45-54,2024-03,2024-03-12,2024-03-12,,,,,0,stage2,1,0,0,0
U011357,2024-01-21,Paid_Search,Mobile,Central,55+,2024-01,2024-01-21,,,,,,0,stage1,0,0,0,0
U011358,2024-02-15,Organic,Mobile,Central,18-24,2024-02,2024-02-15,2024-02-16,2024-02-18,2024-02-19,,,0,stage4,1,1,1,0
U011359,2024-01-06,Organic,Desktop,South,25-34,2024-01,2024-01-06,2024-01-08,,,,,0,stage2,1,0,0,0
U011361,2024-01-03,Paid_Search,Desktop,Central,35-44,2024-01,2024-01-03,2024-01-05,,,,,0,stage2,1,0,0,0
U011362,2024-03-26,Organic,Desktop,West,45-54,2024-03,2024-03-26,2024-03-28,,,,,0,stage2,1,0,0,0
U011363,2024-03-19,Referral,Desktop,East,25-34,2024-03,2024-03-19,2024-03-21,2024-03-22,,,,0,stage3,1,1,0,0
U011364,2024-03-28,Organic,Desktop,East,25-34,2024-03,2024-03-28,2024-03-28,2024-03-30,,,,0,stage3,1,1,0,0
U011366,2024-03-18,Paid_Search,Mobile,South,45-54,2024-03,2024-03-18,2024-03-19,,,,,0,stage2,1,0,0,0
U011367,2024-02-16,Email,Desktop,South,25-34,2024-02,2024-02-16,2024-02-16,,,,,0,stage2,1,0,0,0
U011368,2024-03-02,Referral,Mobile,East,18-24,2024-03,2024-03-02,,,,,,0,stage1,0,0,0,0
U011369,2024-01-04,Referral,Desktop,North,35-44,2024-01,2024-01-04,2024-01-05,2024-01-07,,,,0,stage3,1,1,0,0
U011370,2024-02-04,Social,Mobile,Central,25-34,2024-02,2024-02-04,2024-02-04,,,,,0,stage2,1,0,0,0
U011372,2024-03-09,Organic,Tablet,West,25-34,2024-03,2024-03-09,2024-03-09,2024-03-11,,,,0,stage3,1,1,0,0
U011373,2024-02-01,Organic,Mobile,West,25-34,2024-02,2024-02-01,2024-02-02,,,,,0,stage2,1,0,0,0
U011374,2024-01-14,Social,Mobile,Central,25-34,2024-01,2024-01-14,2024-01-16,,,,,0,stage2,1,0,0,0
U011375,2024-03-08,Organic,Desktop,East,45-54,2024-03,2024-03-08,2024-03-10,2024-03-13,2024-03-15,2024-03-17,2024-03-17,1,Converted,1,1,1,1
U011376,2024-02-10,Organic,Mobile,North,35-44,2024-02,2024-02-10,,,,,,0,stage1,0,0,0,0
U011378,2024-03-18,Paid_Search,Desktop,East,18-24,2024-03,2024-03-18,,,,,,0,stage1,0,0,0,0
U011379,2024-03-22,Organic,Desktop,East,35-44,2024-03,2024-03-22,2024-03-23,2024-03-24,2024-03-26,2024-03-27,2024-03-28,1,Converted,1,1,1,1
U011385,2024-02-06,Referral,Mobile,North,18-24,2024-02,2024-02-06,2024-02-06,,,,,0,stage2,1,0,0,0
U011386,2024-01-21,Paid_Search,Mobile,Central,25-34,2024-01,2024-01-21,2024-01-22,2024-01-25,2024-01-27,2024-01-31,2024-01-31,1,Converted,1,1,1,1
U011388,2024-03-12,Social,Mobile,South,18-24,2024-03,2024-03-12,2024-03-13,2024-03-14,,,,0,stage3,1,1,0,0
U011389,2024-02-23,Referral,Mobile,East,18-24,2024-02,2024-02-23,2024-02-24,2024-02-27,,,,0,stage3,1,1,0,0
U011390,2024-03-12,Email,Mobile,Central,25-34,2024-03,2024-03-12,2024-03-14,,,,,0,stage2,1,0,0,0
U011391,2024-02-15,Referral,Mobile,North,25-34,2024-02,2024-02-15,2024-02-16,2024-02-19,,,,0,stage3,1,1,0,0
U011393,2024-03-09,Paid_Search,Mobile,South,35-44,2024-03,2024-03-09,2024-03-11,2024-03-14,,,,0,stage3,1,1,0,0
U011395,2024-01-13,Paid_Search,Desktop,Central,18-24,2024-01,2024-01-13,,,,,,0,stage1,0,0,0,0
U011396,2024-01-29,Referral,Desktop,Central,25-34,2024-01,2024-01-29,2024-01-30,2024-01-31,2024-02-02,2024-02-04,,0,stage5,1,1,1,1
U011399,2024-01-07,Organic,Desktop,West,25-34,2024-01,2024-01-07,2024-01-09,2024-01-12,2024-01-13,,,0,stage4,1,1,1,0
U011400,2024-03-28,Referral,Desktop,East,18-24,2024-03,2024-03-28,2024-03-30,,,,,0,stage2,1,0,0,0
U011401,2024-02-07,Organic,Mobile,South,25-34,2024-02,2024-02-07,2024-02-07,,,,,0,stage2,1,0,0,0
U011404,2024-03-23,Paid_Search,Mobile,East,45-54,2024-03,2024-03-23,2024-03-24,,,,,0,stage2,1,0,0,0
U011405,2024-02-18,Email,Desktop,Central,18-24,2024-02,2024-02-18,2024-02-18,2024-02-20,2024-02-20,2024-02-21,2024-02-22,1,Converted,1,1,1,1
U011406,2024-01-16,Paid_Search,Desktop,West,45-54,2024-01,2024-01-16,,,,,,0,stage1,0,0,0,0
U011409,2024-01-17,Paid_Search,Mobile,North,35-44,2024-01,2024-01-17,,,,,,0,stage1,0,0,0,0
U011410,2024-01-07,Social,Mobile,Central,35-44,2024-01,2024-01-07,2024-01-08,2024-01-10,2024-01-12,2024-01-13,,0,stage5,1,1,1,1
U011411,2024-01-10,Paid_Search,Desktop,East,55+,2024-01,2024-01-10,,,,,,0,stage1,0,0,0,0
U011412,2024-01-07,Organic,Mobile,West,25-34,2024-01,2024-01-07,2024-01-07,,,,,0,stage2,1,0,0,0
U011414,2024-02-15,Paid_Search,Mobile,West,25-34,2024-02,2024-02-15,,,,,,0,stage1,0,0,0,0
U011415,2024-02-02,Paid_Search,Mobile,West,45-54,2024-02,2024-02-02,2024-02-02,,,,,0,stage2,1,0,0,0
U011416,2024-03-20,Organic,Mobile,East,25-34,2024-03,2024-03-20,2024-03-20,,,,,0,stage2,1,0,0,0
U011417,2024-03-22,Referral,Desktop,Central,55+,2024-03,2024-03-22,2024-03-23,2024-03-26,2024-03-26,2024-03-27,2024-03-28,1,Converted,1,1,1,1
U011418,2024-01-07,Referral,Desktop,South,45-54,2024-01,2024-01-07,2024-01-09,2024-01-11,2024-01-11,2024-01-12,2024-01-12,1,Converted,1,1,1,1
U011423,2024-01-23,Social,Desktop,East,45-54,2024-01,2024-01-23,2024-01-24,,,,,0,stage2,1,0,0,0
U011424,2024-02-12,Referral,Mobile,Central,25-34,2024-02,2024-02-12,2024-02-12,2024-02-13,2024-02-13,2024-02-15,2024-02-16,1,Converted,1,1,1,1
U011426,2024-03-30,Email,Mobile,West,35-44,2024-03,2024-03-30,2024-04-01,2024-04-02,,,,0,stage3,1,1,0,0
U011428,2024-02-15,Social,Desktop,East,35-44,2024-02,2024-02-15,2024-02-17,,,,,0,stage2,1,0,0,0
U011429,2024-01-07,Organic,Mobile,South,18-24,2024-01,2024-01-07,2024-01-09,2024-01-12,,,,0,stage3,1,1,0,0
U011430,2024-02-17,Organic,Mobile,East,45-54,2024-02,2024-02-17,,,,,,0,stage1,0,0,0,0
U011433,2024-03-04,Social,Mobile,West,55+,2024-03,2024-03-04,2024-03-05,,,,,0,stage2,1,0,0,0
U011434,2024-02-02,Paid_Search,Mobile,North,45-54,2024-02,2024-02-02,,,,,,0,stage1,0,0,0,0
U011437,2024-02-08,Organic,Mobile,West,35-44,2024-02,2024-02-08,2024-02-10,2024-02-13,,,,0,stage3,1,1,0,0
U011439,2024-02-28,Organic,Mobile,West,35-44,2024-02,2024-02-28,2024-03-01,,,,,0,stage2,1,0,0,0
U011442,2024-02-14,Organic,Mobile,East,25-34,2024-02,2024-02-14,2024-02-14,2024-02-16,,,,0,stage3,1,1,0,0
U011445,2024-02-28,Social,Desktop,North,18-24,2024-02,2024-02-28,2024-02-29,,,,,0,stage2,1,0,0,0
U011447,2024-01-23,Paid_Search,Mobile,South,25-34,2024-01,2024-01-23,2024-01-25,,,,,0,stage2,1,0,0,0
U011448,2024-03-30,Referral,Mobile,South,35-44,2024-03,2024-03-30,2024-03-30,,,,,0,stage2,1,0,0,0
U011452,2024-01-12,Organic,Desktop,South,25-34,2024-01,2024-01-12,2024-01-14,,,,,0,stage2,1,0,0,0
U011453,2024-02-17,Referral,Mobile,West,35-44,2024-02,2024-02-17,2024-02-18,2024-02-21,,,,0,stage3,1,1,0,0
U011455,2024-01-31,Organic,Desktop,South,35-44,2024-01,2024-01-31,2024-02-02,2024-02-03,,,,0,stage3,1,1,0,0
U011456,2024-02-21,Organic,Desktop,North,35-44,2024-02,2024-02-21,2024-02-22,2024-02-23,2024-02-23,,,0,stage4,1,1,1,0
U011457,2024-01-04,Paid_Search,Mobile,East,25-34,2024-01,2024-01-04,,,,,,0,stage1,0,0,0,0
U011459,2024-02-09,Referral,Tablet,Central,55+,2024-02,2024-02-09,2024-02-10,2024-02-11,2024-02-12,,,0,stage4,1,1,1,0
U011462,2024-02-26,Organic,Desktop,East,18-24,2024-02,2024-02-26,,,,,,0,stage1,0,0,0,0
U011469,2024-03-07,Email,Mobile,West,35-44,2024-03,2024-03-07,2024-03-08,,,,,0,stage2,1,0,0,0
U011471,2024-03-24,Paid_Search,Desktop,Central,25-34,2024-03,2024-03-24,,,,,,0,stage1,0,0,0,0
U011473,2024-02-07,Email,Mobile,South,45-54,2024-02,2024-02-07,,,,,,0,stage1,0,0,0,0
U011474,2024-02-23,Referral,Mobile,East,35-44,2024-02,2024-02-23,2024-02-23,,,,,0,stage2,1,0,0,0
U011476,2024-01-28,Organic,Mobile,Central,18-24,2024-01,2024-01-28,2024-01-30,2024-02-01,,,,0,stage3,1,1,0,0
U011477,2024-03-05,Paid_Search,Mobile,West,45-54,2024-03,2024-03-05,,,,,,0,stage1,0,0,0,0
U011478,2024-02-09,Referral,Mobile,East,25-34,2024-02,2024-02-09,,,,,,0,stage1,0,0,0,0
U011479,2024-03-29,Referral,Desktop,North,25-34,2024-03,2024-03-29,2024-03-31,,,,,0,stage2,1,0,0,0
U011482,2024-03-31,Email,Tablet,West,25-34,2024-03,2024-03-31,2024-04-01,2024-04-02,2024-04-03,,,0,stage4,1,1,1,0
U011483,2024-02-16,Paid_Search,Desktop,Central,45-54,2024-02,2024-02-16,2024-02-18,2024-02-20,2024-02-20,,,0,stage4,1,1,1,0
U011486,2024-01-18,Paid_Search,Mobile,South,18-24,2024-01,2024-01-18,2024-01-20,,,,,0,stage2,1,0,0,0
U011487,2024-01-30,Referral,Mobile,Central,25-34,2024-01,2024-01-30,,,,,,0,stage1,0,0,0,0
U011489,2024-01-15,Social,Mobile,South,18-24,2024-01,2024-01-15,2024-01-16,,,,,0,stage2,1,0,0,0
U011493,2024-03-11,Paid_Search,Mobile,North,35-44,2024-03,2024-03-11,2024-03-11,,,,,0,stage2,1,0,0,0
U011494,2024-03-01,Paid_Search,Desktop,West,25-34,2024-03,2024-03-01,2024-03-01,,,,,0,stage2,1,0,0,0
U011498,2024-02-08,Social,Desktop,West,25-34,2024-02,2024-02-08,,,,,,0,stage1,0,0,0,0
U011499,2024-01-04,Social,Mobile,West,18-24,2024-01,2024-01-04,,,,,,0,stage1,0,0,0,0
U011501,2024-02-26,Organic,Desktop,North,18-24,2024-02,2024-02-26,2024-02-27,,,,,0,stage2,1,0,0,0
U011502,2024-02-14,Social,Desktop,East,25-34,2024-02,2024-02-14,2024-02-15,,,,,0,stage2,1,0,0,0
U011508,2024-03-11,Paid_Search,Mobile,East,55+,2024-03,2024-03-11,2024-03-12,2024-03-13,,,,0,stage3,1,1,0,0
U011511,2024-01-19,Social,Desktop,West,25-34,2024-01,2024-01-19,,,,,,0,stage1,0,0,0,0
U011512,2024-02-14,Organic,Desktop,West,45-54,2024-02,2024-02-14,,,,,,0,stage1,0,0,0,0
U011515,2024-03-09,Paid_Search,Mobile,South,45-54,2024-03,2024-03-09,2024-03-09,,,,,0,stage2,1,0,0,0
U011516,2024-01-20,Social,Desktop,North,25-34,2024-01,2024-01-20,2024-01-22,2024-01-25,,,,0,stage3,1,1,0,0
U011517,2024-03-28,Organic,Mobile,Central,18-24,2024-03,2024-03-28,2024-03-29,,,,,0,stage2,1,0,0,0
U011519,2024-01-05,Paid_Search,Mobile,East,18-24,2024-01,2024-01-05,,,,,,0,stage1,0,0,0,0
U011525,2024-02-17,Paid_Search,Mobile,South,18-24,2024-02,2024-02-17,,,,,,0,stage1,0,0,0,0
U011526,2024-01-16,Referral,Desktop,East,25-34,2024-01,2024-01-16,2024-01-17,,,,,0,stage2,1,0,0,0
U011527,2024-01-01,Paid_Search,Mobile,North,35-44,2024-01,2024-01-01,2024-01-01,,,,,0,stage2,1,0,0,0
U011528,2024-01-05,Referral,Mobile,East,55+,2024-01,2024-01-05,,,,,,0,stage1,0,0,0,0
U011529,2024-03-05,Organic,Mobile,South,45-54,2024-03,2024-03-05,2024-03-05,,,,,0,stage2,1,0,0,0
U011531,2024-01-04,Organic,Mobile,Central,35-44,2024-01,2024-01-04,2024-01-04,2024-01-07,,,,0,stage3,1,1,0,0
U011533,2024-01-25,Social,Desktop,West,45-54,2024-01,2024-01-25,,,,,,0,stage1,0,0,0,0
U011534,2024-02-04,Social,Desktop,East,35-44,2024-02,2024-02-04,2024-02-06,,,,,0,stage2,1,0,0,0
U011536,2024-01-23,Referral,Desktop,North,45-54,2024-01,2024-01-23,2024-01-23,,,,,0,stage2,1,0,0,0
U011537,2024-03-19,Referral,Desktop,North,35-44,2024-03,2024-03-19,,,,,,0,stage1,0,0,0,0
U011538,2024-01-19,Paid_Search,Mobile,South,55+,2024-01,2024-01-19,,,,,,0,stage1,0,0,0,0
U011539,2024-02-21,Referral,Desktop,South,35-44,2024-02,2024-02-21,2024-02-23,,,,,0,stage2,1,0,0,0
U011540,2024-03-03,Paid_Search,Mobile,North,18-24,2024-03,2024-03-03,2024-03-05,2024-03-07,2024-03-09,,,0,stage4,1,1,1,0
U011544,2024-02-25,Referral,Desktop,North,55+,2024-02,2024-02-25,2024-02-25,2024-02-26,2024-02-27,,,0,stage4,1,1,1,0
U011550,2024-01-08,Organic,Mobile,West,25-34,2024-01,2024-01-08,2024-01-09,,,,,0,stage2,1,0,0,0
U011551,2024-03-27,Social,Mobile,North,45-54,2024-03,2024-03-27,2024-03-29,2024-04-01,2024-04-03,2024-04-07,2024-04-09,1,Converted,1,1,1,1
U011553,2024-03-31,Social,Mobile,North,25-34,2024-03,2024-03-31,,,,,,0,stage1,0,0,0,0
U011554,2024-03-01,Organic,Desktop,North,18-24,2024-03,2024-03-01,,,,,,0,stage1,0,0,0,0
U011558,2024-02-21,Social,Mobile,South,35-44,2024-02,2024-02-21,2024-02-21,,,,,0,stage2,1,0,0,0
U011560,2024-02-18,Organic,Tablet,West,55+,2024-02,2024-02-18,2024-02-18,,,,,0,stage2,1,0,0,0
U011562,2024-02-29,Paid_Search,Desktop,East,25-34,2024-02,2024-02-29,2024-02-29,2024-03-01,2024-03-01,,,0,stage4,1,1,1,0
U011563,2024-02-10,Organic,Desktop,South,35-44,2024-02,2024-02-10,,,,,,0,stage1,0,0,0,0
U011564,2024-01-31,Social,Mobile,South,35-44,2024-01,2024-01-31,2024-02-02,,,,,0,stage2,1,0,0,0
U011565,2024-01-18,Referral,Desktop,East,35-44,2024-01,2024-01-18,2024-01-19,,,,,0,stage2,1,0,0,0
U011566,2024-01-07,Paid_Search,Mobile,Central,45-54,2024-01,2024-01-07,2024-01-08,2024-01-10,,,,0,stage3,1,1,0,0
U011568,2024-03-10,Paid_Search,Tablet,North,35-44,2024-03,2024-03-10,,,,,,0,stage1,0,0,0,0
U011569,2024-03-13,Referral,Mobile,East,45-54,2024-03,2024-03-13,,,,,,0,stage1,0,0,0,0
U011572,2024-03-13,Paid_Search,Mobile,West,25-34,2024-03,2024-03-13,2024-03-14,,,,,0,stage2,1,0,0,0
U011573,2024-01-02,Paid_Search,Mobile,North,45-54,2024-01,2024-01-02,2024-01-04,2024-01-05,,,,0,stage3,1,1,0,0
U011574,2024-01-01,Organic,Desktop,West,18-24,2024-01,2024-01-01,2024-01-01,2024-01-03,,,,0,stage3,1,1,0,0
U011576,2024-03-20,Social,Mobile,North,18-24,2024-03,2024-03-20,2024-03-22,2024-03-25,2024-03-26,2024-03-30,2024-03-31,1,Converted,1,1,1,1
U011577,2024-03-17,Organic,Desktop,East,45-54,2024-03,2024-03-17,2024-03-19,2024-03-21,2024-03-23,,,0,stage4,1,1,1,0
U011579,2024-03-20,Referral,Mobile,West,35-44,2024-03,2024-03-20,,,,,,0,stage1,0,0,0,0
U011580,2024-01-23,Social,Mobile,Central,45-54,2024-01,2024-01-23,,,,,,0,stage1,0,0,0,0
U011582,2024-03-29,Email,Mobile,South,45-54,2024-03,2024-03-29,2024-03-30,,,,,0,stage2,1,0,0,0
U011584,2024-01-09,Referral,Mobile,South,18-24,2024-01,2024-01-09,,,,,,0,stage1,0,0,0,0
U011585,2024-01-06,Paid_Search,Mobile,East,18-24,2024-01,2024-01-06,2024-01-07,2024-01-08,,,,0,stage3,1,1,0,0
U011586,2024-03-31,Paid_Search,Desktop,East,35-44,2024-03,2024-03-31,2024-04-01,2024-04-04,2024-04-04,2024-04-08,2024-04-08,1,Converted,1,1,1,1
U011587,2024-01-10,Organic,Mobile,North,35-44,2024-01,2024-01-10,,,,,,0,stage1,0,0,0,0
U011589,2024-03-10,Referral,Tablet,East,45-54,2024-03,2024-03-10,,,,,,0,stage1,0,0,0,0
U011596,2024-03-23,Referral,Desktop,North,35-44,2024-03,2024-03-23,2024-03-23,,,,,0,stage2,1,0,0,0
U011597,2024-01-13,Email,Mobile,West,18-24,2024-01,2024-01-13,,,,,,0,stage1,0,0,0,0
U011601,2024-01-29,Paid_Search,Mobile,South,55+,2024-01,2024-01-29,,,,,,0,stage1,0,0,0,0
U011602,2024-02-11,Social,Mobile,North,35-44,2024-02,2024-02-11,,,,,,0,stage1,0,0,0,0
U011604,2024-03-17,Referral,Mobile,South,35-44,2024-03,2024-03-17,2024-03-17,2024-03-18,,,,0,stage3,1,1,0,0
U011605,2024-03-21,Organic,Mobile,Central,45-54,2024-03,2024-03-21,2024-03-23,,,,,0,stage2,1,0,0,0
U011606,2024-03-15,Paid_Search,Mobile,West,25-34,2024-03,2024-03-15,,,,,,0,stage1,0,0,0,0
U011609,2024-03-26,Paid_Search,Mobile,South,25-34,2024-03,2024-03-26,,,,,,0,stage1,0,0,0,0
U011611,2024-03-13,Referral,Mobile,Central,45-54,2024-03,2024-03-13,2024-03-14,,,,,0,stage2,1,0,0,0
U011614,2024-03-04,Organic,Desktop,East,45-54,2024-03,2024-03-04,2024-03-05,2024-03-07,,,,0,stage3,1,1,0,0
U011615,2024-03-08,Paid_Search,Tablet,South,18-24,2024-03,2024-03-08,,,,,,0,stage1,0,0,0,0
U011616,2024-03-15,Referral,Desktop,North,35-44,2024-03,2024-03-15,2024-03-17,2024-03-18,,,,0,stage3,1,1,0,0
U011617,2024-03-19,Social,Desktop,East,35-44,2024-03,2024-03-19,2024-03-21,,,,,0,stage2,1,0,0,0
U011618,2024-03-06,Social,Mobile,East,35-44,2024-03,2024-03-06,,,,,,0,stage1,0,0,0,0
U011619,2024-01-19,Social,Mobile,South,55+,2024-01,2024-01-19,2024-01-20,2024-01-23,2024-01-23,,,0,stage4,1,1,1,0
U011623,2024-03-07,Organic,Desktop,East,18-24,2024-03,2024-03-07,2024-03-08,2024-03-11,,,,0,stage3,1,1,0,0
U011625,2024-03-13,Email,Mobile,North,35-44,2024-03,2024-03-13,,,,,,0,stage1,0,0,0,0
U011626,2024-02-27,Social,Mobile,East,35-44,2024-02,2024-02-27,,,,,,0,stage1,0,0,0,0
U011631,2024-02-13,Organic,Desktop,North,18-24,2024-02,2024-02-13,2024-02-13,2024-02-14,,,,0,stage3,1,1,0,0
U011632,2024-01-13,Paid_Search,Desktop,Central,18-24,2024-01,2024-01-13,2024-01-15,2024-01-17,2024-01-19,2024-01-23,2024-01-23,1,Converted,1,1,1,1
U011635,2024-03-04,Referral,Mobile,South,18-24,2024-03,2024-03-04,2024-03-04,,,,,0,stage2,1,0,0,0
U011636,2024-01-27,Social,Mobile,North,18-24,2024-01,2024-01-27,2024-01-27,2024-01-30,,,,0,stage3,1,1,0,0
U011638,2024-02-03,Social,Desktop,South,18-24,2024-02,2024-02-03,2024-02-03,2024-02-06,2024-02-06,2024-02-07,2024-02-08,1,Converted,1,1,1,1
U011639,2024-01-12,Organic,Desktop,East,55+,2024-01,2024-01-12,,,,,,0,stage1,0,0,0,0
U011641,2024-02-19,Social,Mobile,Central,35-44,2024-02,2024-02-19,2024-02-20,2024-02-23,,,,0,stage3,1,1,0,0
U011643,2024-02-03,Social,Mobile,South,25-34,2024-02,2024-02-03,,,,,,0,stage1,0,0,0,0
U011644,2024-02-02,Paid_Search,Mobile,West,18-24,2024-02,2024-02-02,,,,,,0,stage1,0,0,0,0
U011645,2024-01-10,Paid_Search,Desktop,Central,18-24,2024-01,2024-01-10,,,,,,0,stage1,0,0,0,0
U011646,2024-03-03,Organic,Desktop,North,45-54,2024-03,2024-03-03,2024-03-03,2024-03-04,,,,0,stage3,1,1,0,0
U011647,2024-03-18,Referral,Desktop,South,35-44,2024-03,2024-03-18,2024-03-19,2024-03-22,,,,0,stage3,1,1,0,0
U011651,2024-01-28,Paid_Search,Mobile,North,25-34,2024-01,2024-01-28,,,,,,0,stage1,0,0,0,0
U011652,2024-02-04,Paid_Search,Mobile,Central,55+,2024-02,2024-02-04,2024-02-04,2024-02-05,,,,0,stage3,1,1,0,0
U011657,2024-03-25,Organic,Desktop,West,35-44,2024-03,2024-03-25,2024-03-27,2024-03-29,2024-03-31,2024-04-04,2024-04-04,1,Converted,1,1,1,1
U011661,2024-02-25,Paid_Search,Tablet,East,55+,2024-02,2024-02-25,2024-02-25,2024-02-27,2024-02-29,2024-03-03,,0,stage5,1,1,1,1
U011663,2024-03-17,Organic,Mobile,North,18-24,2024-03,2024-03-17,2024-03-17,,,,,0,stage2,1,0,0,0
U011664,2024-03-07,Paid_Search,Mobile,West,55+,2024-03,2024-03-07,,,,,,0,stage1,0,0,0,0
U011667,2024-01-22,Social,Mobile,South,35-44,2024-01,2024-01-22,,,,,,0,stage1,0,0,0,0
U011668,2024-01-19,Social,Desktop,West,45-54,2024-01,2024-01-19,,,,,,0,stage1,0,0,0,0
U011669,2024-02-27,Organic,Desktop,South,55+,2024-02,2024-02-27,,,,,,0,stage1,0,0,0,0
U011671,2024-02-16,Organic,Mobile,East,45-54,2024-02,2024-02-16,2024-02-16,2024-02-18,2024-02-18,,,0,stage4,1,1,1,0
U011673,2024-03-20,Referral,Tablet,South,18-24,2024-03,2024-03-20,2024-03-21,2024-03-23,,,,0,stage3,1,1,0,0
U011674,2024-02-16,Email,Mobile,South,35-44,2024-02,2024-02-16,2024-02-17,,,,,0,stage2,1,0,0,0
U011677,2024-03-18,Organic,Desktop,Central,55+,2024-03,2024-03-18,2024-03-18,2024-03-21,2024-03-22,,,0,stage4,1,1,1,0
U011683,2024-03-12,Organic,Mobile,East,35-44,2024-03,2024-03-12,2024-03-13,2024-03-16,2024-03-16,2024-03-18,2024-03-20,1,Converted,1,1,1,1
U011684,2024-01-23,Referral,Mobile,South,45-54,2024-01,2024-01-23,2024-01-25,,,,,0,stage2,1,0,0,0
U011686,2024-03-08,Paid_Search,Mobile,West,25-34,2024-03,2024-03-08,,,,,,0,stage1,0,0,0,0
U011687,2024-02-18,Organic,Mobile,East,45-54,2024-02,2024-02-18,,,,,,0,stage1,0,0,0,0
U011688,2024-01-10,Paid_Search,Desktop,East,45-54,2024-01,2024-01-10,,,,,,0,stage1,0,0,0,0
U011689,2024-03-18,Email,Mobile,South,18-24,2024-03,2024-03-18,,,,,,0,stage1,0,0,0,0
U011690,2024-02-23,Referral,Mobile,East,35-44,2024-02,2024-02-23,2024-02-24,2024-02-25,,,,0,stage3,1,1,0,0
U011691,2024-02-09,Organic,Tablet,South,25-34,2024-02,2024-02-09,2024-02-09,,,,,0,stage2,1,0,0,0
U011693,2024-01-13,Organic,Desktop,South,25-34,2024-01,2024-01-13,2024-01-13,2024-01-14,2024-01-16,,,0,stage4,1,1,1,0
U011695,2024-03-12,Social,Desktop,East,35-44,2024-03,2024-03-12,2024-03-13,,,,,0,stage2,1,0,0,0
U011697,2024-02-16,Organic,Mobile,East,55+,2024-02,2024-02-16,2024-02-17,,,,,0,stage2,1,0,0,0
U011698,2024-03-27,Paid_Search,Desktop,Central,25-34,2024-03,2024-03-27,,,,,,0,stage1,0,0,0,0
U011699,2024-02-10,Social,Desktop,West,45-54,2024-02,2024-02-10,,,,,,0,stage1,0,0,0,0
U011700,2024-02-20,Paid_Search,Desktop,South,45-54,2024-02,2024-02-20,2024-02-20,,,,,0,stage2,1,0,0,0
U011701,2024-02-04,Referral,Mobile,West,55+,2024-02,2024-02-04,2024-02-06,2024-02-07,,,,0,stage3,1,1,0,0
U011703,2024-01-03,Referral,Mobile,Central,25-34,2024-01,2024-01-03,2024-01-03,2024-01-04,2024-01-04,2024-01-07,2024-01-08,1,Converted,1,1,1,1
U011705,2024-02-25,Paid_Search,Mobile,East,45-54,2024-02,2024-02-25,2024-02-25,,,,,0,stage2,1,0,0,0
U011706,2024-01-03,Organic,Desktop,West,35-44,2024-01,2024-01-03,,,,,,0,stage1,0,0,0,0
U011707,2024-02-28,Email,Mobile,East,45-54,2024-02,2024-02-28,,,,,,0,stage1,0,0,0,0
U011708,2024-01-06,Paid_Search,Mobile,Central,25-34,2024-01,2024-01-06,2024-01-06,2024-01-07,,,,0,stage3,1,1,0,0
U011709,2024-03-05,Paid_Search,Desktop,East,35-44,2024-03,2024-03-05,2024-03-06,2024-03-08,,,,0,stage3,1,1,0,0
U011711,2024-02-01,Organic,Mobile,North,35-44,2024-02,2024-02-01,,,,,,0,stage1,0,0,0,0
U011714,2024-01-03,Referral,Desktop,East,35-44,2024-01,2024-01-03,2024-01-04,2024-01-06,2024-01-06,2024-01-10,2024-01-12,1,Converted,1,1,1,1
U011716,2024-03-29,Referral,Mobile,Central,35-44,2024-03,2024-03-29,2024-03-30,2024-03-31,,,,0,stage3,1,1,0,0
U011717,2024-01-15,Referral,Desktop,South,35-44,2024-01,2024-01-15,2024-01-15,2024-01-17,2024-01-19,2024-01-22,2024-01-22,1,Converted,1,1,1,1
U011718,2024-01-15,Email,Mobile,East,25-34,2024-01,2024-01-15,,,,,,0,stage1,0,0,0,0
U011719,2024-01-21,Referral,Mobile,Central,55+,2024-01,2024-01-21,2024-01-21,2024-01-22,,,,0,stage3,1,1,0,0
U011723,2024-01-08,Organic,Desktop,Central,35-44,2024-01,2024-01-08,,,,,,0,stage1,0,0,0,0
U011724,2024-02-25,Organic,Desktop,East,18-24,2024-02,2024-02-25,2024-02-26,,,,,0,stage2,1,0,0,0
U011725,2024-02-03,Organic,Desktop,North,45-54,2024-02,2024-02-03,2024-02-03,2024-02-04,2024-02-06,,,0,stage4,1,1,1,0
U011726,2024-03-16,Organic,Mobile,East,25-34,2024-03,2024-03-16,2024-03-17,,,,,0,stage2,1,0,0,0
U011727,2024-01-18,Organic,Mobile,West,55+,2024-01,2024-01-18,,,,,,0,stage1,0,0,0,0
U011729,2024-01-05,Referral,Tablet,Central,35-44,2024-01,2024-01-05,,,,,,0,stage1,0,0,0,0
U011730,2024-01-24,Paid_Search,Desktop,North,45-54,2024-01,2024-01-24,2024-01-25,,,,,0,stage2,1,0,0,0
U011731,2024-02-11,Organic,Desktop,North,45-54,2024-02,2024-02-11,2024-02-11,,,,,0,stage2,1,0,0,0
U011733,2024-02-03,Organic,Desktop,North,25-34,2024-02,2024-02-03,,,,,,0,stage1,0,0,0,0
U011734,2024-03-15,Social,Mobile,East,55+,2024-03,2024-03-15,2024-03-15,2024-03-17,,,,0,stage3,1,1,0,0
U011735,2024-01-15,Organic,Mobile,East,45-54,2024-01,2024-01-15,,,,,,0,stage1,0,0,0,0
U011739,2024-01-27,Referral,Desktop,North,35-44,2024-01,2024-01-27,2024-01-28,,,,,0,stage2,1,0,0,0
U011744,2024-02-16,Organic,Mobile,North,35-44,2024-02,2024-02-16,,,,,,0,stage1,0,0,0,0
U011745,2024-03-08,Social,Desktop,South,18-24,2024-03,2024-03-08,2024-03-08,,,,,0,stage2,1,0,0,0
U011750,2024-02-09,Organic,Tablet,East,25-34,2024-02,2024-02-09,2024-02-11,,,,,0,stage2,1,0,0,0
U011753,2024-02-07,Referral,Mobile,South,25-34,2024-02,2024-02-07,2024-02-08,2024-02-11,2024-02-11,2024-02-13,2024-02-13,1,Converted,1,1,1,1
U011754,2024-03-22,Social,Mobile,West,55+,2024-03,2024-03-22,2024-03-24,,,,,0,stage2,1,0,0,0
U011755,2024-01-11,Paid_Search,Desktop,Central,35-44,2024-01,2024-01-11,2024-01-13,,,,,0,stage2,1,0,0,0
U011757,2024-03-28,Organic,Desktop,North,35-44,2024-03,2024-03-28,,,,,,0,stage1,0,0,0,0
U011759,2024-03-13,Organic,Desktop,North,35-44,2024-03,2024-03-13,,,,,,0,stage1,0,0,0,0
U011760,2024-03-06,Organic,Mobile,West,25-34,2024-03,2024-03-06,2024-03-08,2024-03-11,2024-03-13,,,0,stage4,1,1,1,0
U011761,2024-02-07,Social,Desktop,Central,35-44,2024-02,2024-02-07,,,,,,0,stage1,0,0,0,0
U011762,2024-03-04,Email,Mobile,East,18-24,2024-03,2024-03-04,2024-03-05,,,,,0,stage2,1,0,0,0
U011763,2024-03-04,Referral,Mobile,South,18-24,2024-03,2024-03-04,2024-03-06,2024-03-07,2024-03-08,2024-03-09,2024-03-09,1,Converted,1,1,1,1
U011764,2024-01-26,Social,Desktop,South,45-54,2024-01,2024-01-26,,,,,,0,stage1,0,0,0,0
U011765,2024-02-03,Organic,Mobile,Central,18-24,2024-02,2024-02-03,2024-02-03,2024-02-04,,,,0,stage3,1,1,0,0
U011766,2024-01-13,Organic,Mobile,South,45-54,2024-01,2024-01-13,,,,,,0,stage1,0,0,0,0
U011767,2024-01-31,Email,Mobile,South,25-34,2024-01,2024-01-31,2024-02-02,2024-02-04,2024-02-06,2024-02-07,2024-02-07,1,Converted,1,1,1,1
U011772,2024-01-13,Email,Mobile,South,25-34,2024-01,2024-01-13,2024-01-15,,,,,0,stage2,1,0,0,0
U011773,2024-01-19,Organic,Mobile,North,45-54,2024-01,2024-01-19,2024-01-20,2024-01-21,2024-01-22,2024-01-25,2024-01-27,1,Converted,1,1,1,1
U011774,2024-01-10,Social,Mobile,Central,18-24,2024-01,2024-01-10,2024-01-12,,,,,0,stage2,1,0,0,0
U011775,2024-02-27,Paid_Search,Mobile,North,35-44,2024-02,2024-02-27,2024-02-29,,,,,0,stage2,1,0,0,0
U011776,2024-02-08,Paid_Search,Mobile,Central,45-54,2024-02,2024-02-08,,,,,,0,stage1,0,0,0,0
U011777,2024-03-31,Social,Mobile,West,25-34,2024-03,2024-03-31,2024-03-31,2024-04-03,,,,0,stage3,1,1,0,0
U011779,2024-03-05,Paid_Search,Desktop,Central,25-34,2024-03,2024-03-05,,,,,,0,stage1,0,0,0,0
U011781,2024-03-31,Paid_Search,Desktop,West,25-34,2024-03,2024-03-31,2024-03-31,2024-04-03,,,,0,stage3,1,1,0,0
U011782,2024-03-22,Email,Desktop,Central,35-44,2024-03,2024-03-22,2024-03-24,2024-03-25,,,,0,stage3,1,1,0,0
U011784,2024-02-14,Paid_Search,Desktop,West,35-44,2024-02,2024-02-14,2024-02-14,,,,,0,stage2,1,0,0,0
U011785,2024-02-06,Organic,Mobile,South,18-24,2024-02,2024-02-06,2024-02-07,2024-02-09,,,,0,stage3,1,1,0,0
U011786,2024-03-06,Paid_Search,Mobile,South,45-54,2024-03,2024-03-06,2024-03-06,2024-03-07,,,,0,stage3,1,1,0,0
U011789,2024-02-16,Referral,Mobile,East,35-44,2024-02,2024-02-16,2024-02-16,,,,,0,stage2,1,0,0,0
U011790,2024-01-06,Social,Mobile,West,55+,2024-01,2024-01-06,2024-01-07,2024-01-09,2024-01-09,2024-01-11,,0,stage5,1,1,1,1
U011791,2024-01-29,Paid_Search,Mobile,South,18-24,2024-01,2024-01-29,2024-01-30,,,,,0,stage2,1,0,0,0
U011792,2024-02-15,Referral,Mobile,West,55+,2024-02,2024-02-15,2024-02-16,2024-02-19,2024-02-20,2024-02-23,2024-02-25,1,Converted,1,1,1,1
U011794,2024-02-19,Referral,Mobile,North,45-54,2024-02,2024-02-19,2024-02-19,,,,,0,stage2,1,0,0,0
U011795,2024-01-01,Organic,Mobile,East,25-34,2024-01,2024-01-01,2024-01-03,2024-01-06,2024-01-06,,,0,stage4,1,1,1,0
U011796,2024-02-21,Organic,Desktop,East,45-54,2024-02,2024-02-21,2024-02-22,2024-02-24,2024-02-25,2024-02-29,2024-02-29,1,Converted,1,1,1,1
U011797,2024-03-19,Paid_Search,Tablet,East,18-24,2024-03,2024-03-19,2024-03-21,,,,,0,stage2,1,0,0,0
U011802,2024-02-12,Referral,Mobile,Central,18-24,2024-02,2024-02-12,,,,,,0,stage1,0,0,0,0
U011803,2024-01-03,Referral,Mobile,South,55+,2024-01,2024-01-03,2024-01-04,,,,,0,stage2,1,0,0,0
U011811,2024-02-10,Paid_Search,Mobile,South,18-24,2024-02,2024-02-10,2024-02-12,2024-02-15,2024-02-16,,,0,stage4,1,1,1,0
U011813,2024-02-29,Social,Mobile,East,25-34,2024-02,2024-02-29,2024-03-01,2024-03-02,,,,0,stage3,1,1,0,0
U011816,2024-03-22,Referral,Mobile,Central,35-44,2024-03,2024-03-22,2024-03-22,,,,,0,stage2,1,0,0,0
U011817,2024-02-10,Paid_Search,Mobile,Central,18-24,2024-02,2024-02-10,2024-02-11,,,,,0,stage2,1,0,0,0
U011819,2024-01-05,Paid_Search,Mobile,South,35-44,2024-01,2024-01-05,,,,,,0,stage1,0,0,0,0
U011823,2024-01-22,Paid_Search,Mobile,North,18-24,2024-01,2024-01-22,,,,,,0,stage1,0,0,0,0
U011824,2024-02-06,Organic,Mobile,East,35-44,2024-02,2024-02-06,2024-02-08,2024-02-09,2024-02-09,2024-02-12,2024-02-14,1,Converted,1,1,1,1
U011825,2024-02-10,Email,Mobile,South,25-34,2024-02,2024-02-10,,,,,,0,stage1,0,0,0,0
U011826,2024-02-08,Paid_Search,Desktop,South,25-34,2024-02,2024-02-08,,,,,,0,stage1,0,0,0,0
U011828,2024-03-23,Email,Mobile,North,35-44,2024-03,2024-03-23,2024-03-24,,,,,0,stage2,1,0,0,0
U011829,2024-02-25,Referral,Desktop,North,18-24,2024-02,2024-02-25,,,,,,0,stage1,0,0,0,0
U011830,2024-01-11,Paid_Search,Tablet,East,35-44,2024-01,2024-01-11,,,,,,0,stage1,0,0,0,0
U011831,2024-02-08,Organic,Mobile,Central,25-34,2024-02,2024-02-08,2024-02-10,2024-02-12,,,,0,stage3,1,1,0,0
U011832,2024-03-21,Organic,Mobile,South,45-54,2024-03,2024-03-21,,,,,,0,stage1,0,0,0,0
U011835,2024-02-29,Referral,Desktop,West,18-24,2024-02,2024-02-29,2024-03-01,,,,,0,stage2,1,0,0,0
U011836,2024-03-03,Organic,Desktop,East,55+,2024-03,2024-03-03,2024-03-04,,,,,0,stage2,1,0,0,0
U011838,2024-02-09,Referral,Desktop,North,35-44,2024-02,2024-02-09,2024-02-11,2024-02-13,,,,0,stage3,1,1,0,0
U011839,2024-02-14,Paid_Search,Mobile,South,18-24,2024-02,2024-02-14,,,,,,0,stage1,0,0,0,0
U011841,2024-03-16,Organic,Mobile,Central,25-34,2024-03,2024-03-16,2024-03-18,2024-03-19,,,,0,stage3,1,1,0,0
U011842,2024-01-11,Social,Mobile,North,25-34,2024-01,2024-01-11,2024-01-12,,,,,0,stage2,1,0,0,0
U011846,2024-02-19,Organic,Mobile,East,35-44,2024-02,2024-02-19,2024-02-19,,,,,0,stage2,1,0,0,0
U011847,2024-01-28,Social,Mobile,West,35-44,2024-01,2024-01-28,2024-01-28,2024-01-31,,,,0,stage3,1,1,0,0
U011849,2024-01-11,Email,Mobile,East,35-44,2024-01,2024-01-11,2024-01-11,2024-01-13,2024-01-15,,,0,stage4,1,1,1,0
U011852,2024-01-17,Social,Desktop,South,18-24,2024-01,2024-01-17,2024-01-19,2024-01-20,,,,0,stage3,1,1,0,0
U011853,2024-02-15,Social,Mobile,West,25-34,2024-02,2024-02-15,2024-02-15,2024-02-16,,,,0,stage3,1,1,0,0
U011854,2024-02-14,Organic,Mobile,West,25-34,2024-02,2024-02-14,2024-02-14,,,,,0,stage2,1,0,0,0
U011857,2024-02-09,Paid_Search,Desktop,Central,55+,2024-02,2024-02-09,2024-02-10,,,,,0,stage2,1,0,0,0
U011859,2024-01-03,Organic,Desktop,Central,18-24,2024-01,2024-01-03,,,,,,0,stage1,0,0,0,0
U011860,2024-01-27,Email,Mobile,East,55+,2024-01,2024-01-27,2024-01-29,,,,,0,stage2,1,0,0,0
U011861,2024-01-29,Organic,Desktop,South,35-44,2024-01,2024-01-29,,,,,,0,stage1,0,0,0,0
U011863,2024-03-24,Paid_Search,Desktop,East,25-34,2024-03,2024-03-24,2024-03-25,2024-03-28,2024-03-30,2024-03-31,2024-04-01,1,Converted,1,1,1,1
U011864,2024-03-20,Organic,Mobile,South,45-54,2024-03,2024-03-20,2024-03-21,,,,,0,stage2,1,0,0,0
U011865,2024-02-04,Organic,Mobile,West,18-24,2024-02,2024-02-04,,,,,,0,stage1,0,0,0,0
U011867,2024-01-11,Email,Mobile,North,18-24,2024-01,2024-01-11,,,,,,0,stage1,0,0,0,0
U011869,2024-02-15,Organic,Mobile,Central,25-34,2024-02,2024-02-15,2024-02-17,,,,,0,stage2,1,0,0,0
U011873,2024-03-03,Referral,Desktop,South,25-34,2024-03,2024-03-03,2024-03-04,,,,,0,stage2,1,0,0,0
U011875,2024-03-24,Paid_Search,Desktop,East,55+,2024-03,2024-03-24,,,,,,0,stage1,0,0,0,0
U011878,2024-03-13,Organic,Mobile,North,25-34,2024-03,2024-03-13,2024-03-14,2024-03-17,2024-03-18,2024-03-19,2024-03-21,1,Converted,1,1,1,1
U011880,2024-02-03,Social,Tablet,West,25-34,2024-02,2024-02-03,2024-02-03,2024-02-05,,,,0,stage3,1,1,0,0
U011882,2024-02-16,Organic,Desktop,South,45-54,2024-02,2024-02-16,,,,,,0,stage1,0,0,0,0
U011883,2024-01-29,Email,Mobile,North,45-54,2024-01,2024-01-29,,,,,,0,stage1,0,0,0,0
U011885,2024-02-06,Referral,Mobile,Central,25-34,2024-02,2024-02-06,2024-02-08,2024-02-10,2024-02-10,2024-02-12,,0,stage5,1,1,1,1
U011886,2024-01-20,Referral,Desktop,Central,55+,2024-01,2024-01-20,2024-01-20,2024-01-21,,,,0,stage3,1,1,0,0
U011887,2024-01-05,Referral,Mobile,West,35-44,2024-01,2024-01-05,,,,,,0,stage1,0,0,0,0
U011888,2024-03-19,Referral,Desktop,West,18-24,2024-03,2024-03-19,2024-03-21,2024-03-22,2024-03-22,2024-03-25,2024-03-25,1,Converted,1,1,1,1
U011891,2024-03-13,Organic,Tablet,West,25-34,2024-03,2024-03-13,2024-03-15,,,,,0,stage2,1,0,0,0
U011894,2024-01-29,Organic,Mobile,South,55+,2024-01,2024-01-29,,,,,,0,stage1,0,0,0,0
U011895,2024-01-24,Referral,Mobile,North,55+,2024-01,2024-01-24,,,,,,0,stage1,0,0,0,0
U011901,2024-03-12,Email,Desktop,South,18-24,2024-03,2024-03-12,,,,,,0,stage1,0,0,0,0
U011904,2024-01-25,Referral,Mobile,West,35-44,2024-01,2024-01-25,,,,,,0,stage1,0,0,0,0
U011906,2024-02-11,Organic,Mobile,North,25-34,2024-02,2024-02-11,2024-02-13,,,,,0,stage2,1,0,0,0
U011908,2024-01-29,Organic,Mobile,South,18-24,2024-01,2024-01-29,2024-01-31,2024-02-03,2024-02-03,2024-02-04,2024-02-04,1,Converted,1,1,1,1
U011912,2024-01-02,Social,Mobile,North,45-54,2024-01,2024-01-02,2024-01-03,,,,,0,stage2,1,0,0,0
U011913,2024-02-20,Paid_Search,Mobile,West,25-34,2024-02,2024-02-20,2024-02-22,,,,,0,stage2,1,0,0,0
U011914,2024-02-11,Organic,Mobile,South,18-24,2024-02,2024-02-11,2024-02-13,2024-02-15,,,,0,stage3,1,1,0,0
U011915,2024-02-19,Organic,Desktop,South,35-44,2024-02,2024-02-19,2024-02-21,2024-02-23,2024-02-23,,,0,stage4,1,1,1,0
U011916,2024-01-25,Organic,Mobile,North,35-44,2024-01,2024-01-25,,,,,,0,stage1,0,0,0,0
U011917,2024-01-01,Paid_Search,Desktop,East,55+,2024-01,2024-01-01,,,,,,0,stage1,0,0,0,0
U011918,2024-03-23,Organic,Mobile,East,35-44,2024-03,2024-03-23,2024-03-25,,,,,0,stage2,1,0,0,0
U011919,2024-01-12,Referral,Mobile,East,55+,2024-01,2024-01-12,2024-01-13,,,,,0,stage2,1,0,0,0
U011920,2024-02-15,Organic,Mobile,Central,35-44,2024-02,2024-02-15,2024-02-16,2024-02-17,2024-02-19,2024-02-21,2024-02-23,1,Converted,1,1,1,1
U011922,2024-01-01,Paid_Search,Desktop,West,25-34,2024-01,2024-01-01,2024-01-02,,,,,0,stage2,1,0,0,0
U011924,2024-02-11,Paid_Search,Mobile,West,25-34,2024-02,2024-02-11,2024-02-12,,,,,0,stage2,1,0,0,0
U011927,2024-01-16,Organic,Mobile,Central,35-44,2024-01,2024-01-16,2024-01-16,2024-01-18,,,,0,stage3,1,1,0,0
U011930,2024-02-11,Social,Mobile,Central,45-54,2024-02,2024-02-11,,,,,,0,stage1,0,0,0,0
U011932,2024-02-28,Social,Tablet,North,25-34,2024-02,2024-02-28,,,,,,0,stage1,0,0,0,0
U011933,2024-02-15,Social,Desktop,East,35-44,2024-02,2024-02-15,2024-02-17,,,,,0,stage2,1,0,0,0
U011934,2024-02-22,Organic,Mobile,West,25-34,2024-02,2024-02-22,2024-02-24,2024-02-27,2024-02-28,2024-03-01,2024-03-01,1,Converted,1,1,1,1
U011936,2024-01-22,Social,Desktop,East,25-34,2024-01,2024-01-22,2024-01-24,,,,,0,stage2,1,0,0,0
U011937,2024-03-27,Paid_Search,Desktop,West,55+,2024-03,2024-03-27,,,,,,0,stage1,0,0,0,0
U011939,2024-01-30,Organic,Mobile,East,25-34,2024-01,2024-01-30,2024-02-01,,,,,0,stage2,1,0,0,0
U011942,2024-01-27,Organic,Mobile,East,45-54,2024-01,2024-01-27,2024-01-27,2024-01-29,,,,0,stage3,1,1,0,0
U011944,2024-02-09,Organic,Mobile,North,55+,2024-02,2024-02-09,,,,,,0,stage1,0,0,0,0
U011946,2024-02-10,Referral,Tablet,East,35-44,2024-02,2024-02-10,2024-02-10,2024-02-11,,,,0,stage3,1,1,0,0
U011948,2024-02-09,Referral,Desktop,Central,25-34,2024-02,2024-02-09,2024-02-09,2024-02-12,2024-02-14,,,0,stage4,1,1,1,0
U011950,2024-03-30,Paid_Search,Tablet,East,25-34,2024-03,2024-03-30,2024-03-30,2024-04-01,,,,0,stage3,1,1,0,0
U011953,2024-03-24,Paid_Search,Mobile,South,35-44,2024-03,2024-03-24,2024-03-26,,,,,0,stage2,1,0,0,0
U011956,2024-01-12,Organic,Mobile,East,45-54,2024-01,2024-01-12,2024-01-13,,,,,0,stage2,1,0,0,0
U011960,2024-01-02,Organic,Desktop,Central,25-34,2024-01,2024-01-02,2024-01-04,2024-01-07,,,,0,stage3,1,1,0,0
U011966,2024-01-30,Paid_Search,Desktop,Central,18-24,2024-01,2024-01-30,,,,,,0,stage1,0,0,0,0
U011969,2024-01-29,Organic,Desktop,South,45-54,2024-01,2024-01-29,2024-01-30,,,,,0,stage2,1,0,0,0
U011976,2024-03-30,Paid_Search,Mobile,Central,45-54,2024-03,2024-03-30,2024-04-01,,,,,0,stage2,1,0,0,0
U011979,2024-02-08,Email,Desktop,East,35-44,2024-02,2024-02-08,2024-02-10,,,,,0,stage2,1,0,0,0
U011983,2024-02-13,Organic,Desktop,Central,45-54,2024-02,2024-02-13,2024-02-15,,,,,0,stage2,1,0,0,0
U011984,2024-03-31,Referral,Mobile,West,45-54,2024-03,2024-03-31,2024-04-02,,,,,0,stage2,1,0,0,0
U011985,2024-01-25,Organic,Mobile,South,35-44,2024-01,2024-01-25,2024-01-25,2024-01-27,2024-01-28,,,0,stage4,1,1,1,0
U011986,2024-02-22,Organic,Desktop,West,18-24,2024-02,2024-02-22,2024-02-23,2024-02-26,,,,0,stage3,1,1,0,0
U011989,2024-02-27,Organic,Mobile,East,25-34,2024-02,2024-02-27,2024-02-29,2024-03-02,,,,0,stage3,1,1,0,0
U011993,2024-03-17,Organic,Mobile,East,35-44,2024-03,2024-03-17,2024-03-17,,,,,0,stage2,1,0,0,0
U011996,2024-01-06,Referral,Desktop,South,45-54,2024-01,2024-01-06,2024-01-07,,,,,0,stage2,1,0,0,0
U011997,2024-03-09,Paid_Search,Mobile,West,18-24,2024-03,2024-03-09,,,,,,0,stage1,0,0,0,0
U012000,2024-02-06,Social,Desktop,Central,35-44,2024-02,2024-02-06,,,,,,0,stage1,0,0,0,0
U012008,2024-03-19,Referral,Desktop,West,55+,2024-03,2024-03-19,2024-03-21,,,,,0,stage2,1,0,0,0
U012010,2024-03-06,Organic,Mobile,North,55+,2024-03,2024-03-06,,,,,,0,stage1,0,0,0,0
U012013,2024-03-11,Social,Desktop,East,55+,2024-03,2024-03-11,2024-03-11,,,,,0,stage2,1,0,0,0
U012016,2024-03-03,Paid_Search,Mobile,East,35-44,2024-03,2024-03-03,2024-03-04,2024-03-06,,,,0,stage3,1,1,0,0
U012022,2024-01-08,Email,Mobile,Central,35-44,2024-01,2024-01-08,2024-01-09,,,,,0,stage2,1,0,0,0
U012023,2024-03-15,Paid_Search,Mobile,East,25-34,2024-03,2024-03-15,,,,,,0,stage1,0,0,0,0
U012024,2024-03-21,Organic,Desktop,North,25-34,2024-03,2024-03-21,,,,,,0,stage1,0,0,0,0
U012025,2024-01-03,Organic,Desktop,West,25-34,2024-01,2024-01-03,2024-01-05,2024-01-06,,,,0,stage3,1,1,0,0
U012028,2024-03-24,Referral,Mobile,South,45-54,2024-03,2024-03-24,2024-03-24,2024-03-25,,,,0,stage3,1,1,0,0
U012029,2024-01-09,Referral,Desktop,West,45-54,2024-01,2024-01-09,2024-01-09,,,,,0,stage2,1,0,0,0
U012032,2024-01-11,Organic,Desktop,West,25-34,2024-01,2024-01-11,2024-01-12,2024-01-14,,,,0,stage3,1,1,0,0
U012033,2024-03-15,Organic,Mobile,South,45-54,2024-03,2024-03-15,2024-03-17,,,,,0,stage2,1,0,0,0
U012035,2024-01-16,Organic,Desktop,South,35-44,2024-01,2024-01-16,2024-01-16,2024-01-19,,,,0,stage3,1,1,0,0
U012036,2024-02-15,Social,Mobile,Central,25-34,2024-02,2024-02-15,2024-02-16,2024-02-19,,,,0,stage3,1,1,0,0
U012037,2024-03-05,Referral,Desktop,South,25-34,2024-03,2024-03-05,,,,,,0,stage1,0,0,0,0
U012039,2024-01-27,Email,Desktop,West,18-24,2024-01,2024-01-27,,,,,,0,stage1,0,0,0,0
U012040,2024-02-26,Paid_Search,Tablet,West,18-24,2024-02,2024-02-26,2024-02-26,,,,,0,stage2,1,0,0,0
U012042,2024-02-18,Referral,Mobile,North,18-24,2024-02,2024-02-18,,,,,,0,stage1,0,0,0,0
U012044,2024-01-11,Paid_Search,Desktop,West,18-24,2024-01,2024-01-11,,,,,,0,stage1,0,0,0,0
U012045,2024-03-25,Social,Desktop,East,25-34,2024-03,2024-03-25,,,,,,0,stage1,0,0,0,0
U012047,2024-03-19,Paid_Search,Desktop,Central,55+,2024-03,2024-03-19,,,,,,0,stage1,0,0,0,0
U012050,2024-03-01,Social,Desktop,South,35-44,2024-03,2024-03-01,2024-03-03,,,,,0,stage2,1,0,0,0
U012055,2024-03-01,Organic,Mobile,East,35-44,2024-03,2024-03-01,2024-03-01,2024-03-02,,,,0,stage3,1,1,0,0
U012057,2024-01-04,Social,Mobile,East,25-34,2024-01,2024-01-04,,,,,,0,stage1,0,0,0,0
U012058,2024-01-13,Referral,Desktop,East,25-34,2024-01,2024-01-13,2024-01-13,,,,,0,stage2,1,0,0,0
U012059,2024-02-24,Email,Mobile,East,35-44,2024-02,2024-02-24,,,,,,0,stage1,0,0,0,0
U012060,2024-01-12,Referral,Mobile,West,25-34,2024-01,2024-01-12,2024-01-14,2024-01-16,2024-01-18,2024-01-22,,0,stage5,1,1,1,1
U012062,2024-01-27,Email,Tablet,North,25-34,2024-01,2024-01-27,2024-01-29,,,,,0,stage2,1,0,0,0
U012065,2024-02-19,Organic,Mobile,East,18-24,2024-02,2024-02-19,,,,,,0,stage1,0,0,0,0
U012067,2024-03-16,Referral,Mobile,East,55+,2024-03,2024-03-16,2024-03-17,,,,,0,stage2,1,0,0,0
U012069,2024-01-14,Paid_Search,Mobile,North,18-24,2024-01,2024-01-14,2024-01-16,,,,,0,stage2,1,0,0,0
U012073,2024-01-09,Paid_Search,Mobile,North,35-44,2024-01,2024-01-09,2024-01-09,,,,,0,stage2,1,0,0,0
U012074,2024-01-29,Organic,Desktop,South,35-44,2024-01,2024-01-29,,,,,,0,stage1,0,0,0,0
U012076,2024-02-22,Organic,Mobile,South,45-54,2024-02,2024-02-22,,,,,,0,stage1,0,0,0,0
U012079,2024-02-01,Referral,Desktop,South,25-34,2024-02,2024-02-01,2024-02-01,2024-02-02,2024-02-03,2024-02-06,2024-02-07,1,Converted,1,1,1,1
U012080,2024-03-05,Organic,Mobile,East,45-54,2024-03,2024-03-05,2024-03-05,,,,,0,stage2,1,0,0,0
U012082,2024-01-12,Social,Mobile,East,18-24,2024-01,2024-01-12,2024-01-13,2024-01-15,,,,0,stage3,1,1,0,0
U012083,2024-03-11,Organic,Mobile,West,25-34,2024-03,2024-03-11,2024-03-13,,,,,0,stage2,1,0,0,0
U012084,2024-03-28,Organic,Mobile,East,25-34,2024-03,2024-03-28,2024-03-29,,,,,0,stage2,1,0,0,0
U012087,2024-02-02,Email,Desktop,North,25-34,2024-02,2024-02-02,2024-02-02,,,,,0,stage2,1,0,0,0
U012088,2024-03-23,Paid_Search,Desktop,South,35-44,2024-03,2024-03-23,2024-03-24,,,,,0,stage2,1,0,0,0
U012090,2024-02-05,Referral,Mobile,North,55+,2024-02,2024-02-05,2024-02-06,2024-02-08,2024-02-08,2024-02-10,2024-02-10,1,Converted,1,1,1,1
U012091,2024-02-01,Referral,Desktop,North,25-34,2024-02,2024-02-01,2024-02-03,2024-02-04,,,,0,stage3,1,1,0,0
U012092,2024-03-25,Organic,Mobile,North,25-34,2024-03,2024-03-25,2024-03-25,2024-03-26,,,,0,stage3,1,1,0,0
U012094,2024-03-07,Paid_Search,Mobile,West,18-24,2024-03,2024-03-07,2024-03-08,2024-03-10,,,,0,stage3,1,1,0,0
U012098,2024-03-14,Paid_Search,Mobile,West,25-34,2024-03,2024-03-14,,,,,,0,stage1,0,0,0,0
U012101,2024-02-29,Email,Desktop,Central,25-34,2024-02,2024-02-29,2024-03-02,2024-03-03,2024-03-04,,,0,stage4,1,1,1,0
U012102,2024-01-02,Email,Mobile,Central,18-24,2024-01,2024-01-02,,,,,,0,stage1,0,0,0,0
U012104,2024-02-05,Paid_Search,Desktop,Central,25-34,2024-02,2024-02-05,2024-02-06,2024-02-08,,,,0,stage3,1,1,0,0
U012105,2024-03-30,Paid_Search,Mobile,Central,25-34,2024-03,2024-03-30,2024-03-30,,,,,0,stage2,1,0,0,0
U012106,2024-01-27,Referral,Tablet,West,25-34,2024-01,2024-01-27,,,,,,0,stage1,0,0,0,0
U012107,2024-02-12,Paid_Search,Desktop,South,18-24,2024-02,2024-02-12,,,,,,0,stage1,0,0,0,0
U012109,2024-01-01,Organic,Desktop,North,18-24,2024-01,2024-01-01,2024-01-03,,,,,0,stage2,1,0,0,0
U012110,2024-03-04,Organic,Mobile,East,45-54,2024-03,2024-03-04,,,,,,0,stage1,0,0,0,0
U012113,2024-02-17,Referral,Mobile,North,35-44,2024-02,2024-02-17,2024-02-17,2024-02-18,,,,0,stage3,1,1,0,0
U012115,2024-03-01,Social,Mobile,South,25-34,2024-03,2024-03-01,2024-03-03,,,,,0,stage2,1,0,0,0
U012116,2024-02-06,Paid_Search,Mobile,East,25-34,2024-02,2024-02-06,2024-02-08,2024-02-10,,,,0,stage3,1,1,0,0
U012118,2024-02-10,Organic,Mobile,East,55+,2024-02,2024-02-10,2024-02-11,,,,,0,stage2,1,0,0,0
U012119,2024-03-10,Referral,Desktop,North,35-44,2024-03,2024-03-10,2024-03-12,2024-03-15,,,,0,stage3,1,1,0,0
U012121,2024-03-23,Referral,Mobile,East,45-54,2024-03,2024-03-23,2024-03-25,2024-03-28,,,,0,stage3,1,1,0,0
U012122,2024-03-23,Social,Mobile,North,55+,2024-03,2024-03-23,,,,,,0,stage1,0,0,0,0
U012124,2024-02-16,Paid_Search,Mobile,East,18-24,2024-02,2024-02-16,2024-02-18,,,,,0,stage2,1,0,0,0
U012126,2024-02-13,Email,Mobile,South,25-34,2024-02,2024-02-13,2024-02-15,2024-02-17,,,,0,stage3,1,1,0,0
U012127,2024-02-05,Organic,Desktop,South,18-24,2024-02,2024-02-05,,,,,,0,stage1,0,0,0,0
U012128,2024-03-21,Referral,Desktop,South,18-24,2024-03,2024-03-21,2024-03-21,,,,,0,stage2,1,0,0,0
U012130,2024-01-30,Organic,Mobile,East,18-24,2024-01,2024-01-30,2024-02-01,2024-02-03,,,,0,stage3,1,1,0,0
U012136,2024-03-07,Organic,Mobile,East,35-44,2024-03,2024-03-07,,,,,,0,stage1,0,0,0,0
U012142,2024-02-24,Paid_Search,Desktop,West,35-44,2024-02,2024-02-24,2024-02-25,2024-02-26,,,,0,stage3,1,1,0,0
U012143,2024-03-17,Organic,Mobile,South,45-54,2024-03,2024-03-17,2024-03-18,,,,,0,stage2,1,0,0,0
U012145,2024-03-16,Paid_Search,Desktop,West,18-24,2024-03,2024-03-16,,,,,,0,stage1,0,0,0,0
U012146,2024-01-29,Organic,Mobile,South,18-24,2024-01,2024-01-29,2024-01-30,2024-01-31,,,,0,stage3,1,1,0,0
U012151,2024-03-07,Social,Mobile,North,18-24,2024-03,2024-03-07,,,,,,0,stage1,0,0,0,0
U012152,2024-03-15,Organic,Mobile,North,18-24,2024-03,2024-03-15,2024-03-17,,,,,0,stage2,1,0,0,0
U012153,2024-02-22,Social,Desktop,Central,18-24,2024-02,2024-02-22,,,,,,0,stage1,0,0,0,0
U012154,2024-01-10,Organic,Mobile,South,35-44,2024-01,2024-01-10,2024-01-11,,,,,0,stage2,1,0,0,0
U012155,2024-02-29,Paid_Search,Desktop,West,55+,2024-02,2024-02-29,,,,,,0,stage1,0,0,0,0
U012157,2024-02-01,Paid_Search,Mobile,South,25-34,2024-02,2024-02-01,,,,,,0,stage1,0,0,0,0
U012159,2024-02-21,Referral,Mobile,East,35-44,2024-02,2024-02-21,2024-02-21,2024-02-24,,,,0,stage3,1,1,0,0
U012161,2024-02-16,Paid_Search,Mobile,West,55+,2024-02,2024-02-16,,,,,,0,stage1,0,0,0,0
U012163,2024-01-10,Paid_Search,Mobile,South,35-44,2024-01,2024-01-10,,,,,,0,stage1,0,0,0,0
U012166,2024-02-14,Referral,Mobile,West,18-24,2024-02,2024-02-14,2024-02-15,,,,,0,stage2,1,0,0,0
U012169,2024-03-21,Email,Mobile,East,45-54,2024-03,2024-03-21,2024-03-23,2024-03-24,,,,0,stage3,1,1,0,0
U012170,2024-03-21,Email,Mobile,West,35-44,2024-03,2024-03-21,,,,,,0,stage1,0,0,0,0
U012171,2024-02-16,Social,Desktop,East,45-54,2024-02,2024-02-16,2024-02-16,,,,,0,stage2,1,0,0,0
U012173,2024-02-24,Paid_Search,Mobile,North,35-44,2024-02,2024-02-24,,,,,,0,stage1,0,0,0,0
U012174,2024-03-24,Email,Mobile,West,35-44,2024-03,2024-03-24,2024-03-26,2024-03-27,,,,0,stage3,1,1,0,0
U012176,2024-01-13,Social,Tablet,Central,25-34,2024-01,2024-01-13,,,,,,0,stage1,0,0,0,0
U012177,2024-01-26,Paid_Search,Desktop,Central,25-34,2024-01,2024-01-26,,,,,,0,stage1,0,0,0,0
U012179,2024-01-28,Organic,Desktop,North,35-44,2024-01,2024-01-28,2024-01-29,2024-01-31,,,,0,stage3,1,1,0,0
U012183,2024-01-23,Referral,Mobile,West,18-24,2024-01,2024-01-23,,,,,,0,stage1,0,0,0,0
U012187,2024-03-20,Paid_Search,Desktop,West,35-44,2024-03,2024-03-20,2024-03-20,2024-03-21,,,,0,stage3,1,1,0,0
U012191,2024-03-06,Social,Mobile,South,35-44,2024-03,2024-03-06,2024-03-07,2024-03-10,,,,0,stage3,1,1,0,0
U012193,2024-03-28,Email,Mobile,North,25-34,2024-03,2024-03-28,,,,,,0,stage1,0,0,0,0
U012194,2024-01-14,Social,Mobile,East,35-44,2024-01,2024-01-14,2024-01-16,,,,,0,stage2,1,0,0,0
U012197,2024-01-08,Paid_Search,Mobile,South,25-34,2024-01,2024-01-08,,,,,,0,stage1,0,0,0,0
U012203,2024-03-28,Organic,Mobile,South,18-24,2024-03,2024-03-28,,,,,,0,stage1,0,0,0,0
U012204,2024-02-11,Organic,Desktop,South,25-34,2024-02,2024-02-11,2024-02-11,,,,,0,stage2,1,0,0,0
U012208,2024-03-15,Referral,Mobile,North,18-24,2024-03,2024-03-15,2024-03-16,,,,,0,stage2,1,0,0,0
U012209,2024-02-13,Email,Desktop,East,55+,2024-02,2024-02-13,,,,,,0,stage1,0,0,0,0
U012211,2024-03-11,Referral,Desktop,East,25-34,2024-03,2024-03-11,2024-03-13,2024-03-16,2024-03-18,2024-03-21,2024-03-23,1,Converted,1,1,1,1
U012218,2024-03-25,Organic,Mobile,East,18-24,2024-03,2024-03-25,2024-03-27,2024-03-30,,,,0,stage3,1,1,0,0
U012220,2024-03-30,Organic,Desktop,East,18-24,2024-03,2024-03-30,2024-04-01,,,,,0,stage2,1,0,0,0
U012221,2024-02-02,Paid_Search,Mobile,West,18-24,2024-02,2024-02-02,,,,,,0,stage1,0,0,0,0
U012223,2024-01-29,Social,Mobile,East,25-34,2024-01,2024-01-29,,,,,,0,stage1,0,0,0,0
U012229,2024-01-19,Referral,Desktop,South,35-44,2024-01,2024-01-19,2024-01-19,2024-01-21,2024-01-23,2024-01-25,2024-01-27,1,Converted,1,1,1,1
U012232,2024-03-25,Referral,Tablet,North,18-24,2024-03,2024-03-25,2024-03-27,2024-03-30,,,,0,stage3,1,1,0,0
U012233,2024-03-17,Organic,Mobile,East,25-34,2024-03,2024-03-17,2024-03-18,,,,,0,stage2,1,0,0,0
U012234,2024-03-25,Social,Mobile,West,25-34,2024-03,2024-03-25,2024-03-25,2024-03-27,,,,0,stage3,1,1,0,0
U012235,2024-02-22,Organic,Desktop,Central,45-54,2024-02,2024-02-22,,,,,,0,stage1,0,0,0,0
U012237,2024-02-10,Paid_Search,Desktop,South,18-24,2024-02,2024-02-10,2024-02-12,,,,,0,stage2,1,0,0,0
U012239,2024-01-27,Paid_Search,Tablet,North,35-44,2024-01,2024-01-27,,,,,,0,stage1,0,0,0,0
U012240,2024-01-22,Organic,Mobile,North,18-24,2024-01,2024-01-22,2024-01-22,,,,,0,stage2,1,0,0,0
U012241,2024-02-25,Organic,Mobile,North,25-34,2024-02,2024-02-25,,,,,,0,stage1,0,0,0,0
U012244,2024-01-30,Organic,Mobile,East,35-44,2024-01,2024-01-30,,,,,,0,stage1,0,0,0,0
U012245,2024-01-21,Organic,Mobile,West,25-34,2024-01,2024-01-21,,,,,,0,stage1,0,0,0,0
U012248,2024-01-21,Paid_Search,Desktop,Central,18-24,2024-01,2024-01-21,2024-01-22,2024-01-24,2024-01-26,2024-01-27,2024-01-27,1,Converted,1,1,1,1
U012252,2024-01-13,Paid_Search,Desktop,East,35-44,2024-01,2024-01-13,,,,,,0,stage1,0,0,0,0
U012254,2024-03-21,Organic,Mobile,West,45-54,2024-03,2024-03-21,2024-03-21,,,,,0,stage2,1,0,0,0
U012258,2024-02-26,Social,Mobile,North,18-24,2024-02,2024-02-26,2024-02-27,,,,,0,stage2,1,0,0,0
U012259,2024-01-23,Referral,Mobile,East,25-34,2024-01,2024-01-23,,,,,,0,stage1,0,0,0,0
U012261,2024-03-21,Organic,Mobile,South,45-54,2024-03,2024-03-21,2024-03-23,2024-03-26,2024-03-28,,,0,stage4,1,1,1,0
U012262,2024-01-06,Email,Mobile,West,25-34,2024-01,2024-01-06,2024-01-08,,,,,0,stage2,1,0,0,0
U012264,2024-01-04,Organic,Mobile,North,18-24,2024-01,2024-01-04,2024-01-06,2024-01-08,,,,0,stage3,1,1,0,0
U012265,2024-02-19,Email,Mobile,East,18-24,2024-02,2024-02-19,,,,,,0,stage1,0,0,0,0
U012266,2024-02-02,Social,Mobile,North,25-34,2024-02,2024-02-02,2024-02-04,,,,,0,stage2,1,0,0,0
U012268,2024-01-06,Paid_Search,Mobile,South,25-34,2024-01,2024-01-06,2024-01-08,,,,,0,stage2,1,0,0,0
U012269,2024-02-01,Social,Desktop,South,45-54,2024-02,2024-02-01,2024-02-01,,,,,0,stage2,1,0,0,0
U012271,2024-03-02,Referral,Tablet,South,25-34,2024-03,2024-03-02,2024-03-04,2024-03-05,2024-03-05,2024-03-07,,0,stage5,1,1,1,1
U012273,2024-03-19,Email,Desktop,South,25-34,2024-03,2024-03-19,,,,,,0,stage1,0,0,0,0
U012274,2024-02-04,Organic,Desktop,Central,25-34,2024-02,2024-02-04,2024-02-06,,,,,0,stage2,1,0,0,0
U012275,2024-03-21,Paid_Search,Desktop,West,55+,2024-03,2024-03-21,,,,,,0,stage1,0,0,0,0
U012276,2024-03-30,Referral,Desktop,South,35-44,2024-03,2024-03-30,2024-03-30,2024-03-31,,,,0,stage3,1,1,0,0
U012280,2024-01-26,Paid_Search,Mobile,West,55+,2024-01,2024-01-26,2024-01-28,2024-01-31,,,,0,stage3,1,1,0,0
U012281,2024-02-01,Referral,Desktop,West,25-34,2024-02,2024-02-01,2024-02-01,2024-02-03,,,,0,stage3,1,1,0,0
U012282,2024-03-24,Organic,Desktop,South,25-34,2024-03,2024-03-24,2024-03-24,2024-03-25,,,,0,stage3,1,1,0,0
U012283,2024-03-17,Referral,Mobile,South,25-34,2024-03,2024-03-17,,,,,,0,stage1,0,0,0,0
U012284,2024-02-24,Social,Mobile,South,35-44,2024-02,2024-02-24,,,,,,0,stage1,0,0,0,0
U012286,2024-01-18,Referral,Mobile,Central,35-44,2024-01,2024-01-18,2024-01-19,,,,,0,stage2,1,0,0,0
U012289,2024-01-21,Paid_Search,Mobile,East,25-34,2024-01,2024-01-21,,,,,,0,stage1,0,0,0,0
U012290,2024-02-25,Paid_Search,Mobile,North,45-54,2024-02,2024-02-25,,,,,,0,stage1,0,0,0,0
U012292,2024-03-30,Social,Desktop,Central,18-24,2024-03,2024-03-30,,,,,,0,stage1,0,0,0,0
U012295,2024-03-03,Referral,Mobile,South,18-24,2024-03,2024-03-03,,,,,,0,stage1,0,0,0,0
U012296,2024-02-23,Referral,Mobile,South,25-34,2024-02,2024-02-23,2024-02-24,2024-02-25,2024-02-27,2024-02-28,2024-03-01,1,Converted,1,1,1,1
U012297,2024-01-02,Referral,Mobile,North,18-24,2024-01,2024-01-02,2024-01-04,,,,,0,stage2,1,0,0,0
U012298,2024-03-26,Organic,Mobile,East,45-54,2024-03,2024-03-26,2024-03-28,2024-03-30,2024-03-31,2024-04-01,2024-04-02,1,Converted,1,1,1,1
U012304,2024-02-17,Referral,Mobile,South,25-34,2024-02,2024-02-17,2024-02-18,2024-02-20,,,,0,stage3,1,1,0,0
U012305,2024-01-30,Email,Mobile,West,55+,2024-01,2024-01-30,2024-01-30,2024-02-01,2024-02-02,,,0,stage4,1,1,1,0
U012306,2024-03-04,Referral,Desktop,West,55+,2024-03,2024-03-04,2024-03-05,,,,,0,stage2,1,0,0,0
U012308,2024-01-11,Paid_Search,Mobile,North,25-34,2024-01,2024-01-11,2024-01-13,,,,,0,stage2,1,0,0,0
U012309,2024-02-04,Social,Mobile,South,45-54,2024-02,2024-02-04,,,,,,0,stage1,0,0,0,0
U012311,2024-03-02,Referral,Mobile,South,35-44,2024-03,2024-03-02,2024-03-03,2024-03-05,2024-03-05,2024-03-09,2024-03-09,1,Converted,1,1,1,1
U012312,2024-02-10,Email,Mobile,North,18-24,2024-02,2024-02-10,,,,,,0,stage1,0,0,0,0
U012317,2024-03-28,Paid_Search,Desktop,Central,18-24,2024-03,2024-03-28,2024-03-28,,,,,0,stage2,1,0,0,0
U012318,2024-03-16,Social,Tablet,Central,25-34,2024-03,2024-03-16,2024-03-16,2024-03-19,2024-03-19,2024-03-23,,0,stage5,1,1,1,1
U012319,2024-03-06,Paid_Search,Mobile,West,25-34,2024-03,2024-03-06,2024-03-07,2024-03-08,,,,0,stage3,1,1,0,0
U012323,2024-02-22,Paid_Search,Tablet,West,25-34,2024-02,2024-02-22,2024-02-23,,,,,0,stage2,1,0,0,0
U012326,2024-01-11,Organic,Mobile,North,35-44,2024-01,2024-01-11,2024-01-12,2024-01-13,,,,0,stage3,1,1,0,0
U012327,2024-01-10,Organic,Mobile,East,18-24,2024-01,2024-01-10,2024-01-10,,,,,0,stage2,1,0,0,0
U012329,2024-02-24,Social,Desktop,East,35-44,2024-02,2024-02-24,,,,,,0,stage1,0,0,0,0
U012330,2024-01-03,Paid_Search,Mobile,Central,55+,2024-01,2024-01-03,2024-01-04,,,,,0,stage2,1,0,0,0
U012331,2024-02-06,Paid_Search,Mobile,East,45-54,2024-02,2024-02-06,,,,,,0,stage1,0,0,0,0
U012334,2024-03-08,Referral,Mobile,West,25-34,2024-03,2024-03-08,,,,,,0,stage1,0,0,0,0
U012337,2024-03-22,Paid_Search,Mobile,East,35-44,2024-03,2024-03-22,,,,,,0,stage1,0,0,0,0
U012338,2024-02-24,Email,Mobile,South,25-34,2024-02,2024-02-24,2024-02-24,,,,,0,stage2,1,0,0,0
U012345,2024-01-01,Organic,Desktop,Central,25-34,2024-01,2024-01-01,2024-01-03,,,,,0,stage2,1,0,0,0
U012346,2024-02-14,Paid_Search,Mobile,East,35-44,2024-02,2024-02-14,2024-02-14,,,,,0,stage2,1,0,0,0
U012348,2024-03-22,Organic,Desktop,Central,25-34,2024-03,2024-03-22,,,,,,0,stage1,0,0,0,0
U012349,2024-03-30,Paid_Search,Desktop,West,25-34,2024-03,2024-03-30,,,,,,0,stage1,0,0,0,0
U012350,2024-01-29,Organic,Tablet,South,25-34,2024-01,2024-01-29,2024-01-31,,,,,0,stage2,1,0,0,0
U012351,2024-03-01,Referral,Tablet,West,25-34,2024-03,2024-03-01,,,,,,0,stage1,0,0,0,0
U012352,2024-03-25,Organic,Mobile,North,25-34,2024-03,2024-03-25,2024-03-27,2024-03-30,2024-03-31,2024-04-02,2024-04-03,1,Converted,1,1,1,1
U012353,2024-02-01,Referral,Mobile,Central,18-24,2024-02,2024-02-01,,,,,,0,stage1,0,0,0,0
U012355,2024-03-09,Paid_Search,Mobile,Central,25-34,2024-03,2024-03-09,2024-03-09,,,,,0,stage2,1,0,0,0
U012356,2024-01-06,Referral,Desktop,Central,25-34,2024-01,2024-01-06,2024-01-08,2024-01-10,,,,0,stage3,1,1,0,0
U012358,2024-01-31,Referral,Mobile,Central,25-34,2024-01,2024-01-31,2024-01-31,2024-02-02,,,,0,stage3,1,1,0,0
U012359,2024-03-10,Organic,Desktop,Central,25-34,2024-03,2024-03-10,,,,,,0,stage1,0,0,0,0
U012360,2024-01-09,Paid_Search,Desktop,South,25-34,2024-01,2024-01-09,,,,,,0,stage1,0,0,0,0
U012361,2024-02-21,Email,Mobile,East,18-24,2024-02,2024-02-21,2024-02-22,,,,,0,stage2,1,0,0,0
U012362,2024-02-23,Organic,Desktop,West,35-44,2024-02,2024-02-23,2024-02-25,,,,,0,stage2,1,0,0,0
U012364,2024-02-22,Paid_Search,Desktop,Central,18-24,2024-02,2024-02-22,,,,,,0,stage1,0,0,0,0
U012368,2024-02-26,Paid_Search,Desktop,North,35-44,2024-02,2024-02-26,2024-02-28,,,,,0,stage2,1,0,0,0
U012369,2024-02-29,Paid_Search,Tablet,East,55+,2024-02,2024-02-29,2024-02-29,,,,,0,stage2,1,0,0,0
U012373,2024-02-29,Referral,Desktop,West,55+,2024-02,2024-02-29,2024-03-02,2024-03-03,2024-03-05,2024-03-06,2024-03-08,1,Converted,1,1,1,1
U012374,2024-01-29,Organic,Mobile,East,35-44,2024-01,2024-01-29,,,,,,0,stage1,0,0,0,0
U012375,2024-03-30,Organic,Mobile,East,18-24,2024-03,2024-03-30,,,,,,0,stage1,0,0,0,0
U012376,2024-02-19,Paid_Search,Mobile,West,25-34,2024-02,2024-02-19,2024-02-21,2024-02-24,,,,0,stage3,1,1,0,0
U012379,2024-02-12,Social,Mobile,Central,35-44,2024-02,2024-02-12,2024-02-12,,,,,0,stage2,1,0,0,0
U012380,2024-03-08,Referral,Mobile,Central,25-34,2024-03,2024-03-08,2024-03-08,,,,,0,stage2,1,0,0,0
U012382,2024-02-29,Referral,Desktop,East,35-44,2024-02,2024-02-29,2024-02-29,,,,,0,stage2,1,0,0,0
U012387,2024-02-04,Organic,Desktop,East,25-34,2024-02,2024-02-04,,,,,,0,stage1,0,0,0,0
U012388,2024-01-02,Organic,Mobile,South,25-34,2024-01,2024-01-02,2024-01-03,2024-01-05,,,,0,stage3,1,1,0,0
U012389,2024-01-17,Social,Desktop,South,25-34,2024-01,2024-01-17,,,,,,0,stage1,0,0,0,0
U012390,2024-01-06,Organic,Desktop,East,45-54,2024-01,2024-01-06,,,,,,0,stage1,0,0,0,0
U012391,2024-01-15,Paid_Search,Mobile,Central,25-34,2024-01,2024-01-15,2024-01-17,,,,,0,stage2,1,0,0,0
U012395,2024-03-10,Social,Desktop,East,25-34,2024-03,2024-03-10,,,,,,0,stage1,0,0,0,0
U012396,2024-01-26,Social,Mobile,South,18-24,2024-01,2024-01-26,,,,,,0,stage1,0,0,0,0
U012398,2024-02-25,Organic,Desktop,North,45-54,2024-02,2024-02-25,,,,,,0,stage1,0,0,0,0
U012399,2024-02-10,Social,Desktop,South,55+,2024-02,2024-02-10,2024-02-11,,,,,0,stage2,1,0,0,0
U012402,2024-01-20,Referral,Mobile,East,35-44,2024-01,2024-01-20,,,,,,0,stage1,0,0,0,0
U012403,2024-01-16,Referral,Desktop,North,25-34,2024-01,2024-01-16,2024-01-18,2024-01-20,2024-01-22,,,0,stage4,1,1,1,0
U012405,2024-01-26,Email,Mobile,South,25-34,2024-01,2024-01-26,2024-01-28,,,,,0,stage2,1,0,0,0
U012406,2024-02-06,Social,Mobile,Central,55+,2024-02,2024-02-06,,,,,,0,stage1,0,0,0,0
U012407,2024-02-06,Paid_Search,Desktop,North,35-44,2024-02,2024-02-06,2024-02-07,2024-02-10,,,,0,stage3,1,1,0,0
U012413,2024-02-16,Referral,Mobile,Central,45-54,2024-02,2024-02-16,2024-02-16,2024-02-18,2024-02-18,2024-02-22,2024-02-23,1,Converted,1,1,1,1
U012414,2024-02-06,Paid_Search,Desktop,East,45-54,2024-02,2024-02-06,2024-02-06,,,,,0,stage2,1,0,0,0
U012415,2024-03-15,Referral,Desktop,West,25-34,2024-03,2024-03-15,2024-03-15,2024-03-17,,,,0,stage3,1,1,0,0
U012419,2024-01-26,Organic,Desktop,North,55+,2024-01,2024-01-26,2024-01-26,2024-01-29,,,,0,stage3,1,1,0,0
U012421,2024-01-14,Organic,Desktop,East,35-44,2024-01,2024-01-14,2024-01-14,,,,,0,stage2,1,0,0,0
U012422,2024-02-19,Referral,Desktop,West,35-44,2024-02,2024-02-19,2024-02-20,,,,,0,stage2,1,0,0,0
U012425,2024-01-26,Paid_Search,Mobile,South,25-34,2024-01,2024-01-26,,,,,,0,stage1,0,0,0,0
U012427,2024-02-25,Paid_Search,Desktop,West,18-24,2024-02,2024-02-25,2024-02-25,2024-02-27,,,,0,stage3,1,1,0,0
U012428,2024-01-04,Organic,Mobile,East,55+,2024-01,2024-01-04,2024-01-04,2024-01-07,2024-01-08,2024-01-12,2024-01-14,1,Converted,1,1,1,1
U012430,2024-01-09,Referral,Mobile,South,18-24,2024-01,2024-01-09,,,,,,0,stage1,0,0,0,0
U012431,2024-01-09,Paid_Search,Mobile,South,25-34,2024-01,2024-01-09,,,,,,0,stage1,0,0,0,0
U012433,2024-03-26,Paid_Search,Desktop,West,18-24,2024-03,2024-03-26,2024-03-26,,,,,0,stage2,1,0,0,0
U012435,2024-02-04,Organic,Desktop,West,18-24,2024-02,2024-02-04,2024-02-04,2024-02-07,2024-02-08,2024-02-10,2024-02-11,1,Converted,1,1,1,1
U012438,2024-01-08,Referral,Mobile,North,35-44,2024-01,2024-01-08,2024-01-08,,,,,0,stage2,1,0,0,0
U012439,2024-01-25,Organic,Mobile,South,45-54,2024-01,2024-01-25,,,,,,0,stage1,0,0,0,0
U012441,2024-02-04,Organic,Desktop,East,45-54,2024-02,2024-02-04,,,,,,0,stage1,0,0,0,0
U012442,2024-03-26,Social,Mobile,West,35-44,2024-03,2024-03-26,2024-03-28,2024-03-29,,,,0,stage3,1,1,0,0
U012443,2024-01-07,Social,Mobile,South,25-34,2024-01,2024-01-07,2024-01-08,,,,,0,stage2,1,0,0,0
U012444,2024-02-25,Paid_Search,Mobile,South,45-54,2024-02,2024-02-25,,,,,,0,stage1,0,0,0,0
U012449,2024-01-07,Organic,Desktop,Central,35-44,2024-01,2024-01-07,2024-01-08,,,,,0,stage2,1,0,0,0
U012450,2024-03-21,Paid_Search,Desktop,South,45-54,2024-03,2024-03-21,2024-03-23,,,,,0,stage2,1,0,0,0
U012451,2024-03-12,Organic,Mobile,Central,35-44,2024-03,2024-03-12,,,,,,0,stage1,0,0,0,0
U012453,2024-01-18,Paid_Search,Desktop,North,35-44,2024-01,2024-01-18,2024-01-19,,,,,0,stage2,1,0,0,0
U012454,2024-01-02,Referral,Desktop,North,35-44,2024-01,2024-01-02,2024-01-03,,,,,0,stage2,1,0,0,0
U012455,2024-03-06,Referral,Desktop,West,18-24,2024-03,2024-03-06,2024-03-07,2024-03-08,,,,0,stage3,1,1,0,0
U012457,2024-02-07,Organic,Mobile,North,25-34,2024-02,2024-02-07,2024-02-07,2024-02-09,2024-02-10,,,0,stage4,1,1,1,0
U012458,2024-02-03,Paid_Search,Desktop,South,45-54,2024-02,2024-02-03,,,,,,0,stage1,0,0,0,0
U012459,2024-02-17,Social,Mobile,Central,25-34,2024-02,2024-02-17,,,,,,0,stage1,0,0,0,0
U012461,2024-01-24,Organic,Mobile,South,25-34,2024-01,2024-01-24,2024-01-26,,,,,0,stage2,1,0,0,0
U012463,2024-01-04,Referral,Desktop,Central,25-34,2024-01,2024-01-04,,,,,,0,stage1,0,0,0,0
U012464,2024-02-06,Organic,Mobile,North,25-34,2024-02,2024-02-06,2024-02-07,,,,,0,stage2,1,0,0,0
U012465,2024-02-16,Paid_Search,Desktop,Central,25-34,2024-02,2024-02-16,2024-02-16,,,,,0,stage2,1,0,0,0
U012467,2024-01-22,Organic,Desktop,East,45-54,2024-01,2024-01-22,2024-01-22,,,,,0,stage2,1,0,0,0
U012469,2024-01-05,Social,Desktop,Central,25-34,2024-01,2024-01-05,,,,,,0,stage1,0,0,0,0
U012471,2024-03-10,Organic,Desktop,North,35-44,2024-03,2024-03-10,,,,,,0,stage1,0,0,0,0
U012472,2024-03-19,Social,Desktop,East,18-24,2024-03,2024-03-19,2024-03-21,,,,,0,stage2,1,0,0,0
U012477,2024-02-23,Referral,Mobile,South,35-44,2024-02,2024-02-23,,,,,,0,stage1,0,0,0,0
U012479,2024-01-25,Referral,Mobile,South,25-34,2024-01,2024-01-25,2024-01-25,,,,,0,stage2,1,0,0,0
U012480,2024-02-03,Organic,Mobile,West,25-34,2024-02,2024-02-03,2024-02-04,2024-02-06,2024-02-06,2024-02-10,2024-02-12,1,Converted,1,1,1,1
U012481,2024-03-17,Paid_Search,Mobile,East,35-44,2024-03,2024-03-17,2024-03-19,,,,,0,stage2,1,0,0,0
U012484,2024-03-29,Paid_Search,Desktop,West,18-24,2024-03,2024-03-29,2024-03-31,,,,,0,stage2,1,0,0,0
U012487,2024-03-30,Organic,Mobile,Central,45-54,2024-03,2024-03-30,,,,,,0,stage1,0,0,0,0
U012488,2024-01-29,Organic,Mobile,East,45-54,2024-01,2024-01-29,2024-01-30,,,,,0,stage2,1,0,0,0
U012489,2024-01-10,Organic,Mobile,South,18-24,2024-01,2024-01-10,,,,,,0,stage1,0,0,0,0
U012490,2024-02-03,Paid_Search,Mobile,North,25-34,2024-02,2024-02-03,2024-02-03,2024-02-04,2024-02-06,2024-02-07,,0,stage5,1,1,1,1
U012491,2024-03-22,Paid_Search,Desktop,West,45-54,2024-03,2024-03-22,2024-03-24,,,,,0,stage2,1,0,0,0
U012493,2024-01-24,Organic,Desktop,North,35-44,2024-01,2024-01-24,,,,,,0,stage1,0,0,0,0
U012494,2024-02-13,Organic,Desktop,South,55+,2024-02,2024-02-13,2024-02-14,,,,,0,stage2,1,0,0,0
U012497,2024-03-14,Organic,Desktop,West,35-44,2024-03,2024-03-14,,,,,,0,stage1,0,0,0,0
U012504,2024-02-02,Email,Mobile,East,25-34,2024-02,2024-02-02,2024-02-02,,,,,0,stage2,1,0,0,0
U012507,2024-01-16,Referral,Desktop,East,25-34,2024-01,2024-01-16,2024-01-16,2024-01-19,,,,0,stage3,1,1,0,0
U012510,2024-01-07,Organic,Desktop,South,35-44,2024-01,2024-01-07,,,,,,0,stage1,0,0,0,0
U012513,2024-01-09,Referral,Desktop,West,18-24,2024-01,2024-01-09,2024-01-10,2024-01-12,,,,0,stage3,1,1,0,0
U012516,2024-01-13,Referral,Desktop,Central,18-24,2024-01,2024-01-13,2024-01-14,2024-01-17,2024-01-19,2024-01-21,2024-01-22,1,Converted,1,1,1,1
U012518,2024-02-02,Organic,Mobile,South,18-24,2024-02,2024-02-02,2024-02-02,,,,,0,stage2,1,0,0,0
U012519,2024-03-24,Social,Mobile,South,55+,2024-03,2024-03-24,2024-03-24,,,,,0,stage2,1,0,0,0
U012520,2024-03-12,Organic,Mobile,South,35-44,2024-03,2024-03-12,2024-03-14,,,,,0,stage2,1,0,0,0
U012521,2024-03-09,Organic,Desktop,North,25-34,2024-03,2024-03-09,2024-03-11,,,,,0,stage2,1,0,0,0
U012523,2024-03-10,Referral,Mobile,East,55+,2024-03,2024-03-10,2024-03-11,,,,,0,stage2,1,0,0,0
U012524,2024-01-11,Organic,Mobile,North,25-34,2024-01,2024-01-11,,,,,,0,stage1,0,0,0,0
U012526,2024-03-11,Email,Mobile,South,35-44,2024-03,2024-03-11,2024-03-12,2024-03-13,,,,0,stage3,1,1,0,0
U012527,2024-02-07,Organic,Mobile,South,55+,2024-02,2024-02-07,2024-02-09,2024-02-10,2024-02-10,2024-02-11,2024-02-11,1,Converted,1,1,1,1
U012528,2024-02-21,Social,Mobile,West,18-24,2024-02,2024-02-21,2024-02-23,2024-02-26,,,,0,stage3,1,1,0,0
U012531,2024-03-25,Email,Desktop,South,18-24,2024-03,2024-03-25,,,,,,0,stage1,0,0,0,0
U012532,2024-01-01,Organic,Mobile,East,18-24,2024-01,2024-01-01,2024-01-01,2024-01-02,,,,0,stage3,1,1,0,0
U012533,2024-01-01,Organic,Tablet,South,45-54,2024-01,2024-01-01,,,,,,0,stage1,0,0,0,0
U012534,2024-01-16,Paid_Search,Desktop,South,25-34,2024-01,2024-01-16,2024-01-16,,,,,0,stage2,1,0,0,0
U012535,2024-01-05,Referral,Mobile,South,45-54,2024-01,2024-01-05,2024-01-07,2024-01-10,2024-01-11,2024-01-13,2024-01-14,1,Converted,1,1,1,1
U012539,2024-01-02,Organic,Mobile,West,18-24,2024-01,2024-01-02,,,,,,0,stage1,0,0,0,0
U012540,2024-01-01,Email,Desktop,North,55+,2024-01,2024-01-01,,,,,,0,stage1,0,0,0,0
U012543,2024-01-24,Email,Desktop,West,18-24,2024-01,2024-01-24,2024-01-24,2024-01-26,,,,0,stage3,1,1,0,0
U012544,2024-01-31,Paid_Search,Desktop,Central,18-24,2024-01,2024-01-31,2024-02-01,,,,,0,stage2,1,0,0,0
U012545,2024-01-01,Referral,Desktop,South,25-34,2024-01,2024-01-01,2024-01-01,2024-01-04,,,,0,stage3,1,1,0,0
U012546,2024-01-24,Paid_Search,Mobile,West,35-44,2024-01,2024-01-24,2024-01-25,,,,,0,stage2,1,0,0,0
U012548,2024-03-01,Organic,Desktop,West,25-34,2024-03,2024-03-01,2024-03-01,,,,,0,stage2,1,0,0,0
U012551,2024-02-21,Organic,Desktop,South,25-34,2024-02,2024-02-21,2024-02-22,,,,,0,stage2,1,0,0,0
U012556,2024-01-12,Organic,Mobile,South,25-34,2024-01,2024-01-12,2024-01-13,2024-01-14,,,,0,stage3,1,1,0,0
U012560,2024-03-07,Organic,Desktop,West,55+,2024-03,2024-03-07,2024-03-08,,,,,0,stage2,1,0,0,0
U012561,2024-03-03,Paid_Search,Mobile,South,25-34,2024-03,2024-03-03,2024-03-03,,,,,0,stage2,1,0,0,0
U012562,2024-01-13,Referral,Desktop,South,55+,2024-01,2024-01-13,2024-01-13,2024-01-16,,,,0,stage3,1,1,0,0
U012564,2024-03-11,Social,Mobile,East,18-24,2024-03,2024-03-11,,,,,,0,stage1,0,0,0,0
U012566,2024-02-26,Paid_Search,Mobile,East,25-34,2024-02,2024-02-26,,,,,,0,stage1,0,0,0,0
U012567,2024-03-04,Organic,Desktop,North,25-34,2024-03,2024-03-04,,,,,,0,stage1,0,0,0,0
U012569,2024-01-31,Paid_Search,Mobile,West,35-44,2024-01,2024-01-31,2024-01-31,2024-02-03,,,,0,stage3,1,1,0,0
U012570,2024-03-03,Paid_Search,Mobile,West,35-44,2024-03,2024-03-03,2024-03-04,,,,,0,stage2,1,0,0,0
U012571,2024-01-22,Organic,Mobile,Central,18-24,2024-01,2024-01-22,2024-01-22,2024-01-25,2024-01-25,2024-01-28,,0,stage5,1,1,1,1
U012572,2024-01-24,Paid_Search,Mobile,Central,25-34,2024-01,2024-01-24,,,,,,0,stage1,0,0,0,0
U012578,2024-02-06,Organic,Mobile,Central,35-44,2024-02,2024-02-06,,,,,,0,stage1,0,0,0,0
U012580,2024-03-20,Paid_Search,Desktop,South,45-54,2024-03,2024-03-20,,,,,,0,stage1,0,0,0,0
U012581,2024-02-08,Organic,Mobile,North,45-54,2024-02,2024-02-08,,,,,,0,stage1,0,0,0,0
U012582,2024-01-05,Paid_Search,Mobile,Central,25-34,2024-01,2024-01-05,2024-01-05,2024-01-08,,,,0,stage3,1,1,0,0
U012583,2024-03-07,Paid_Search,Mobile,Central,25-34,2024-03,2024-03-07,,,,,,0,stage1,0,0,0,0
U012585,2024-01-18,Referral,Tablet,South,45-54,2024-01,2024-01-18,,,,,,0,stage1,0,0,0,0
U012587,2024-03-23,Email,Mobile,East,18-24,2024-03,2024-03-23,,,,,,0,stage1,0,0,0,0
U012588,2024-03-02,Organic,Mobile,Central,35-44,2024-03,2024-03-02,,,,,,0,stage1,0,0,0,0
U012589,2024-03-12,Paid_Search,Mobile,Central,55+,2024-03,2024-03-12,,,,,,0,stage1,0,0,0,0
U012591,2024-01-08,Paid_Search,Mobile,West,55+,2024-01,2024-01-08,2024-01-09,,,,,0,stage2,1,0,0,0
U012592,2024-03-23,Referral,Mobile,North,25-34,2024-03,2024-03-23,2024-03-24,,,,,0,stage2,1,0,0,0
U012597,2024-01-14,Organic,Mobile,South,35-44,2024-01,2024-01-14,2024-01-14,2024-01-15,2024-01-17,2024-01-19,2024-01-20,1,Converted,1,1,1,1
U012599,2024-01-05,Social,Desktop,Central,55+,2024-01,2024-01-05,,,,,,0,stage1,0,0,0,0
U012600,2024-02-05,Referral,Mobile,North,18-24,2024-02,2024-02-05,,,,,,0,stage1,0,0,0,0
U012602,2024-01-24,Organic,Mobile,West,45-54,2024-01,2024-01-24,2024-01-26,,,,,0,stage2,1,0,0,0
U012604,2024-02-08,Email,Mobile,East,18-24,2024-02,2024-02-08,,,,,,0,stage1,0,0,0,0
U012605,2024-02-05,Organic,Mobile,South,35-44,2024-02,2024-02-05,2024-02-07,2024-02-08,,,,0,stage3,1,1,0,0
U012608,2024-03-14,Email,Desktop,West,18-24,2024-03,2024-03-14,2024-03-14,,,,,0,stage2,1,0,0,0
U012609,2024-02-08,Social,Mobile,North,25-34,2024-02,2024-02-08,,,,,,0,stage1,0,0,0,0
U012611,2024-03-29,Paid_Search,Mobile,North,25-34,2024-03,2024-03-29,,,,,,0,stage1,0,0,0,0
U012613,2024-03-08,Organic,Mobile,East,25-34,2024-03,2024-03-08,2024-03-10,,,,,0,stage2,1,0,0,0
U012614,2024-03-24,Paid_Search,Desktop,West,25-34,2024-03,2024-03-24,,,,,,0,stage1,0,0,0,0
U012615,2024-02-04,Email,Desktop,West,25-34,2024-02,2024-02-04,,,,,,0,stage1,0,0,0,0
U012619,2024-03-20,Referral,Desktop,North,45-54,2024-03,2024-03-20,2024-03-20,2024-03-21,,,,0,stage3,1,1,0,0
U012620,2024-03-29,Referral,Mobile,Central,25-34,2024-03,2024-03-29,,,,,,0,stage1,0,0,0,0
U012623,2024-01-25,Paid_Search,Mobile,West,55+,2024-01,2024-01-25,,,,,,0,stage1,0,0,0,0
U012625,2024-02-05,Paid_Search,Mobile,North,45-54,2024-02,2024-02-05,,,,,,0,stage1,0,0,0,0
U012627,2024-01-28,Organic,Desktop,East,45-54,2024-01,2024-01-28,2024-01-30,,,,,0,stage2,1,0,0,0
U012628,2024-01-30,Paid_Search,Tablet,East,45-54,2024-01,2024-01-30,2024-02-01,2024-02-03,2024-02-03,2024-02-05,2024-02-07,1,Converted,1,1,1,1
U012629,2024-03-24,Paid_Search,Mobile,East,18-24,2024-03,2024-03-24,2024-03-25,,,,,0,stage2,1,0,0,0
U012631,2024-03-14,Social,Desktop,East,35-44,2024-03,2024-03-14,2024-03-16,,,,,0,stage2,1,0,0,0
U012633,2024-02-14,Paid_Search,Desktop,Central,45-54,2024-02,2024-02-14,,,,,,0,stage1,0,0,0,0
U012634,2024-02-26,Social,Desktop,South,25-34,2024-02,2024-02-26,2024-02-26,,,,,0,stage2,1,0,0,0
U012635,2024-03-08,Organic,Mobile,West,25-34,2024-03,2024-03-08,2024-03-09,,,,,0,stage2,1,0,0,0
U012637,2024-01-14,Paid_Search,Mobile,South,35-44,2024-01,2024-01-14,,,,,,0,stage1,0,0,0,0
U012638,2024-01-22,Paid_Search,Mobile,East,55+,2024-01,2024-01-22,2024-01-22,,,,,0,stage2,1,0,0,0
U012640,2024-03-03,Referral,Tablet,West,35-44,2024-03,2024-03-03,,,,,,0,stage1,0,0,0,0
U012642,2024-02-06,Organic,Mobile,South,35-44,2024-02,2024-02-06,,,,,,0,stage1,0,0,0,0
U012644,2024-01-23,Organic,Desktop,South,18-24,2024-01,2024-01-23,2024-01-25,,,,,0,stage2,1,0,0,0
U012645,2024-02-14,Organic,Mobile,West,45-54,2024-02,2024-02-14,2024-02-14,2024-02-15,,,,0,stage3,1,1,0,0
U012650,2024-01-03,Referral,Desktop,Central,18-24,2024-01,2024-01-03,2024-01-04,,,,,0,stage2,1,0,0,0
U012653,2024-03-24,Social,Mobile,West,25-34,2024-03,2024-03-24,,,,,,0,stage1,0,0,0,0
U012654,2024-02-27,Organic,Mobile,East,35-44,2024-02,2024-02-27,,,,,,0,stage1,0,0,0,0
U012655,2024-03-07,Paid_Search,Mobile,North,18-24,2024-03,2024-03-07,,,,,,0,stage1,0,0,0,0
U012656,2024-03-20,Email,Desktop,North,45-54,2024-03,2024-03-20,2024-03-21,,,,,0,stage2,1,0,0,0
U012657,2024-01-12,Referral,Mobile,East,25-34,2024-01,2024-01-12,2024-01-13,2024-01-16,,,,0,stage3,1,1,0,0
U012658,2024-02-15,Paid_Search,Mobile,Central,55+,2024-02,2024-02-15,,,,,,0,stage1,0,0,0,0
U012659,2024-02-06,Referral,Desktop,East,18-24,2024-02,2024-02-06,2024-02-07,,,,,0,stage2,1,0,0,0
U012662,2024-03-17,Referral,Mobile,East,18-24,2024-03,2024-03-17,2024-03-18,2024-03-19,2024-03-19,,,0,stage4,1,1,1,0
U012664,2024-03-26,Paid_Search,Mobile,East,18-24,2024-03,2024-03-26,,,,,,0,stage1,0,0,0,0
U012665,2024-03-01,Organic,Desktop,Central,25-34,2024-03,2024-03-01,2024-03-01,,,,,0,stage2,1,0,0,0
U012668,2024-03-07,Paid_Search,Mobile,East,45-54,2024-03,2024-03-07,2024-03-07,2024-03-09,,,,0,stage3,1,1,0,0
U012670,2024-02-13,Organic,Mobile,South,35-44,2024-02,2024-02-13,,,,,,0,stage1,0,0,0,0
U012671,2024-02-11,Organic,Mobile,East,35-44,2024-02,2024-02-11,,,,,,0,stage1,0,0,0,0
U012672,2024-03-22,Organic,Desktop,North,18-24,2024-03,2024-03-22,,,,,,0,stage1,0,0,0,0
U012673,2024-01-26,Paid_Search,Mobile,Central,35-44,2024-01,2024-01-26,,,,,,0,stage1,0,0,0,0
U012676,2024-02-16,Referral,Mobile,East,18-24,2024-02,2024-02-16,2024-02-17,2024-02-19,2024-02-19,2024-02-23,2024-02-24,1,Converted,1,1,1,1
U012679,2024-03-11,Organic,Desktop,South,35-44,2024-03,2024-03-11,2024-03-11,2024-03-14,2024-03-15,2024-03-19,2024-03-21,1,Converted,1,1,1,1
U012682,2024-03-10,Paid_Search,Mobile,West,55+,2024-03,2024-03-10,2024-03-12,,,,,0,stage2,1,0,0,0
U012683,2024-03-16,Paid_Search,Desktop,Central,35-44,2024-03,2024-03-16,,,,,,0,stage1,0,0,0,0
U012687,2024-02-23,Social,Tablet,East,18-24,2024-02,2024-02-23,,,,,,0,stage1,0,0,0,0
U012689,2024-01-10,Organic,Tablet,East,18-24,2024-01,2024-01-10,2024-01-11,2024-01-12,,,,0,stage3,1,1,0,0
U012692,2024-02-07,Referral,Mobile,East,35-44,2024-02,2024-02-07,,,,,,0,stage1,0,0,0,0
U012693,2024-02-02,Organic,Desktop,Central,18-24,2024-02,2024-02-02,2024-02-02,2024-02-04,,,,0,stage3,1,1,0,0
U012694,2024-03-10,Social,Mobile,South,45-54,2024-03,2024-03-10,2024-03-10,2024-03-12,,,,0,stage3,1,1,0,0
U012695,2024-01-14,Organic,Desktop,East,25-34,2024-01,2024-01-14,2024-01-15,,,,,0,stage2,1,0,0,0
U012698,2024-03-27,Paid_Search,Mobile,West,55+,2024-03,2024-03-27,2024-03-29,,,,,0,stage2,1,0,0,0
U012702,2024-02-14,Social,Desktop,North,35-44,2024-02,2024-02-14,2024-02-14,,,,,0,stage2,1,0,0,0
U012705,2024-02-01,Paid_Search,Mobile,West,45-54,2024-02,2024-02-01,,,,,,0,stage1,0,0,0,0
U012706,2024-01-26,Paid_Search,Mobile,Central,18-24,2024-01,2024-01-26,,,,,,0,stage1,0,0,0,0
U012709,2024-03-04,Email,Mobile,West,35-44,2024-03,2024-03-04,2024-03-04,,,,,0,stage2,1,0,0,0
U012712,2024-02-27,Organic,Mobile,West,45-54,2024-02,2024-02-27,2024-02-28,2024-03-02,2024-03-04,2024-03-07,2024-03-09,1,Converted,1,1,1,1
U012714,2024-01-17,Social,Mobile,North,45-54,2024-01,2024-01-17,2024-01-19,,,,,0,stage2,1,0,0,0
U012716,2024-03-11,Paid_Search,Mobile,West,35-44,2024-03,2024-03-11,,,,,,0,stage1,0,0,0,0
U012719,2024-01-06,Organic,Desktop,Central,25-34,2024-01,2024-01-06,,,,,,0,stage1,0,0,0,0
U012721,2024-01-05,Paid_Search,Desktop,South,25-34,2024-01,2024-01-05,2024-01-06,,,,,0,stage2,1,0,0,0
U012722,2024-01-26,Referral,Mobile,East,45-54,2024-01,2024-01-26,2024-01-26,,,,,0,stage2,1,0,0,0
U012723,2024-01-12,Paid_Search,Desktop,Central,18-24,2024-01,2024-01-12,,,,,,0,stage1,0,0,0,0
U012724,2024-02-16,Referral,Mobile,Central,35-44,2024-02,2024-02-16,2024-02-16,2024-02-17,,,,0,stage3,1,1,0,0
U012726,2024-02-17,Organic,Mobile,Central,45-54,2024-02,2024-02-17,,,,,,0,stage1,0,0,0,0
U012727,2024-03-04,Paid_Search,Mobile,North,55+,2024-03,2024-03-04,2024-03-04,,,,,0,stage2,1,0,0,0
U012728,2024-01-31,Paid_Search,Desktop,North,25-34,2024-01,2024-01-31,2024-02-02,2024-02-04,,,,0,stage3,1,1,0,0
U012729,2024-01-14,Paid_Search,Mobile,East,18-24,2024-01,2024-01-14,2024-01-15,2024-01-18,,,,0,stage3,1,1,0,0
U012731,2024-01-02,Organic,Mobile,Central,55+,2024-01,2024-01-02,2024-01-02,2024-01-04,,,,0,stage3,1,1,0,0
U012732,2024-02-06,Organic,Mobile,East,18-24,2024-02,2024-02-06,,,,,,0,stage1,0,0,0,0
U012733,2024-01-26,Paid_Search,Mobile,West,25-34,2024-01,2024-01-26,,,,,,0,stage1,0,0,0,0
U012736,2024-01-15,Paid_Search,Mobile,North,35-44,2024-01,2024-01-15,2024-01-15,,,,,0,stage2,1,0,0,0
U012737,2024-02-11,Paid_Search,Desktop,West,35-44,2024-02,2024-02-11,2024-02-11,,,,,0,stage2,1,0,0,0
U012743,2024-01-23,Paid_Search,Tablet,Central,35-44,2024-01,2024-01-23,2024-01-24,2024-01-25,,,,0,stage3,1,1,0,0
U012744,2024-01-04,Organic,Desktop,West,25-34,2024-01,2024-01-04,2024-01-04,,,,,0,stage2,1,0,0,0
U012745,2024-03-17,Paid_Search,Mobile,West,35-44,2024-03,2024-03-17,2024-03-18,,,,,0,stage2,1,0,0,0
U012746,2024-01-30,Organic,Desktop,Central,18-24,2024-01,2024-01-30,,,,,,0,stage1,0,0,0,0
U012747,2024-03-02,Email,Mobile,North,35-44,2024-03,2024-03-02,2024-03-02,2024-03-05,2024-03-06,2024-03-07,2024-03-09,1,Converted,1,1,1,1
U012751,2024-01-27,Social,Mobile,North,55+,2024-01,2024-01-27,2024-01-29,,,,,0,stage2,1,0,0,0
U012755,2024-03-25,Organic,Mobile,West,25-34,2024-03,2024-03-25,,,,,,0,stage1,0,0,0,0
U012757,2024-01-03,Organic,Desktop,West,45-54,2024-01,2024-01-03,,,,,,0,stage1,0,0,0,0
U012759,2024-02-27,Social,Mobile,East,25-34,2024-02,2024-02-27,,,,,,0,stage1,0,0,0,0
U012760,2024-03-27,Paid_Search,Tablet,Central,25-34,2024-03,2024-03-27,2024-03-29,2024-03-30,,,,0,stage3,1,1,0,0
U012762,2024-01-06,Organic,Mobile,West,55+,2024-01,2024-01-06,2024-01-07,2024-01-08,,,,0,stage3,1,1,0,0
U012767,2024-02-28,Organic,Desktop,East,45-54,2024-02,2024-02-28,2024-02-29,,,,,0,stage2,1,0,0,0
U012768,2024-01-29,Organic,Desktop,North,45-54,2024-01,2024-01-29,2024-01-30,2024-01-31,2024-02-01,2024-02-02,2024-02-04,1,Converted,1,1,1,1
U012773,2024-02-21,Organic,Desktop,East,35-44,2024-02,2024-02-21,2024-02-23,,,,,0,stage2,1,0,0,0
U012780,2024-01-28,Organic,Desktop,North,18-24,2024-01,2024-01-28,2024-01-28,,,,,0,stage2,1,0,0,0
U012781,2024-02-16,Paid_Search,Desktop,West,18-24,2024-02,2024-02-16,,,,,,0,stage1,0,0,0,0
U012782,2024-03-14,Referral,Mobile,South,25-34,2024-03,2024-03-14,,,,,,0,stage1,0,0,0,0
U012785,2024-01-04,Paid_Search,Mobile,East,35-44,2024-01,2024-01-04,,,,,,0,stage1,0,0,0,0
U012786,2024-02-13,Referral,Desktop,North,45-54,2024-02,2024-02-13,,,,,,0,stage1,0,0,0,0
U012788,2024-03-06,Paid_Search,Mobile,West,25-34,2024-03,2024-03-06,,,,,,0,stage1,0,0,0,0
U012790,2024-02-19,Email,Mobile,North,18-24,2024-02,2024-02-19,2024-02-19,2024-02-20,,,,0,stage3,1,1,0,0
U012792,2024-02-11,Organic,Mobile,East,25-34,2024-02,2024-02-11,,,,,,0,stage1,0,0,0,0
U012793,2024-02-01,Organic,Desktop,East,25-34,2024-02,2024-02-01,2024-02-02,,,,,0,stage2,1,0,0,0
U012795,2024-03-31,Referral,Desktop,North,25-34,2024-03,2024-03-31,2024-04-01,,,,,0,stage2,1,0,0,0
U012796,2024-03-07,Paid_Search,Desktop,East,45-54,2024-03,2024-03-07,,,,,,0,stage1,0,0,0,0
U012801,2024-02-06,Organic,Desktop,South,25-34,2024-02,2024-02-06,2024-02-06,2024-02-08,,,,0,stage3,1,1,0,0
U012802,2024-01-15,Organic,Desktop,South,35-44,2024-01,2024-01-15,2024-01-17,2024-01-18,2024-01-19,,,0,stage4,1,1,1,0
U012803,2024-03-17,Organic,Mobile,East,18-24,2024-03,2024-03-17,2024-03-17,2024-03-19,2024-03-19,,,0,stage4,1,1,1,0
U012804,2024-01-02,Organic,Mobile,East,35-44,2024-01,2024-01-02,2024-01-03,,,,,0,stage2,1,0,0,0
U012805,2024-01-03,Paid_Search,Mobile,South,55+,2024-01,2024-01-03,,,,,,0,stage1,0,0,0,0
U012806,2024-02-25,Organic,Mobile,West,25-34,2024-02,2024-02-25,2024-02-25,2024-02-27,2024-02-27,2024-03-01,2024-03-01,1,Converted,1,1,1,1
U012807,2024-03-13,Referral,Desktop,South,35-44,2024-03,2024-03-13,,,,,,0,stage1,0,0,0,0
U012808,2024-02-24,Organic,Desktop,West,45-54,2024-02,2024-02-24,2024-02-26,2024-02-29,2024-03-02,2024-03-03,,0,stage5,1,1,1,1
U012811,2024-02-05,Organic,Desktop,South,25-34,2024-02,2024-02-05,2024-02-06,,,,,0,stage2,1,0,0,0
U012814,2024-01-28,Social,Mobile,South,35-44,2024-01,2024-01-28,,,,,,0,stage1,0,0,0,0
U012816,2024-01-12,Organic,Mobile,South,25-34,2024-01,2024-01-12,2024-01-12,,,,,0,stage2,1,0,0,0
U012817,2024-01-26,Organic,Mobile,West,35-44,2024-01,2024-01-26,2024-01-27,2024-01-28,,,,0,stage3,1,1,0,0
U012822,2024-03-03,Organic,Desktop,West,18-24,2024-03,2024-03-03,2024-03-03,2024-03-06,2024-03-08,,,0,stage4,1,1,1,0
U012823,2024-03-25,Email,Desktop,South,35-44,2024-03,2024-03-25,,,,,,0,stage1,0,0,0,0
U012824,2024-02-29,Social,Mobile,North,55+,2024-02,2024-02-29,,,,,,0,stage1,0,0,0,0
U012825,2024-03-20,Social,Mobile,South,35-44,2024-03,2024-03-20,2024-03-22,2024-03-23,,,,0,stage3,1,1,0,0
U012826,2024-01-24,Organic,Mobile,East,35-44,2024-01,2024-01-24,2024-01-24,,,,,0,stage2,1,0,0,0
U012827,2024-03-24,Referral,Mobile,North,35-44,2024-03,2024-03-24,2024-03-24,2024-03-25,,,,0,stage3,1,1,0,0
U012828,2024-03-11,Paid_Search,Desktop,East,25-34,2024-03,2024-03-11,2024-03-12,,,,,0,stage2,1,0,0,0
U012830,2024-02-09,Paid_Search,Desktop,North,25-34,2024-02,2024-02-09,,,,,,0,stage1,0,0,0,0
U012833,2024-03-22,Paid_Search,Desktop,Central,35-44,2024-03,2024-03-22,2024-03-23,2024-03-24,2024-03-26,2024-03-29,,0,stage5,1,1,1,1
U012834,2024-03-23,Organic,Mobile,East,45-54,2024-03,2024-03-23,,,,,,0,stage1,0,0,0,0
U012835,2024-01-29,Social,Tablet,North,25-34,2024-01,2024-01-29,,,,,,0,stage1,0,0,0,0
U012836,2024-02-05,Paid_Search,Desktop,North,35-44,2024-02,2024-02-05,,,,,,0,stage1,0,0,0,0
U012838,2024-02-04,Paid_Search,Desktop,Central,35-44,2024-02,2024-02-04,,,,,,0,stage1,0,0,0,0
U012839,2024-02-29,Organic,Desktop,North,25-34,2024-02,2024-02-29,2024-03-02,,,,,0,stage2,1,0,0,0
U012842,2024-01-26,Organic,Mobile,North,35-44,2024-01,2024-01-26,2024-01-27,,,,,0,stage2,1,0,0,0
U012844,2024-03-07,Email,Mobile,West,18-24,2024-03,2024-03-07,,,,,,0,stage1,0,0,0,0
U012845,2024-02-09,Organic,Mobile,East,25-34,2024-02,2024-02-09,2024-02-10,,,,,0,stage2,1,0,0,0
U012851,2024-03-15,Social,Mobile,North,25-34,2024-03,2024-03-15,2024-03-16,,,,,0,stage2,1,0,0,0
U012853,2024-01-10,Organic,Tablet,East,45-54,2024-01,2024-01-10,2024-01-11,2024-01-12,,,,0,stage3,1,1,0,0
U012855,2024-01-27,Referral,Desktop,South,18-24,2024-01,2024-01-27,2024-01-27,,,,,0,stage2,1,0,0,0
U012857,2024-02-22,Social,Mobile,East,35-44,2024-02,2024-02-22,2024-02-22,,,,,0,stage2,1,0,0,0
U012861,2024-03-08,Paid_Search,Mobile,North,25-34,2024-03,2024-03-08,2024-03-10,2024-03-12,2024-03-14,2024-03-16,,0,stage5,1,1,1,1
U012864,2024-01-26,Email,Mobile,West,55+,2024-01,2024-01-26,,,,,,0,stage1,0,0,0,0
U012866,2024-03-22,Referral,Mobile,Central,18-24,2024-03,2024-03-22,2024-03-23,,,,,0,stage2,1,0,0,0
U012867,2024-02-28,Paid_Search,Mobile,South,35-44,2024-02,2024-02-28,2024-03-01,2024-03-02,,,,0,stage3,1,1,0,0
U012868,2024-02-17,Paid_Search,Desktop,North,18-24,2024-02,2024-02-17,,,,,,0,stage1,0,0,0,0
U012870,2024-03-16,Organic,Mobile,Central,25-34,2024-03,2024-03-16,,,,,,0,stage1,0,0,0,0
U012871,2024-01-19,Social,Mobile,South,45-54,2024-01,2024-01-19,,,,,,0,stage1,0,0,0,0
U012872,2024-03-18,Organic,Desktop,West,55+,2024-03,2024-03-18,2024-03-20,2024-03-22,,,,0,stage3,1,1,0,0
U012874,2024-02-16,Email,Mobile,South,45-54,2024-02,2024-02-16,,,,,,0,stage1,0,0,0,0
U012876,2024-01-13,Referral,Desktop,East,35-44,2024-01,2024-01-13,,,,,,0,stage1,0,0,0,0
U012877,2024-02-11,Email,Mobile,North,55+,2024-02,2024-02-11,2024-02-13,,,,,0,stage2,1,0,0,0
U012878,2024-02-14,Email,Mobile,East,18-24,2024-02,2024-02-14,,,,,,0,stage1,0,0,0,0
U012879,2024-03-26,Referral,Mobile,East,25-34,2024-03,2024-03-26,2024-03-27,2024-03-29,,,,0,stage3,1,1,0,0
U012883,2024-03-17,Paid_Search,Mobile,Central,18-24,2024-03,2024-03-17,2024-03-17,2024-03-19,,,,0,stage3,1,1,0,0
U012885,2024-01-03,Paid_Search,Mobile,South,45-54,2024-01,2024-01-03,,,,,,0,stage1,0,0,0,0
U012888,2024-02-06,Organic,Mobile,North,25-34,2024-02,2024-02-06,2024-02-07,,,,,0,stage2,1,0,0,0
U012889,2024-01-18,Organic,Desktop,Central,18-24,2024-01,2024-01-18,2024-01-20,2024-01-21,2024-01-22,2024-01-24,2024-01-26,1,Converted,1,1,1,1
U012892,2024-02-25,Email,Mobile,Central,18-24,2024-02,2024-02-25,2024-02-27,,,,,0,stage2,1,0,0,0
U012895,2024-01-14,Referral,Mobile,South,35-44,2024-01,2024-01-14,2024-01-15,,,,,0,stage2,1,0,0,0
U012900,2024-03-01,Organic,Mobile,East,35-44,2024-03,2024-03-01,,,,,,0,stage1,0,0,0,0
U012901,2024-03-07,Social,Tablet,East,25-34,2024-03,2024-03-07,2024-03-07,2024-03-09,2024-03-09,2024-03-11,2024-03-12,1,Converted,1,1,1,1
U012902,2024-02-21,Referral,Desktop,East,18-24,2024-02,2024-02-21,2024-02-23,2024-02-25,2024-02-27,,,0,stage4,1,1,1,0
U012903,2024-01-22,Email,Desktop,West,25-34,2024-01,2024-01-22,2024-01-23,,,,,0,stage2,1,0,0,0
U012905,2024-02-19,Referral,Desktop,Central,35-44,2024-02,2024-02-19,2024-02-21,,,,,0,stage2,1,0,0,0
U012907,2024-03-23,Organic,Desktop,West,18-24,2024-03,2024-03-23,2024-03-24,,,,,0,stage2,1,0,0,0
U012914,2024-03-29,Paid_Search,Desktop,West,45-54,2024-03,2024-03-29,2024-03-30,2024-03-31,,,,0,stage3,1,1,0,0
U012916,2024-01-20,Social,Tablet,Central,18-24,2024-01,2024-01-20,2024-01-22,2024-01-25,,,,0,stage3,1,1,0,0
U012917,2024-01-08,Organic,Tablet,North,25-34,2024-01,2024-01-08,,,,,,0,stage1,0,0,0,0
U012918,2024-03-02,Email,Mobile,East,35-44,2024-03,2024-03-02,2024-03-04,2024-03-06,,,,0,stage3,1,1,0,0
U012919,2024-02-07,Referral,Mobile,North,18-24,2024-02,2024-02-07,2024-02-07,,,,,0,stage2,1,0,0,0
U012922,2024-02-16,Paid_Search,Desktop,Central,55+,2024-02,2024-02-16,2024-02-16,,,,,0,stage2,1,0,0,0
U012925,2024-02-07,Paid_Search,Mobile,North,25-34,2024-02,2024-02-07,,,,,,0,stage1,0,0,0,0
U012927,2024-01-27,Paid_Search,Desktop,North,35-44,2024-01,2024-01-27,,,,,,0,stage1,0,0,0,0
U012928,2024-01-28,Social,Mobile,Central,35-44,2024-01,2024-01-28,,,,,,0,stage1,0,0,0,0
U012929,2024-01-20,Organic,Mobile,West,35-44,2024-01,2024-01-20,,,,,,0,stage1,0,0,0,0
U012934,2024-01-28,Organic,Desktop,East,45-54,2024-01,2024-01-28,2024-01-29,2024-01-30,,,,0,stage3,1,1,0,0
U012935,2024-01-15,Organic,Desktop,North,45-54,2024-01,2024-01-15,,,,,,0,stage1,0,0,0,0
U012936,2024-03-16,Social,Mobile,North,18-24,2024-03,2024-03-16,2024-03-16,2024-03-19,2024-03-21,2024-03-24,2024-03-24,1,Converted,1,1,1,1
U012937,2024-03-14,Referral,Mobile,Central,25-34,2024-03,2024-03-14,2024-03-15,2024-03-18,,,,0,stage3,1,1,0,0
U012939,2024-02-29,Organic,Mobile,East,18-24,2024-02,2024-02-29,2024-02-29,2024-03-02,,,,0,stage3,1,1,0,0
U012940,2024-02-14,Organic,Desktop,South,55+,2024-02,2024-02-14,2024-02-14,,,,,0,stage2,1,0,0,0
U012942,2024-01-03,Organic,Desktop,North,35-44,2024-01,2024-01-03,,,,,,0,stage1,0,0,0,0
U012943,2024-02-23,Paid_Search,Mobile,East,35-44,2024-02,2024-02-23,2024-02-25,2024-02-26,,,,0,stage3,1,1,0,0
U012944,2024-02-17,Paid_Search,Mobile,West,25-34,2024-02,2024-02-17,2024-02-17,2024-02-18,,,,0,stage3,1,1,0,0
U012947,2024-01-04,Organic,Desktop,West,35-44,2024-01,2024-01-04,2024-01-04,,,,,0,stage2,1,0,0,0
U012948,2024-03-09,Organic,Mobile,West,25-34,2024-03,2024-03-09,2024-03-09,,,,,0,stage2,1,0,0,0
U012952,2024-01-07,Social,Desktop,West,35-44,2024-01,2024-01-07,2024-01-07,2024-01-09,,,,0,stage3,1,1,0,0
U012954,2024-01-21,Organic,Mobile,North,25-34,2024-01,2024-01-21,2024-01-22,,,,,0,stage2,1,0,0,0
U012955,2024-02-19,Paid_Search,Tablet,East,45-54,2024-02,2024-02-19,,,,,,0,stage1,0,0,0,0
U012957,2024-03-28,Organic,Desktop,North,25-34,2024-03,2024-03-28,,,,,,0,stage1,0,0,0,0
U012959,2024-01-09,Paid_Search,Desktop,Central,18-24,2024-01,2024-01-09,2024-01-10,,,,,0,stage2,1,0,0,0
U012961,2024-02-23,Social,Mobile,West,35-44,2024-02,2024-02-23,,,,,,0,stage1,0,0,0,0
U012962,2024-02-17,Email,Mobile,East,35-44,2024-02,2024-02-17,,,,,,0,stage1,0,0,0,0
U012964,2024-02-16,Organic,Mobile,Central,25-34,2024-02,2024-02-16,2024-02-17,,,,,0,stage2,1,0,0,0
U012965,2024-03-12,Social,Mobile,South,35-44,2024-03,2024-03-12,2024-03-13,2024-03-16,,,,0,stage3,1,1,0,0
U012966,2024-02-27,Email,Mobile,North,18-24,2024-02,2024-02-27,2024-02-27,2024-02-29,,,,0,stage3,1,1,0,0
U012967,2024-02-10,Social,Mobile,South,25-34,2024-02,2024-02-10,2024-02-12,,,,,0,stage2,1,0,0,0
U012968,2024-03-12,Organic,Desktop,Central,25-34,2024-03,2024-03-12,,,,,,0,stage1,0,0,0,0
U012971,2024-02-26,Organic,Mobile,North,45-54,2024-02,2024-02-26,2024-02-28,,,,,0,stage2,1,0,0,0
U012972,2024-01-09,Paid_Search,Desktop,Central,25-34,2024-01,2024-01-09,2024-01-11,,,,,0,stage2,1,0,0,0
U012974,2024-03-07,Organic,Mobile,East,55+,2024-03,2024-03-07,,,,,,0,stage1,0,0,0,0
U012975,2024-01-16,Organic,Desktop,West,35-44,2024-01,2024-01-16,2024-01-16,2024-01-18,2024-01-20,2024-01-23,2024-01-23,1,Converted,1,1,1,1
U012977,2024-02-26,Organic,Mobile,West,55+,2024-02,2024-02-26,2024-02-28,,,,,0,stage2,1,0,0,0
U012979,2024-02-27,Paid_Search,Mobile,Central,18-24,2024-02,2024-02-27,,,,,,0,stage1,0,0,0,0
U012980,2024-02-02,Paid_Search,Mobile,West,25-34,2024-02,2024-02-02,,,,,,0,stage1,0,0,0,0
U012982,2024-02-10,Email,Mobile,South,55+,2024-02,2024-02-10,,,,,,0,stage1,0,0,0,0
U012984,2024-02-16,Paid_Search,Mobile,East,25-34,2024-02,2024-02-16,,,,,,0,stage1,0,0,0,0
U012986,2024-02-26,Organic,Mobile,South,45-54,2024-02,2024-02-26,2024-02-27,,,,,0,stage2,1,0,0,0
U012988,2024-03-17,Paid_Search,Desktop,West,18-24,2024-03,2024-03-17,2024-03-19,2024-03-21,,,,0,stage3,1,1,0,0
U012989,2024-01-16,Social,Desktop,North,35-44,2024-01,2024-01-16,,,,,,0,stage1,0,0,0,0
U012990,2024-02-02,Organic,Desktop,West,55+,2024-02,2024-02-02,2024-02-03,,,,,0,stage2,1,0,0,0
U012994,2024-03-25,Organic,Desktop,East,35-44,2024-03,2024-03-25,2024-03-25,2024-03-27,2024-03-27,2024-03-30,2024-03-31,1,Converted,1,1,1,1
U012995,2024-02-22,Organic,Desktop,West,35-44,2024-02,2024-02-22,2024-02-24,2024-02-26,2024-02-27,,,0,stage4,1,1,1,0
U012998,2024-01-01,Referral,Desktop,East,18-24,2024-01,2024-01-01,,,,,,0,stage1,0,0,0,0
