user_id,entry_date,segment,device,region,age_group,month,stage1_date,stage2_date,stage3_date,stage4_date,stage5_date,conversion_date,converted,exit_stage,stage2_reached,stage3_reached,stage4_reached,stage5_reached
U001000,2024-06-12,Paid_Search,Tablet,West,35-44,2024-06,2024-06-12,2024-06-12,2024-06-13,2024-06-15,,,0,stage4,1,1,1,0
U001003,2024-05-19,Organic,Mobile,East,45-54,2024-05,2024-05-19,2024-05-19,2024-05-22,,,,0,stage3,1,1,0,0
U001004,2024-04-18,Organic,Desktop,North,18-24,2024-04,2024-04-18,,,,,,0,stage1,0,0,0,0
U001006,2024-06-03,Email,Mobile,West,25-34,2024-06,2024-06-03,2024-06-03,,,,,0,stage2,1,0,0,0
U001007,2024-05-23,Organic,Tablet,West,55+,2024-05,2024-05-23,,,,,,0,stage1,0,0,0,0
U001009,2024-04-24,Paid_Search,Mobile,East,18-24,2024-04,2024-04-24,,,,,,0,stage1,0,0,0,0
U001010,2024-05-30,Organic,Tablet,West,18-24,2024-05,2024-05-30,2024-05-31,,,,,0,stage2,1,0,0,0
U001012,2024-04-18,Referral,Mobile,North,25-34,2024-04,2024-04-18,2024-04-19,,,,,0,stage2,1,0,0,0
U001015,2024-04-01,Paid_Search,Mobile,Central,25-34,2024-04,2024-04-01,2024-04-02,,,,,0,stage2,1,0,0,0
U001016,2024-06-03,Organic,Mobile,South,18-24,2024-06,2024-06-03,,,,,,0,stage1,0,0,0,0
U001018,2024-04-27,Paid_Search,Desktop,Central,25-34,2024-04,2024-04-27,2024-04-29,2024-04-30,2024-05-01,,,0,stage4,1,1,1,0
U001020,2024-06-07,Paid_Search,Mobile,West,25-34,2024-06,2024-06-07,,,,,,0,stage1,0,0,0,0
U001021,2024-04-02,Email,Mobile,East,25-34,2024-04,2024-04-02,2024-04-04,2024-04-05,,,,0,stage3,1,1,0,0
U001022,2024-06-29,Paid_Search,Mobile,South,55+,2024-06,2024-06-29,2024-06-29,2024-06-30,2024-07-02,,,0,stage4,1,1,1,0
U001028,2024-06-11,Social,Mobile,West,45-54,2024-06,2024-06-11,2024-06-12,,,,,0,stage2,1,0,0,0
U001030,2024-06-20,Social,Desktop,West,35-44,2024-06,2024-06-20,2024-06-21,2024-06-24,,,,0,stage3,1,1,0,0
U001031,2024-06-23,Referral,Mobile,North,35-44,2024-06,2024-06-23,2024-06-25,2024-06-26,2024-06-28,,,0,stage4,1,1,1,0
U001032,2024-06-11,Referral,Mobile,West,25-34,2024-06,2024-06-11,2024-06-11,,,,,0,stage2,1,0,0,0
U001033,2024-05-16,Referral,Desktop,West,35-44,2024-05,2024-05-16,2024-05-18,2024-05-19,2024-05-19,2024-05-23,,0,stage5,1,1,1,1
U001034,2024-04-07,Paid_Search,Desktop,West,45-54,2024-04,2024-04-07,2024-04-08,,,,,0,stage2,1,0,0,0
U001035,2024-06-12,Paid_Search,Mobile,West,25-34,2024-06,2024-06-12,2024-06-14,,,,,0,stage2,1,0,0,0
U001036,2024-05-22,Organic,Tablet,Central,55+,2024-05,2024-05-22,2024-05-22,2024-05-25,,,,0,stage3,1,1,0,0
U001041,2024-05-25,Social,Desktop,Central,35-44,2024-05,2024-05-25,2024-05-27,,,,,0,stage2,1,0,0,0
U001043,2024-04-27,Paid_Search,Mobile,South,35-44,2024-04,2024-04-27,2024-04-27,2024-04-29,,,,0,stage3,1,1,0,0
U001045,2024-05-23,Organic,Mobile,East,35-44,2024-05,2024-05-23,2024-05-25,,,,,0,stage2,1,0,0,0
U001047,2024-04-02,Social,Desktop,South,18-24,2024-04,2024-04-02,2024-04-02,2024-04-03,,,,0,stage3,1,1,0,0
U001048,2024-05-10,Referral,Desktop,South,55+,2024-05,2024-05-10,2024-05-11,2024-05-12,2024-05-12,2024-05-13,2024-05-13,1,Converted,1,1,1,1
U001049,2024-06-09,Paid_Search,Desktop,North,18-24,2024-06,2024-06-09,2024-06-09,2024-06-12,,,,0,stage3,1,1,0,0
U001050,2024-04-18,Referral,Mobile,North,25-34,2024-04,2024-04-18,2024-04-20,2024-04-21,2024-04-22,2024-04-26,2024-04-28,1,Converted,1,1,1,1
U001051,2024-04-29,Referral,Mobile,South,35-44,2024-04,2024-04-29,2024-05-01,,,,,0,stage2,1,0,0,0
U001056,2024-04-21,Organic,Mobile,West,35-44,2024-04,2024-04-21,,,,,,0,stage1,0,0,0,0
U001061,2024-06-09,Organic,Mobile,Central,55+,2024-06,2024-06-09,2024-06-10,,,,,0,stage2,1,0,0,0
U001062,2024-06-12,Paid_Search,Mobile,South,35-44,2024-06,2024-06-12,,,,,,0,stage1,0,0,0,0
U001063,2024-05-09,Social,Desktop,North,25-34,2024-05,2024-05-09,2024-05-11,,,,,0,stage2,1,0,0,0
U001065,2024-04-05,Referral,Mobile,North,35-44,2024-04,2024-04-05,2024-04-05,,,,,0,stage2,1,0,0,0
U001066,2024-05-18,Referral,Mobile,North,55+,2024-05,2024-05-18,2024-05-20,2024-05-21,,,,0,stage3,1,1,0,0
U001067,2024-06-02,Email,Tablet,West,25-34,2024-06,2024-06-02,2024-06-03,,,,,0,stage2,1,0,0,0
U001068,2024-05-05,Referral,Mobile,Central,18-24,2024-05,2024-05-05,2024-05-05,2024-05-06,2024-05-07,2024-05-10,2024-05-10,1,Converted,1,1,1,1
U001071,2024-05-25,Organic,Tablet,North,45-54,2024-05,2024-05-25,2024-05-25,,,,,0,stage2,1,0,0,0
U001073,2024-05-04,Paid_Search,Desktop,East,55+,2024-05,2024-05-04,2024-05-04,2024-05-07,,,,0,stage3,1,1,0,0
U001075,2024-06-17,Paid_Search,Desktop,North,55+,2024-06,2024-06-17,,,,,,0,stage1,0,0,0,0
U001076,2024-05-01,Referral,Mobile,South,45-54,2024-05,2024-05-01,2024-05-03,2024-05-04,,,,0,stage3,1,1,0,0
U001078,2024-06-04,Social,Mobile,North,25-34,2024-06,2024-06-04,,,,,,0,stage1,0,0,0,0
U001079,2024-04-18,Email,Mobile,East,25-34,2024-04,2024-04-18,,,,,,0,stage1,0,0,0,0
U001081,2024-06-25,Social,Tablet,Central,35-44,2024-06,2024-06-25,,,,,,0,stage1,0,0,0,0
U001084,2024-06-15,Paid_Search,Desktop,East,45-54,2024-06,2024-06-15,2024-06-16,,,,,0,stage2,1,0,0,0
U001085,2024-04-22,Social,Mobile,North,18-24,2024-04,2024-04-22,,,,,,0,stage1,0,0,0,0
U001086,2024-05-12,Referral,Desktop,North,18-24,2024-05,2024-05-12,2024-05-13,2024-05-14,2024-05-14,2024-05-16,2024-05-16,1,Converted,1,1,1,1
U001088,2024-05-30,Social,Tablet,North,55+,2024-05,2024-05-30,2024-06-01,2024-06-02,2024-06-04,,,0,stage4,1,1,1,0
U001092,2024-05-04,Organic,Mobile,East,35-44,2024-05,2024-05-04,2024-05-04,,,,,0,stage2,1,0,0,0
U001093,2024-05-18,Referral,Mobile,Central,55+,2024-05,2024-05-18,2024-05-18,2024-05-21,,,,0,stage3,1,1,0,0
U001094,2024-05-26,Referral,Mobile,North,25-34,2024-05,2024-05-26,2024-05-28,,,,,0,stage2,1,0,0,0
U001095,2024-05-01,Paid_Search,Mobile,West,18-24,2024-05,2024-05-01,2024-05-01,,,,,0,stage2,1,0,0,0
U001096,2024-05-01,Social,Mobile,East,18-24,2024-05,2024-05-01,2024-05-02,,,,,0,stage2,1,0,0,0
U001099,2024-04-29,Referral,Mobile,North,25-34,2024-04,2024-04-29,2024-05-01,,,,,0,stage2,1,0,0,0
U001101,2024-04-13,Organic,Mobile,North,45-54,2024-04,2024-04-13,2024-04-15,2024-04-17,2024-04-17,,,0,stage4,1,1,1,0
U001104,2024-05-17,Organic,Desktop,North,25-34,2024-05,2024-05-17,2024-05-18,2024-05-19,2024-05-20,2024-05-22,2024-05-23,1,Converted,1,1,1,1
U001105,2024-04-28,Organic,Desktop,North,25-34,2024-04,2024-04-28,2024-04-28,2024-04-29,2024-04-30,2024-05-01,2024-05-01,1,Converted,1,1,1,1
U001106,2024-06-15,Email,Mobile,West,25-34,2024-06,2024-06-15,,,,,,0,stage1,0,0,0,0
U001107,2024-05-18,Social,Desktop,East,25-34,2024-05,2024-05-18,2024-05-18,,,,,0,stage2,1,0,0,0
U001111,2024-05-04,Referral,Mobile,South,45-54,2024-05,2024-05-04,2024-05-05,,,,,0,stage2,1,0,0,0
U001113,2024-04-12,Paid_Search,Mobile,Central,25-34,2024-04,2024-04-12,2024-04-12,,,,,0,stage2,1,0,0,0
U001115,2024-04-09,Referral,Mobile,Central,45-54,2024-04,2024-04-09,2024-04-10,2024-04-12,2024-04-13,,,0,stage4,1,1,1,0
U001116,2024-04-18,Organic,Desktop,West,45-54,2024-04,2024-04-18,2024-04-20,,,,,0,stage2,1,0,0,0
U001117,2024-05-22,Organic,Desktop,North,25-34,2024-05,2024-05-22,,,,,,0,stage1,0,0,0,0
U001118,2024-06-18,Organic,Mobile,West,35-44,2024-06,2024-06-18,2024-06-20,,,,,0,stage2,1,0,0,0
U001119,2024-05-04,Paid_Search,Mobile,South,18-24,2024-05,2024-05-04,,,,,,0,stage1,0,0,0,0
U001123,2024-05-18,Paid_Search,Desktop,Central,55+,2024-05,2024-05-18,2024-05-18,2024-05-21,,,,0,stage3,1,1,0,0
U001126,2024-05-08,Paid_Search,Desktop,South,25-34,2024-05,2024-05-08,,,,,,0,stage1,0,0,0,0
U001127,2024-05-15,Paid_Search,Mobile,East,18-24,2024-05,2024-05-15,2024-05-15,,,,,0,stage2,1,0,0,0
U001130,2024-06-01,Paid_Search,Desktop,North,35-44,2024-06,2024-06-01,2024-06-01,,,,,0,stage2,1,0,0,0
U001131,2024-06-21,Organic,Mobile,North,25-34,2024-06,2024-06-21,2024-06-21,2024-06-23,,,,0,stage3,1,1,0,0
U001133,2024-06-01,Email,Mobile,South,35-44,2024-06,2024-06-01,2024-06-01,2024-06-04,2024-06-04,,,0,stage4,1,1,1,0
U001134,2024-04-17,Referral,Mobile,South,25-34,2024-04,2024-04-17,2024-04-19,2024-04-22,2024-04-24,,,0,stage4,1,1,1,0
U001135,2024-05-13,Organic,Desktop,South,18-24,2024-05,2024-05-13,2024-05-14,,,,,0,stage2,1,0,0,0
U001139,2024-06-20,Organic,Desktop,South,35-44,2024-06,2024-06-20,2024-06-22,2024-06-24,,,,0,stage3,1,1,0,0
U001140,2024-04-27,Social,Mobile,Central,25-34,2024-04,2024-04-27,,,,,,0,stage1,0,0,0,0
U001144,2024-04-27,Organic,Desktop,South,35-44,2024-04,2024-04-27,2024-04-29,,,,,0,stage2,1,0,0,0
U001145,2024-05-24,Organic,Mobile,North,55+,2024-05,2024-05-24,,,,,,0,stage1,0,0,0,0
U001151,2024-04-04,Referral,Mobile,West,18-24,2024-04,2024-04-04,2024-04-05,,,,,0,stage2,1,0,0,0
U001153,2024-04-22,Social,Desktop,South,35-44,2024-04,2024-04-22,2024-04-24,2024-04-27,,,,0,stage3,1,1,0,0
U001155,2024-06-16,Referral,Desktop,West,35-44,2024-06,2024-06-16,,,,,,0,stage1,0,0,0,0
U001156,2024-05-15,Organic,Mobile,South,55+,2024-05,2024-05-15,,,,,,0,stage1,0,0,0,0
U001158,2024-05-21,Organic,Desktop,South,55+,2024-05,2024-05-21,,,,,,0,stage1,0,0,0,0
U001165,2024-06-03,Social,Tablet,West,25-34,2024-06,2024-06-03,2024-06-03,,,,,0,stage2,1,0,0,0
U001167,2024-05-09,Paid_Search,Mobile,West,25-34,2024-05,2024-05-09,,,,,,0,stage1,0,0,0,0
U001168,2024-05-05,Social,Mobile,South,45-54,2024-05,2024-05-05,,,,,,0,stage1,0,0,0,0
U001174,2024-06-12,Referral,Mobile,Central,25-34,2024-06,2024-06-12,2024-06-13,,,,,0,stage2,1,0,0,0
U001177,2024-06-25,Paid_Search,Mobile,East,45-54,2024-06,2024-06-25,2024-06-25,,,,,0,stage2,1,0,0,0
U001178,2024-05-19,Referral,Mobile,Central,45-54,2024-05,2024-05-19,2024-05-19,,,,,0,stage2,1,0,0,0
U001179,2024-04-04,Social,Desktop,Central,35-44,2024-04,2024-04-04,,,,,,0,stage1,0,0,0,0
U001180,2024-05-29,Referral,Desktop,North,45-54,2024-05,2024-05-29,,,,,,0,stage1,0,0,0,0
U001181,2024-05-21,Organic,Desktop,North,25-34,2024-05,2024-05-21,,,,,,0,stage1,0,0,0,0
U001184,2024-04-03,Organic,Desktop,East,55+,2024-04,2024-04-03,2024-04-03,,,,,0,stage2,1,0,0,0
U001185,2024-04-01,Email,Mobile,Central,35-44,2024-04,2024-04-01,2024-04-01,2024-04-04,,,,0,stage3,1,1,0,0
U001189,2024-05-23,Referral,Mobile,South,55+,2024-05,2024-05-23,2024-05-24,2024-05-27,2024-05-29,,,0,stage4,1,1,1,0
U001193,2024-06-20,Paid_Search,Desktop,East,55+,2024-06,2024-06-20,2024-06-22,,,,,0,stage2,1,0,0,0
U001197,2024-04-07,Organic,Desktop,South,45-54,2024-04,2024-04-07,2024-04-07,2024-04-09,2024-04-09,2024-04-11,2024-04-12,1,Converted,1,1,1,1
U001203,2024-06-13,Referral,Mobile,Central,18-24,2024-06,2024-06-13,2024-06-15,,,,,0,stage2,1,0,0,0
U001204,2024-04-12,Social,Desktop,West,25-34,2024-04,2024-04-12,,,,,,0,stage1,0,0,0,0
U001205,2024-06-22,Organic,Desktop,East,45-54,2024-06,2024-06-22,2024-06-24,,,,,0,stage2,1,0,0,0
U001212,2024-04-21,Paid_Search,Desktop,Central,25-34,2024-04,2024-04-21,2024-04-23,,,,,0,stage2,1,0,0,0
U001213,2024-05-10,Email,Mobile,East,35-44,2024-05,2024-05-10,,,,,,0,stage1,0,0,0,0
U001215,2024-05-27,Organic,Desktop,East,25-34,2024-05,2024-05-27,,,,,,0,stage1,0,0,0,0
U001217,2024-06-30,Organic,Desktop,South,45-54,2024-06,2024-06-30,2024-07-01,,,,,0,stage2,1,0,0,0
U001219,2024-06-24,Paid_Search,Mobile,East,35-44,2024-06,2024-06-24,2024-06-26,2024-06-29,2024-07-01,,,0,stage4,1,1,1,0
U001220,2024-06-20,Referral,Mobile,Central,45-54,2024-06,2024-06-20,2024-06-20,,,,,0,stage2,1,0,0,0
U001221,2024-04-03,Organic,Mobile,South,18-24,2024-04,2024-04-03,2024-04-04,,,,,0,stage2,1,0,0,0
U001223,2024-06-18,Email,Mobile,Central,35-44,2024-06,2024-06-18,,,,,,0,stage1,0,0,0,0
U001228,2024-05-21,Referral,Mobile,West,25-34,2024-05,2024-05-21,2024-05-21,2024-05-22,,,,0,stage3,1,1,0,0
U001229,2024-04-17,Email,Mobile,Central,25-34,2024-04,2024-04-17,,,,,,0,stage1,0,0,0,0
U001230,2024-06-19,Social,Desktop,West,45-54,2024-06,2024-06-19,2024-06-20,2024-06-23,,,,0,stage3,1,1,0,0
U001232,2024-06-06,Organic,Mobile,North,25-34,2024-06,2024-06-06,2024-06-08,2024-06-10,,,,0,stage3,1,1,0,0
U001233,2024-04-13,Paid_Search,Mobile,South,25-34,2024-04,2024-04-13,2024-04-15,2024-04-16,,,,0,stage3,1,1,0,0
U001236,2024-05-28,Paid_Search,Desktop,West,45-54,2024-05,2024-05-28,,,,,,0,stage1,0,0,0,0
U001237,2024-06-04,Email,Mobile,North,18-24,2024-06,2024-06-04,2024-06-06,,,,,0,stage2,1,0,0,0
U001239,2024-04-23,Organic,Mobile,South,45-54,2024-04,2024-04-23,2024-04-25,2024-04-26,,,,0,stage3,1,1,0,0
U001240,2024-05-10,Referral,Mobile,South,18-24,2024-05,2024-05-10,2024-05-11,,,,,0,stage2,1,0,0,0
U001243,2024-06-18,Referral,Desktop,Central,25-34,2024-06,2024-06-18,2024-06-20,2024-06-23,2024-06-24,,,0,stage4,1,1,1,0
U001245,2024-06-21,Paid_Search,Desktop,North,35-44,2024-06,2024-06-21,2024-06-22,,,,,0,stage2,1,0,0,0
U001248,2024-05-01,Organic,Desktop,South,25-34,2024-05,2024-05-01,2024-05-03,,,,,0,stage2,1,0,0,0
U001250,2024-06-27,Organic,Mobile,South,25-34,2024-06,2024-06-27,2024-06-28,2024-06-30,2024-07-01,,,0,stage4,1,1,1,0
U001254,2024-05-12,Social,Mobile,West,45-54,2024-05,2024-05-12,,,,,,0,stage1,0,0,0,0
U001255,2024-04-28,Organic,Mobile,North,55+,2024-04,2024-04-28,,,,,,0,stage1,0,0,0,0
U001258,2024-05-15,Email,Desktop,South,25-34,2024-05,2024-05-15,2024-05-17,,,,,0,stage2,1,0,0,0
U001259,2024-06-01,Paid_Search,Desktop,East,55+,2024-06,2024-06-01,,,,,,0,stage1,0,0,0,0
U001261,2024-06-05,Social,Desktop,West,25-34,2024-06,2024-06-05,2024-06-07,2024-06-10,2024-06-11,,,0,stage4,1,1,1,0
U001262,2024-05-20,Paid_Search,Tablet,West,45-54,2024-05,2024-05-20,2024-05-21,,,,,0,stage2,1,0,0,0
U001264,2024-05-01,Paid_Search,Mobile,South,18-24,2024-05,2024-05-01,2024-05-02,2024-05-04,,,,0,stage3,1,1,0,0
U001266,2024-05-04,Organic,Desktop,West,18-24,2024-05,2024-05-04,2024-05-06,,,,,0,stage2,1,0,0,0
U001274,2024-04-14,Social,Mobile,East,18-24,2024-04,2024-04-14,2024-04-15,,,,,0,stage2,1,0,0,0
U001275,2024-05-18,Paid_Search,Mobile,South,25-34,2024-05,2024-05-18,,,,,,0,stage1,0,0,0,0
U001276,2024-04-29,Social,Tablet,West,25-34,2024-04,2024-04-29,,,,,,0,stage1,0,0,0,0
U001277,2024-04-16,Paid_Search,Mobile,Central,18-24,2024-04,2024-04-16,,,,,,0,stage1,0,0,0,0
U001279,2024-04-17,Organic,Mobile,North,35-44,2024-04,2024-04-17,2024-04-18,,,,,0,stage2,1,0,0,0
U001280,2024-05-29,Organic,Mobile,West,18-24,2024-05,2024-05-29,2024-05-31,2024-06-01,,,,0,stage3,1,1,0,0
U001281,2024-05-27,Referral,Mobile,South,25-34,2024-05,2024-05-27,,,,,,0,stage1,0,0,0,0
U001282,2024-04-07,Referral,Mobile,North,18-24,2024-04,2024-04-07,2024-04-08,,,,,0,stage2,1,0,0,0
U001285,2024-04-17,Referral,Mobile,North,55+,2024-04,2024-04-17,,,,,,0,stage1,0,0,0,0
U001286,2024-05-17,Organic,Tablet,East,35-44,2024-05,2024-05-17,,,,,,0,stage1,0,0,0,0
U001287,2024-05-19,Social,Desktop,North,25-34,2024-05,2024-05-19,,,,,,0,stage1,0,0,0,0
U001288,2024-06-03,Organic,Mobile,East,25-34,2024-06,2024-06-03,2024-06-03,,,,,0,stage2,1,0,0,0
U001289,2024-05-04,Organic,Mobile,North,45-54,2024-05,2024-05-04,2024-05-04,2024-05-06,,,,0,stage3,1,1,0,0
U001290,2024-04-21,Social,Desktop,Central,25-34,2024-04,2024-04-21,,,,,,0,stage1,0,0,0,0
U001291,2024-05-04,Paid_Search,Desktop,West,45-54,2024-05,2024-05-04,2024-05-04,2024-05-06,2024-05-07,,,0,stage4,1,1,1,0
U001292,2024-06-20,Email,Mobile,North,18-24,2024-06,2024-06-20,,,,,,0,stage1,0,0,0,0
U001293,2024-06-22,Social,Mobile,East,45-54,2024-06,2024-06-22,,,,,,0,stage1,0,0,0,0
U001294,2024-04-13,Paid_Search,Desktop,East,25-34,2024-04,2024-04-13,2024-04-15,,,,,0,stage2,1,0,0,0
U001296,2024-05-16,Email,Mobile,South,45-54,2024-05,2024-05-16,2024-05-16,,,,,0,stage2,1,0,0,0
U001297,2024-04-10,Referral,Desktop,North,25-34,2024-04,2024-04-10,2024-04-12,2024-04-15,2024-04-17,,,0,stage4,1,1,1,0
U001299,2024-04-28,Email,Mobile,East,35-44,2024-04,2024-04-28,,,,,,0,stage1,0,0,0,0
U001303,2024-04-26,Social,Mobile,Central,25-34,2024-04,2024-04-26,2024-04-27,2024-04-29,2024-04-30,,,0,stage4,1,1,1,0
U001305,2024-05-18,Referral,Desktop,Central,55+,2024-05,2024-05-18,2024-05-18,2024-05-20,2024-05-20,,,0,stage4,1,1,1,0
U001306,2024-06-15,Organic,Mobile,Central,25-34,2024-06,2024-06-15,2024-06-15,,,,,0,stage2,1,0,0,0
U001307,2024-06-15,Organic,Mobile,South,18-24,2024-06,2024-06-15,2024-06-15,,,,,0,stage2,1,0,0,0
U001311,2024-06-20,Organic,Desktop,West,55+,2024-06,2024-06-20,2024-06-20,2024-06-23,2024-06-23,2024-06-27,2024-06-29,1,Converted,1,1,1,1
U001314,2024-06-04,Organic,Mobile,South,25-34,2024-06,2024-06-04,,,,,,0,stage1,0,0,0,0
U001315,2024-06-04,Organic,Desktop,Central,35-44,2024-06,2024-06-04,,,,,,0,stage1,0,0,0,0
U001320,2024-05-27,Organic,Desktop,East,18-24,2024-05,2024-05-27,2024-05-29,2024-05-31,2024-06-01,,,0,stage4,1,1,1,0
U001323,2024-06-09,Organic,Mobile,North,25-34,2024-06,2024-06-09,,,,,,0,stage1,0,0,0,0
U001326,2024-06-24,Email,Mobile,East,18-24,2024-06,2024-06-24,,,,,,0,stage1,0,0,0,0
U001327,2024-06-02,Social,Mobile,West,55+,2024-06,2024-06-02,2024-06-02,,,,,0,stage2,1,0,0,0
U001328,2024-05-24,Organic,Desktop,East,35-44,2024-05,2024-05-24,,,,,,0,stage1,0,0,0,0
U001331,2024-04-19,Organic,Mobile,North,45-54,2024-04,2024-04-19,2024-04-21,2024-04-23,2024-04-23,2024-04-26,2024-04-26,1,Converted,1,1,1,1
U001332,2024-04-17,Social,Desktop,East,55+,2024-04,2024-04-17,2024-04-18,,,,,0,stage2,1,0,0,0
U001336,2024-05-13,Paid_Search,Mobile,East,45-54,2024-05,2024-05-13,2024-05-15,2024-05-17,,,,0,stage3,1,1,0,0
U001337,2024-06-06,Social,Mobile,South,18-24,2024-06,2024-06-06,2024-06-08,,,,,0,stage2,1,0,0,0
U001338,2024-05-03,Referral,Desktop,East,25-34,2024-05,2024-05-03,,,,,,0,stage1,0,0,0,0
U001339,2024-04-29,Paid_Search,Tablet,West,18-24,2024-04,2024-04-29,,,,,,0,stage1,0,0,0,0
U001340,2024-04-21,Paid_Search,Desktop,North,18-24,2024-04,2024-04-21,,,,,,0,stage1,0,0,0,0
U001341,2024-05-31,Organic,Desktop,South,35-44,2024-05,2024-05-31,2024-06-01,2024-06-03,2024-06-03,2024-06-04,2024-06-05,1,Converted,1,1,1,1
U001342,2024-04-25,Paid_Search,Desktop,Central,45-54,2024-04,2024-04-25,,,,,,0,stage1,0,0,0,0
U001344,2024-04-28,Referral,Mobile,East,25-34,2024-04,2024-04-28,,,,,,0,stage1,0,0,0,0
U001345,2024-05-25,Paid_Search,Mobile,Central,18-24,2024-05,2024-05-25,2024-05-27,2024-05-30,,,,0,stage3,1,1,0,0
U001346,2024-04-07,Email,Mobile,Central,25-34,2024-04,2024-04-07,,,,,,0,stage1,0,0,0,0
U001352,2024-06-01,Organic,Desktop,Central,45-54,2024-06,2024-06-01,2024-06-03,2024-06-05,,,,0,stage3,1,1,0,0
U001353,2024-05-22,Referral,Mobile,North,55+,2024-05,2024-05-22,2024-05-22,,,,,0,stage2,1,0,0,0
U001354,2024-05-12,Social,Desktop,East,25-34,2024-05,2024-05-12,2024-05-12,2024-05-13,,,,0,stage3,1,1,0,0
U001356,2024-05-05,Organic,Mobile,North,25-34,2024-05,2024-05-05,2024-05-07,,,,,0,stage2,1,0,0,0
U001360,2024-05-01,Referral,Mobile,South,55+,2024-05,2024-05-01,2024-05-03,2024-05-06,,,,0,stage3,1,1,0,0
U001362,2024-05-20,Email,Mobile,South,25-34,2024-05,2024-05-20,2024-05-21,2024-05-23,,,,0,stage3,1,1,0,0
U001363,2024-06-28,Referral,Desktop,South,45-54,2024-06,2024-06-28,,,,,,0,stage1,0,0,0,0
U001364,2024-04-26,Social,Mobile,West,18-24,2024-04,2024-04-26,2024-04-27,2024-04-29,,,,0,stage3,1,1,0,0
U001368,2024-05-17,Referral,Desktop,West,18-24,2024-05,2024-05-17,,,,,,0,stage1,0,0,0,0
U001369,2024-06-25,Organic,Mobile,North,18-24,2024-06,2024-06-25,2024-06-25,2024-06-26,2024-06-26,2024-06-30,2024-07-01,1,Converted,1,1,1,1
U001370,2024-05-30,Organic,Desktop,South,35-44,2024-05,2024-05-30,2024-06-01,,,,,0,stage2,1,0,0,0
U001371,2024-06-01,Referral,Mobile,West,25-34,2024-06,2024-06-01,2024-06-02,,,,,0,stage2,1,0,0,0
U001378,2024-05-16,Organic,Mobile,North,35-44,2024-05,2024-05-16,,,,,,0,stage1,0,0,0,0
U001381,2024-05-21,Paid_Search,Desktop,East,45-54,2024-05,2024-05-21,,,,,,0,stage1,0,0,0,0
U001386,2024-05-02,Referral,Desktop,North,25-34,2024-05,2024-05-02,2024-05-02,2024-05-03,2024-05-04,2024-05-08,,0,stage5,1,1,1,1
U001388,2024-06-10,Organic,Desktop,South,45-54,2024-06,2024-06-10,,,,,,0,stage1,0,0,0,0
U001389,2024-06-24,Organic,Mobile,Central,25-34,2024-06,2024-06-24,,,,,,0,stage1,0,0,0,0
U001396,2024-05-22,Referral,Mobile,South,25-34,2024-05,2024-05-22,,,,,,0,stage1,0,0,0,0
U001397,2024-04-16,Organic,Mobile,Central,18-24,2024-04,2024-04-16,,,,,,0,stage1,0,0,0,0
U001398,2024-06-04,Referral,Desktop,South,18-24,2024-06,2024-06-04,2024-06-06,,,,,0,stage2,1,0,0,0
U001399,2024-06-07,Referral,Mobile,West,45-54,2024-06,2024-06-07,2024-06-07,,,,,0,stage2,1,0,0,0
U001400,2024-05-13,Social,Desktop,North,25-34,2024-05,2024-05-13,2024-05-14,2024-05-16,2024-05-17,2024-05-20,2024-05-22,1,Converted,1,1,1,1
U001401,2024-04-19,Organic,Desktop,Central,18-24,2024-04,2024-04-19,,,,,,0,stage1,0,0,0,0
U001403,2024-05-25,Referral,Mobile,North,25-34,2024-05,2024-05-25,2024-05-27,2024-05-28,2024-05-30,,,0,stage4,1,1,1,0
U001406,2024-06-18,Paid_Search,Mobile,East,35-44,2024-06,2024-06-18,2024-06-18,,,,,0,stage2,1,0,0,0
U001409,2024-04-14,Paid_Search,Mobile,East,18-24,2024-04,2024-04-14,2024-04-15,,,,,0,stage2,1,0,0,0
U001410,2024-06-25,Organic,Desktop,North,25-34,2024-06,2024-06-25,,,,,,0,stage1,0,0,0,0
U001411,2024-06-01,Paid_Search,Mobile,South,25-34,2024-06,2024-06-01,,,,,,0,stage1,0,0,0,0
U001412,2024-04-30,Paid_Search,Desktop,Central,25-34,2024-04,2024-04-30,,,,,,0,stage1,0,0,0,0
U001416,2024-04-26,Referral,Mobile,South,55+,2024-04,2024-04-26,2024-04-26,2024-04-29,2024-04-29,2024-05-02,2024-05-04,1,Converted,1,1,1,1
U001417,2024-05-30,Paid_Search,Mobile,West,25-34,2024-05,2024-05-30,,,,,,0,stage1,0,0,0,0
U001418,2024-06-18,Social,Mobile,West,25-34,2024-06,2024-06-18,,,,,,0,stage1,0,0,0,0
U001421,2024-05-19,Organic,Desktop,South,25-34,2024-05,2024-05-19,2024-05-19,2024-05-22,2024-05-22,2024-05-25,2024-05-25,1,Converted,1,1,1,1
U001424,2024-05-25,Paid_Search,Desktop,South,45-54,2024-05,2024-05-25,,,,,,0,stage1,0,0,0,0
U001426,2024-04-22,Social,Mobile,South,18-24,2024-04,2024-04-22,2024-04-22,,,,,0,stage2,1,0,0,0
U001427,2024-04-29,Paid_Search,Mobile,South,18-24,2024-04,2024-04-29,2024-05-01,,,,,0,stage2,1,0,0,0
U001429,2024-06-28,Social,Mobile,South,25-34,2024-06,2024-06-28,2024-06-29,2024-07-01,2024-07-03,2024-07-07,,0,stage5,1,1,1,1
U001430,2024-04-22,Paid_Search,Mobile,Central,55+,2024-04,2024-04-22,,,,,,0,stage1,0,0,0,0
U001435,2024-05-30,Paid_Search,Mobile,Central,35-44,2024-05,2024-05-30,2024-05-30,,,,,0,stage2,1,0,0,0
U001436,2024-06-21,Referral,Mobile,South,45-54,2024-06,2024-06-21,2024-06-22,2024-06-25,2024-06-25,2024-06-27,2024-06-28,1,Converted,1,1,1,1
U001437,2024-05-12,Paid_Search,Mobile,North,45-54,2024-05,2024-05-12,,,,,,0,stage1,0,0,0,0
U001438,2024-06-15,Social,Desktop,South,55+,2024-06,2024-06-15,2024-06-16,,,,,0,stage2,1,0,0,0
U001440,2024-04-21,Organic,Desktop,Central,18-24,2024-04,2024-04-21,,,,,,0,stage1,0,0,0,0
U001441,2024-06-11,Email,Tablet,Central,35-44,2024-06,2024-06-11,,,,,,0,stage1,0,0,0,0
U001442,2024-05-05,Social,Mobile,East,35-44,2024-05,2024-05-05,2024-05-05,,,,,0,stage2,1,0,0,0
U001443,2024-04-30,Referral,Mobile,East,45-54,2024-04,2024-04-30,2024-05-01,2024-05-03,2024-05-04,2024-05-07,,0,stage5,1,1,1,1
U001444,2024-06-20,Organic,Desktop,South,25-34,2024-06,2024-06-20,,,,,,0,stage1,0,0,0,0
U001447,2024-04-15,Organic,Desktop,South,25-34,2024-04,2024-04-15,,,,,,0,stage1,0,0,0,0
U001448,2024-06-26,Email,Tablet,East,25-34,2024-06,2024-06-26,,,,,,0,stage1,0,0,0,0
U001449,2024-05-06,Organic,Desktop,South,35-44,2024-05,2024-05-06,2024-05-07,2024-05-10,,,,0,stage3,1,1,0,0
U001450,2024-04-12,Organic,Mobile,South,18-24,2024-04,2024-04-12,2024-04-14,2024-04-15,,,,0,stage3,1,1,0,0
U001451,2024-04-26,Organic,Tablet,East,25-34,2024-04,2024-04-26,2024-04-26,2024-04-28,,,,0,stage3,1,1,0,0
U001454,2024-04-13,Organic,Mobile,Central,25-34,2024-04,2024-04-13,2024-04-15,2024-04-16,,,,0,stage3,1,1,0,0
U001455,2024-06-17,Paid_Search,Mobile,West,45-54,2024-06,2024-06-17,2024-06-19,,,,,0,stage2,1,0,0,0
U001456,2024-04-28,Social,Desktop,North,45-54,2024-04,2024-04-28,2024-04-29,2024-04-30,2024-04-30,2024-05-03,2024-05-05,1,Converted,1,1,1,1
U001457,2024-05-07,Social,Mobile,South,35-44,2024-05,2024-05-07,2024-05-09,,,,,0,stage2,1,0,0,0
U001458,2024-04-23,Organic,Mobile,South,25-34,2024-04,2024-04-23,2024-04-23,,,,,0,stage2,1,0,0,0
U001461,2024-05-20,Organic,Mobile,Central,45-54,2024-05,2024-05-20,,,,,,0,stage1,0,0,0,0
U001463,2024-04-22,Referral,Mobile,West,35-44,2024-04,2024-04-22,,,,,,0,stage1,0,0,0,0
U001464,2024-06-27,Organic,Mobile,East,25-34,2024-06,2024-06-27,,,,,,0,stage1,0,0,0,0
U001465,2024-05-04,Social,Mobile,East,35-44,2024-05,2024-05-04,2024-05-04,,,,,0,stage2,1,0,0,0
U001467,2024-06-10,Referral,Desktop,Central,25-34,2024-06,2024-06-10,,,,,,0,stage1,0,0,0,0
U001468,2024-06-04,Organic,Mobile,South,55+,2024-06,2024-06-04,,,,,,0,stage1,0,0,0,0
U001470,2024-05-21,Referral,Mobile,North,45-54,2024-05,2024-05-21,2024-05-21,,,,,0,stage2,1,0,0,0
U001471,2024-05-21,Email,Mobile,South,35-44,2024-05,2024-05-21,,,,,,0,stage1,0,0,0,0
U001472,2024-04-14,Paid_Search,Tablet,North,35-44,2024-04,2024-04-14,,,,,,0,stage1,0,0,0,0
U001474,2024-04-28,Organic,Mobile,South,45-54,2024-04,2024-04-28,,,,,,0,stage1,0,0,0,0
U001476,2024-06-14,Email,Mobile,West,18-24,2024-06,2024-06-14,2024-06-14,2024-06-16,2024-06-18,2024-06-21,2024-06-23,1,Converted,1,1,1,1
U001477,2024-06-29,Paid_Search,Desktop,South,18-24,2024-06,2024-06-29,,,,,,0,stage1,0,0,0,0
U001479,2024-04-30,Referral,Desktop,West,18-24,2024-04,2024-04-30,2024-04-30,,,,,0,stage2,1,0,0,0
U001480,2024-04-26,Organic,Mobile,South,25-34,2024-04,2024-04-26,,,,,,0,stage1,0,0,0,0
U001481,2024-05-21,Organic,Mobile,North,55+,2024-05,2024-05-21,2024-05-21,2024-05-23,,,,0,stage3,1,1,0,0
U001485,2024-05-09,Organic,Mobile,Central,25-34,2024-05,2024-05-09,,,,,,0,stage1,0,0,0,0
U001489,2024-05-30,Paid_Search,Mobile,East,25-34,2024-05,2024-05-30,2024-06-01,,,,,0,stage2,1,0,0,0
U001490,2024-06-17,Paid_Search,Desktop,North,35-44,2024-06,2024-06-17,,,,,,0,stage1,0,0,0,0
U001491,2024-05-05,Organic,Mobile,East,18-24,2024-05,2024-05-05,,,,,,0,stage1,0,0,0,0
U001493,2024-04-24,Organic,Desktop,East,35-44,2024-04,2024-04-24,2024-04-26,,,,,0,stage2,1,0,0,0
U001494,2024-05-03,Organic,Mobile,Central,35-44,2024-05,2024-05-03,2024-05-04,2024-05-06,2024-05-08,2024-05-12,2024-05-13,1,Converted,1,1,1,1
U001497,2024-06-27,Email,Mobile,North,35-44,2024-06,2024-06-27,,,,,,0,stage1,0,0,0,0
U001499,2024-05-26,Referral,Mobile,South,25-34,2024-05,2024-05-26,,,,,,0,stage1,0,0,0,0
U001500,2024-04-08,Referral,Desktop,East,35-44,2024-04,2024-04-08,2024-04-08,,,,,0,stage2,1,0,0,0
U001501,2024-04-15,Paid_Search,Mobile,West,55+,2024-04,2024-04-15,2024-04-15,,,,,0,stage2,1,0,0,0
U001503,2024-06-29,Email,Mobile,West,25-34,2024-06,2024-06-29,,,,,,0,stage1,0,0,0,0
U001504,2024-04-07,Organic,Mobile,North,18-24,2024-04,2024-04-07,2024-04-08,,,,,0,stage2,1,0,0,0
U001505,2024-06-18,Social,Desktop,West,18-24,2024-06,2024-06-18,2024-06-20,2024-06-21,2024-06-22,2024-06-23,2024-06-23,1,Converted,1,1,1,1
U001506,2024-05-08,Paid_Search,Mobile,Central,45-54,2024-05,2024-05-08,2024-05-10,,,,,0,stage2,1,0,0,0
U001509,2024-05-14,Referral,Desktop,Central,35-44,2024-05,2024-05-14,2024-05-15,2024-05-16,2024-05-18,2024-05-20,2024-05-21,1,Converted,1,1,1,1
U001510,2024-06-16,Referral,Mobile,North,18-24,2024-06,2024-06-16,2024-06-16,,,,,0,stage2,1,0,0,0
U001513,2024-06-26,Organic,Mobile,South,25-34,2024-06,2024-06-26,2024-06-27,,,,,0,stage2,1,0,0,0
U001514,2024-06-15,Referral,Desktop,South,25-34,2024-06,2024-06-15,2024-06-15,,,,,0,stage2,1,0,0,0
U001516,2024-06-21,Referral,Mobile,North,35-44,2024-06,2024-06-21,2024-06-23,2024-06-25,2024-06-26,,,0,stage4,1,1,1,0
U001517,2024-06-09,Organic,Mobile,Central,25-34,2024-06,2024-06-09,2024-06-11,2024-06-13,2024-06-15,,,0,stage4,1,1,1,0
U001519,2024-06-07,Organic,Mobile,West,35-44,2024-06,2024-06-07,,,,,,0,stage1,0,0,0,0
U001525,2024-04-21,Referral,Mobile,South,25-34,2024-04,2024-04-21,2024-04-21,2024-04-24,2024-04-26,2024-04-27,2024-04-28,1,Converted,1,1,1,1
U001530,2024-04-01,Referral,Desktop,West,35-44,2024-04,2024-04-01,2024-04-02,,,,,0,stage2,1,0,0,0
U001531,2024-04-20,Referral,Desktop,North,25-34,2024-04,2024-04-20,2024-04-20,2024-04-21,2024-04-23,2024-04-27,2024-04-29,1,Converted,1,1,1,1
U001532,2024-06-23,Organic,Mobile,Central,35-44,2024-06,2024-06-23,2024-06-23,2024-06-24,,,,0,stage3,1,1,0,0
U001534,2024-06-05,Organic,Tablet,West,25-34,2024-06,2024-06-05,2024-06-06,2024-06-09,,,,0,stage3,1,1,0,0
U001535,2024-06-23,Organic,Desktop,South,35-44,2024-06,2024-06-23,,,,,,0,stage1,0,0,0,0
U001537,2024-05-07,Paid_Search,Mobile,North,25-34,2024-05,2024-05-07,2024-05-09,,,,,0,stage2,1,0,0,0
U001539,2024-04-28,Social,Mobile,Central,55+,2024-04,2024-04-28,,,,,,0,stage1,0,0,0,0
U001540,2024-06-12,Social,Mobile,East,18-24,2024-06,2024-06-12,2024-06-13,,,,,0,stage2,1,0,0,0
U001541,2024-04-27,Paid_Search,Desktop,West,45-54,2024-04,2024-04-27,,,,,,0,stage1,0,0,0,0
U001543,2024-04-29,Referral,Mobile,West,25-34,2024-04,2024-04-29,2024-04-30,,,,,0,stage2,1,0,0,0
U001544,2024-06-22,Referral,Desktop,North,45-54,2024-06,2024-06-22,2024-06-24,2024-06-25,2024-06-25,,,0,stage4,1,1,1,0
U001545,2024-04-23,Referral,Desktop,Central,45-54,2024-04,2024-04-23,2024-04-24,,,,,0,stage2,1,0,0,0
U001546,2024-05-30,Paid_Search,Mobile,East,55+,2024-05,2024-05-30,,,,,,0,stage1,0,0,0,0
U001548,2024-06-12,Referral,Desktop,West,35-44,2024-06,2024-06-12,2024-06-13,2024-06-16,2024-06-17,2024-06-21,2024-06-22,1,Converted,1,1,1,1
U001550,2024-04-08,Referral,Mobile,North,35-44,2024-04,2024-04-08,2024-04-09,2024-04-10,,,,0,stage3,1,1,0,0
U001552,2024-05-26,Referral,Desktop,Central,45-54,2024-05,2024-05-26,,,,,,0,stage1,0,0,0,0
U001553,2024-04-01,Paid_Search,Mobile,South,18-24,2024-04,2024-04-01,2024-04-03,2024-04-05,,,,0,stage3,1,1,0,0
U001554,2024-06-28,Referral,Desktop,South,18-24,2024-06,2024-06-28,2024-06-29,2024-06-30,2024-07-02,2024-07-06,,0,stage5,1,1,1,1
U001557,2024-05-24,Organic,Desktop,East,55+,2024-05,2024-05-24,2024-05-26,,,,,0,stage2,1,0,0,0
U001559,2024-06-04,Social,Tablet,North,25-34,2024-06,2024-06-04,2024-06-06,2024-06-08,2024-06-09,2024-06-11,2024-06-13,1,Converted,1,1,1,1
U001562,2024-06-17,Paid_Search,Desktop,North,25-34,2024-06,2024-06-17,,,,,,0,stage1,0,0,0,0
U001563,2024-06-23,Organic,Mobile,Central,18-24,2024-06,2024-06-23,2024-06-23,2024-06-26,2024-06-26,2024-06-27,,0,stage5,1,1,1,1
U001565,2024-05-28,Organic,Mobile,South,45-54,2024-05,2024-05-28,2024-05-29,2024-06-01,2024-06-01,,,0,stage4,1,1,1,0
U001567,2024-04-16,Email,Desktop,South,18-24,2024-04,2024-04-16,2024-04-16,,,,,0,stage2,1,0,0,0
U001570,2024-05-15,Organic,Desktop,East,25-34,2024-05,2024-05-15,2024-05-17,2024-05-19,2024-05-19,2024-05-22,2024-05-23,1,Converted,1,1,1,1
U001575,2024-06-22,Organic,Mobile,North,45-54,2024-06,2024-06-22,,,,,,0,stage1,0,0,0,0
U001576,2024-06-21,Referral,Desktop,North,25-34,2024-06,2024-06-21,2024-06-22,2024-06-25,2024-06-26,,,0,stage4,1,1,1,0
U001578,2024-04-11,Paid_Search,Mobile,West,18-24,2024-04,2024-04-11,2024-04-11,2024-04-13,,,,0,stage3,1,1,0,0
U001579,2024-05-17,Email,Desktop,South,45-54,2024-05,2024-05-17,2024-05-17,2024-05-19,2024-05-20,2024-05-23,2024-05-25,1,Converted,1,1,1,1
U001580,2024-04-07,Referral,Desktop,East,35-44,2024-04,2024-04-07,2024-04-09,2024-04-11,2024-04-11,2024-04-13,2024-04-14,1,Converted,1,1,1,1
U001582,2024-05-23,Organic,Desktop,South,18-24,2024-05,2024-05-23,2024-05-24,,,,,0,stage2,1,0,0,0
U001583,2024-06-05,Paid_Search,Desktop,North,45-54,2024-06,2024-06-05,2024-06-05,,,,,0,stage2,1,0,0,0
U001584,2024-06-14,Referral,Desktop,South,18-24,2024-06,2024-06-14,2024-06-14,,,,,0,stage2,1,0,0,0
U001585,2024-06-11,Paid_Search,Desktop,South,25-34,2024-06,2024-06-11,2024-06-12,,,,,0,stage2,1,0,0,0
U001586,2024-06-28,Referral,Tablet,South,35-44,2024-06,2024-06-28,2024-06-29,2024-07-02,,,,0,stage3,1,1,0,0
U001587,2024-04-14,Email,Desktop,West,25-34,2024-04,2024-04-14,2024-04-14,,,,,0,stage2,1,0,0,0
U001590,2024-05-06,Email,Mobile,South,55+,2024-05,2024-05-06,2024-05-06,2024-05-07,2024-05-07,2024-05-09,2024-05-10,1,Converted,1,1,1,1
U001591,2024-04-26,Email,Mobile,East,25-34,2024-04,2024-04-26,2024-04-27,,,,,0,stage2,1,0,0,0
U001592,2024-06-20,Social,Desktop,East,55+,2024-06,2024-06-20,,,,,,0,stage1,0,0,0,0
U001593,2024-06-27,Social,Mobile,North,25-34,2024-06,2024-06-27,,,,,,0,stage1,0,0,0,0
U001594,2024-05-18,Paid_Search,Mobile,Central,45-54,2024-05,2024-05-18,,,,,,0,stage1,0,0,0,0
U001595,2024-04-17,Paid_Search,Desktop,South,18-24,2024-04,2024-04-17,2024-04-19,2024-04-22,2024-04-24,,,0,stage4,1,1,1,0
U001598,2024-05-05,Paid_Search,Desktop,West,55+,2024-05,2024-05-05,,,,,,0,stage1,0,0,0,0
U001599,2024-06-06,Referral,Desktop,Central,25-34,2024-06,2024-06-06,2024-06-07,2024-06-09,,,,0,stage3,1,1,0,0
U001601,2024-04-04,Organic,Mobile,East,35-44,2024-04,2024-04-04,2024-04-04,,,,,0,stage2,1,0,0,0
U001602,2024-04-23,Paid_Search,Mobile,North,35-44,2024-04,2024-04-23,2024-04-24,,,,,0,stage2,1,0,0,0
U001604,2024-05-19,Paid_Search,Mobile,East,25-34,2024-05,2024-05-19,2024-05-21,2024-05-23,,,,0,stage3,1,1,0,0
U001606,2024-04-11,Paid_Search,Mobile,North,25-34,2024-04,2024-04-11,2024-04-12,,,,,0,stage2,1,0,0,0
U001608,2024-06-18,Organic,Tablet,West,35-44,2024-06,2024-06-18,2024-06-18,2024-06-21,2024-06-23,2024-06-24,2024-06-24,1,Converted,1,1,1,1
U001610,2024-05-24,Email,Desktop,North,25-34,2024-05,2024-05-24,2024-05-24,2024-05-25,,,,0,stage3,1,1,0,0
U001611,2024-05-21,Social,Desktop,South,25-34,2024-05,2024-05-21,2024-05-21,2024-05-24,2024-05-24,,,0,stage4,1,1,1,0
U001617,2024-05-18,Organic,Desktop,East,45-54,2024-05,2024-05-18,2024-05-19,2024-05-20,,,,0,stage3,1,1,0,0
U001620,2024-05-30,Paid_Search,Desktop,West,55+,2024-05,2024-05-30,2024-05-31,,,,,0,stage2,1,0,0,0
U001623,2024-04-17,Paid_Search,Mobile,North,25-34,2024-04,2024-04-17,,,,,,0,stage1,0,0,0,0
U001624,2024-05-14,Social,Mobile,South,18-24,2024-05,2024-05-14,2024-05-14,,,,,0,stage2,1,0,0,0
U001626,2024-05-01,Email,Mobile,South,45-54,2024-05,2024-05-01,,,,,,0,stage1,0,0,0,0
U001627,2024-04-24,Paid_Search,Mobile,North,35-44,2024-04,2024-04-24,2024-04-25,2024-04-28,,,,0,stage3,1,1,0,0
U001628,2024-05-31,Organic,Desktop,South,18-24,2024-05,2024-05-31,2024-05-31,2024-06-02,,,,0,stage3,1,1,0,0
U001629,2024-05-08,Paid_Search,Mobile,West,25-34,2024-05,2024-05-08,,,,,,0,stage1,0,0,0,0
U001631,2024-06-06,Social,Mobile,South,45-54,2024-06,2024-06-06,,,,,,0,stage1,0,0,0,0
U001633,2024-05-13,Organic,Mobile,East,25-34,2024-05,2024-05-13,2024-05-14,2024-05-16,2024-05-18,2024-05-19,,0,stage5,1,1,1,1
U001635,2024-04-12,Referral,Mobile,North,25-34,2024-04,2024-04-12,2024-04-13,2024-04-16,,,,0,stage3,1,1,0,0
U001641,2024-06-11,Social,Mobile,Central,35-44,2024-06,2024-06-11,,,,,,0,stage1,0,0,0,0
U001642,2024-05-29,Referral,Desktop,North,45-54,2024-05,2024-05-29,2024-05-31,,,,,0,stage2,1,0,0,0
U001644,2024-06-01,Organic,Mobile,Central,35-44,2024-06,2024-06-01,,,,,,0,stage1,0,0,0,0
U001645,2024-05-15,Paid_Search,Desktop,East,35-44,2024-05,2024-05-15,,,,,,0,stage1,0,0,0,0
U001647,2024-05-09,Organic,Desktop,West,25-34,2024-05,2024-05-09,2024-05-11,2024-05-13,2024-05-13,,,0,stage4,1,1,1,0
U001648,2024-06-28,Organic,Desktop,South,25-34,2024-06,2024-06-28,,,,,,0,stage1,0,0,0,0
U001650,2024-05-21,Paid_Search,Mobile,North,25-34,2024-05,2024-05-21,,,,,,0,stage1,0,0,0,0
U001652,2024-04-25,Organic,Mobile,East,25-34,2024-04,2024-04-25,,,,,,0,stage1,0,0,0,0
U001655,2024-04-26,Organic,Mobile,South,25-34,2024-04,2024-04-26,2024-04-27,,,,,0,stage2,1,0,0,0
U001656,2024-04-16,Referral,Mobile,West,25-34,2024-04,2024-04-16,2024-04-18,2024-04-19,2024-04-20,2024-04-24,2024-04-25,1,Converted,1,1,1,1
U001657,2024-06-19,Social,Desktop,West,18-24,2024-06,2024-06-19,2024-06-20,,,,,0,stage2,1,0,0,0
U001658,2024-04-05,Social,Mobile,North,35-44,2024-04,2024-04-05,2024-04-05,2024-04-08,2024-04-09,2024-04-10,,0,stage5,1,1,1,1
U001660,2024-04-20,Paid_Search,Mobile,North,25-34,2024-04,2024-04-20,2024-04-20,2024-04-23,,,,0,stage3,1,1,0,0
U001661,2024-04-05,Paid_Search,Mobile,Central,55+,2024-04,2024-04-05,2024-04-05,,,,,0,stage2,1,0,0,0
U001662,2024-05-22,Paid_Search,Mobile,South,35-44,2024-05,2024-05-22,,,,,,0,stage1,0,0,0,0
U001664,2024-05-23,Referral,Desktop,Central,25-34,2024-05,2024-05-23,2024-05-25,2024-05-27,2024-05-29,2024-05-30,2024-05-31,1,Converted,1,1,1,1
U001666,2024-04-18,Organic,Mobile,East,35-44,2024-04,2024-04-18,2024-04-20,2024-04-21,2024-04-22,2024-04-25,2024-04-26,1,Converted,1,1,1,1
U001668,2024-05-09,Organic,Mobile,East,45-54,2024-05,2024-05-09,,,,,,0,stage1,0,0,0,0
U001670,2024-05-03,Referral,Mobile,Central,18-24,2024-05,2024-05-03,2024-05-03,2024-05-04,,,,0,stage3,1,1,0,0
U001672,2024-05-22,Paid_Search,Mobile,Central,25-34,2024-05,2024-05-22,2024-05-23,,,,,0,stage2,1,0,0,0
U001675,2024-05-23,Paid_Search,Mobile,West,25-34,2024-05,2024-05-23,,,,,,0,stage1,0,0,0,0
U001676,2024-06-08,Organic,Desktop,Central,35-44,2024-06,2024-06-08,,,,,,0,stage1,0,0,0,0
U001677,2024-06-06,Organic,Mobile,East,35-44,2024-06,2024-06-06,2024-06-08,2024-06-11,2024-06-13,2024-06-14,2024-06-16,1,Converted,1,1,1,1
U001678,2024-06-17,Referral,Mobile,North,35-44,2024-06,2024-06-17,2024-06-19,,,,,0,stage2,1,0,0,0
U001686,2024-05-24,Organic,Tablet,North,45-54,2024-05,2024-05-24,2024-05-26,2024-05-28,2024-05-28,2024-05-30,2024-06-01,1,Converted,1,1,1,1
U001687,2024-06-11,Organic,Desktop,Central,25-34,2024-06,2024-06-11,2024-06-11,2024-06-12,2024-06-14,,,0,stage4,1,1,1,0
U001688,2024-05-15,Social,Desktop,South,45-54,2024-05,2024-05-15,2024-05-15,,,,,0,stage2,1,0,0,0
U001689,2024-04-06,Referral,Desktop,East,25-34,2024-04,2024-04-06,,,,,,0,stage1,0,0,0,0
U001690,2024-04-17,Paid_Search,Desktop,South,35-44,2024-04,2024-04-17,2024-04-18,2024-04-20,2024-04-20,2024-04-23,2024-04-24,1,Converted,1,1,1,1
U001695,2024-06-04,Organic,Tablet,Central,25-34,2024-06,2024-06-04,2024-06-05,2024-06-07,2024-06-08,2024-06-10,2024-06-12,1,Converted,1,1,1,1
U001699,2024-05-14,Referral,Desktop,South,25-34,2024-05,2024-05-14,2024-05-16,2024-05-18,2024-05-18,,,0,stage4,1,1,1,0
U001704,2024-05-07,Paid_Search,Mobile,Central,18-24,2024-05,2024-05-07,,,,,,0,stage1,0,0,0,0
U001705,2024-04-20,Paid_Search,Mobile,North,55+,2024-04,2024-04-20,,,,,,0,stage1,0,0,0,0
U001708,2024-06-29,Referral,Desktop,North,35-44,2024-06,2024-06-29,2024-06-29,2024-07-02,,,,0,stage3,1,1,0,0
U001709,2024-05-23,Referral,Mobile,West,35-44,2024-05,2024-05-23,,,,,,0,stage1,0,0,0,0
U001710,2024-06-20,Referral,Desktop,East,18-24,2024-06,2024-06-20,2024-06-21,2024-06-22,2024-06-23,2024-06-24,2024-06-25,1,Converted,1,1,1,1
U001713,2024-05-27,Paid_Search,Mobile,Central,18-24,2024-05,2024-05-27,2024-05-28,,,,,0,stage2,1,0,0,0
U001714,2024-05-26,Referral,Desktop,East,45-54,2024-05,2024-05-26,2024-05-27,,,,,0,stage2,1,0,0,0
U001715,2024-06-30,Email,Desktop,North,25-34,2024-06,2024-06-30,2024-07-02,2024-07-04,2024-07-05,2024-07-06,2024-07-07,1,Converted,1,1,1,1
U001718,2024-04-27,Referral,Desktop,Central,18-24,2024-04,2024-04-27,2024-04-29,,,,,0,stage2,1,0,0,0
U001719,2024-04-02,Paid_Search,Desktop,West,35-44,2024-04,2024-04-02,,,,,,0,stage1,0,0,0,0
U001722,2024-05-30,Organic,Desktop,West,25-34,2024-05,2024-05-30,2024-05-31,2024-06-03,,,,0,stage3,1,1,0,0
U001724,2024-04-11,Referral,Tablet,South,18-24,2024-04,2024-04-11,2024-04-12,,,,,0,stage2,1,0,0,0
U001728,2024-05-10,Organic,Tablet,South,25-34,2024-05,2024-05-10,2024-05-12,2024-05-13,2024-05-15,2024-05-17,2024-05-18,1,Converted,1,1,1,1
U001730,2024-06-14,Social,Mobile,West,55+,2024-06,2024-06-14,,,,,,0,stage1,0,0,0,0
U001735,2024-06-03,Organic,Mobile,West,25-34,2024-06,2024-06-03,,,,,,0,stage1,0,0,0,0
U001739,2024-04-28,Referral,Mobile,South,45-54,2024-04,2024-04-28,2024-04-30,,,,,0,stage2,1,0,0,0
U001740,2024-05-28,Referral,Desktop,South,25-34,2024-05,2024-05-28,,,,,,0,stage1,0,0,0,0
U001741,2024-04-24,Organic,Desktop,South,18-24,2024-04,2024-04-24,2024-04-26,2024-04-29,,,,0,stage3,1,1,0,0
U001742,2024-06-13,Paid_Search,Mobile,South,35-44,2024-06,2024-06-13,2024-06-15,,,,,0,stage2,1,0,0,0
U001743,2024-06-08,Paid_Search,Mobile,North,55+,2024-06,2024-06-08,2024-06-09,2024-06-12,,,,0,stage3,1,1,0,0
U001745,2024-04-22,Referral,Mobile,East,25-34,2024-04,2024-04-22,,,,,,0,stage1,0,0,0,0
U001747,2024-04-23,Paid_Search,Mobile,North,25-34,2024-04,2024-04-23,2024-04-25,2024-04-27,,,,0,stage3,1,1,0,0
U001751,2024-04-04,Social,Mobile,East,35-44,2024-04,2024-04-04,2024-04-05,,,,,0,stage2,1,0,0,0
U001753,2024-06-14,Paid_Search,Tablet,West,25-34,2024-06,2024-06-14,2024-06-14,,,,,0,stage2,1,0,0,0
U001754,2024-06-06,Social,Mobile,West,25-34,2024-06,2024-06-06,2024-06-08,2024-06-11,2024-06-12,,,0,stage4,1,1,1,0
U001755,2024-04-28,Paid_Search,Desktop,North,25-34,2024-04,2024-04-28,2024-04-30,2024-05-03,2024-05-05,2024-05-06,2024-05-07,1,Converted,1,1,1,1
U001756,2024-05-26,Organic,Mobile,South,45-54,2024-05,2024-05-26,,,,,,0,stage1,0,0,0,0
U001757,2024-06-15,Paid_Search,Mobile,North,55+,2024-06,2024-06-15,2024-06-15,2024-06-17,2024-06-19,2024-06-23,2024-06-25,1,Converted,1,1,1,1
U001759,2024-04-25,Organic,Desktop,East,18-24,2024-04,2024-04-25,,,,,,0,stage1,0,0,0,0
U001762,2024-06-30,Paid_Search,Mobile,West,18-24,2024-06,2024-06-30,2024-07-01,,,,,0,stage2,1,0,0,0
U001763,2024-04-22,Social,Desktop,West,18-24,2024-04,2024-04-22,2024-04-24,2024-04-27,2024-04-29,2024-05-01,2024-05-02,1,Converted,1,1,1,1
U001764,2024-04-05,Organic,Tablet,Central,25-34,2024-04,2024-04-05,2024-04-06,2024-04-08,2024-04-09,,,0,stage4,1,1,1,0
U001766,2024-06-02,Paid_Search,Desktop,North,18-24,2024-06,2024-06-02,,,,,,0,stage1,0,0,0,0
U001769,2024-06-17,Referral,Desktop,South,45-54,2024-06,2024-06-17,2024-06-19,2024-06-20,,,,0,stage3,1,1,0,0
U001772,2024-06-16,Organic,Mobile,Central,18-24,2024-06,2024-06-16,2024-06-18,2024-06-21,2024-06-22,,,0,stage4,1,1,1,0
U001774,2024-06-30,Referral,Mobile,North,18-24,2024-06,2024-06-30,,,,,,0,stage1,0,0,0,0
U001778,2024-06-24,Referral,Desktop,West,25-34,2024-06,2024-06-24,2024-06-26,,,,,0,stage2,1,0,0,0
U001780,2024-06-14,Social,Desktop,South,18-24,2024-06,2024-06-14,2024-06-16,,,,,0,stage2,1,0,0,0
U001781,2024-04-18,Paid_Search,Desktop,South,35-44,2024-04,2024-04-18,2024-04-20,,,,,0,stage2,1,0,0,0
U001782,2024-04-02,Paid_Search,Mobile,South,35-44,2024-04,2024-04-02,2024-04-02,2024-04-04,,,,0,stage3,1,1,0,0
U001788,2024-05-09,Referral,Mobile,East,45-54,2024-05,2024-05-09,2024-05-11,,,,,0,stage2,1,0,0,0
U001789,2024-05-14,Organic,Desktop,Central,18-24,2024-05,2024-05-14,2024-05-14,2024-05-17,,,,0,stage3,1,1,0,0
U001791,2024-06-01,Social,Desktop,East,55+,2024-06,2024-06-01,,,,,,0,stage1,0,0,0,0
U001792,2024-04-06,Email,Mobile,South,18-24,2024-04,2024-04-06,,,,,,0,stage1,0,0,0,0
U001794,2024-04-22,Referral,Desktop,West,35-44,2024-04,2024-04-22,2024-04-22,,,,,0,stage2,1,0,0,0
U001795,2024-04-15,Referral,Desktop,East,35-44,2024-04,2024-04-15,2024-04-16,2024-04-19,2024-04-21,,,0,stage4,1,1,1,0
U001798,2024-04-24,Organic,Mobile,South,55+,2024-04,2024-04-24,2024-04-24,,,,,0,stage2,1,0,0,0
U001799,2024-05-16,Referral,Mobile,North,55+,2024-05,2024-05-16,2024-05-16,,,,,0,stage2,1,0,0,0
U001802,2024-06-22,Organic,Mobile,North,45-54,2024-06,2024-06-22,2024-06-24,2024-06-26,2024-06-27,,,0,stage4,1,1,1,0
U001804,2024-05-08,Paid_Search,Mobile,North,25-34,2024-05,2024-05-08,2024-05-10,,,,,0,stage2,1,0,0,0
U001805,2024-04-17,Email,Tablet,Central,35-44,2024-04,2024-04-17,,,,,,0,stage1,0,0,0,0
U001811,2024-06-13,Referral,Mobile,East,45-54,2024-06,2024-06-13,2024-06-14,,,,,0,stage2,1,0,0,0
U001812,2024-04-05,Referral,Desktop,East,18-24,2024-04,2024-04-05,2024-04-07,2024-04-08,,,,0,stage3,1,1,0,0
U001813,2024-05-12,Social,Desktop,South,18-24,2024-05,2024-05-12,,,,,,0,stage1,0,0,0,0
U001817,2024-05-11,Social,Mobile,East,55+,2024-05,2024-05-11,2024-05-11,,,,,0,stage2,1,0,0,0
U001818,2024-04-21,Organic,Tablet,West,55+,2024-04,2024-04-21,2024-04-21,2024-04-22,,,,0,stage3,1,1,0,0
U001819,2024-04-25,Organic,Mobile,West,45-54,2024-04,2024-04-25,,,,,,0,stage1,0,0,0,0
U001821,2024-04-11,Referral,Desktop,Central,25-34,2024-04,2024-04-11,,,,,,0,stage1,0,0,0,0
U001822,2024-05-08,Paid_Search,Desktop,North,55+,2024-05,2024-05-08,2024-05-09,2024-05-10,,,,0,stage3,1,1,0,0
U001823,2024-04-08,Paid_Search,Desktop,East,35-44,2024-04,2024-04-08,2024-04-08,2024-04-10,2024-04-10,2024-04-11,2024-04-12,1,Converted,1,1,1,1
U001825,2024-06-15,Organic,Desktop,West,25-34,2024-06,2024-06-15,2024-06-16,2024-06-17,2024-06-17,2024-06-18,2024-06-19,1,Converted,1,1,1,1
U001826,2024-04-30,Referral,Mobile,South,55+,2024-04,2024-04-30,2024-05-02,2024-05-03,,,,0,stage3,1,1,0,0
U001827,2024-06-29,Referral,Desktop,West,45-54,2024-06,2024-06-29,2024-06-30,2024-07-02,2024-07-04,,,0,stage4,1,1,1,0
U001836,2024-04-17,Organic,Desktop,Central,25-34,2024-04,2024-04-17,2024-04-19,2024-04-22,2024-04-23,,,0,stage4,1,1,1,0
U001839,2024-06-01,Organic,Mobile,South,55+,2024-06,2024-06-01,2024-06-03,,,,,0,stage2,1,0,0,0
U001842,2024-04-19,Email,Mobile,North,55+,2024-04,2024-04-19,2024-04-19,2024-04-22,2024-04-23,2024-04-25,2024-04-27,1,Converted,1,1,1,1
U001843,2024-04-16,Referral,Tablet,South,35-44,2024-04,2024-04-16,2024-04-16,2024-04-19,2024-04-21,,,0,stage4,1,1,1,0
U001845,2024-05-14,Referral,Mobile,Central,35-44,2024-05,2024-05-14,2024-05-15,,,,,0,stage2,1,0,0,0
U001847,2024-05-14,Paid_Search,Desktop,East,25-34,2024-05,2024-05-14,,,,,,0,stage1,0,0,0,0
U001848,2024-05-19,Organic,Mobile,East,25-34,2024-05,2024-05-19,2024-05-21,,,,,0,stage2,1,0,0,0
U001849,2024-05-09,Paid_Search,Mobile,Central,35-44,2024-05,2024-05-09,,,,,,0,stage1,0,0,0,0
U001850,2024-05-21,Organic,Desktop,Central,35-44,2024-05,2024-05-21,2024-05-21,2024-05-23,2024-05-24,2024-05-25,2024-05-27,1,Converted,1,1,1,1
U001851,2024-04-09,Social,Mobile,Central,55+,2024-04,2024-04-09,2024-04-10,2024-04-12,,,,0,stage3,1,1,0,0
U001853,2024-04-01,Organic,Desktop,North,18-24,2024-04,2024-04-01,2024-04-01,2024-04-03,2024-04-03,2024-04-04,2024-04-06,1,Converted,1,1,1,1
U001857,2024-06-13,Organic,Desktop,East,25-34,2024-06,2024-06-13,2024-06-13,,,,,0,stage2,1,0,0,0
U001858,2024-06-24,Organic,Mobile,South,35-44,2024-06,2024-06-24,2024-06-25,2024-06-28,2024-06-29,2024-07-01,2024-07-01,1,Converted,1,1,1,1
U001860,2024-04-27,Email,Desktop,South,18-24,2024-04,2024-04-27,2024-04-27,2024-04-29,2024-04-29,,,0,stage4,1,1,1,0
U001864,2024-05-11,Referral,Tablet,South,35-44,2024-05,2024-05-11,2024-05-12,,,,,0,stage2,1,0,0,0
U001865,2024-05-19,Organic,Desktop,East,25-34,2024-05,2024-05-19,2024-05-20,2024-05-22,2024-05-22,,,0,stage4,1,1,1,0
U001866,2024-06-14,Referral,Desktop,East,18-24,2024-06,2024-06-14,2024-06-14,2024-06-16,2024-06-17,2024-06-18,2024-06-20,1,Converted,1,1,1,1
U001870,2024-04-04,Referral,Mobile,East,18-24,2024-04,2024-04-04,2024-04-05,2024-04-07,2024-04-09,2024-04-13,2024-04-14,1,Converted,1,1,1,1
U001872,2024-06-26,Paid_Search,Mobile,North,35-44,2024-06,2024-06-26,,,,,,0,stage1,0,0,0,0
U001873,2024-05-07,Social,Desktop,North,18-24,2024-05,2024-05-07,2024-05-08,2024-05-11,2024-05-12,2024-05-13,2024-05-15,1,Converted,1,1,1,1
U001874,2024-04-18,Email,Desktop,Central,35-44,2024-04,2024-04-18,2024-04-18,,,,,0,stage2,1,0,0,0
U001875,2024-04-20,Organic,Desktop,South,55+,2024-04,2024-04-20,2024-04-22,2024-04-23,,,,0,stage3,1,1,0,0
U001876,2024-05-19,Organic,Desktop,West,45-54,2024-05,2024-05-19,,,,,,0,stage1,0,0,0,0
U001879,2024-06-18,Referral,Mobile,North,25-34,2024-06,2024-06-18,2024-06-19,,,,,0,stage2,1,0,0,0
U001881,2024-04-24,Paid_Search,Mobile,South,35-44,2024-04,2024-04-24,,,,,,0,stage1,0,0,0,0
U001882,2024-06-03,Referral,Mobile,South,18-24,2024-06,2024-06-03,2024-06-05,2024-06-07,2024-06-07,,,0,stage4,1,1,1,0
U001883,2024-06-25,Social,Mobile,East,18-24,2024-06,2024-06-25,,,,,,0,stage1,0,0,0,0
U001884,2024-04-23,Social,Mobile,East,45-54,2024-04,2024-04-23,,,,,,0,stage1,0,0,0,0
U001886,2024-04-24,Social,Desktop,North,45-54,2024-04,2024-04-24,2024-04-24,2024-04-27,,,,0,stage3,1,1,0,0
U001889,2024-04-13,Organic,Mobile,West,35-44,2024-04,2024-04-13,2024-04-14,,,,,0,stage2,1,0,0,0
U001890,2024-05-11,Referral,Mobile,South,18-24,2024-05,2024-05-11,2024-05-13,,,,,0,stage2,1,0,0,0
U001891,2024-06-22,Social,Tablet,East,18-24,2024-06,2024-06-22,2024-06-22,,,,,0,stage2,1,0,0,0
U001894,2024-04-22,Organic,Desktop,North,35-44,2024-04,2024-04-22,2024-04-22,2024-04-23,2024-04-23,,,0,stage4,1,1,1,0
U001896,2024-06-14,Organic,Desktop,South,18-24,2024-06,2024-06-14,2024-06-15,2024-06-17,,,,0,stage3,1,1,0,0
U001897,2024-04-08,Paid_Search,Mobile,South,55+,2024-04,2024-04-08,2024-04-10,2024-04-11,2024-04-13,2024-04-15,2024-04-17,1,Converted,1,1,1,1
U001898,2024-04-25,Email,Mobile,Central,18-24,2024-04,2024-04-25,,,,,,0,stage1,0,0,0,0
U001899,2024-04-04,Email,Mobile,Central,25-34,2024-04,2024-04-04,,,,,,0,stage1,0,0,0,0
U001900,2024-04-05,Referral,Mobile,North,25-34,2024-04,2024-04-05,2024-04-06,2024-04-07,2024-04-09,2024-04-11,,0,stage5,1,1,1,1
U001901,2024-05-15,Organic,Mobile,West,18-24,2024-05,2024-05-15,2024-05-16,2024-05-18,,,,0,stage3,1,1,0,0
U001903,2024-06-15,Referral,Desktop,South,18-24,2024-06,2024-06-15,2024-06-16,,,,,0,stage2,1,0,0,0
U001908,2024-06-29,Organic,Mobile,South,55+,2024-06,2024-06-29,2024-06-30,,,,,0,stage2,1,0,0,0
U001910,2024-06-26,Organic,Desktop,South,35-44,2024-06,2024-06-26,2024-06-27,2024-06-28,,,,0,stage3,1,1,0,0
U001914,2024-04-23,Paid_Search,Mobile,South,55+,2024-04,2024-04-23,,,,,,0,stage1,0,0,0,0
U001917,2024-05-20,Referral,Mobile,South,35-44,2024-05,2024-05-20,2024-05-22,2024-05-24,2024-05-25,,,0,stage4,1,1,1,0
U001919,2024-06-30,Paid_Search,Desktop,West,25-34,2024-06,2024-06-30,2024-07-02,2024-07-05,2024-07-05,,,0,stage4,1,1,1,0
U001920,2024-04-02,Organic,Mobile,West,25-34,2024-04,2024-04-02,2024-04-04,2024-04-05,,,,0,stage3,1,1,0,0
U001922,2024-04-02,Paid_Search,Mobile,East,35-44,2024-04,2024-04-02,2024-04-04,,,,,0,stage2,1,0,0,0
U001923,2024-05-26,Organic,Desktop,East,25-34,2024-05,2024-05-26,2024-05-27,,,,,0,stage2,1,0,0,0
U001924,2024-04-29,Social,Mobile,South,45-54,2024-04,2024-04-29,,,,,,0,stage1,0,0,0,0
U001925,2024-05-21,Paid_Search,Mobile,North,35-44,2024-05,2024-05-21,2024-05-21,,,,,0,stage2,1,0,0,0
U001926,2024-06-05,Paid_Search,Mobile,East,55+,2024-06,2024-06-05,,,,,,0,stage1,0,0,0,0
U001928,2024-05-02,Paid_Search,Tablet,East,35-44,2024-05,2024-05-02,2024-05-04,2024-05-06,2024-05-07,2024-05-08,2024-05-08,1,Converted,1,1,1,1
U001931,2024-04-25,Referral,Mobile,East,18-24,2024-04,2024-04-25,,,,,,0,stage1,0,0,0,0
U001932,2024-04-29,Organic,Desktop,South,35-44,2024-04,2024-04-29,,,,,,0,stage1,0,0,0,0
U001933,2024-06-23,Referral,Desktop,Central,18-24,2024-06,2024-06-23,2024-06-25,2024-06-27,,,,0,stage3,1,1,0,0
U001935,2024-05-30,Organic,Mobile,Central,55+,2024-05,2024-05-30,2024-05-30,2024-05-31,2024-06-01,,,0,stage4,1,1,1,0
U001936,2024-05-08,Social,Mobile,North,45-54,2024-05,2024-05-08,,,,,,0,stage1,0,0,0,0
U001939,2024-05-12,Paid_Search,Desktop,Central,18-24,2024-05,2024-05-12,,,,,,0,stage1,0,0,0,0
U001946,2024-06-09,Organic,Desktop,West,55+,2024-06,2024-06-09,2024-06-10,2024-06-13,,,,0,stage3,1,1,0,0
U001947,2024-05-16,Organic,Mobile,East,18-24,2024-05,2024-05-16,2024-05-16,,,,,0,stage2,1,0,0,0
U001948,2024-05-08,Social,Mobile,North,25-34,2024-05,2024-05-08,,,,,,0,stage1,0,0,0,0
U001949,2024-06-13,Organic,Desktop,North,35-44,2024-06,2024-06-13,2024-06-13,,,,,0,stage2,1,0,0,0
U001950,2024-05-31,Organic,Desktop,South,35-44,2024-05,2024-05-31,,,,,,0,stage1,0,0,0,0
U001951,2024-05-28,Organic,Desktop,East,18-24,2024-05,2024-05-28,2024-05-28,2024-05-29,,,,0,stage3,1,1,0,0
U001952,2024-06-17,Social,Mobile,East,45-54,2024-06,2024-06-17,,,,,,0,stage1,0,0,0,0
U001953,2024-06-08,Paid_Search,Tablet,East,25-34,2024-06,2024-06-08,,,,,,0,stage1,0,0,0,0
U001954,2024-06-03,Paid_Search,Mobile,East,45-54,2024-06,2024-06-03,,,,,,0,stage1,0,0,0,0
U001958,2024-06-13,Referral,Mobile,East,55+,2024-06,2024-06-13,2024-06-15,2024-06-17,2024-06-19,2024-06-21,2024-06-23,1,Converted,1,1,1,1
U001959,2024-04-16,Organic,Desktop,North,25-34,2024-04,2024-04-16,,,,,,0,stage1,0,0,0,0
U001960,2024-06-07,Paid_Search,Desktop,North,35-44,2024-06,2024-06-07,2024-06-09,,,,,0,stage2,1,0,0,0
U001962,2024-06-09,Organic,Mobile,East,18-24,2024-06,2024-06-09,2024-06-11,,,,,0,stage2,1,0,0,0
U001965,2024-04-13,Social,Desktop,East,25-34,2024-04,2024-04-13,2024-04-14,2024-04-16,2024-04-16,,,0,stage4,1,1,1,0
U001966,2024-06-25,Paid_Search,Mobile,North,18-24,2024-06,2024-06-25,2024-06-25,,,,,0,stage2,1,0,0,0
U001968,2024-04-16,Social,Mobile,East,25-34,2024-04,2024-04-16,,,,,,0,stage1,0,0,0,0
U001969,2024-05-03,Email,Desktop,East,18-24,2024-05,2024-05-03,2024-05-04,2024-05-05,2024-05-06,,,0,stage4,1,1,1,0
U001970,2024-06-04,Referral,Mobile,Central,18-24,2024-06,2024-06-04,2024-06-04,2024-06-06,2024-06-08,2024-06-11,2024-06-13,1,Converted,1,1,1,1
U001974,2024-04-29,Social,Mobile,North,18-24,2024-04,2024-04-29,,,,,,0,stage1,0,0,0,0
U001978,2024-04-17,Paid_Search,Mobile,West,45-54,2024-04,2024-04-17,2024-04-17,2024-04-18,2024-04-19,2024-04-22,,0,stage5,1,1,1,1
U001980,2024-05-11,Social,Mobile,East,55+,2024-05,2024-05-11,2024-05-12,2024-05-14,2024-05-15,,,0,stage4,1,1,1,0
U001981,2024-05-07,Referral,Desktop,Central,45-54,2024-05,2024-05-07,,,,,,0,stage1,0,0,0,0
U001983,2024-05-09,Referral,Mobile,East,18-24,2024-05,2024-05-09,2024-05-10,2024-05-11,2024-05-11,2024-05-14,2024-05-14,1,Converted,1,1,1,1
U001986,2024-05-06,Organic,Mobile,West,25-34,2024-05,2024-05-06,,,,,,0,stage1,0,0,0,0
U001987,2024-06-01,Organic,Mobile,East,35-44,2024-06,2024-06-01,2024-06-03,2024-06-06,,,,0,stage3,1,1,0,0
U001988,2024-04-30,Organic,Desktop,East,45-54,2024-04,2024-04-30,2024-05-01,2024-05-04,2024-05-04,,,0,stage4,1,1,1,0
U001991,2024-04-03,Paid_Search,Desktop,East,25-34,2024-04,2024-04-03,,,,,,0,stage1,0,0,0,0
U001992,2024-04-13,Paid_Search,Mobile,South,25-34,2024-04,2024-04-13,2024-04-14,,,,,0,stage2,1,0,0,0
U001996,2024-05-21,Organic,Mobile,West,35-44,2024-05,2024-05-21,2024-05-22,2024-05-23,,,,0,stage3,1,1,0,0
U001997,2024-04-08,Organic,Mobile,East,25-34,2024-04,2024-04-08,2024-04-10,,,,,0,stage2,1,0,0,0
U001998,2024-04-25,Referral,Desktop,South,18-24,2024-04,2024-04-25,2024-04-27,,,,,0,stage2,1,0,0,0
U002000,2024-06-05,Email,Mobile,East,55+,2024-06,2024-06-05,,,,,,0,stage1,0,0,0,0
U002003,2024-04-10,Paid_Search,Tablet,Central,25-34,2024-04,2024-04-10,2024-04-11,,,,,0,stage2,1,0,0,0
U002005,2024-05-10,Referral,Desktop,South,35-44,2024-05,2024-05-10,2024-05-11,2024-05-14,,,,0,stage3,1,1,0,0
U002009,2024-04-26,Paid_Search,Mobile,East,25-34,2024-04,2024-04-26,,,,,,0,stage1,0,0,0,0
U002012,2024-06-05,Email,Desktop,East,45-54,2024-06,2024-06-05,2024-06-06,2024-06-07,2024-06-08,2024-06-11,2024-06-13,1,Converted,1,1,1,1
U002014,2024-05-10,Email,Mobile,North,35-44,2024-05,2024-05-10,,,,,,0,stage1,0,0,0,0
U002015,2024-05-16,Email,Mobile,South,55+,2024-05,2024-05-16,2024-05-17,,,,,0,stage2,1,0,0,0
U002016,2024-06-30,Paid_Search,Mobile,South,25-34,2024-06,2024-06-30,,,,,,0,stage1,0,0,0,0
U002017,2024-05-24,Email,Mobile,West,18-24,2024-05,2024-05-24,2024-05-25,2024-05-27,,,,0,stage3,1,1,0,0
U002019,2024-04-04,Referral,Desktop,East,18-24,2024-04,2024-04-04,2024-04-05,2024-04-08,2024-04-08,2024-04-12,2024-04-14,1,Converted,1,1,1,1
U002021,2024-06-10,Referral,Mobile,South,25-34,2024-06,2024-06-10,,,,,,0,stage1,0,0,0,0
U002023,2024-06-01,Organic,Mobile,East,18-24,2024-06,2024-06-01,2024-06-02,,,,,0,stage2,1,0,0,0
U002025,2024-05-28,Social,Desktop,East,25-34,2024-05,2024-05-28,,,,,,0,stage1,0,0,0,0
U002026,2024-05-27,Referral,Tablet,North,25-34,2024-05,2024-05-27,2024-05-27,,,,,0,stage2,1,0,0,0
U002028,2024-05-29,Paid_Search,Desktop,East,55+,2024-05,2024-05-29,,,,,,0,stage1,0,0,0,0
U002029,2024-05-02,Organic,Mobile,South,35-44,2024-05,2024-05-02,,,,,,0,stage1,0,0,0,0
U002031,2024-05-14,Organic,Mobile,North,35-44,2024-05,2024-05-14,2024-05-16,2024-05-19,2024-05-21,2024-05-25,2024-05-25,1,Converted,1,1,1,1
U002032,2024-06-23,Referral,Mobile,West,35-44,2024-06,2024-06-23,2024-06-23,2024-06-24,,,,0,stage3,1,1,0,0
U002033,2024-05-26,Email,Mobile,South,18-24,2024-05,2024-05-26,2024-05-28,2024-05-29,2024-05-29,,,0,stage4,1,1,1,0
U002035,2024-04-17,Organic,Desktop,Central,25-34,2024-04,2024-04-17,2024-04-17,2024-04-19,,,,0,stage3,1,1,0,0
U002036,2024-06-25,Email,Desktop,North,35-44,2024-06,2024-06-25,2024-06-25,2024-06-27,2024-06-29,2024-07-03,2024-07-05,1,Converted,1,1,1,1
U002038,2024-06-29,Organic,Mobile,South,55+,2024-06,2024-06-29,2024-06-29,2024-07-02,,,,0,stage3,1,1,0,0
U002041,2024-04-06,Organic,Mobile,East,35-44,2024-04,2024-04-06,2024-04-07,2024-04-08,2024-04-09,2024-04-12,,0,stage5,1,1,1,1
U002042,2024-05-19,Organic,Desktop,West,35-44,2024-05,2024-05-19,2024-05-20,2024-05-23,2024-05-25,2024-05-28,2024-05-30,1,Converted,1,1,1,1
U002043,2024-05-03,Referral,Mobile,Central,35-44,2024-05,2024-05-03,2024-05-03,2024-05-04,,,,0,stage3,1,1,0,0
U002047,2024-06-29,Paid_Search,Mobile,West,45-54,2024-06,2024-06-29,,,,,,0,stage1,0,0,0,0
U002048,2024-05-05,Paid_Search,Desktop,North,18-24,2024-05,2024-05-05,2024-05-06,,,,,0,stage2,1,0,0,0
U002049,2024-05-02,Organic,Mobile,North,45-54,2024-05,2024-05-02,2024-05-03,2024-05-06,2024-05-08,2024-05-11,2024-05-12,1,Converted,1,1,1,1
U002055,2024-04-23,Social,Desktop,South,18-24,2024-04,2024-04-23,2024-04-25,2024-04-27,2024-04-29,,,0,stage4,1,1,1,0
U002056,2024-05-02,Organic,Desktop,East,35-44,2024-05,2024-05-02,2024-05-02,2024-05-03,2024-05-05,,,0,stage4,1,1,1,0
U002059,2024-06-06,Social,Mobile,Central,35-44,2024-06,2024-06-06,2024-06-08,,,,,0,stage2,1,0,0,0
U002060,2024-05-30,Paid_Search,Mobile,East,25-34,2024-05,2024-05-30,2024-05-30,2024-05-31,2024-05-31,,,0,stage4,1,1,1,0
U002061,2024-06-20,Referral,Tablet,South,25-34,2024-06,2024-06-20,2024-06-22,2024-06-23,2024-06-25,,,0,stage4,1,1,1,0
U002063,2024-04-15,Referral,Mobile,East,25-34,2024-04,2024-04-15,,,,,,0,stage1,0,0,0,0
U002065,2024-04-30,Paid_Search,Desktop,Central,55+,2024-04,2024-04-30,,,,,,0,stage1,0,0,0,0
U002068,2024-06-15,Paid_Search,Desktop,West,25-34,2024-06,2024-06-15,2024-06-15,2024-06-17,,,,0,stage3,1,1,0,0
U002072,2024-05-26,Paid_Search,Tablet,North,35-44,2024-05,2024-05-26,,,,,,0,stage1,0,0,0,0
U002078,2024-05-25,Referral,Tablet,East,18-24,2024-05,2024-05-25,2024-05-27,2024-05-28,,,,0,stage3,1,1,0,0
U002080,2024-04-26,Organic,Mobile,East,55+,2024-04,2024-04-26,,,,,,0,stage1,0,0,0,0
U002081,2024-06-13,Organic,Mobile,North,35-44,2024-06,2024-06-13,2024-06-15,,,,,0,stage2,1,0,0,0
U002082,2024-05-14,Email,Mobile,East,45-54,2024-05,2024-05-14,,,,,,0,stage1,0,0,0,0
U002083,2024-05-06,Organic,Mobile,East,25-34,2024-05,2024-05-06,2024-05-06,2024-05-09,,,,0,stage3,1,1,0,0
U002084,2024-04-29,Organic,Mobile,South,45-54,2024-04,2024-04-29,,,,,,0,stage1,0,0,0,0
U002086,2024-04-27,Referral,Mobile,Central,18-24,2024-04,2024-04-27,2024-04-29,2024-05-01,,,,0,stage3,1,1,0,0
U002088,2024-06-21,Email,Mobile,South,45-54,2024-06,2024-06-21,2024-06-21,2024-06-22,,,,0,stage3,1,1,0,0
U002089,2024-06-05,Social,Desktop,North,35-44,2024-06,2024-06-05,,,,,,0,stage1,0,0,0,0
U002090,2024-06-12,Organic,Mobile,Central,18-24,2024-06,2024-06-12,,,,,,0,stage1,0,0,0,0
U002091,2024-04-13,Paid_Search,Mobile,North,45-54,2024-04,2024-04-13,2024-04-14,,,,,0,stage2,1,0,0,0
U002092,2024-05-11,Referral,Desktop,Central,35-44,2024-05,2024-05-11,2024-05-12,,,,,0,stage2,1,0,0,0
U002094,2024-06-20,Paid_Search,Mobile,East,18-24,2024-06,2024-06-20,2024-06-20,,,,,0,stage2,1,0,0,0
U002102,2024-04-29,Paid_Search,Mobile,West,25-34,2024-04,2024-04-29,2024-04-30,,,,,0,stage2,1,0,0,0
U002104,2024-06-24,Social,Mobile,West,18-24,2024-06,2024-06-24,,,,,,0,stage1,0,0,0,0
U002105,2024-05-08,Paid_Search,Desktop,North,25-34,2024-05,2024-05-08,2024-05-10,,,,,0,stage2,1,0,0,0
U002109,2024-05-02,Referral,Mobile,East,18-24,2024-05,2024-05-02,2024-05-02,,,,,0,stage2,1,0,0,0
U002110,2024-04-26,Referral,Desktop,South,45-54,2024-04,2024-04-26,2024-04-28,2024-05-01,2024-05-02,2024-05-06,2024-05-08,1,Converted,1,1,1,1
U002111,2024-05-20,Referral,Mobile,North,18-24,2024-05,2024-05-20,,,,,,0,stage1,0,0,0,0
U002112,2024-04-30,Referral,Mobile,South,35-44,2024-04,2024-04-30,,,,,,0,stage1,0,0,0,0
U002113,2024-05-17,Organic,Mobile,Central,18-24,2024-05,2024-05-17,2024-05-19,,,,,0,stage2,1,0,0,0
U002115,2024-06-23,Paid_Search,Desktop,Central,25-34,2024-06,2024-06-23,2024-06-25,2024-06-26,,,,0,stage3,1,1,0,0
U002116,2024-05-14,Social,Mobile,West,35-44,2024-05,2024-05-14,,,,,,0,stage1,0,0,0,0
U002117,2024-04-24,Organic,Mobile,Central,25-34,2024-04,2024-04-24,2024-04-26,2024-04-29,2024-04-30,2024-05-01,,0,stage5,1,1,1,1
U002118,2024-05-24,Organic,Mobile,West,18-24,2024-05,2024-05-24,2024-05-24,,,,,0,stage2,1,0,0,0
U002120,2024-05-20,Organic,Desktop,South,55+,2024-05,2024-05-20,2024-05-22,,,,,0,stage2,1,0,0,0
U002122,2024-05-17,Social,Mobile,Central,35-44,2024-05,2024-05-17,2024-05-17,2024-05-18,,,,0,stage3,1,1,0,0
U002124,2024-05-13,Organic,Desktop,East,25-34,2024-05,2024-05-13,2024-05-14,2024-05-15,,,,0,stage3,1,1,0,0
U002125,2024-06-23,Paid_Search,Desktop,North,25-34,2024-06,2024-06-23,,,,,,0,stage1,0,0,0,0
U002127,2024-05-29,Social,Mobile,Central,35-44,2024-05,2024-05-29,2024-05-30,,,,,0,stage2,1,0,0,0
U002129,2024-04-24,Paid_Search,Mobile,West,55+,2024-04,2024-04-24,,,,,,0,stage1,0,0,0,0
U002131,2024-04-26,Organic,Mobile,South,25-34,2024-04,2024-04-26,,,,,,0,stage1,0,0,0,0
U002133,2024-04-16,Referral,Desktop,Central,55+,2024-04,2024-04-16,,,,,,0,stage1,0,0,0,0
U002134,2024-04-26,Organic,Mobile,South,45-54,2024-04,2024-04-26,,,,,,0,stage1,0,0,0,0
U002135,2024-05-24,Social,Mobile,Central,25-34,2024-05,2024-05-24,2024-05-24,,,,,0,stage2,1,0,0,0
U002136,2024-05-23,Organic,Mobile,South,25-34,2024-05,2024-05-23,2024-05-24,,,,,0,stage2,1,0,0,0
U002137,2024-06-21,Referral,Mobile,West,55+,2024-06,2024-06-21,2024-06-22,2024-06-25,2024-06-25,2024-06-29,2024-06-30,1,Converted,1,1,1,1
U002142,2024-05-18,Referral,Mobile,East,45-54,2024-05,2024-05-18,2024-05-18,2024-05-19,,,,0,stage3,1,1,0,0
U002143,2024-04-30,Referral,Desktop,North,18-24,2024-04,2024-04-30,2024-04-30,2024-05-02,2024-05-03,2024-05-05,2024-05-05,1,Converted,1,1,1,1
U002144,2024-06-13,Email,Desktop,West,18-24,2024-06,2024-06-13,2024-06-15,2024-06-18,2024-06-19,,,0,stage4,1,1,1,0
U002145,2024-04-05,Organic,Mobile,South,35-44,2024-04,2024-04-05,2024-04-06,2024-04-08,2024-04-09,,,0,stage4,1,1,1,0
U002146,2024-04-06,Organic,Desktop,Central,25-34,2024-04,2024-04-06,,,,,,0,stage1,0,0,0,0
U002148,2024-05-18,Organic,Desktop,East,55+,2024-05,2024-05-18,2024-05-18,2024-05-21,2024-05-22,2024-05-23,2024-05-23,1,Converted,1,1,1,1
U002149,2024-05-17,Organic,Mobile,West,18-24,2024-05,2024-05-17,2024-05-18,2024-05-21,,,,0,stage3,1,1,0,0
U002153,2024-04-28,Paid_Search,Mobile,East,35-44,2024-04,2024-04-28,2024-04-30,,,,,0,stage2,1,0,0,0
U002154,2024-05-19,Email,Tablet,North,45-54,2024-05,2024-05-19,,,,,,0,stage1,0,0,0,0
U002155,2024-04-18,Paid_Search,Mobile,Central,25-34,2024-04,2024-04-18,2024-04-20,,,,,0,stage2,1,0,0,0
U002156,2024-04-07,Referral,Mobile,Central,35-44,2024-04,2024-04-07,2024-04-07,2024-04-08,2024-04-09,2024-04-12,2024-04-12,1,Converted,1,1,1,1
U002160,2024-06-18,Paid_Search,Mobile,North,18-24,2024-06,2024-06-18,,,,,,0,stage1,0,0,0,0
U002161,2024-04-17,Referral,Mobile,North,35-44,2024-04,2024-04-17,2024-04-19,2024-04-20,2024-04-20,2024-04-22,2024-04-22,1,Converted,1,1,1,1
U002163,2024-04-24,Paid_Search,Mobile,South,18-24,2024-04,2024-04-24,2024-04-26,,,,,0,stage2,1,0,0,0
U002164,2024-06-21,Organic,Desktop,South,25-34,2024-06,2024-06-21,2024-06-23,2024-06-24,2024-06-24,2024-06-25,2024-06-26,1,Converted,1,1,1,1
U002165,2024-04-22,Referral,Mobile,East,18-24,2024-04,2024-04-22,2024-04-22,2024-04-25,,,,0,stage3,1,1,0,0
U002169,2024-05-27,Email,Desktop,South,25-34,2024-05,2024-05-27,2024-05-28,2024-05-31,2024-06-02,,,0,stage4,1,1,1,0
U002170,2024-06-21,Paid_Search,Mobile,South,45-54,2024-06,2024-06-21,,,,,,0,stage1,0,0,0,0
U002175,2024-05-22,Organic,Mobile,Central,25-34,2024-05,2024-05-22,,,,,,0,stage1,0,0,0,0
U002176,2024-05-31,Paid_Search,Desktop,North,18-24,2024-05,2024-05-31,2024-06-02,,,,,0,stage2,1,0,0,0
U002178,2024-06-09,Email,Mobile,North,35-44,2024-06,2024-06-09,,,,,,0,stage1,0,0,0,0
U002179,2024-06-22,Organic,Mobile,West,18-24,2024-06,2024-06-22,2024-06-23,2024-06-26,2024-06-27,,,0,stage4,1,1,1,0
U002182,2024-04-06,Referral,Tablet,North,18-24,2024-04,2024-04-06,,,,,,0,stage1,0,0,0,0
U002184,2024-05-01,Paid_Search,Desktop,East,18-24,2024-05,2024-05-01,2024-05-01,2024-05-02,,,,0,stage3,1,1,0,0
U002188,2024-04-15,Email,Desktop,West,25-34,2024-04,2024-04-15,2024-04-16,2024-04-19,2024-04-21,2024-04-23,2024-04-24,1,Converted,1,1,1,1
U002191,2024-06-14,Organic,Desktop,North,35-44,2024-06,2024-06-14,,,,,,0,stage1,0,0,0,0
U002195,2024-06-21,Paid_Search,Desktop,Central,25-34,2024-06,2024-06-21,,,,,,0,stage1,0,0,0,0
U002196,2024-06-03,Social,Mobile,East,25-34,2024-06,2024-06-03,,,,,,0,stage1,0,0,0,0
U002197,2024-06-03,Referral,Mobile,South,35-44,2024-06,2024-06-03,2024-06-03,2024-06-04,2024-06-04,2024-06-06,2024-06-07,1,Converted,1,1,1,1
U002202,2024-05-02,Referral,Desktop,South,45-54,2024-05,2024-05-02,2024-05-02,,,,,0,stage2,1,0,0,0
U002203,2024-06-27,Paid_Search,Mobile,East,35-44,2024-06,2024-06-27,,,,,,0,stage1,0,0,0,0
U002204,2024-06-03,Organic,Mobile,Central,35-44,2024-06,2024-06-03,2024-06-05,2024-06-06,2024-06-07,,,0,stage4,1,1,1,0
U002207,2024-04-07,Paid_Search,Mobile,Central,45-54,2024-04,2024-04-07,,,,,,0,stage1,0,0,0,0
U002208,2024-04-29,Paid_Search,Mobile,North,35-44,2024-04,2024-04-29,,,,,,0,stage1,0,0,0,0
U002209,2024-05-16,Paid_Search,Desktop,North,25-34,2024-05,2024-05-16,2024-05-18,2024-05-20,2024-05-21,,,0,stage4,1,1,1,0
U002211,2024-05-11,Organic,Desktop,Central,18-24,2024-05,2024-05-11,2024-05-12,2024-05-14,,,,0,stage3,1,1,0,0
U002213,2024-04-30,Organic,Desktop,Central,25-34,2024-04,2024-04-30,2024-05-01,2024-05-02,2024-05-03,2024-05-06,2024-05-07,1,Converted,1,1,1,1
U002215,2024-05-24,Paid_Search,Desktop,North,35-44,2024-05,2024-05-24,2024-05-24,2024-05-27,2024-05-27,,,0,stage4,1,1,1,0
U002217,2024-05-28,Referral,Desktop,South,25-34,2024-05,2024-05-28,2024-05-30,,,,,0,stage2,1,0,0,0
U002218,2024-04-16,Paid_Search,Desktop,South,25-34,2024-04,2024-04-16,2024-04-17,2024-04-18,2024-04-18,,,0,stage4,1,1,1,0
U002221,2024-04-07,Organic,Desktop,East,25-34,2024-04,2024-04-07,2024-04-09,,,,,0,stage2,1,0,0,0
U002224,2024-05-05,Organic,Mobile,South,18-24,2024-05,2024-05-05,2024-05-07,2024-05-10,2024-05-12,2024-05-16,2024-05-17,1,Converted,1,1,1,1
U002227,2024-05-18,Social,Mobile,East,35-44,2024-05,2024-05-18,,,,,,0,stage1,0,0,0,0
U002228,2024-06-13,Paid_Search,Desktop,East,25-34,2024-06,2024-06-13,2024-06-13,2024-06-16,,,,0,stage3,1,1,0,0
U002231,2024-06-30,Organic,Mobile,East,25-34,2024-06,2024-06-30,,,,,,0,stage1,0,0,0,0
U002234,2024-05-09,Paid_Search,Desktop,North,18-24,2024-05,2024-05-09,2024-05-10,,,,,0,stage2,1,0,0,0
U002235,2024-04-05,Social,Mobile,Central,25-34,2024-04,2024-04-05,2024-04-05,2024-04-08,2024-04-10,2024-04-14,2024-04-16,1,Converted,1,1,1,1
U002236,2024-05-04,Social,Mobile,East,45-54,2024-05,2024-05-04,,,,,,0,stage1,0,0,0,0
U002238,2024-05-21,Organic,Tablet,North,45-54,2024-05,2024-05-21,2024-05-22,2024-05-23,,,,0,stage3,1,1,0,0
U002241,2024-05-17,Organic,Mobile,Central,25-34,2024-05,2024-05-17,,,,,,0,stage1,0,0,0,0
U002244,2024-06-27,Paid_Search,Mobile,South,35-44,2024-06,2024-06-27,,,,,,0,stage1,0,0,0,0
U002245,2024-06-21,Organic,Mobile,North,35-44,2024-06,2024-06-21,,,,,,0,stage1,0,0,0,0
U002246,2024-04-20,Email,Mobile,Central,18-24,2024-04,2024-04-20,2024-04-20,2024-04-21,,,,0,stage3,1,1,0,0
U002251,2024-04-13,Organic,Mobile,West,45-54,2024-04,2024-04-13,2024-04-14,,,,,0,stage2,1,0,0,0
U002252,2024-05-24,Social,Desktop,South,25-34,2024-05,2024-05-24,2024-05-24,2024-05-27,2024-05-27,2024-05-30,2024-06-01,1,Converted,1,1,1,1
U002254,2024-06-15,Referral,Mobile,West,25-34,2024-06,2024-06-15,2024-06-15,2024-06-16,,,,0,stage3,1,1,0,0
U002255,2024-04-13,Paid_Search,Desktop,South,35-44,2024-04,2024-04-13,,,,,,0,stage1,0,0,0,0
U002256,2024-04-07,Paid_Search,Desktop,East,45-54,2024-04,2024-04-07,2024-04-08,,,,,0,stage2,1,0,0,0
U002257,2024-05-21,Social,Mobile,South,25-34,2024-05,2024-05-21,,,,,,0,stage1,0,0,0,0
U002258,2024-05-01,Organic,Mobile,West,25-34,2024-05,2024-05-01,2024-05-01,2024-05-04,2024-05-04,,,0,stage4,1,1,1,0
U002259,2024-06-28,Organic,Mobile,Central,25-34,2024-06,2024-06-28,,,,,,0,stage1,0,0,0,0
U002261,2024-04-21,Organic,Desktop,North,18-24,2024-04,2024-04-21,2024-04-23,,,,,0,stage2,1,0,0,0
U002263,2024-05-15,Referral,Mobile,Central,18-24,2024-05,2024-05-15,,,,,,0,stage1,0,0,0,0
U002265,2024-05-25,Referral,Desktop,South,35-44,2024-05,2024-05-25,2024-05-26,2024-05-28,2024-05-28,2024-05-29,2024-05-31,1,Converted,1,1,1,1
U002267,2024-05-19,Referral,Mobile,Central,45-54,2024-05,2024-05-19,2024-05-21,,,,,0,stage2,1,0,0,0
U002268,2024-06-17,Email,Mobile,Central,18-24,2024-06,2024-06-17,2024-06-17,2024-06-18,2024-06-19,,,0,stage4,1,1,1,0
U002271,2024-04-11,Referral,Mobile,South,35-44,2024-04,2024-04-11,2024-04-11,2024-04-13,2024-04-13,2024-04-15,2024-04-17,1,Converted,1,1,1,1
U002272,2024-04-09,Organic,Desktop,South,18-24,2024-04,2024-04-09,2024-04-11,,,,,0,stage2,1,0,0,0
U002273,2024-05-18,Social,Mobile,West,35-44,2024-05,2024-05-18,,,,,,0,stage1,0,0,0,0
U002275,2024-04-08,Paid_Search,Mobile,North,35-44,2024-04,2024-04-08,,,,,,0,stage1,0,0,0,0
U002277,2024-06-25,Paid_Search,Mobile,East,45-54,2024-06,2024-06-25,2024-06-27,,,,,0,stage2,1,0,0,0
U002281,2024-06-03,Organic,Mobile,West,18-24,2024-06,2024-06-03,2024-06-05,2024-06-08,2024-06-09,2024-06-12,,0,stage5,1,1,1,1
U002283,2024-04-25,Paid_Search,Mobile,North,25-34,2024-04,2024-04-25,2024-04-26,,,,,0,stage2,1,0,0,0
U002285,2024-05-21,Paid_Search,Desktop,South,18-24,2024-05,2024-05-21,2024-05-22,2024-05-24,2024-05-24,2024-05-28,2024-05-28,1,Converted,1,1,1,1
U002286,2024-06-07,Organic,Desktop,South,35-44,2024-06,2024-06-07,2024-06-08,2024-06-09,2024-06-11,,,0,stage4,1,1,1,0
U002289,2024-04-07,Social,Desktop,North,35-44,2024-04,2024-04-07,,,,,,0,stage1,0,0,0,0
U002290,2024-06-11,Social,Desktop,North,35-44,2024-06,2024-06-11,,,,,,0,stage1,0,0,0,0
U002292,2024-04-09,Email,Desktop,Central,55+,2024-04,2024-04-09,2024-04-10,,,,,0,stage2,1,0,0,0
U002293,2024-04-02,Paid_Search,Desktop,South,55+,2024-04,2024-04-02,2024-04-02,,,,,0,stage2,1,0,0,0
U002297,2024-04-24,Social,Mobile,East,45-54,2024-04,2024-04-24,2024-04-26,2024-04-29,2024-05-01,2024-05-05,,0,stage5,1,1,1,1
U002302,2024-04-09,Referral,Desktop,East,18-24,2024-04,2024-04-09,2024-04-09,2024-04-12,2024-04-14,2024-04-16,2024-04-18,1,Converted,1,1,1,1
U002303,2024-05-13,Organic,Desktop,Central,25-34,2024-05,2024-05-13,,,,,,0,stage1,0,0,0,0
U002305,2024-04-07,Paid_Search,Mobile,West,45-54,2024-04,2024-04-07,2024-04-07,2024-04-08,2024-04-09,,,0,stage4,1,1,1,0
U002309,2024-05-03,Paid_Search,Desktop,East,18-24,2024-05,2024-05-03,2024-05-03,2024-05-05,2024-05-06,,,0,stage4,1,1,1,0
U002311,2024-05-06,Organic,Desktop,Central,25-34,2024-05,2024-05-06,2024-05-08,,,,,0,stage2,1,0,0,0
U002312,2024-06-06,Paid_Search,Desktop,North,35-44,2024-06,2024-06-06,2024-06-06,,,,,0,stage2,1,0,0,0
U002313,2024-04-27,Referral,Desktop,West,35-44,2024-04,2024-04-27,2024-04-27,,,,,0,stage2,1,0,0,0
U002315,2024-04-07,Paid_Search,Mobile,East,55+,2024-04,2024-04-07,2024-04-08,2024-04-10,2024-04-11,2024-04-15,,0,stage5,1,1,1,1
U002316,2024-06-15,Referral,Desktop,North,35-44,2024-06,2024-06-15,2024-06-17,2024-06-18,2024-06-19,2024-06-22,2024-06-24,1,Converted,1,1,1,1
U002317,2024-06-26,Organic,Tablet,South,18-24,2024-06,2024-06-26,2024-06-26,,,,,0,stage2,1,0,0,0
U002318,2024-05-02,Organic,Desktop,Central,25-34,2024-05,2024-05-02,2024-05-03,2024-05-04,,,,0,stage3,1,1,0,0
U002319,2024-04-11,Paid_Search,Mobile,North,35-44,2024-04,2024-04-11,2024-04-12,2024-04-14,,,,0,stage3,1,1,0,0
U002320,2024-06-26,Referral,Desktop,North,45-54,2024-06,2024-06-26,2024-06-28,2024-06-30,,,,0,stage3,1,1,0,0
U002321,2024-05-27,Paid_Search,Tablet,North,35-44,2024-05,2024-05-27,2024-05-27,,,,,0,stage2,1,0,0,0
U002323,2024-04-06,Email,Mobile,East,35-44,2024-04,2024-04-06,2024-04-07,2024-04-09,2024-04-10,2024-04-11,2024-04-13,1,Converted,1,1,1,1
U002325,2024-05-19,Email,Mobile,South,55+,2024-05,2024-05-19,,,,,,0,stage1,0,0,0,0
U002328,2024-04-28,Email,Desktop,North,25-34,2024-04,2024-04-28,2024-04-30,2024-05-01,2024-05-02,,,0,stage4,1,1,1,0
U002330,2024-06-26,Organic,Mobile,West,35-44,2024-06,2024-06-26,,,,,,0,stage1,0,0,0,0
U002332,2024-06-21,Paid_Search,Mobile,North,25-34,2024-06,2024-06-21,2024-06-22,2024-06-23,2024-06-25,,,0,stage4,1,1,1,0
U002336,2024-04-06,Paid_Search,Mobile,North,55+,2024-04,2024-04-06,2024-04-06,,,,,0,stage2,1,0,0,0
U002337,2024-04-24,Paid_Search,Mobile,West,18-24,2024-04,2024-04-24,2024-04-26,,,,,0,stage2,1,0,0,0
U002338,2024-05-02,Social,Mobile,Central,35-44,2024-05,2024-05-02,,,,,,0,stage1,0,0,0,0
U002339,2024-05-29,Paid_Search,Mobile,Central,45-54,2024-05,2024-05-29,2024-05-30,2024-06-02,2024-06-04,2024-06-08,2024-06-10,1,Converted,1,1,1,1
U002342,2024-06-17,Social,Mobile,West,45-54,2024-06,2024-06-17,2024-06-19,2024-06-21,,,,0,stage3,1,1,0,0
U002344,2024-06-05,Paid_Search,Desktop,Central,18-24,2024-06,2024-06-05,2024-06-05,2024-06-08,,,,0,stage3,1,1,0,0
U002345,2024-06-14,Organic,Desktop,Central,25-34,2024-06,2024-06-14,,,,,,0,stage1,0,0,0,0
U002346,2024-06-22,Email,Mobile,South,55+,2024-06,2024-06-22,,,,,,0,stage1,0,0,0,0
U002347,2024-06-14,Organic,Mobile,North,55+,2024-06,2024-06-14,2024-06-15,2024-06-17,,,,0,stage3,1,1,0,0
U002348,2024-04-20,Organic,Desktop,South,45-54,2024-04,2024-04-20,2024-04-20,,,,,0,stage2,1,0,0,0
U002352,2024-05-22,Organic,Mobile,South,25-34,2024-05,2024-05-22,2024-05-24,2024-05-27,2024-05-29,2024-05-31,2024-06-01,1,Converted,1,1,1,1
U002353,2024-04-05,Organic,Desktop,East,25-34,2024-04,2024-04-05,2024-04-06,2024-04-08,2024-04-10,2024-04-12,2024-04-13,1,Converted,1,1,1,1
U002357,2024-05-13,Referral,Mobile,North,35-44,2024-05,2024-05-13,2024-05-14,,,,,0,stage2,1,0,0,0
U002359,2024-05-01,Paid_Search,Mobile,South,35-44,2024-05,2024-05-01,,,,,,0,stage1,0,0,0,0
U002361,2024-06-27,Paid_Search,Desktop,Central,35-44,2024-06,2024-06-27,,,,,,0,stage1,0,0,0,0
U002362,2024-04-25,Social,Mobile,South,45-54,2024-04,2024-04-25,2024-04-26,2024-04-27,,,,0,stage3,1,1,0,0
U002368,2024-04-28,Paid_Search,Desktop,North,45-54,2024-04,2024-04-28,,,,,,0,stage1,0,0,0,0
U002370,2024-06-10,Paid_Search,Tablet,North,55+,2024-06,2024-06-10,2024-06-10,,,,,0,stage2,1,0,0,0
U002372,2024-06-12,Referral,Mobile,East,35-44,2024-06,2024-06-12,2024-06-14,,,,,0,stage2,1,0,0,0
U002373,2024-04-20,Social,Mobile,North,35-44,2024-04,2024-04-20,2024-04-21,2024-04-22,2024-04-24,2024-04-26,2024-04-27,1,Converted,1,1,1,1
U002374,2024-05-31,Paid_Search,Desktop,South,25-34,2024-05,2024-05-31,,,,,,0,stage1,0,0,0,0
U002375,2024-04-19,Referral,Desktop,South,45-54,2024-04,2024-04-19,2024-04-20,2024-04-21,2024-04-23,2024-04-25,2024-04-25,1,Converted,1,1,1,1
U002379,2024-04-03,Referral,Mobile,Central,18-24,2024-04,2024-04-03,2024-04-04,,,,,0,stage2,1,0,0,0
U002382,2024-05-05,Paid_Search,Mobile,West,25-34,2024-05,2024-05-05,2024-05-07,2024-05-10,2024-05-11,2024-05-15,2024-05-17,1,Converted,1,1,1,1
U002383,2024-04-10,Paid_Search,Desktop,Central,35-44,2024-04,2024-04-10,2024-04-12,,,,,0,stage2,1,0,0,0
U002386,2024-06-29,Referral,Mobile,North,25-34,2024-06,2024-06-29,,,,,,0,stage1,0,0,0,0
U002395,2024-06-26,Paid_Search,Mobile,North,35-44,2024-06,2024-06-26,,,,,,0,stage1,0,0,0,0
U002397,2024-06-01,Email,Mobile,Central,45-54,2024-06,2024-06-01,,,,,,0,stage1,0,0,0,0
U002399,2024-06-11,Social,Desktop,Central,25-34,2024-06,2024-06-11,2024-06-13,2024-06-16,2024-06-18,2024-06-20,2024-06-22,1,Converted,1,1,1,1
U002401,2024-04-25,Referral,Mobile,West,35-44,2024-04,2024-04-25,2024-04-27,,,,,0,stage2,1,0,0,0
U002403,2024-05-04,Social,Desktop,South,25-34,2024-05,2024-05-04,2024-05-04,2024-05-05,2024-05-06,2024-05-10,2024-05-11,1,Converted,1,1,1,1
U002404,2024-06-24,Email,Mobile,Central,55+,2024-06,2024-06-24,2024-06-25,,,,,0,stage2,1,0,0,0
U002405,2024-04-16,Paid_Search,Desktop,South,25-34,2024-04,2024-04-16,2024-04-18,2024-04-20,,,,0,stage3,1,1,0,0
U002406,2024-05-05,Organic,Mobile,North,18-24,2024-05,2024-05-05,2024-05-05,2024-05-06,2024-05-08,,,0,stage4,1,1,1,0
U002409,2024-05-17,Paid_Search,Desktop,East,35-44,2024-05,2024-05-17,2024-05-18,,,,,0,stage2,1,0,0,0
U002411,2024-04-27,Organic,Mobile,North,25-34,2024-04,2024-04-27,2024-04-29,,,,,0,stage2,1,0,0,0
U002412,2024-05-06,Paid_Search,Desktop,East,18-24,2024-05,2024-05-06,2024-05-08,,,,,0,stage2,1,0,0,0
U002413,2024-05-10,Email,Desktop,South,25-34,2024-05,2024-05-10,2024-05-10,,,,,0,stage2,1,0,0,0
U002414,2024-05-26,Social,Desktop,South,35-44,2024-05,2024-05-26,2024-05-26,2024-05-28,2024-05-30,2024-06-02,2024-06-04,1,Converted,1,1,1,1
U002416,2024-04-22,Social,Desktop,West,25-34,2024-04,2024-04-22,2024-04-24,2024-04-25,2024-04-26,,,0,stage4,1,1,1,0
U002418,2024-06-16,Paid_Search,Mobile,East,35-44,2024-06,2024-06-16,2024-06-16,,,,,0,stage2,1,0,0,0
U002420,2024-04-25,Paid_Search,Desktop,North,25-34,2024-04,2024-04-25,2024-04-26,,,,,0,stage2,1,0,0,0
U002422,2024-05-30,Email,Tablet,Central,45-54,2024-05,2024-05-30,2024-06-01,,,,,0,stage2,1,0,0,0
U002424,2024-06-30,Referral,Tablet,South,35-44,2024-06,2024-06-30,2024-07-02,2024-07-05,,,,0,stage3,1,1,0,0
U002425,2024-04-19,Referral,Desktop,South,25-34,2024-04,2024-04-19,2024-04-19,2024-04-22,2024-04-22,,,0,stage4,1,1,1,0
U002427,2024-05-25,Paid_Search,Mobile,North,25-34,2024-05,2024-05-25,2024-05-26,2024-05-29,,,,0,stage3,1,1,0,0
U002429,2024-05-17,Paid_Search,Tablet,Central,45-54,2024-05,2024-05-17,2024-05-17,2024-05-19,2024-05-21,2024-05-24,,0,stage5,1,1,1,1
U002432,2024-06-22,Referral,Desktop,West,18-24,2024-06,2024-06-22,,,,,,0,stage1,0,0,0,0
U002435,2024-04-15,Referral,Tablet,East,35-44,2024-04,2024-04-15,2024-04-15,,,,,0,stage2,1,0,0,0
U002441,2024-06-22,Paid_Search,Mobile,North,25-34,2024-06,2024-06-22,,,,,,0,stage1,0,0,0,0
U002442,2024-04-10,Paid_Search,Desktop,West,35-44,2024-04,2024-04-10,2024-04-11,,,,,0,stage2,1,0,0,0
U002444,2024-06-10,Organic,Mobile,West,25-34,2024-06,2024-06-10,2024-06-11,2024-06-14,,,,0,stage3,1,1,0,0
U002445,2024-04-16,Organic,Mobile,East,35-44,2024-04,2024-04-16,2024-04-17,,,,,0,stage2,1,0,0,0
U002446,2024-04-25,Organic,Mobile,South,18-24,2024-04,2024-04-25,2024-04-25,2024-04-28,2024-04-28,,,0,stage4,1,1,1,0
U002447,2024-04-13,Paid_Search,Desktop,South,25-34,2024-04,2024-04-13,2024-04-15,2024-04-18,2024-04-19,2024-04-22,,0,stage5,1,1,1,1
U002448,2024-04-26,Referral,Mobile,Central,35-44,2024-04,2024-04-26,2024-04-27,,,,,0,stage2,1,0,0,0
U002452,2024-04-27,Organic,Mobile,West,18-24,2024-04,2024-04-27,2024-04-29,2024-05-02,2024-05-04,,,0,stage4,1,1,1,0
U002453,2024-04-01,Paid_Search,Desktop,North,45-54,2024-04,2024-04-01,2024-04-01,,,,,0,stage2,1,0,0,0
U002454,2024-05-16,Referral,Mobile,Central,35-44,2024-05,2024-05-16,2024-05-17,2024-05-18,,,,0,stage3,1,1,0,0
U002455,2024-04-19,Social,Mobile,South,45-54,2024-04,2024-04-19,,,,,,0,stage1,0,0,0,0
U002460,2024-05-20,Organic,Mobile,West,45-54,2024-05,2024-05-20,2024-05-22,,,,,0,stage2,1,0,0,0
U002463,2024-06-23,Organic,Mobile,Central,18-24,2024-06,2024-06-23,2024-06-23,,,,,0,stage2,1,0,0,0
U002465,2024-06-09,Paid_Search,Mobile,Central,55+,2024-06,2024-06-09,2024-06-10,2024-06-11,,,,0,stage3,1,1,0,0
U002470,2024-04-02,Paid_Search,Desktop,East,35-44,2024-04,2024-04-02,2024-04-03,,,,,0,stage2,1,0,0,0
U002472,2024-04-05,Social,Mobile,West,25-34,2024-04,2024-04-05,2024-04-07,2024-04-10,,,,0,stage3,1,1,0,0
U002474,2024-06-28,Email,Desktop,South,25-34,2024-06,2024-06-28,2024-06-28,,,,,0,stage2,1,0,0,0
U002475,2024-04-19,Organic,Mobile,Central,25-34,2024-04,2024-04-19,2024-04-21,,,,,0,stage2,1,0,0,0
U002477,2024-06-29,Paid_Search,Desktop,Central,55+,2024-06,2024-06-29,,,,,,0,stage1,0,0,0,0
U002486,2024-06-26,Referral,Mobile,South,25-34,2024-06,2024-06-26,2024-06-26,,,,,0,stage2,1,0,0,0
U002487,2024-05-02,Referral,Mobile,East,45-54,2024-05,2024-05-02,2024-05-02,,,,,0,stage2,1,0,0,0
U002489,2024-04-08,Paid_Search,Mobile,West,45-54,2024-04,2024-04-08,2024-04-08,,,,,0,stage2,1,0,0,0
U002491,2024-04-07,Email,Mobile,Central,35-44,2024-04,2024-04-07,2024-04-07,,,,,0,stage2,1,0,0,0
U002492,2024-06-13,Social,Mobile,East,35-44,2024-06,2024-06-13,,,,,,0,stage1,0,0,0,0
U002493,2024-06-22,Social,Mobile,West,35-44,2024-06,2024-06-22,2024-06-22,2024-06-23,,,,0,stage3,1,1,0,0
U002494,2024-05-15,Social,Mobile,Central,25-34,2024-05,2024-05-15,2024-05-17,2024-05-18,2024-05-20,2024-05-22,2024-05-23,1,Converted,1,1,1,1
U002496,2024-04-15,Social,Mobile,South,25-34,2024-04,2024-04-15,,,,,,0,stage1,0,0,0,0
U002497,2024-06-06,Paid_Search,Mobile,West,25-34,2024-06,2024-06-06,2024-06-08,2024-06-10,2024-06-10,2024-06-11,2024-06-11,1,Converted,1,1,1,1
U002499,2024-05-30,Social,Desktop,East,25-34,2024-05,2024-05-30,,,,,,0,stage1,0,0,0,0
U002500,2024-04-08,Referral,Mobile,Central,18-24,2024-04,2024-04-08,,,,,,0,stage1,0,0,0,0
U002503,2024-05-21,Organic,Desktop,South,18-24,2024-05,2024-05-21,,,,,,0,stage1,0,0,0,0
U002504,2024-06-02,Organic,Mobile,North,25-34,2024-06,2024-06-02,2024-06-04,2024-06-07,2024-06-09,2024-06-12,2024-06-14,1,Converted,1,1,1,1
U002506,2024-04-10,Referral,Tablet,North,35-44,2024-04,2024-04-10,,,,,,0,stage1,0,0,0,0
U002509,2024-05-06,Paid_Search,Mobile,South,35-44,2024-05,2024-05-06,,,,,,0,stage1,0,0,0,0
U002510,2024-04-08,Organic,Mobile,South,35-44,2024-04,2024-04-08,2024-04-08,2024-04-09,,,,0,stage3,1,1,0,0
U002511,2024-05-07,Referral,Mobile,South,25-34,2024-05,2024-05-07,2024-05-09,,,,,0,stage2,1,0,0,0
U002512,2024-06-01,Email,Mobile,South,45-54,2024-06,2024-06-01,2024-06-01,,,,,0,stage2,1,0,0,0
U002513,2024-05-15,Organic,Desktop,East,45-54,2024-05,2024-05-15,,,,,,0,stage1,0,0,0,0
U002515,2024-04-17,Organic,Desktop,South,25-34,2024-04,2024-04-17,2024-04-18,2024-04-21,2024-04-23,2024-04-25,2024-04-26,1,Converted,1,1,1,1
U002522,2024-04-16,Organic,Desktop,Central,18-24,2024-04,2024-04-16,,,,,,0,stage1,0,0,0,0
U002523,2024-04-18,Email,Desktop,North,35-44,2024-04,2024-04-18,,,,,,0,stage1,0,0,0,0
U002524,2024-06-28,Email,Mobile,West,25-34,2024-06,2024-06-28,2024-06-29,2024-06-30,,,,0,stage3,1,1,0,0
U002525,2024-06-12,Paid_Search,Mobile,Central,25-34,2024-06,2024-06-12,,,,,,0,stage1,0,0,0,0
U002526,2024-05-17,Paid_Search,Mobile,West,55+,2024-05,2024-05-17,2024-05-19,,,,,0,stage2,1,0,0,0
U002527,2024-06-06,Organic,Mobile,East,18-24,2024-06,2024-06-06,2024-06-06,2024-06-08,2024-06-08,2024-06-11,2024-06-11,1,Converted,1,1,1,1
U002528,2024-05-10,Referral,Desktop,West,25-34,2024-05,2024-05-10,,,,,,0,stage1,0,0,0,0
U002531,2024-04-10,Organic,Desktop,Central,35-44,2024-04,2024-04-10,2024-04-12,2024-04-15,2024-04-17,2024-04-18,2024-04-19,1,Converted,1,1,1,1
U002532,2024-06-27,Social,Desktop,North,25-34,2024-06,2024-06-27,,,,,,0,stage1,0,0,0,0
U002533,2024-04-21,Paid_Search,Mobile,West,35-44,2024-04,2024-04-21,2024-04-23,,,,,0,stage2,1,0,0,0
U002538,2024-04-21,Organic,Desktop,Central,25-34,2024-04,2024-04-21,2024-04-21,2024-04-23,2024-04-25,2024-04-26,2024-04-27,1,Converted,1,1,1,1
U002539,2024-06-19,Paid_Search,Tablet,West,35-44,2024-06,2024-06-19,2024-06-21,2024-06-24,2024-06-26,,,0,stage4,1,1,1,0
U002542,2024-06-28,Paid_Search,Tablet,North,35-44,2024-06,2024-06-28,,,,,,0,stage1,0,0,0,0
U002544,2024-05-07,Referral,Desktop,North,35-44,2024-05,2024-05-07,2024-05-08,,,,,0,stage2,1,0,0,0
U002545,2024-05-13,Organic,Mobile,South,18-24,2024-05,2024-05-13,2024-05-15,,,,,0,stage2,1,0,0,0
U002549,2024-05-14,Social,Desktop,Central,18-24,2024-05,2024-05-14,2024-05-14,2024-05-16,2024-05-18,2024-05-19,2024-05-20,1,Converted,1,1,1,1
U002550,2024-04-26,Referral,Desktop,West,55+,2024-04,2024-04-26,2024-04-28,2024-04-30,2024-04-30,2024-05-04,2024-05-06,1,Converted,1,1,1,1
U002554,2024-05-26,Paid_Search,Mobile,East,35-44,2024-05,2024-05-26,2024-05-28,,,,,0,stage2,1,0,0,0
U002558,2024-04-30,Paid_Search,Mobile,East,45-54,2024-04,2024-04-30,2024-05-01,,,,,0,stage2,1,0,0,0
U002559,2024-04-08,Social,Tablet,South,25-34,2024-04,2024-04-08,2024-04-08,2024-04-09,2024-04-09,,,0,stage4,1,1,1,0
U002560,2024-05-21,Paid_Search,Desktop,North,35-44,2024-05,2024-05-21,,,,,,0,stage1,0,0,0,0
U002561,2024-06-16,Social,Desktop,West,55+,2024-06,2024-06-16,2024-06-17,,,,,0,stage2,1,0,0,0
U002566,2024-04-05,Organic,Desktop,North,25-34,2024-04,2024-04-05,2024-04-05,,,,,0,stage2,1,0,0,0
U002567,2024-05-08,Referral,Mobile,North,45-54,2024-05,2024-05-08,,,,,,0,stage1,0,0,0,0
U002568,2024-06-21,Social,Mobile,Central,25-34,2024-06,2024-06-21,2024-06-21,,,,,0,stage2,1,0,0,0
U002571,2024-04-12,Paid_Search,Desktop,Central,45-54,2024-04,2024-04-12,2024-04-12,2024-04-14,,,,0,stage3,1,1,0,0
U002574,2024-05-21,Paid_Search,Desktop,South,25-34,2024-05,2024-05-21,2024-05-22,2024-05-23,,,,0,stage3,1,1,0,0
U002575,2024-04-04,Social,Mobile,East,35-44,2024-04,2024-04-04,2024-04-04,2024-04-06,,,,0,stage3,1,1,0,0
U002576,2024-05-24,Referral,Tablet,South,35-44,2024-05,2024-05-24,2024-05-25,2024-05-28,2024-05-30,2024-06-01,2024-06-02,1,Converted,1,1,1,1
U002577,2024-04-04,Organic,Mobile,West,25-34,2024-04,2024-04-04,2024-04-06,2024-04-08,2024-04-08,2024-04-10,2024-04-10,1,Converted,1,1,1,1
U002579,2024-04-14,Organic,Desktop,East,45-54,2024-04,2024-04-14,2024-04-14,,,,,0,stage2,1,0,0,0
U002581,2024-06-26,Referral,Desktop,North,25-34,2024-06,2024-06-26,,,,,,0,stage1,0,0,0,0
U002584,2024-04-06,Paid_Search,Mobile,South,55+,2024-04,2024-04-06,,,,,,0,stage1,0,0,0,0
U002590,2024-06-28,Organic,Desktop,West,45-54,2024-06,2024-06-28,2024-06-29,2024-07-01,2024-07-03,2024-07-04,2024-07-06,1,Converted,1,1,1,1
U002592,2024-06-12,Email,Mobile,North,35-44,2024-06,2024-06-12,,,,,,0,stage1,0,0,0,0
U002593,2024-04-10,Social,Desktop,South,35-44,2024-04,2024-04-10,2024-04-10,,,,,0,stage2,1,0,0,0
U002594,2024-05-31,Referral,Tablet,South,18-24,2024-05,2024-05-31,2024-06-02,,,,,0,stage2,1,0,0,0
U002596,2024-06-18,Paid_Search,Desktop,East,45-54,2024-06,2024-06-18,2024-06-18,,,,,0,stage2,1,0,0,0
U002603,2024-04-29,Social,Mobile,North,25-34,2024-04,2024-04-29,2024-04-30,,,,,0,stage2,1,0,0,0
U002604,2024-04-14,Organic,Mobile,North,25-34,2024-04,2024-04-14,,,,,,0,stage1,0,0,0,0
U002606,2024-04-01,Email,Desktop,North,55+,2024-04,2024-04-01,2024-04-01,,,,,0,stage2,1,0,0,0
U002607,2024-04-25,Email,Mobile,Central,25-34,2024-04,2024-04-25,,,,,,0,stage1,0,0,0,0
U002613,2024-04-01,Paid_Search,Mobile,Central,35-44,2024-04,2024-04-01,2024-04-02,,,,,0,stage2,1,0,0,0
U002614,2024-05-11,Referral,Mobile,Central,25-34,2024-05,2024-05-11,2024-05-11,,,,,0,stage2,1,0,0,0
U002615,2024-06-22,Paid_Search,Mobile,West,45-54,2024-06,2024-06-22,,,,,,0,stage1,0,0,0,0
U002619,2024-04-13,Social,Desktop,West,35-44,2024-04,2024-04-13,2024-04-14,,,,,0,stage2,1,0,0,0
U002620,2024-05-22,Social,Mobile,North,55+,2024-05,2024-05-22,,,,,,0,stage1,0,0,0,0
U002621,2024-05-20,Social,Desktop,East,35-44,2024-05,2024-05-20,2024-05-20,2024-05-21,,,,0,stage3,1,1,0,0
U002622,2024-04-28,Paid_Search,Desktop,East,25-34,2024-04,2024-04-28,2024-04-28,2024-04-29,2024-04-29,2024-04-30,,0,stage5,1,1,1,1
U002626,2024-06-24,Paid_Search,Desktop,Central,25-34,2024-06,2024-06-24,,,,,,0,stage1,0,0,0,0
U002627,2024-06-10,Organic,Desktop,North,18-24,2024-06,2024-06-10,2024-06-12,2024-06-13,,,,0,stage3,1,1,0,0
U002628,2024-05-29,Paid_Search,Mobile,East,25-34,2024-05,2024-05-29,2024-05-31,,,,,0,stage2,1,0,0,0
U002634,2024-04-28,Social,Mobile,West,25-34,2024-04,2024-04-28,2024-04-28,2024-04-29,,,,0,stage3,1,1,0,0
U002635,2024-05-26,Paid_Search,Mobile,West,45-54,2024-05,2024-05-26,2024-05-27,2024-05-30,,,,0,stage3,1,1,0,0
U002636,2024-04-11,Organic,Tablet,East,25-34,2024-04,2024-04-11,2024-04-12,2024-04-13,2024-04-14,2024-04-18,2024-04-18,1,Converted,1,1,1,1
U002640,2024-06-06,Paid_Search,Desktop,East,35-44,2024-06,2024-06-06,,,,,,0,stage1,0,0,0,0
U002641,2024-06-07,Paid_Search,Desktop,Central,25-34,2024-06,2024-06-07,2024-06-09,,,,,0,stage2,1,0,0,0
U002643,2024-06-14,Social,Tablet,North,35-44,2024-06,2024-06-14,2024-06-15,2024-06-17,2024-06-18,2024-06-22,2024-06-22,1,Converted,1,1,1,1
U002646,2024-04-17,Referral,Desktop,West,35-44,2024-04,2024-04-17,2024-04-17,,,,,0,stage2,1,0,0,0
U002647,2024-06-13,Paid_Search,Tablet,North,55+,2024-06,2024-06-13,2024-06-15,2024-06-16,2024-06-18,,,0,stage4,1,1,1,0
U002648,2024-05-19,Social,Mobile,Central,35-44,2024-05,2024-05-19,,,,,,0,stage1,0,0,0,0
U002650,2024-04-07,Email,Desktop,North,45-54,2024-04,2024-04-07,2024-04-09,,,,,0,stage2,1,0,0,0
U002651,2024-04-01,Paid_Search,Desktop,East,25-34,2024-04,2024-04-01,2024-04-02,,,,,0,stage2,1,0,0,0
U002652,2024-05-19,Social,Mobile,West,35-44,2024-05,2024-05-19,2024-05-20,2024-05-22,,,,0,stage3,1,1,0,0
U002653,2024-05-24,Referral,Mobile,East,18-24,2024-05,2024-05-24,2024-05-26,2024-05-28,2024-05-29,2024-06-01,,0,stage5,1,1,1,1
U002658,2024-04-01,Referral,Desktop,North,25-34,2024-04,2024-04-01,2024-04-03,,,,,0,stage2,1,0,0,0
U002662,2024-06-17,Social,Desktop,South,55+,2024-06,2024-06-17,2024-06-17,,,,,0,stage2,1,0,0,0
U002664,2024-05-16,Paid_Search,Desktop,North,18-24,2024-05,2024-05-16,2024-05-18,,,,,0,stage2,1,0,0,0
U002666,2024-04-09,Social,Desktop,North,25-34,2024-04,2024-04-09,2024-04-10,,,,,0,stage2,1,0,0,0
U002668,2024-05-31,Organic,Desktop,North,55+,2024-05,2024-05-31,2024-06-01,,,,,0,stage2,1,0,0,0
U002669,2024-06-27,Social,Tablet,East,35-44,2024-06,2024-06-27,2024-06-28,2024-07-01,2024-07-01,2024-07-04,,0,stage5,1,1,1,1
U002670,2024-05-25,Organic,Desktop,East,35-44,2024-05,2024-05-25,2024-05-27,2024-05-28,2024-05-30,2024-06-01,,0,stage5,1,1,1,1
U002671,2024-05-06,Social,Tablet,North,25-34,2024-05,2024-05-06,2024-05-08,2024-05-10,2024-05-10,,,0,stage4,1,1,1,0
U002672,2024-05-05,Organic,Mobile,Central,35-44,2024-05,2024-05-05,2024-05-05,2024-05-06,2024-05-06,2024-05-08,2024-05-10,1,Converted,1,1,1,1
U002674,2024-05-02,Paid_Search,Mobile,North,18-24,2024-05,2024-05-02,,,,,,0,stage1,0,0,0,0
U002677,2024-06-06,Referral,Desktop,North,35-44,2024-06,2024-06-06,2024-06-06,,,,,0,stage2,1,0,0,0
U002681,2024-05-30,Social,Mobile,Central,35-44,2024-05,2024-05-30,,,,,,0,stage1,0,0,0,0
U002682,2024-06-29,Referral,Desktop,North,25-34,2024-06,2024-06-29,2024-06-29,,,,,0,stage2,1,0,0,0
U002684,2024-06-18,Social,Mobile,South,45-54,2024-06,2024-06-18,2024-06-19,,,,,0,stage2,1,0,0,0
U002685,2024-05-30,Email,Mobile,South,25-34,2024-05,2024-05-30,,,,,,0,stage1,0,0,0,0
U002688,2024-04-21,Organic,Desktop,East,18-24,2024-04,2024-04-21,,,,,,0,stage1,0,0,0,0
U002689,2024-06-12,Social,Mobile,South,18-24,2024-06,2024-06-12,2024-06-13,2024-06-16,,,,0,stage3,1,1,0,0
U002691,2024-06-30,Paid_Search,Desktop,South,18-24,2024-06,2024-06-30,,,,,,0,stage1,0,0,0,0
U002692,2024-05-23,Referral,Desktop,Central,18-24,2024-05,2024-05-23,2024-05-25,2024-05-28,2024-05-29,,,0,stage4,1,1,1,0
U002694,2024-06-19,Referral,Tablet,South,18-24,2024-06,2024-06-19,2024-06-21,2024-06-22,,,,0,stage3,1,1,0,0
U002695,2024-04-06,Organic,Desktop,East,25-34,2024-04,2024-04-06,2024-04-07,,,,,0,stage2,1,0,0,0
U002696,2024-06-25,Referral,Mobile,Central,25-34,2024-06,2024-06-25,2024-06-26,2024-06-27,2024-06-27,,,0,stage4,1,1,1,0
U002698,2024-05-26,Organic,Mobile,West,18-24,2024-05,2024-05-26,,,,,,0,stage1,0,0,0,0
U002699,2024-04-10,Organic,Desktop,South,35-44,2024-04,2024-04-10,2024-04-12,2024-04-13,2024-04-13,2024-04-16,2024-04-18,1,Converted,1,1,1,1
U002702,2024-05-07,Organic,Desktop,Central,18-24,2024-05,2024-05-07,2024-05-07,2024-05-09,2024-05-11,2024-05-12,2024-05-12,1,Converted,1,1,1,1
U002705,2024-06-30,Paid_Search,Mobile,Central,18-24,2024-06,2024-06-30,2024-07-02,2024-07-05,,,,0,stage3,1,1,0,0
U002708,2024-06-26,Social,Mobile,West,35-44,2024-06,2024-06-26,,,,,,0,stage1,0,0,0,0
U002713,2024-04-22,Paid_Search,Mobile,North,18-24,2024-04,2024-04-22,2024-04-24,,,,,0,stage2,1,0,0,0
U002714,2024-04-17,Referral,Desktop,East,45-54,2024-04,2024-04-17,2024-04-17,,,,,0,stage2,1,0,0,0
U002715,2024-04-15,Paid_Search,Desktop,West,25-34,2024-04,2024-04-15,2024-04-16,,,,,0,stage2,1,0,0,0
U002716,2024-04-06,Organic,Desktop,South,18-24,2024-04,2024-04-06,,,,,,0,stage1,0,0,0,0
U002718,2024-04-06,Email,Mobile,Central,55+,2024-04,2024-04-06,,,,,,0,stage1,0,0,0,0
U002720,2024-05-27,Paid_Search,Mobile,East,18-24,2024-05,2024-05-27,2024-05-29,,,,,0,stage2,1,0,0,0
U002721,2024-06-24,Organic,Mobile,North,25-34,2024-06,2024-06-24,,,,,,0,stage1,0,0,0,0
U002724,2024-04-25,Paid_Search,Desktop,North,25-34,2024-04,2024-04-25,2024-04-25,2024-04-26,2024-04-27,2024-04-28,2024-04-29,1,Converted,1,1,1,1
U002730,2024-05-20,Paid_Search,Mobile,East,35-44,2024-05,2024-05-20,2024-05-20,,,,,0,stage2,1,0,0,0
U002732,2024-06-01,Organic,Mobile,East,25-34,2024-06,2024-06-01,,,,,,0,stage1,0,0,0,0
U002733,2024-06-06,Social,Desktop,Central,25-34,2024-06,2024-06-06,,,,,,0,stage1,0,0,0,0
U002734,2024-05-03,Social,Mobile,West,18-24,2024-05,2024-05-03,,,,,,0,stage1,0,0,0,0
U002735,2024-06-29,Paid_Search,Mobile,West,35-44,2024-06,2024-06-29,2024-06-29,2024-07-01,2024-07-03,2024-07-05,,0,stage5,1,1,1,1
U002736,2024-06-04,Email,Mobile,West,25-34,2024-06,2024-06-04,,,,,,0,stage1,0,0,0,0
U002737,2024-04-21,Organic,Mobile,West,18-24,2024-04,2024-04-21,,,,,,0,stage1,0,0,0,0
U002741,2024-04-14,Organic,Desktop,East,25-34,2024-04,2024-04-14,,,,,,0,stage1,0,0,0,0
U002742,2024-06-27,Social,Mobile,East,25-34,2024-06,2024-06-27,2024-06-29,,,,,0,stage2,1,0,0,0
U002743,2024-05-18,Paid_Search,Tablet,North,35-44,2024-05,2024-05-18,,,,,,0,stage1,0,0,0,0
U002749,2024-05-26,Organic,Desktop,East,18-24,2024-05,2024-05-26,2024-05-28,,,,,0,stage2,1,0,0,0
U002750,2024-05-05,Organic,Mobile,Central,25-34,2024-05,2024-05-05,2024-05-05,,,,,0,stage2,1,0,0,0
U002752,2024-04-02,Email,Desktop,South,18-24,2024-04,2024-04-02,2024-04-02,2024-04-04,,,,0,stage3,1,1,0,0
U002754,2024-06-18,Paid_Search,Mobile,North,25-34,2024-06,2024-06-18,,,,,,0,stage1,0,0,0,0
U002755,2024-06-09,Email,Mobile,East,35-44,2024-06,2024-06-09,,,,,,0,stage1,0,0,0,0
U002756,2024-06-02,Organic,Mobile,West,35-44,2024-06,2024-06-02,2024-06-03,,,,,0,stage2,1,0,0,0
U002759,2024-05-01,Referral,Desktop,Central,55+,2024-05,2024-05-01,2024-05-01,,,,,0,stage2,1,0,0,0
U002761,2024-05-05,Paid_Search,Desktop,Central,35-44,2024-05,2024-05-05,2024-05-07,,,,,0,stage2,1,0,0,0
U002763,2024-04-04,Social,Desktop,South,25-34,2024-04,2024-04-04,,,,,,0,stage1,0,0,0,0
U002764,2024-04-07,Organic,Desktop,North,55+,2024-04,2024-04-07,2024-04-08,2024-04-09,,,,0,stage3,1,1,0,0
U002765,2024-04-24,Referral,Mobile,East,35-44,2024-04,2024-04-24,2024-04-24,2024-04-26,2024-04-27,2024-05-01,2024-05-02,1,Converted,1,1,1,1
U002769,2024-06-20,Referral,Desktop,South,18-24,2024-06,2024-06-20,,,,,,0,stage1,0,0,0,0
U002771,2024-04-15,Organic,Desktop,West,18-24,2024-04,2024-04-15,2024-04-17,2024-04-18,2024-04-20,,,0,stage4,1,1,1,0
U002773,2024-04-09,Paid_Search,Tablet,Central,18-24,2024-04,2024-04-09,2024-04-11,,,,,0,stage2,1,0,0,0
U002774,2024-04-17,Paid_Search,Mobile,South,35-44,2024-04,2024-04-17,,,,,,0,stage1,0,0,0,0
U002775,2024-05-17,Organic,Mobile,Central,45-54,2024-05,2024-05-17,2024-05-19,,,,,0,stage2,1,0,0,0
U002776,2024-05-01,Paid_Search,Desktop,South,25-34,2024-05,2024-05-01,,,,,,0,stage1,0,0,0,0
U002777,2024-05-26,Paid_Search,Tablet,South,55+,2024-05,2024-05-26,,,,,,0,stage1,0,0,0,0
U002782,2024-05-08,Referral,Desktop,South,45-54,2024-05,2024-05-08,2024-05-10,2024-05-13,2024-05-15,2024-05-17,2024-05-17,1,Converted,1,1,1,1
U002783,2024-04-24,Social,Mobile,Central,35-44,2024-04,2024-04-24,2024-04-24,,,,,0,stage2,1,0,0,0
U002786,2024-04-18,Organic,Tablet,East,45-54,2024-04,2024-04-18,2024-04-18,2024-04-21,,,,0,stage3,1,1,0,0
U002787,2024-04-21,Organic,Mobile,North,35-44,2024-04,2024-04-21,,,,,,0,stage1,0,0,0,0
U002789,2024-06-09,Social,Desktop,South,35-44,2024-06,2024-06-09,2024-06-09,2024-06-12,2024-06-13,,,0,stage4,1,1,1,0
U002792,2024-05-22,Social,Mobile,North,35-44,2024-05,2024-05-22,2024-05-23,,,,,0,stage2,1,0,0,0
U002793,2024-05-21,Organic,Mobile,West,25-34,2024-05,2024-05-21,,,,,,0,stage1,0,0,0,0
U002796,2024-05-13,Referral,Mobile,East,35-44,2024-05,2024-05-13,2024-05-14,2024-05-15,2024-05-17,2024-05-21,2024-05-21,1,Converted,1,1,1,1
U002797,2024-04-16,Paid_Search,Tablet,South,25-34,2024-04,2024-04-16,,,,,,0,stage1,0,0,0,0
U002799,2024-05-25,Paid_Search,Desktop,West,25-34,2024-05,2024-05-25,2024-05-27,,,,,0,stage2,1,0,0,0
U002800,2024-05-29,Social,Mobile,South,25-34,2024-05,2024-05-29,2024-05-29,,,,,0,stage2,1,0,0,0
U002804,2024-04-15,Email,Mobile,Central,18-24,2024-04,2024-04-15,2024-04-16,,,,,0,stage2,1,0,0,0
U002805,2024-04-08,Email,Mobile,East,35-44,2024-04,2024-04-08,,,,,,0,stage1,0,0,0,0
U002806,2024-06-16,Organic,Desktop,East,25-34,2024-06,2024-06-16,2024-06-17,2024-06-20,,,,0,stage3,1,1,0,0
U002807,2024-06-04,Paid_Search,Tablet,North,35-44,2024-06,2024-06-04,,,,,,0,stage1,0,0,0,0
U002808,2024-05-01,Referral,Desktop,East,45-54,2024-05,2024-05-01,,,,,,0,stage1,0,0,0,0
U002812,2024-06-07,Organic,Desktop,Central,35-44,2024-06,2024-06-07,,,,,,0,stage1,0,0,0,0
U002813,2024-06-04,Organic,Mobile,Central,35-44,2024-06,2024-06-04,2024-06-06,,,,,0,stage2,1,0,0,0
U002814,2024-06-26,Paid_Search,Mobile,West,35-44,2024-06,2024-06-26,2024-06-27,,,,,0,stage2,1,0,0,0
U002817,2024-05-01,Paid_Search,Mobile,North,25-34,2024-05,2024-05-01,,,,,,0,stage1,0,0,0,0
U002819,2024-04-05,Paid_Search,Mobile,Central,18-24,2024-04,2024-04-05,2024-04-05,2024-04-07,2024-04-08,2024-04-11,2024-04-12,1,Converted,1,1,1,1
U002820,2024-05-05,Organic,Desktop,East,25-34,2024-05,2024-05-05,2024-05-07,,,,,0,stage2,1,0,0,0
U002821,2024-06-24,Email,Desktop,Central,25-34,2024-06,2024-06-24,2024-06-24,,,,,0,stage2,1,0,0,0
U002826,2024-04-16,Email,Desktop,West,45-54,2024-04,2024-04-16,2024-04-18,2024-04-21,,,,0,stage3,1,1,0,0
U002828,2024-04-23,Organic,Mobile,South,35-44,2024-04,2024-04-23,2024-04-23,2024-04-25,2024-04-27,2024-05-01,2024-05-03,1,Converted,1,1,1,1
U002829,2024-04-05,Organic,Tablet,East,18-24,2024-04,2024-04-05,,,,,,0,stage1,0,0,0,0
U002831,2024-05-11,Email,Mobile,South,25-34,2024-05,2024-05-11,,,,,,0,stage1,0,0,0,0
U002833,2024-05-09,Email,Tablet,South,35-44,2024-05,2024-05-09,,,,,,0,stage1,0,0,0,0
U002834,2024-04-13,Organic,Desktop,South,25-34,2024-04,2024-04-13,2024-04-13,2024-04-16,,,,0,stage3,1,1,0,0
U002835,2024-05-25,Organic,Mobile,North,45-54,2024-05,2024-05-25,2024-05-25,,,,,0,stage2,1,0,0,0
U002839,2024-04-02,Social,Mobile,North,18-24,2024-04,2024-04-02,2024-04-04,2024-04-05,,,,0,stage3,1,1,0,0
U002841,2024-04-28,Social,Desktop,East,35-44,2024-04,2024-04-28,2024-04-30,,,,,0,stage2,1,0,0,0
U002842,2024-04-11,Organic,Mobile,West,25-34,2024-04,2024-04-11,2024-04-13,2024-04-14,2024-04-16,2024-04-17,2024-04-17,1,Converted,1,1,1,1
U002843,2024-04-05,Organic,Mobile,Central,25-34,2024-04,2024-04-05,2024-04-06,,,,,0,stage2,1,0,0,0
U002844,2024-06-01,Social,Desktop,South,35-44,2024-06,2024-06-01,,,,,,0,stage1,0,0,0,0
U002845,2024-04-24,Referral,Desktop,Central,45-54,2024-04,2024-04-24,2024-04-24,2024-04-26,2024-04-28,,,0,stage4,1,1,1,0
U002846,2024-05-21,Organic,Tablet,North,25-34,2024-05,2024-05-21,,,,,,0,stage1,0,0,0,0
U002848,2024-06-25,Email,Mobile,West,18-24,2024-06,2024-06-25,2024-06-25,2024-06-27,,,,0,stage3,1,1,0,0
U002855,2024-06-15,Social,Mobile,Central,25-34,2024-06,2024-06-15,,,,,,0,stage1,0,0,0,0
U002856,2024-04-14,Social,Desktop,East,18-24,2024-04,2024-04-14,2024-04-16,2024-04-17,,,,0,stage3,1,1,0,0
U002857,2024-06-23,Social,Desktop,North,45-54,2024-06,2024-06-23,,,,,,0,stage1,0,0,0,0
U002859,2024-05-01,Referral,Tablet,South,25-34,2024-05,2024-05-01,2024-05-01,,,,,0,stage2,1,0,0,0
U002860,2024-06-14,Email,Desktop,East,35-44,2024-06,2024-06-14,,,,,,0,stage1,0,0,0,0
U002862,2024-06-02,Organic,Mobile,South,35-44,2024-06,2024-06-02,2024-06-02,,,,,0,stage2,1,0,0,0
U002865,2024-06-13,Social,Desktop,East,25-34,2024-06,2024-06-13,2024-06-14,,,,,0,stage2,1,0,0,0
U002866,2024-04-18,Referral,Mobile,Central,55+,2024-04,2024-04-18,,,,,,0,stage1,0,0,0,0
U002867,2024-04-06,Social,Tablet,South,45-54,2024-04,2024-04-06,,,,,,0,stage1,0,0,0,0
U002869,2024-04-27,Organic,Mobile,East,25-34,2024-04,2024-04-27,,,,,,0,stage1,0,0,0,0
U002871,2024-04-29,Paid_Search,Mobile,East,18-24,2024-04,2024-04-29,2024-04-30,2024-05-03,,,,0,stage3,1,1,0,0
U002872,2024-05-13,Email,Desktop,South,25-34,2024-05,2024-05-13,2024-05-15,,,,,0,stage2,1,0,0,0
U002873,2024-04-11,Email,Mobile,North,35-44,2024-04,2024-04-11,,,,,,0,stage1,0,0,0,0
U002874,2024-05-29,Social,Desktop,Central,35-44,2024-05,2024-05-29,,,,,,0,stage1,0,0,0,0
U002876,2024-06-18,Organic,Mobile,West,18-24,2024-06,2024-06-18,2024-06-19,2024-06-22,,,,0,stage3,1,1,0,0
U002877,2024-06-14,Organic,Desktop,East,55+,2024-06,2024-06-14,2024-06-16,2024-06-19,2024-06-20,2024-06-23,2024-06-25,1,Converted,1,1,1,1
U002884,2024-06-15,Organic,Mobile,South,35-44,2024-06,2024-06-15,,,,,,0,stage1,0,0,0,0
U002886,2024-06-02,Social,Mobile,Central,35-44,2024-06,2024-06-02,2024-06-03,,,,,0,stage2,1,0,0,0
U002887,2024-06-18,Referral,Mobile,East,25-34,2024-06,2024-06-18,,,,,,0,stage1,0,0,0,0
U002889,2024-06-23,Social,Mobile,South,25-34,2024-06,2024-06-23,,,,,,0,stage1,0,0,0,0
U002891,2024-06-16,Email,Desktop,East,35-44,2024-06,2024-06-16,,,,,,0,stage1,0,0,0,0
U002892,2024-05-07,Paid_Search,Mobile,Central,45-54,2024-05,2024-05-07,2024-05-08,2024-05-10,2024-05-11,2024-05-15,,0,stage5,1,1,1,1
U002893,2024-04-09,Paid_Search,Desktop,North,35-44,2024-04,2024-04-09,2024-04-11,,,,,0,stage2,1,0,0,0
U002895,2024-05-26,Referral,Desktop,East,25-34,2024-05,2024-05-26,2024-05-26,2024-05-28,,,,0,stage3,1,1,0,0
U002897,2024-06-24,Referral,Mobile,South,55+,2024-06,2024-06-24,,,,,,0,stage1,0,0,0,0
U002898,2024-05-16,Paid_Search,Desktop,West,25-34,2024-05,2024-05-16,2024-05-18,2024-05-20,2024-05-22,,,0,stage4,1,1,1,0
U002899,2024-04-01,Organic,Desktop,Central,18-24,2024-04,2024-04-01,2024-04-03,,,,,0,stage2,1,0,0,0
U002901,2024-06-17,Paid_Search,Desktop,South,55+,2024-06,2024-06-17,,,,,,0,stage1,0,0,0,0
U002902,2024-05-22,Paid_Search,Desktop,South,25-34,2024-05,2024-05-22,2024-05-22,2024-05-24,2024-05-24,,,0,stage4,1,1,1,0
U002903,2024-04-30,Referral,Mobile,Central,35-44,2024-04,2024-04-30,,,,,,0,stage1,0,0,0,0
U002911,2024-05-28,Referral,Mobile,East,45-54,2024-05,2024-05-28,2024-05-30,2024-05-31,,,,0,stage3,1,1,0,0
U002912,2024-04-30,Paid_Search,Desktop,North,45-54,2024-04,2024-04-30,2024-04-30,2024-05-03,,,,0,stage3,1,1,0,0
U002914,2024-04-07,Email,Desktop,East,25-34,2024-04,2024-04-07,2024-04-09,2024-04-11,2024-04-12,2024-04-13,2024-04-13,1,Converted,1,1,1,1
U002916,2024-04-14,Organic,Desktop,Central,18-24,2024-04,2024-04-14,2024-04-16,2024-04-18,,,,0,stage3,1,1,0,0
U002920,2024-06-10,Referral,Mobile,East,35-44,2024-06,2024-06-10,,,,,,0,stage1,0,0,0,0
U002924,2024-04-25,Referral,Desktop,South,25-34,2024-04,2024-04-25,,,,,,0,stage1,0,0,0,0
U002927,2024-05-27,Paid_Search,Mobile,Central,25-34,2024-05,2024-05-27,2024-05-27,2024-05-29,2024-05-29,,,0,stage4,1,1,1,0
U002929,2024-06-11,Organic,Desktop,East,35-44,2024-06,2024-06-11,2024-06-12,2024-06-14,,,,0,stage3,1,1,0,0
U002930,2024-04-19,Organic,Mobile,North,18-24,2024-04,2024-04-19,,,,,,0,stage1,0,0,0,0
U002931,2024-05-02,Paid_Search,Tablet,North,35-44,2024-05,2024-05-02,2024-05-03,,,,,0,stage2,1,0,0,0
U002934,2024-04-05,Social,Mobile,West,25-34,2024-04,2024-04-05,2024-04-05,,,,,0,stage2,1,0,0,0
U002942,2024-05-08,Paid_Search,Tablet,South,35-44,2024-05,2024-05-08,,,,,,0,stage1,0,0,0,0
U002943,2024-05-30,Referral,Desktop,Central,25-34,2024-05,2024-05-30,2024-05-31,2024-06-01,2024-06-01,2024-06-02,2024-06-03,1,Converted,1,1,1,1
U002945,2024-06-01,Email,Desktop,Central,25-34,2024-06,2024-06-01,,,,,,0,stage1,0,0,0,0
U002946,2024-05-14,Organic,Mobile,North,35-44,2024-05,2024-05-14,,,,,,0,stage1,0,0,0,0
U002948,2024-06-24,Social,Mobile,East,25-34,2024-06,2024-06-24,,,,,,0,stage1,0,0,0,0
U002950,2024-05-05,Paid_Search,Mobile,North,25-34,2024-05,2024-05-05,,,,,,0,stage1,0,0,0,0
U002951,2024-04-01,Referral,Desktop,South,18-24,2024-04,2024-04-01,2024-04-01,2024-04-02,,,,0,stage3,1,1,0,0
U002952,2024-04-13,Referral,Mobile,Central,45-54,2024-04,2024-04-13,2024-04-13,,,,,0,stage2,1,0,0,0
U002955,2024-05-30,Referral,Desktop,West,25-34,2024-05,2024-05-30,2024-06-01,,,,,0,stage2,1,0,0,0
U002957,2024-04-03,Social,Mobile,North,35-44,2024-04,2024-04-03,2024-04-05,2024-04-08,2024-04-08,2024-04-12,,0,stage5,1,1,1,1
U002958,2024-06-12,Social,Mobile,South,18-24,2024-06,2024-06-12,2024-06-13,,,,,0,stage2,1,0,0,0
U002959,2024-05-16,Referral,Mobile,West,45-54,2024-05,2024-05-16,,,,,,0,stage1,0,0,0,0
U002960,2024-06-08,Organic,Mobile,West,25-34,2024-06,2024-06-08,,,,,,0,stage1,0,0,0,0
U002964,2024-04-23,Organic,Desktop,North,18-24,2024-04,2024-04-23,2024-04-24,2024-04-25,2024-04-27,2024-04-30,2024-05-01,1,Converted,1,1,1,1
U002965,2024-06-28,Referral,Desktop,South,18-24,2024-06,2024-06-28,2024-06-28,2024-06-29,,,,0,stage3,1,1,0,0
U002966,2024-06-26,Organic,Mobile,North,35-44,2024-06,2024-06-26,,,,,,0,stage1,0,0,0,0
U002967,2024-06-24,Referral,Desktop,East,18-24,2024-06,2024-06-24,2024-06-26,,,,,0,stage2,1,0,0,0
U002970,2024-04-17,Paid_Search,Desktop,West,18-24,2024-04,2024-04-17,2024-04-19,2024-04-20,,,,0,stage3,1,1,0,0
U002971,2024-06-18,Social,Mobile,North,35-44,2024-06,2024-06-18,2024-06-20,2024-06-22,,,,0,stage3,1,1,0,0
U002972,2024-06-08,Paid_Search,Mobile,West,55+,2024-06,2024-06-08,,,,,,0,stage1,0,0,0,0
U002973,2024-06-04,Social,Mobile,South,25-34,2024-06,2024-06-04,,,,,,0,stage1,0,0,0,0
U002974,2024-06-28,Email,Desktop,Central,35-44,2024-06,2024-06-28,2024-06-28,2024-06-30,2024-06-30,2024-07-01,2024-07-02,1,Converted,1,1,1,1
U002976,2024-06-04,Paid_Search,Desktop,Central,45-54,2024-06,2024-06-04,,,,,,0,stage1,0,0,0,0
U002980,2024-04-14,Referral,Desktop,East,18-24,2024-04,2024-04-14,2024-04-15,2024-04-16,,,,0,stage3,1,1,0,0
U002982,2024-05-20,Paid_Search,Desktop,West,55+,2024-05,2024-05-20,2024-05-21,2024-05-22,2024-05-24,2024-05-28,2024-05-29,1,Converted,1,1,1,1
U002985,2024-05-26,Referral,Mobile,South,45-54,2024-05,2024-05-26,,,,,,0,stage1,0,0,0,0
U002986,2024-06-20,Paid_Search,Mobile,North,18-24,2024-06,2024-06-20,2024-06-21,2024-06-22,2024-06-22,,,0,stage4,1,1,1,0
U002987,2024-05-10,Organic,Desktop,West,25-34,2024-05,2024-05-10,2024-05-10,,,,,0,stage2,1,0,0,0
U002990,2024-06-13,Paid_Search,Desktop,West,35-44,2024-06,2024-06-13,2024-06-13,,,,,0,stage2,1,0,0,0
U002991,2024-04-26,Email,Mobile,East,25-34,2024-04,2024-04-26,,,,,,0,stage1,0,0,0,0
U002994,2024-04-28,Referral,Mobile,North,18-24,2024-04,2024-04-28,,,,,,0,stage1,0,0,0,0
U003000,2024-04-22,Referral,Desktop,South,45-54,2024-04,2024-04-22,2024-04-24,2024-04-26,2024-04-28,2024-04-29,2024-04-30,1,Converted,1,1,1,1
U003003,2024-04-12,Paid_Search,Mobile,Central,45-54,2024-04,2024-04-12,2024-04-13,,,,,0,stage2,1,0,0,0
U003005,2024-04-08,Organic,Tablet,East,25-34,2024-04,2024-04-08,2024-04-10,2024-04-12,,,,0,stage3,1,1,0,0
U003006,2024-04-17,Email,Mobile,Central,45-54,2024-04,2024-04-17,2024-04-19,,,,,0,stage2,1,0,0,0
U003009,2024-06-27,Organic,Desktop,South,18-24,2024-06,2024-06-27,2024-06-29,2024-06-30,,,,0,stage3,1,1,0,0
U003011,2024-05-31,Email,Mobile,West,18-24,2024-05,2024-05-31,2024-06-01,2024-06-04,2024-06-06,2024-06-10,2024-06-10,1,Converted,1,1,1,1
U003012,2024-06-05,Paid_Search,Mobile,West,55+,2024-06,2024-06-05,2024-06-06,2024-06-08,2024-06-10,,,0,stage4,1,1,1,0
U003015,2024-05-04,Paid_Search,Mobile,North,45-54,2024-05,2024-05-04,,,,,,0,stage1,0,0,0,0
U003021,2024-05-14,Social,Desktop,East,18-24,2024-05,2024-05-14,,,,,,0,stage1,0,0,0,0
U003022,2024-05-27,Paid_Search,Mobile,East,45-54,2024-05,2024-05-27,,,,,,0,stage1,0,0,0,0
U003023,2024-05-24,Organic,Desktop,South,18-24,2024-05,2024-05-24,,,,,,0,stage1,0,0,0,0
U003025,2024-06-20,Social,Desktop,Central,55+,2024-06,2024-06-20,2024-06-21,,,,,0,stage2,1,0,0,0
U003026,2024-05-12,Paid_Search,Mobile,East,18-24,2024-05,2024-05-12,2024-05-14,,,,,0,stage2,1,0,0,0
U003027,2024-06-25,Organic,Mobile,Central,25-34,2024-06,2024-06-25,2024-06-27,2024-06-30,2024-06-30,2024-07-04,,0,stage5,1,1,1,1
U003028,2024-06-18,Paid_Search,Desktop,East,25-34,2024-06,2024-06-18,2024-06-20,,,,,0,stage2,1,0,0,0
U003031,2024-06-13,Organic,Mobile,Central,35-44,2024-06,2024-06-13,2024-06-14,2024-06-15,,,,0,stage3,1,1,0,0
U003032,2024-05-22,Email,Desktop,South,55+,2024-05,2024-05-22,2024-05-24,2024-05-25,,,,0,stage3,1,1,0,0
U003034,2024-06-13,Referral,Mobile,East,55+,2024-06,2024-06-13,,,,,,0,stage1,0,0,0,0
U003036,2024-05-06,Organic,Mobile,North,55+,2024-05,2024-05-06,2024-05-06,,,,,0,stage2,1,0,0,0
U003038,2024-05-05,Paid_Search,Mobile,North,25-34,2024-05,2024-05-05,,,,,,0,stage1,0,0,0,0
U003043,2024-05-09,Paid_Search,Mobile,Central,35-44,2024-05,2024-05-09,,,,,,0,stage1,0,0,0,0
U003046,2024-04-27,Paid_Search,Mobile,West,45-54,2024-04,2024-04-27,2024-04-28,,,,,0,stage2,1,0,0,0
U003047,2024-05-26,Email,Desktop,East,35-44,2024-05,2024-05-26,2024-05-27,2024-05-28,,,,0,stage3,1,1,0,0
U003048,2024-05-07,Paid_Search,Desktop,South,55+,2024-05,2024-05-07,2024-05-08,2024-05-10,,,,0,stage3,1,1,0,0
U003050,2024-05-07,Organic,Mobile,Central,25-34,2024-05,2024-05-07,2024-05-09,,,,,0,stage2,1,0,0,0
U003051,2024-06-16,Referral,Desktop,West,25-34,2024-06,2024-06-16,,,,,,0,stage1,0,0,0,0
U003055,2024-05-22,Paid_Search,Mobile,South,18-24,2024-05,2024-05-22,2024-05-24,,,,,0,stage2,1,0,0,0
U003057,2024-05-10,Referral,Desktop,South,55+,2024-05,2024-05-10,,,,,,0,stage1,0,0,0,0
U003058,2024-05-23,Organic,Mobile,East,18-24,2024-05,2024-05-23,2024-05-23,,,,,0,stage2,1,0,0,0
U003059,2024-06-16,Paid_Search,Mobile,East,55+,2024-06,2024-06-16,2024-06-18,,,,,0,stage2,1,0,0,0
U003060,2024-04-26,Organic,Mobile,East,18-24,2024-04,2024-04-26,2024-04-27,2024-04-29,2024-04-29,,,0,stage4,1,1,1,0
U003063,2024-06-07,Organic,Mobile,North,18-24,2024-06,2024-06-07,,,,,,0,stage1,0,0,0,0
U003064,2024-06-02,Email,Desktop,West,45-54,2024-06,2024-06-02,2024-06-03,2024-06-06,2024-06-08,2024-06-11,2024-06-13,1,Converted,1,1,1,1
U003065,2024-04-25,Organic,Mobile,North,55+,2024-04,2024-04-25,2024-04-25,2024-04-26,,,,0,stage3,1,1,0,0
U003066,2024-06-17,Paid_Search,Mobile,South,18-24,2024-06,2024-06-17,2024-06-17,2024-06-18,,,,0,stage3,1,1,0,0
U003071,2024-05-06,Referral,Desktop,Central,35-44,2024-05,2024-05-06,2024-05-06,2024-05-09,2024-05-11,2024-05-15,2024-05-15,1,Converted,1,1,1,1
U003073,2024-06-05,Organic,Desktop,West,18-24,2024-06,2024-06-05,2024-06-05,,,,,0,stage2,1,0,0,0
U003076,2024-04-10,Paid_Search,Mobile,South,35-44,2024-04,2024-04-10,2024-04-10,2024-04-12,2024-04-12,2024-04-15,,0,stage5,1,1,1,1
U003079,2024-06-11,Referral,Desktop,South,18-24,2024-06,2024-06-11,2024-06-13,2024-06-16,,,,0,stage3,1,1,0,0
U003084,2024-06-26,Social,Mobile,East,25-34,2024-06,2024-06-26,2024-06-28,,,,,0,stage2,1,0,0,0
U003087,2024-04-09,Paid_Search,Mobile,East,25-34,2024-04,2024-04-09,2024-04-11,,,,,0,stage2,1,0,0,0
U003088,2024-06-02,Referral,Desktop,East,55+,2024-06,2024-06-02,,,,,,0,stage1,0,0,0,0
U003089,2024-06-04,Paid_Search,Mobile,East,18-24,2024-06,2024-06-04,,,,,,0,stage1,0,0,0,0
U003091,2024-05-09,Referral,Desktop,South,35-44,2024-05,2024-05-09,2024-05-10,,,,,0,stage2,1,0,0,0
U003092,2024-04-17,Organic,Mobile,South,25-34,2024-04,2024-04-17,,,,,,0,stage1,0,0,0,0
U003093,2024-06-04,Organic,Mobile,East,45-54,2024-06,2024-06-04,2024-06-06,,,,,0,stage2,1,0,0,0
U003097,2024-04-25,Referral,Mobile,West,18-24,2024-04,2024-04-25,,,,,,0,stage1,0,0,0,0
U003099,2024-06-28,Organic,Desktop,West,25-34,2024-06,2024-06-28,,,,,,0,stage1,0,0,0,0
U003100,2024-05-11,Organic,Mobile,East,25-34,2024-05,2024-05-11,2024-05-12,,,,,0,stage2,1,0,0,0
U003101,2024-06-28,Email,Desktop,West,18-24,2024-06,2024-06-28,2024-06-30,,,,,0,stage2,1,0,0,0
U003103,2024-05-21,Organic,Mobile,South,25-34,2024-05,2024-05-21,,,,,,0,stage1,0,0,0,0
U003104,2024-06-10,Organic,Mobile,East,25-34,2024-06,2024-06-10,2024-06-10,2024-06-11,,,,0,stage3,1,1,0,0
U003108,2024-06-30,Email,Mobile,Central,35-44,2024-06,2024-06-30,,,,,,0,stage1,0,0,0,0
U003109,2024-06-15,Social,Mobile,West,25-34,2024-06,2024-06-15,2024-06-15,2024-06-18,,,,0,stage3,1,1,0,0
U003110,2024-05-18,Organic,Mobile,South,55+,2024-05,2024-05-18,2024-05-20,,,,,0,stage2,1,0,0,0
U003111,2024-06-12,Social,Mobile,South,35-44,2024-06,2024-06-12,,,,,,0,stage1,0,0,0,0
U003113,2024-06-30,Social,Mobile,West,35-44,2024-06,2024-06-30,,,,,,0,stage1,0,0,0,0
U003115,2024-05-23,Organic,Tablet,North,25-34,2024-05,2024-05-23,,,,,,0,stage1,0,0,0,0
U003116,2024-05-02,Referral,Desktop,East,45-54,2024-05,2024-05-02,2024-05-04,2024-05-07,2024-05-09,2024-05-13,2024-05-15,1,Converted,1,1,1,1
U003117,2024-05-16,Paid_Search,Mobile,North,18-24,2024-05,2024-05-16,,,,,,0,stage1,0,0,0,0
U003119,2024-05-13,Email,Mobile,West,25-34,2024-05,2024-05-13,2024-05-13,,,,,0,stage2,1,0,0,0
U003129,2024-05-18,Organic,Desktop,East,35-44,2024-05,2024-05-18,,,,,,0,stage1,0,0,0,0
U003131,2024-04-25,Paid_Search,Mobile,West,18-24,2024-04,2024-04-25,2024-04-25,2024-04-28,2024-04-30,2024-05-02,2024-05-04,1,Converted,1,1,1,1
U003132,2024-06-14,Paid_Search,Mobile,South,25-34,2024-06,2024-06-14,,,,,,0,stage1,0,0,0,0
U003133,2024-05-23,Social,Mobile,North,55+,2024-05,2024-05-23,2024-05-24,,,,,0,stage2,1,0,0,0
U003135,2024-05-10,Organic,Mobile,North,45-54,2024-05,2024-05-10,2024-05-12,2024-05-14,,,,0,stage3,1,1,0,0
U003136,2024-06-26,Organic,Mobile,South,25-34,2024-06,2024-06-26,2024-06-28,,,,,0,stage2,1,0,0,0
U003138,2024-04-16,Organic,Mobile,East,25-34,2024-04,2024-04-16,2024-04-18,2024-04-20,2024-04-22,,,0,stage4,1,1,1,0
U003142,2024-06-29,Email,Mobile,North,18-24,2024-06,2024-06-29,,,,,,0,stage1,0,0,0,0
U003143,2024-06-30,Referral,Desktop,West,25-34,2024-06,2024-06-30,2024-07-02,,,,,0,stage2,1,0,0,0
U003144,2024-04-04,Paid_Search,Mobile,West,35-44,2024-04,2024-04-04,,,,,,0,stage1,0,0,0,0
U003145,2024-05-30,Referral,Desktop,West,35-44,2024-05,2024-05-30,2024-06-01,2024-06-04,2024-06-06,2024-06-08,2024-06-10,1,Converted,1,1,1,1
U003148,2024-06-23,Paid_Search,Mobile,Central,45-54,2024-06,2024-06-23,2024-06-23,2024-06-24,2024-06-24,2024-06-25,,0,stage5,1,1,1,1
U003149,2024-04-06,Referral,Mobile,Central,25-34,2024-04,2024-04-06,2024-04-06,,,,,0,stage2,1,0,0,0
U003150,2024-04-19,Social,Desktop,East,45-54,2024-04,2024-04-19,2024-04-20,,,,,0,stage2,1,0,0,0
U003151,2024-05-22,Email,Mobile,West,25-34,2024-05,2024-05-22,2024-05-23,,,,,0,stage2,1,0,0,0
U003155,2024-06-01,Social,Mobile,North,25-34,2024-06,2024-06-01,,,,,,0,stage1,0,0,0,0
U003157,2024-06-09,Social,Mobile,North,25-34,2024-06,2024-06-09,2024-06-11,,,,,0,stage2,1,0,0,0
U003158,2024-06-18,Social,Desktop,North,55+,2024-06,2024-06-18,,,,,,0,stage1,0,0,0,0
U003160,2024-05-26,Organic,Mobile,Central,35-44,2024-05,2024-05-26,,,,,,0,stage1,0,0,0,0
U003161,2024-05-20,Organic,Mobile,South,25-34,2024-05,2024-05-20,2024-05-21,2024-05-22,2024-05-24,2024-05-27,,0,stage5,1,1,1,1
U003162,2024-05-14,Organic,Mobile,North,25-34,2024-05,2024-05-14,2024-05-14,,,,,0,stage2,1,0,0,0
U003164,2024-05-13,Organic,Desktop,West,45-54,2024-05,2024-05-13,,,,,,0,stage1,0,0,0,0
U003166,2024-05-09,Referral,Tablet,North,25-34,2024-05,2024-05-09,2024-05-09,2024-05-11,2024-05-13,2024-05-17,2024-05-17,1,Converted,1,1,1,1
U003169,2024-06-18,Social,Desktop,North,55+,2024-06,2024-06-18,2024-06-19,,,,,0,stage2,1,0,0,0
U003172,2024-05-15,Referral,Mobile,North,25-34,2024-05,2024-05-15,,,,,,0,stage1,0,0,0,0
U003173,2024-05-01,Paid_Search,Desktop,South,25-34,2024-05,2024-05-01,2024-05-03,2024-05-06,2024-05-06,2024-05-07,2024-05-09,1,Converted,1,1,1,1
U003175,2024-04-24,Social,Mobile,West,18-24,2024-04,2024-04-24,2024-04-24,2024-04-27,2024-04-29,2024-05-01,2024-05-01,1,Converted,1,1,1,1
U003176,2024-06-23,Referral,Mobile,East,18-24,2024-06,2024-06-23,2024-06-24,,,,,0,stage2,1,0,0,0
U003177,2024-04-07,Email,Mobile,South,45-54,2024-04,2024-04-07,2024-04-07,,,,,0,stage2,1,0,0,0
U003178,2024-04-08,Paid_Search,Mobile,South,25-34,2024-04,2024-04-08,2024-04-09,,,,,0,stage2,1,0,0,0
U003179,2024-05-18,Referral,Desktop,West,25-34,2024-05,2024-05-18,2024-05-20,2024-05-22,,,,0,stage3,1,1,0,0
U003181,2024-04-05,Paid_Search,Desktop,Central,25-34,2024-04,2024-04-05,2024-04-07,,,,,0,stage2,1,0,0,0
U003182,2024-05-10,Organic,Mobile,Central,35-44,2024-05,2024-05-10,2024-05-11,2024-05-13,,,,0,stage3,1,1,0,0
U003184,2024-06-15,Referral,Mobile,Central,18-24,2024-06,2024-06-15,2024-06-15,,,,,0,stage2,1,0,0,0
U003186,2024-05-11,Organic,Desktop,South,45-54,2024-05,2024-05-11,2024-05-11,2024-05-12,,,,0,stage3,1,1,0,0
U003188,2024-05-17,Paid_Search,Mobile,North,25-34,2024-05,2024-05-17,2024-05-19,,,,,0,stage2,1,0,0,0
U003191,2024-06-10,Paid_Search,Desktop,North,25-34,2024-06,2024-06-10,2024-06-10,2024-06-13,2024-06-14,,,0,stage4,1,1,1,0
U003194,2024-05-17,Organic,Mobile,West,25-34,2024-05,2024-05-17,2024-05-19,,,,,0,stage2,1,0,0,0
U003195,2024-04-21,Email,Mobile,West,35-44,2024-04,2024-04-21,,,,,,0,stage1,0,0,0,0
U003196,2024-06-14,Email,Desktop,East,25-34,2024-06,2024-06-14,2024-06-14,,,,,0,stage2,1,0,0,0
U003197,2024-06-24,Social,Desktop,North,35-44,2024-06,2024-06-24,2024-06-24,2024-06-25,2024-06-26,2024-06-29,,0,stage5,1,1,1,1
U003199,2024-05-22,Referral,Mobile,South,45-54,2024-05,2024-05-22,2024-05-22,,,,,0,stage2,1,0,0,0
U003200,2024-05-27,Paid_Search,Mobile,West,18-24,2024-05,2024-05-27,2024-05-27,,,,,0,stage2,1,0,0,0
U003202,2024-04-09,Email,Desktop,Central,25-34,2024-04,2024-04-09,,,,,,0,stage1,0,0,0,0
U003203,2024-04-25,Organic,Mobile,Central,18-24,2024-04,2024-04-25,,,,,,0,stage1,0,0,0,0
U003204,2024-06-10,Organic,Desktop,South,25-34,2024-06,2024-06-10,2024-06-11,2024-06-13,2024-06-14,2024-06-15,2024-06-16,1,Converted,1,1,1,1
U003205,2024-06-21,Organic,Mobile,South,45-54,2024-06,2024-06-21,,,,,,0,stage1,0,0,0,0
U003207,2024-05-29,Referral,Mobile,North,25-34,2024-05,2024-05-29,2024-05-29,2024-06-01,,,,0,stage3,1,1,0,0
U003211,2024-06-24,Email,Mobile,West,25-34,2024-06,2024-06-24,2024-06-25,2024-06-28,2024-06-28,,,0,stage4,1,1,1,0
U003213,2024-06-18,Email,Mobile,North,25-34,2024-06,2024-06-18,,,,,,0,stage1,0,0,0,0
U003215,2024-05-16,Referral,Desktop,East,55+,2024-05,2024-05-16,2024-05-16,,,,,0,stage2,1,0,0,0
U003217,2024-04-10,Organic,Desktop,South,45-54,2024-04,2024-04-10,2024-04-12,,,,,0,stage2,1,0,0,0
U003219,2024-06-22,Organic,Desktop,South,35-44,2024-06,2024-06-22,2024-06-24,,,,,0,stage2,1,0,0,0
U003220,2024-06-14,Referral,Desktop,North,35-44,2024-06,2024-06-14,2024-06-15,2024-06-16,2024-06-18,2024-06-20,2024-06-20,1,Converted,1,1,1,1
U003222,2024-05-26,Paid_Search,Desktop,East,25-34,2024-05,2024-05-26,2024-05-28,,,,,0,stage2,1,0,0,0
U003223,2024-04-10,Referral,Mobile,North,18-24,2024-04,2024-04-10,2024-04-12,,,,,0,stage2,1,0,0,0
U003224,2024-05-20,Paid_Search,Mobile,West,45-54,2024-05,2024-05-20,,,,,,0,stage1,0,0,0,0
U003229,2024-04-15,Organic,Mobile,North,25-34,2024-04,2024-04-15,,,,,,0,stage1,0,0,0,0
U003230,2024-06-14,Paid_Search,Desktop,East,25-34,2024-06,2024-06-14,,,,,,0,stage1,0,0,0,0
U003231,2024-05-11,Organic,Desktop,East,18-24,2024-05,2024-05-11,2024-05-11,,,,,0,stage2,1,0,0,0
U003235,2024-06-06,Organic,Mobile,Central,25-34,2024-06,2024-06-06,,,,,,0,stage1,0,0,0,0
U003238,2024-05-25,Organic,Mobile,North,18-24,2024-05,2024-05-25,,,,,,0,stage1,0,0,0,0
U003240,2024-05-20,Organic,Mobile,North,45-54,2024-05,2024-05-20,,,,,,0,stage1,0,0,0,0
U003241,2024-04-28,Social,Mobile,West,18-24,2024-04,2024-04-28,2024-04-30,,,,,0,stage2,1,0,0,0
U003242,2024-05-20,Paid_Search,Tablet,North,45-54,2024-05,2024-05-20,2024-05-20,,,,,0,stage2,1,0,0,0
U003247,2024-06-20,Referral,Desktop,West,25-34,2024-06,2024-06-20,2024-06-22,2024-06-23,,,,0,stage3,1,1,0,0
U003251,2024-05-04,Organic,Mobile,North,25-34,2024-05,2024-05-04,2024-05-05,2024-05-07,,,,0,stage3,1,1,0,0
U003252,2024-06-06,Paid_Search,Desktop,West,18-24,2024-06,2024-06-06,2024-06-08,,,,,0,stage2,1,0,0,0
U003254,2024-05-29,Social,Mobile,South,25-34,2024-05,2024-05-29,2024-05-29,2024-06-01,2024-06-03,2024-06-06,2024-06-07,1,Converted,1,1,1,1
U003255,2024-04-19,Paid_Search,Tablet,East,55+,2024-04,2024-04-19,2024-04-19,2024-04-20,2024-04-21,2024-04-23,2024-04-23,1,Converted,1,1,1,1
U003256,2024-06-13,Email,Tablet,North,18-24,2024-06,2024-06-13,2024-06-14,2024-06-16,2024-06-17,2024-06-19,2024-06-21,1,Converted,1,1,1,1
U003258,2024-05-02,Paid_Search,Desktop,Central,55+,2024-05,2024-05-02,,,,,,0,stage1,0,0,0,0
U003259,2024-04-28,Referral,Desktop,North,25-34,2024-04,2024-04-28,,,,,,0,stage1,0,0,0,0
U003260,2024-04-24,Social,Tablet,West,45-54,2024-04,2024-04-24,,,,,,0,stage1,0,0,0,0
U003261,2024-04-01,Social,Mobile,Central,45-54,2024-04,2024-04-01,,,,,,0,stage1,0,0,0,0
U003268,2024-06-09,Referral,Desktop,East,55+,2024-06,2024-06-09,2024-06-09,,,,,0,stage2,1,0,0,0
U003271,2024-05-09,Social,Mobile,Central,55+,2024-05,2024-05-09,2024-05-11,,,,,0,stage2,1,0,0,0
U003273,2024-04-13,Paid_Search,Mobile,Central,25-34,2024-04,2024-04-13,2024-04-15,,,,,0,stage2,1,0,0,0
U003275,2024-06-16,Social,Tablet,West,25-34,2024-06,2024-06-16,2024-06-16,,,,,0,stage2,1,0,0,0
U003276,2024-04-03,Paid_Search,Mobile,Central,35-44,2024-04,2024-04-03,2024-04-04,,,,,0,stage2,1,0,0,0
U003279,2024-04-03,Organic,Desktop,North,25-34,2024-04,2024-04-03,,,,,,0,stage1,0,0,0,0
U003280,2024-05-08,Referral,Mobile,North,35-44,2024-05,2024-05-08,2024-05-08,,,,,0,stage2,1,0,0,0
U003281,2024-06-18,Paid_Search,Mobile,East,35-44,2024-06,2024-06-18,,,,,,0,stage1,0,0,0,0
U003283,2024-06-06,Paid_Search,Tablet,West,55+,2024-06,2024-06-06,,,,,,0,stage1,0,0,0,0
U003284,2024-06-24,Organic,Mobile,South,18-24,2024-06,2024-06-24,2024-06-24,2024-06-27,,,,0,stage3,1,1,0,0
U003286,2024-05-03,Social,Mobile,East,55+,2024-05,2024-05-03,2024-05-04,,,,,0,stage2,1,0,0,0
U003290,2024-06-20,Organic,Mobile,East,35-44,2024-06,2024-06-20,2024-06-20,2024-06-23,,,,0,stage3,1,1,0,0
U003291,2024-04-02,Organic,Mobile,Central,25-34,2024-04,2024-04-02,2024-04-03,,,,,0,stage2,1,0,0,0
U003292,2024-04-30,Social,Desktop,South,18-24,2024-04,2024-04-30,,,,,,0,stage1,0,0,0,0
U003293,2024-04-26,Paid_Search,Desktop,South,25-34,2024-04,2024-04-26,,,,,,0,stage1,0,0,0,0
U003295,2024-06-15,Paid_Search,Desktop,South,55+,2024-06,2024-06-15,2024-06-16,,,,,0,stage2,1,0,0,0
U003297,2024-06-11,Email,Tablet,South,55+,2024-06,2024-06-11,2024-06-12,2024-06-15,2024-06-16,2024-06-18,2024-06-19,1,Converted,1,1,1,1
U003298,2024-06-16,Social,Desktop,West,35-44,2024-06,2024-06-16,,,,,,0,stage1,0,0,0,0
U003299,2024-04-06,Paid_Search,Desktop,West,35-44,2024-04,2024-04-06,2024-04-07,,,,,0,stage2,1,0,0,0
U003300,2024-05-30,Organic,Mobile,West,25-34,2024-05,2024-05-30,,,,,,0,stage1,0,0,0,0
U003301,2024-06-16,Paid_Search,Mobile,Central,25-34,2024-06,2024-06-16,2024-06-16,2024-06-19,2024-06-20,,,0,stage4,1,1,1,0
U003302,2024-04-06,Organic,Desktop,West,18-24,2024-04,2024-04-06,2024-04-06,,,,,0,stage2,1,0,0,0
U003303,2024-05-12,Organic,Mobile,South,35-44,2024-05,2024-05-12,2024-05-13,2024-05-15,,,,0,stage3,1,1,0,0
U003305,2024-05-04,Referral,Desktop,East,25-34,2024-05,2024-05-04,2024-05-05,2024-05-08,,,,0,stage3,1,1,0,0
U003310,2024-06-13,Paid_Search,Desktop,East,18-24,2024-06,2024-06-13,,,,,,0,stage1,0,0,0,0
U003314,2024-04-02,Email,Mobile,East,35-44,2024-04,2024-04-02,,,,,,0,stage1,0,0,0,0
U003315,2024-06-03,Paid_Search,Mobile,East,25-34,2024-06,2024-06-03,2024-06-05,2024-06-06,2024-06-08,2024-06-10,2024-06-11,1,Converted,1,1,1,1
U003317,2024-05-03,Organic,Mobile,South,55+,2024-05,2024-05-03,,,,,,0,stage1,0,0,0,0
U003318,2024-06-21,Referral,Mobile,Central,55+,2024-06,2024-06-21,,,,,,0,stage1,0,0,0,0
U003319,2024-05-02,Organic,Mobile,West,35-44,2024-05,2024-05-02,2024-05-03,2024-05-04,,,,0,stage3,1,1,0,0
U003320,2024-05-31,Social,Mobile,Central,35-44,2024-05,2024-05-31,,,,,,0,stage1,0,0,0,0
U003324,2024-05-26,Organic,Mobile,Central,25-34,2024-05,2024-05-26,2024-05-28,,,,,0,stage2,1,0,0,0
U003326,2024-05-11,Referral,Mobile,North,25-34,2024-05,2024-05-11,,,,,,0,stage1,0,0,0,0
U003330,2024-04-13,Email,Desktop,Central,18-24,2024-04,2024-04-13,2024-04-15,2024-04-18,2024-04-20,,,0,stage4,1,1,1,0
U003332,2024-06-18,Paid_Search,Mobile,South,18-24,2024-06,2024-06-18,2024-06-19,2024-06-20,2024-06-20,2024-06-24,2024-06-26,1,Converted,1,1,1,1
U003333,2024-04-30,Paid_Search,Mobile,East,35-44,2024-04,2024-04-30,,,,,,0,stage1,0,0,0,0
U003334,2024-05-03,Social,Mobile,East,45-54,2024-05,2024-05-03,2024-05-03,,,,,0,stage2,1,0,0,0
U003336,2024-06-17,Social,Desktop,South,55+,2024-06,2024-06-17,2024-06-19,2024-06-21,,,,0,stage3,1,1,0,0
U003338,2024-06-24,Paid_Search,Desktop,East,45-54,2024-06,2024-06-24,2024-06-25,,,,,0,stage2,1,0,0,0
U003339,2024-04-26,Organic,Desktop,West,18-24,2024-04,2024-04-26,2024-04-28,2024-05-01,2024-05-01,2024-05-03,2024-05-04,1,Converted,1,1,1,1
U003340,2024-04-08,Paid_Search,Mobile,West,45-54,2024-04,2024-04-08,,,,,,0,stage1,0,0,0,0
U003345,2024-05-09,Organic,Mobile,East,18-24,2024-05,2024-05-09,2024-05-11,2024-05-13,2024-05-13,,,0,stage4,1,1,1,0
U003346,2024-06-04,Social,Mobile,East,18-24,2024-06,2024-06-04,2024-06-04,2024-06-05,,,,0,stage3,1,1,0,0
U003347,2024-05-01,Referral,Desktop,South,18-24,2024-05,2024-05-01,2024-05-03,2024-05-06,,,,0,stage3,1,1,0,0
U003349,2024-05-08,Organic,Tablet,East,18-24,2024-05,2024-05-08,2024-05-08,2024-05-09,2024-05-10,2024-05-12,2024-05-14,1,Converted,1,1,1,1
U003350,2024-05-18,Organic,Tablet,West,45-54,2024-05,2024-05-18,2024-05-18,,,,,0,stage2,1,0,0,0
U003351,2024-06-22,Paid_Search,Mobile,North,25-34,2024-06,2024-06-22,2024-06-24,,,,,0,stage2,1,0,0,0
U003352,2024-04-20,Organic,Mobile,East,25-34,2024-04,2024-04-20,2024-04-22,2024-04-24,,,,0,stage3,1,1,0,0
U003353,2024-04-04,Paid_Search,Desktop,West,45-54,2024-04,2024-04-04,,,,,,0,stage1,0,0,0,0
U003355,2024-06-27,Organic,Mobile,West,25-34,2024-06,2024-06-27,2024-06-29,2024-07-01,,,,0,stage3,1,1,0,0
U003357,2024-04-07,Paid_Search,Mobile,West,35-44,2024-04,2024-04-07,2024-04-08,2024-04-11,,,,0,stage3,1,1,0,0
U003358,2024-06-27,Paid_Search,Desktop,East,45-54,2024-06,2024-06-27,,,,,,0,stage1,0,0,0,0
U003359,2024-05-27,Referral,Desktop,Central,35-44,2024-05,2024-05-27,2024-05-27,2024-05-29,,,,0,stage3,1,1,0,0
U003363,2024-06-02,Paid_Search,Desktop,Central,35-44,2024-06,2024-06-02,,,,,,0,stage1,0,0,0,0
U003364,2024-05-19,Organic,Desktop,South,45-54,2024-05,2024-05-19,2024-05-20,,,,,0,stage2,1,0,0,0
U003366,2024-06-30,Email,Mobile,Central,35-44,2024-06,2024-06-30,,,,,,0,stage1,0,0,0,0
U003368,2024-05-13,Referral,Desktop,North,25-34,2024-05,2024-05-13,2024-05-13,2024-05-15,,,,0,stage3,1,1,0,0
U003369,2024-06-16,Social,Mobile,Central,25-34,2024-06,2024-06-16,,,,,,0,stage1,0,0,0,0
U003372,2024-04-19,Email,Mobile,East,18-24,2024-04,2024-04-19,,,,,,0,stage1,0,0,0,0
U003373,2024-06-15,Paid_Search,Mobile,South,18-24,2024-06,2024-06-15,2024-06-17,,,,,0,stage2,1,0,0,0
U003375,2024-05-17,Organic,Desktop,South,25-34,2024-05,2024-05-17,2024-05-18,2024-05-21,2024-05-22,2024-05-25,2024-05-27,1,Converted,1,1,1,1
U003376,2024-04-11,Paid_Search,Desktop,West,18-24,2024-04,2024-04-11,2024-04-11,2024-04-13,2024-04-15,2024-04-19,,0,stage5,1,1,1,1
U003378,2024-05-23,Referral,Desktop,North,25-34,2024-05,2024-05-23,,,,,,0,stage1,0,0,0,0
U003379,2024-05-22,Referral,Desktop,North,35-44,2024-05,2024-05-22,2024-05-23,2024-05-25,2024-05-26,2024-05-29,2024-05-31,1,Converted,1,1,1,1
U003380,2024-04-11,Organic,Desktop,East,45-54,2024-04,2024-04-11,2024-04-13,2024-04-14,,,,0,stage3,1,1,0,0
U003381,2024-06-17,Email,Mobile,West,18-24,2024-06,2024-06-17,2024-06-17,2024-06-20,2024-06-20,,,0,stage4,1,1,1,0
U003382,2024-04-24,Referral,Tablet,West,25-34,2024-04,2024-04-24,2024-04-26,,,,,0,stage2,1,0,0,0
U003385,2024-04-12,Organic,Mobile,East,35-44,2024-04,2024-04-12,2024-04-13,2024-04-16,2024-04-18,2024-04-19,2024-04-19,1,Converted,1,1,1,1
U003386,2024-04-09,Organic,Desktop,West,18-24,2024-04,2024-04-09,2024-04-11,,,,,0,stage2,1,0,0,0
U003389,2024-04-21,Paid_Search,Mobile,North,35-44,2024-04,2024-04-21,,,,,,0,stage1,0,0,0,0
U003392,2024-04-08,Social,Desktop,North,18-24,2024-04,2024-04-08,,,,,,0,stage1,0,0,0,0
U003393,2024-04-12,Paid_Search,Desktop,North,35-44,2024-04,2024-04-12,2024-04-14,,,,,0,stage2,1,0,0,0
U003394,2024-06-16,Organic,Mobile,South,45-54,2024-06,2024-06-16,,,,,,0,stage1,0,0,0,0
U003395,2024-05-13,Email,Tablet,North,18-24,2024-05,2024-05-13,2024-05-14,2024-05-17,,,,0,stage3,1,1,0,0
U003396,2024-06-01,Social,Mobile,East,55+,2024-06,2024-06-01,2024-06-01,2024-06-02,2024-06-04,2024-06-08,2024-06-09,1,Converted,1,1,1,1
U003398,2024-06-17,Organic,Mobile,West,25-34,2024-06,2024-06-17,,,,,,0,stage1,0,0,0,0
U003399,2024-05-12,Organic,Mobile,East,18-24,2024-05,2024-05-12,,,,,,0,stage1,0,0,0,0
U003402,2024-06-02,Organic,Mobile,East,25-34,2024-06,2024-06-02,2024-06-04,2024-06-07,,,,0,stage3,1,1,0,0
U003403,2024-06-27,Paid_Search,Desktop,South,25-34,2024-06,2024-06-27,2024-06-27,,,,,0,stage2,1,0,0,0
U003404,2024-06-06,Paid_Search,Tablet,Central,45-54,2024-06,2024-06-06,,,,,,0,stage1,0,0,0,0
U003406,2024-06-21,Referral,Tablet,South,45-54,2024-06,2024-06-21,2024-06-21,,,,,0,stage2,1,0,0,0
U003407,2024-04-02,Paid_Search,Desktop,Central,25-34,2024-04,2024-04-02,2024-04-02,2024-04-05,,,,0,stage3,1,1,0,0
U003410,2024-04-13,Organic,Mobile,West,35-44,2024-04,2024-04-13,,,,,,0,stage1,0,0,0,0
U003411,2024-05-30,Referral,Mobile,Central,25-34,2024-05,2024-05-30,2024-05-30,,,,,0,stage2,1,0,0,0
U003412,2024-05-12,Organic,Tablet,East,18-24,2024-05,2024-05-12,,,,,,0,stage1,0,0,0,0
U003415,2024-05-23,Paid_Search,Desktop,South,35-44,2024-05,2024-05-23,2024-05-25,2024-05-27,,,,0,stage3,1,1,0,0
U003419,2024-05-27,Referral,Mobile,North,35-44,2024-05,2024-05-27,,,,,,0,stage1,0,0,0,0
U003421,2024-04-14,Email,Desktop,South,25-34,2024-04,2024-04-14,2024-04-16,,,,,0,stage2,1,0,0,0
U003423,2024-05-23,Paid_Search,Mobile,West,35-44,2024-05,2024-05-23,,,,,,0,stage1,0,0,0,0
U003425,2024-05-08,Organic,Desktop,South,25-34,2024-05,2024-05-08,2024-05-09,,,,,0,stage2,1,0,0,0
U003427,2024-04-23,Paid_Search,Desktop,North,35-44,2024-04,2024-04-23,,,,,,0,stage1,0,0,0,0
U003428,2024-04-06,Referral,Desktop,North,45-54,2024-04,2024-04-06,2024-04-08,2024-04-10,,,,0,stage3,1,1,0,0
U003431,2024-04-27,Paid_Search,Mobile,East,25-34,2024-04,2024-04-27,2024-04-29,2024-04-30,,,,0,stage3,1,1,0,0
U003432,2024-05-03,Organic,Tablet,East,18-24,2024-05,2024-05-03,2024-05-03,,,,,0,stage2,1,0,0,0
U003435,2024-04-07,Referral,Desktop,Central,18-24,2024-04,2024-04-07,2024-04-09,2024-04-10,2024-04-12,2024-04-14,2024-04-15,1,Converted,1,1,1,1
U003436,2024-04-15,Referral,Mobile,Central,18-24,2024-04,2024-04-15,2024-04-16,2024-04-19,,,,0,stage3,1,1,0,0
U003437,2024-05-17,Referral,Desktop,West,45-54,2024-05,2024-05-17,2024-05-17,2024-05-20,,,,0,stage3,1,1,0,0
U003441,2024-04-12,Social,Mobile,East,18-24,2024-04,2024-04-12,2024-04-14,,,,,0,stage2,1,0,0,0
U003444,2024-05-01,Paid_Search,Mobile,West,35-44,2024-05,2024-05-01,2024-05-02,,,,,0,stage2,1,0,0,0
U003446,2024-05-26,Organic,Desktop,East,35-44,2024-05,2024-05-26,2024-05-27,2024-05-28,2024-05-30,,,0,stage4,1,1,1,0
U003447,2024-06-23,Referral,Desktop,West,25-34,2024-06,2024-06-23,2024-06-23,,,,,0,stage2,1,0,0,0
U003448,2024-05-07,Paid_Search,Mobile,North,18-24,2024-05,2024-05-07,2024-05-09,,,,,0,stage2,1,0,0,0
U003453,2024-06-07,Paid_Search,Mobile,East,18-24,2024-06,2024-06-07,2024-06-08,2024-06-09,2024-06-09,2024-06-10,2024-06-10,1,Converted,1,1,1,1
U003454,2024-06-22,Referral,Desktop,West,35-44,2024-06,2024-06-22,2024-06-24,2024-06-26,2024-06-28,,,0,stage4,1,1,1,0
U003457,2024-05-03,Referral,Desktop,West,25-34,2024-05,2024-05-03,2024-05-04,,,,,0,stage2,1,0,0,0
U003458,2024-06-07,Paid_Search,Mobile,West,55+,2024-06,2024-06-07,2024-06-08,2024-06-10,,,,0,stage3,1,1,0,0
U003459,2024-05-27,Social,Desktop,East,25-34,2024-05,2024-05-27,2024-05-28,,,,,0,stage2,1,0,0,0
U003460,2024-05-05,Social,Mobile,East,25-34,2024-05,2024-05-05,,,,,,0,stage1,0,0,0,0
U003463,2024-05-27,Social,Desktop,North,18-24,2024-05,2024-05-27,2024-05-27,2024-05-28,,,,0,stage3,1,1,0,0
U003464,2024-05-14,Organic,Desktop,South,25-34,2024-05,2024-05-14,,,,,,0,stage1,0,0,0,0
U003465,2024-04-18,Organic,Mobile,South,18-24,2024-04,2024-04-18,2024-04-19,2024-04-22,,,,0,stage3,1,1,0,0
U003468,2024-04-10,Paid_Search,Desktop,Central,25-34,2024-04,2024-04-10,,,,,,0,stage1,0,0,0,0
U003469,2024-06-24,Organic,Mobile,West,45-54,2024-06,2024-06-24,,,,,,0,stage1,0,0,0,0
U003472,2024-06-27,Referral,Desktop,East,25-34,2024-06,2024-06-27,2024-06-29,2024-07-01,2024-07-02,2024-07-03,2024-07-03,1,Converted,1,1,1,1
U003473,2024-06-21,Paid_Search,Mobile,East,35-44,2024-06,2024-06-21,2024-06-21,,,,,0,stage2,1,0,0,0
U003474,2024-04-07,Organic,Desktop,North,45-54,2024-04,2024-04-07,2024-04-09,,,,,0,stage2,1,0,0,0
U003477,2024-04-02,Paid_Search,Mobile,West,45-54,2024-04,2024-04-02,,,,,,0,stage1,0,0,0,0
U003478,2024-06-05,Paid_Search,Mobile,South,25-34,2024-06,2024-06-05,,,,,,0,stage1,0,0,0,0
U003481,2024-04-30,Paid_Search,Mobile,Central,45-54,2024-04,2024-04-30,,,,,,0,stage1,0,0,0,0
U003482,2024-06-05,Organic,Mobile,North,18-24,2024-06,2024-06-05,2024-06-06,,,,,0,stage2,1,0,0,0
U003483,2024-04-03,Organic,Mobile,North,35-44,2024-04,2024-04-03,2024-04-03,,,,,0,stage2,1,0,0,0
U003484,2024-05-07,Organic,Mobile,North,25-34,2024-05,2024-05-07,,,,,,0,stage1,0,0,0,0
U003485,2024-04-18,Email,Desktop,Central,35-44,2024-04,2024-04-18,2024-04-18,,,,,0,stage2,1,0,0,0
U003486,2024-04-17,Organic,Desktop,South,25-34,2024-04,2024-04-17,2024-04-19,2024-04-21,2024-04-22,2024-04-26,2024-04-27,1,Converted,1,1,1,1
U003487,2024-04-25,Email,Desktop,East,18-24,2024-04,2024-04-25,,,,,,0,stage1,0,0,0,0
U003489,2024-05-27,Organic,Desktop,East,25-34,2024-05,2024-05-27,2024-05-29,2024-05-30,,,,0,stage3,1,1,0,0
U003493,2024-05-22,Referral,Mobile,South,25-34,2024-05,2024-05-22,2024-05-23,2024-05-25,2024-05-25,,,0,stage4,1,1,1,0
U003496,2024-05-01,Paid_Search,Mobile,North,35-44,2024-05,2024-05-01,,,,,,0,stage1,0,0,0,0
U003499,2024-04-17,Paid_Search,Mobile,East,18-24,2024-04,2024-04-17,,,,,,0,stage1,0,0,0,0
U003500,2024-05-07,Referral,Mobile,East,18-24,2024-05,2024-05-07,,,,,,0,stage1,0,0,0,0
U003502,2024-05-12,Paid_Search,Mobile,Central,18-24,2024-05,2024-05-12,2024-05-14,2024-05-17,2024-05-18,2024-05-22,2024-05-23,1,Converted,1,1,1,1
U003504,2024-05-23,Paid_Search,Mobile,Central,18-24,2024-05,2024-05-23,2024-05-25,,,,,0,stage2,1,0,0,0
U003506,2024-04-11,Organic,Mobile,South,25-34,2024-04,2024-04-11,2024-04-11,2024-04-14,2024-04-14,2024-04-15,,0,stage5,1,1,1,1
U003509,2024-06-10,Social,Desktop,Central,55+,2024-06,2024-06-10,2024-06-10,2024-06-12,2024-06-14,,,0,stage4,1,1,1,0
U003511,2024-04-02,Organic,Mobile,North,25-34,2024-04,2024-04-02,2024-04-04,2024-04-07,,,,0,stage3,1,1,0,0
U003514,2024-04-15,Organic,Mobile,South,18-24,2024-04,2024-04-15,,,,,,0,stage1,0,0,0,0
U003517,2024-06-04,Paid_Search,Mobile,West,45-54,2024-06,2024-06-04,2024-06-04,,,,,0,stage2,1,0,0,0
U003518,2024-05-27,Paid_Search,Desktop,Central,25-34,2024-05,2024-05-27,,,,,,0,stage1,0,0,0,0
U003519,2024-05-27,Organic,Mobile,West,45-54,2024-05,2024-05-27,,,,,,0,stage1,0,0,0,0
U003520,2024-06-15,Referral,Mobile,South,55+,2024-06,2024-06-15,2024-06-17,,,,,0,stage2,1,0,0,0
U003521,2024-05-17,Paid_Search,Desktop,South,55+,2024-05,2024-05-17,2024-05-17,,,,,0,stage2,1,0,0,0
U003526,2024-04-07,Email,Mobile,West,18-24,2024-04,2024-04-07,2024-04-09,,,,,0,stage2,1,0,0,0
U003528,2024-04-28,Paid_Search,Mobile,Central,25-34,2024-04,2024-04-28,,,,,,0,stage1,0,0,0,0
U003529,2024-06-10,Paid_Search,Mobile,West,35-44,2024-06,2024-06-10,2024-06-10,2024-06-11,,,,0,stage3,1,1,0,0
U003530,2024-06-12,Organic,Desktop,South,35-44,2024-06,2024-06-12,,,,,,0,stage1,0,0,0,0
U003532,2024-06-10,Social,Desktop,West,25-34,2024-06,2024-06-10,,,,,,0,stage1,0,0,0,0
U003533,2024-06-05,Paid_Search,Mobile,South,18-24,2024-06,2024-06-05,2024-06-07,2024-06-09,2024-06-09,,,0,stage4,1,1,1,0
U003537,2024-06-16,Social,Desktop,East,45-54,2024-06,2024-06-16,,,,,,0,stage1,0,0,0,0
U003540,2024-06-03,Referral,Mobile,East,18-24,2024-06,2024-06-03,,,,,,0,stage1,0,0,0,0
U003541,2024-06-14,Paid_Search,Mobile,West,18-24,2024-06,2024-06-14,2024-06-15,2024-06-17,2024-06-18,2024-06-21,,0,stage5,1,1,1,1
U003542,2024-05-30,Social,Desktop,Central,25-34,2024-05,2024-05-30,2024-06-01,2024-06-03,,,,0,stage3,1,1,0,0
U003543,2024-04-15,Referral,Mobile,South,35-44,2024-04,2024-04-15,2024-04-15,,,,,0,stage2,1,0,0,0
U003547,2024-06-18,Email,Mobile,North,45-54,2024-06,2024-06-18,,,,,,0,stage1,0,0,0,0
U003551,2024-04-11,Paid_Search,Tablet,East,35-44,2024-04,2024-04-11,2024-04-11,,,,,0,stage2,1,0,0,0
U003554,2024-05-01,Paid_Search,Mobile,North,35-44,2024-05,2024-05-01,2024-05-03,,,,,0,stage2,1,0,0,0
U003557,2024-05-14,Social,Desktop,West,25-34,2024-05,2024-05-14,,,,,,0,stage1,0,0,0,0
U003562,2024-06-16,Organic,Desktop,North,45-54,2024-06,2024-06-16,2024-06-17,2024-06-19,,,,0,stage3,1,1,0,0
U003565,2024-04-23,Paid_Search,Mobile,West,35-44,2024-04,2024-04-23,2024-04-25,2024-04-26,2024-04-26,2024-04-28,2024-04-28,1,Converted,1,1,1,1
U003567,2024-04-01,Paid_Search,Desktop,Central,35-44,2024-04,2024-04-01,2024-04-02,,,,,0,stage2,1,0,0,0
U003568,2024-05-01,Email,Desktop,West,25-34,2024-05,2024-05-01,2024-05-02,,,,,0,stage2,1,0,0,0
U003569,2024-05-18,Email,Desktop,West,18-24,2024-05,2024-05-18,2024-05-19,2024-05-22,2024-05-23,2024-05-25,2024-05-27,1,Converted,1,1,1,1
U003570,2024-05-18,Social,Desktop,East,18-24,2024-05,2024-05-18,,,,,,0,stage1,0,0,0,0
U003572,2024-04-26,Social,Mobile,South,25-34,2024-04,2024-04-26,,,,,,0,stage1,0,0,0,0
U003573,2024-06-10,Paid_Search,Desktop,South,35-44,2024-06,2024-06-10,2024-06-12,2024-06-15,,,,0,stage3,1,1,0,0
U003574,2024-05-24,Referral,Mobile,North,25-34,2024-05,2024-05-24,2024-05-25,,,,,0,stage2,1,0,0,0
U003575,2024-05-14,Email,Mobile,South,18-24,2024-05,2024-05-14,2024-05-16,2024-05-19,,,,0,stage3,1,1,0,0
U003576,2024-05-16,Organic,Desktop,Central,55+,2024-05,2024-05-16,,,,,,0,stage1,0,0,0,0
U003578,2024-05-03,Email,Mobile,West,35-44,2024-05,2024-05-03,,,,,,0,stage1,0,0,0,0
U003579,2024-05-18,Referral,Tablet,South,25-34,2024-05,2024-05-18,2024-05-18,2024-05-19,2024-05-20,,,0,stage4,1,1,1,0
U003586,2024-04-30,Paid_Search,Tablet,North,35-44,2024-04,2024-04-30,2024-05-02,,,,,0,stage2,1,0,0,0
U003588,2024-04-20,Organic,Mobile,East,25-34,2024-04,2024-04-20,,,,,,0,stage1,0,0,0,0
U003591,2024-05-20,Paid_Search,Desktop,West,45-54,2024-05,2024-05-20,2024-05-21,2024-05-22,,,,0,stage3,1,1,0,0
U003592,2024-04-15,Referral,Desktop,South,35-44,2024-04,2024-04-15,2024-04-17,2024-04-19,,,,0,stage3,1,1,0,0
U003593,2024-04-11,Paid_Search,Desktop,South,35-44,2024-04,2024-04-11,2024-04-11,,,,,0,stage2,1,0,0,0
U003595,2024-06-14,Referral,Desktop,West,25-34,2024-06,2024-06-14,2024-06-15,2024-06-17,2024-06-17,2024-06-20,2024-06-20,1,Converted,1,1,1,1
U003596,2024-04-18,Email,Desktop,Central,55+,2024-04,2024-04-18,2024-04-20,,,,,0,stage2,1,0,0,0
U003598,2024-05-12,Referral,Desktop,South,35-44,2024-05,2024-05-12,2024-05-14,,,,,0,stage2,1,0,0,0
U003599,2024-06-26,Organic,Desktop,South,18-24,2024-06,2024-06-26,2024-06-28,2024-06-30,,,,0,stage3,1,1,0,0
U003601,2024-05-16,Organic,Mobile,South,25-34,2024-05,2024-05-16,2024-05-17,2024-05-19,,,,0,stage3,1,1,0,0
U003604,2024-04-26,Paid_Search,Mobile,South,45-54,2024-04,2024-04-26,2024-04-28,,,,,0,stage2,1,0,0,0
U003605,2024-04-25,Referral,Mobile,South,25-34,2024-04,2024-04-25,2024-04-26,2024-04-29,2024-05-01,2024-05-05,,0,stage5,1,1,1,1
U003609,2024-05-16,Organic,Tablet,West,35-44,2024-05,2024-05-16,2024-05-16,2024-05-17,2024-05-17,2024-05-20,2024-05-21,1,Converted,1,1,1,1
U003611,2024-04-22,Paid_Search,Desktop,East,55+,2024-04,2024-04-22,2024-04-24,2024-04-25,2024-04-25,2024-04-26,2024-04-26,1,Converted,1,1,1,1
U003615,2024-06-27,Referral,Mobile,Central,35-44,2024-06,2024-06-27,,,,,,0,stage1,0,0,0,0
U003620,2024-04-10,Paid_Search,Desktop,West,55+,2024-04,2024-04-10,2024-04-10,,,,,0,stage2,1,0,0,0
U003621,2024-05-19,Referral,Tablet,North,35-44,2024-05,2024-05-19,2024-05-20,2024-05-21,2024-05-21,2024-05-24,2024-05-25,1,Converted,1,1,1,1
U003624,2024-04-23,Referral,Mobile,North,35-44,2024-04,2024-04-23,2024-04-23,2024-04-26,2024-04-26,2024-04-28,,0,stage5,1,1,1,1
U003625,2024-04-27,Organic,Mobile,Central,35-44,2024-04,2024-04-27,2024-04-29,,,,,0,stage2,1,0,0,0
U003627,2024-06-23,Paid_Search,Tablet,Central,35-44,2024-06,2024-06-23,2024-06-24,2024-06-26,2024-06-26,2024-06-27,,0,stage5,1,1,1,1
U003628,2024-05-20,Organic,Desktop,West,25-34,2024-05,2024-05-20,2024-05-22,,,,,0,stage2,1,0,0,0
U003630,2024-05-03,Referral,Desktop,East,35-44,2024-05,2024-05-03,2024-05-05,2024-05-07,2024-05-07,,,0,stage4,1,1,1,0
U003631,2024-04-02,Referral,Mobile,Central,25-34,2024-04,2024-04-02,2024-04-02,2024-04-05,2024-04-05,2024-04-06,2024-04-06,1,Converted,1,1,1,1
U003632,2024-06-11,Referral,Mobile,West,18-24,2024-06,2024-06-11,,,,,,0,stage1,0,0,0,0
U003633,2024-04-21,Referral,Desktop,East,35-44,2024-04,2024-04-21,2024-04-22,,,,,0,stage2,1,0,0,0
U003636,2024-04-11,Email,Desktop,South,25-34,2024-04,2024-04-11,2024-04-11,2024-04-12,2024-04-12,2024-04-16,2024-04-18,1,Converted,1,1,1,1
U003637,2024-06-01,Social,Desktop,West,18-24,2024-06,2024-06-01,2024-06-01,,,,,0,stage2,1,0,0,0
U003638,2024-04-05,Paid_Search,Desktop,North,25-34,2024-04,2024-04-05,2024-04-05,,,,,0,stage2,1,0,0,0
U003640,2024-05-07,Email,Desktop,Central,25-34,2024-05,2024-05-07,2024-05-07,,,,,0,stage2,1,0,0,0
U003641,2024-06-24,Organic,Desktop,North,45-54,2024-06,2024-06-24,2024-06-26,2024-06-28,2024-06-30,2024-07-01,2024-07-01,1,Converted,1,1,1,1
U003642,2024-04-01,Paid_Search,Desktop,East,35-44,2024-04,2024-04-01,2024-04-03,,,,,0,stage2,1,0,0,0
U003645,2024-05-22,Paid_Search,Mobile,South,25-34,2024-05,2024-05-22,2024-05-24,,,,,0,stage2,1,0,0,0
U003647,2024-04-22,Email,Desktop,North,55+,2024-04,2024-04-22,2024-04-24,2024-04-25,2024-04-25,2024-04-29,2024-04-30,1,Converted,1,1,1,1
U003651,2024-05-04,Paid_Search,Desktop,North,25-34,2024-05,2024-05-04,2024-05-06,2024-05-08,,,,0,stage3,1,1,0,0
U003652,2024-05-23,Organic,Mobile,North,18-24,2024-05,2024-05-23,2024-05-24,2024-05-27,,,,0,stage3,1,1,0,0
U003653,2024-06-27,Organic,Mobile,East,35-44,2024-06,2024-06-27,2024-06-28,,,,,0,stage2,1,0,0,0
U003655,2024-05-25,Organic,Desktop,Central,45-54,2024-05,2024-05-25,,,,,,0,stage1,0,0,0,0
U003657,2024-04-29,Organic,Desktop,Central,35-44,2024-04,2024-04-29,,,,,,0,stage1,0,0,0,0
U003661,2024-06-12,Paid_Search,Desktop,West,35-44,2024-06,2024-06-12,2024-06-14,2024-06-16,,,,0,stage3,1,1,0,0
U003663,2024-04-03,Referral,Desktop,North,25-34,2024-04,2024-04-03,,,,,,0,stage1,0,0,0,0
U003664,2024-06-07,Social,Mobile,North,25-34,2024-06,2024-06-07,2024-06-07,,,,,0,stage2,1,0,0,0
U003668,2024-05-14,Paid_Search,Desktop,North,25-34,2024-05,2024-05-14,2024-05-16,,,,,0,stage2,1,0,0,0
U003669,2024-05-07,Referral,Mobile,North,18-24,2024-05,2024-05-07,2024-05-09,2024-05-10,2024-05-12,2024-05-15,,0,stage5,1,1,1,1
U003672,2024-05-13,Email,Tablet,East,18-24,2024-05,2024-05-13,2024-05-15,,,,,0,stage2,1,0,0,0
U003676,2024-05-04,Organic,Desktop,West,25-34,2024-05,2024-05-04,,,,,,0,stage1,0,0,0,0
U003679,2024-06-08,Referral,Mobile,West,35-44,2024-06,2024-06-08,,,,,,0,stage1,0,0,0,0
U003680,2024-06-28,Paid_Search,Desktop,Central,25-34,2024-06,2024-06-28,2024-06-30,,,,,0,stage2,1,0,0,0
U003685,2024-06-16,Paid_Search,Desktop,North,18-24,2024-06,2024-06-16,,,,,,0,stage1,0,0,0,0
U003686,2024-05-05,Referral,Mobile,East,25-34,2024-05,2024-05-05,2024-05-05,2024-05-07,2024-05-09,2024-05-10,,0,stage5,1,1,1,1
U003687,2024-04-02,Paid_Search,Mobile,East,18-24,2024-04,2024-04-02,2024-04-04,2024-04-07,,,,0,stage3,1,1,0,0
U003688,2024-04-16,Organic,Mobile,Central,35-44,2024-04,2024-04-16,2024-04-17,2024-04-20,,,,0,stage3,1,1,0,0
U003690,2024-06-06,Email,Desktop,Central,25-34,2024-06,2024-06-06,2024-06-07,,,,,0,stage2,1,0,0,0
U003691,2024-05-15,Paid_Search,Desktop,South,18-24,2024-05,2024-05-15,2024-05-15,,,,,0,stage2,1,0,0,0
U003695,2024-05-12,Email,Desktop,South,25-34,2024-05,2024-05-12,2024-05-12,,,,,0,stage2,1,0,0,0
U003698,2024-04-08,Paid_Search,Desktop,West,25-34,2024-04,2024-04-08,2024-04-08,2024-04-09,2024-04-11,2024-04-13,2024-04-15,1,Converted,1,1,1,1
U003699,2024-06-09,Paid_Search,Mobile,West,25-34,2024-06,2024-06-09,2024-06-09,2024-06-12,2024-06-14,2024-06-18,,0,stage5,1,1,1,1
U003701,2024-06-12,Email,Desktop,West,45-54,2024-06,2024-06-12,,,,,,0,stage1,0,0,0,0
U003702,2024-05-27,Referral,Tablet,East,35-44,2024-05,2024-05-27,,,,,,0,stage1,0,0,0,0
U003703,2024-04-01,Referral,Desktop,South,25-34,2024-04,2024-04-01,2024-04-03,2024-04-05,2024-04-07,,,0,stage4,1,1,1,0
U003704,2024-06-19,Referral,Desktop,South,45-54,2024-06,2024-06-19,2024-06-20,,,,,0,stage2,1,0,0,0
U003708,2024-05-09,Paid_Search,Mobile,West,45-54,2024-05,2024-05-09,,,,,,0,stage1,0,0,0,0
U003710,2024-05-16,Organic,Mobile,North,35-44,2024-05,2024-05-16,2024-05-18,2024-05-20,2024-05-21,2024-05-24,2024-05-26,1,Converted,1,1,1,1
U003712,2024-04-05,Paid_Search,Mobile,North,35-44,2024-04,2024-04-05,2024-04-06,2024-04-09,,,,0,stage3,1,1,0,0
U003713,2024-04-20,Social,Desktop,North,35-44,2024-04,2024-04-20,2024-04-22,,,,,0,stage2,1,0,0,0
U003715,2024-05-24,Email,Desktop,Central,18-24,2024-05,2024-05-24,2024-05-26,,,,,0,stage2,1,0,0,0
U003717,2024-04-06,Social,Desktop,West,25-34,2024-04,2024-04-06,2024-04-08,,,,,0,stage2,1,0,0,0
U003719,2024-04-25,Referral,Mobile,West,45-54,2024-04,2024-04-25,,,,,,0,stage1,0,0,0,0
U003720,2024-04-24,Organic,Desktop,East,25-34,2024-04,2024-04-24,2024-04-25,,,,,0,stage2,1,0,0,0
U003726,2024-06-25,Paid_Search,Mobile,West,25-34,2024-06,2024-06-25,,,,,,0,stage1,0,0,0,0
U003728,2024-05-10,Paid_Search,Mobile,North,18-24,2024-05,2024-05-10,,,,,,0,stage1,0,0,0,0
U003729,2024-05-22,Organic,Mobile,West,18-24,2024-05,2024-05-22,2024-05-24,,,,,0,stage2,1,0,0,0
U003730,2024-05-26,Referral,Desktop,East,35-44,2024-05,2024-05-26,2024-05-26,2024-05-27,2024-05-27,,,0,stage4,1,1,1,0
U003731,2024-04-27,Paid_Search,Mobile,North,35-44,2024-04,2024-04-27,2024-04-28,,,,,0,stage2,1,0,0,0
U003734,2024-04-03,Organic,Mobile,North,18-24,2024-04,2024-04-03,,,,,,0,stage1,0,0,0,0
U003735,2024-05-29,Referral,Desktop,South,25-34,2024-05,2024-05-29,2024-05-29,2024-05-30,,,,0,stage3,1,1,0,0
U003741,2024-05-04,Organic,Desktop,West,25-34,2024-05,2024-05-04,2024-05-06,2024-05-09,,,,0,stage3,1,1,0,0
U003742,2024-05-27,Referral,Mobile,West,25-34,2024-05,2024-05-27,,,,,,0,stage1,0,0,0,0
U003744,2024-06-01,Paid_Search,Desktop,North,55+,2024-06,2024-06-01,,,,,,0,stage1,0,0,0,0
U003745,2024-06-13,Social,Mobile,West,45-54,2024-06,2024-06-13,,,,,,0,stage1,0,0,0,0
U003750,2024-06-03,Paid_Search,Desktop,East,55+,2024-06,2024-06-03,2024-06-03,,,,,0,stage2,1,0,0,0
U003751,2024-06-11,Social,Mobile,South,18-24,2024-06,2024-06-11,2024-06-13,,,,,0,stage2,1,0,0,0
U003752,2024-04-07,Paid_Search,Mobile,Central,18-24,2024-04,2024-04-07,2024-04-07,2024-04-09,2024-04-11,2024-04-12,,0,stage5,1,1,1,1
U003754,2024-05-24,Organic,Mobile,East,25-34,2024-05,2024-05-24,2024-05-24,,,,,0,stage2,1,0,0,0
U003757,2024-04-10,Paid_Search,Mobile,East,45-54,2024-04,2024-04-10,,,,,,0,stage1,0,0,0,0
U003758,2024-04-24,Email,Mobile,Central,18-24,2024-04,2024-04-24,2024-04-26,2024-04-29,2024-05-01,2024-05-02,2024-05-02,1,Converted,1,1,1,1
U003759,2024-04-20,Email,Mobile,South,55+,2024-04,2024-04-20,2024-04-21,,,,,0,stage2,1,0,0,0
U003760,2024-04-10,Referral,Mobile,West,18-24,2024-04,2024-04-10,,,,,,0,stage1,0,0,0,0
U003764,2024-05-26,Email,Desktop,East,35-44,2024-05,2024-05-26,2024-05-28,2024-05-29,,,,0,stage3,1,1,0,0
U003765,2024-05-20,Email,Desktop,North,45-54,2024-05,2024-05-20,,,,,,0,stage1,0,0,0,0
U003766,2024-04-12,Paid_Search,Mobile,West,35-44,2024-04,2024-04-12,,,,,,0,stage1,0,0,0,0
U003769,2024-04-12,Email,Mobile,South,18-24,2024-04,2024-04-12,,,,,,0,stage1,0,0,0,0
U003770,2024-05-08,Email,Desktop,East,35-44,2024-05,2024-05-08,2024-05-09,,,,,0,stage2,1,0,0,0
U003771,2024-06-27,Referral,Desktop,Central,45-54,2024-06,2024-06-27,2024-06-27,,,,,0,stage2,1,0,0,0
U003773,2024-05-03,Organic,Mobile,North,35-44,2024-05,2024-05-03,2024-05-05,2024-05-06,2024-05-07,,,0,stage4,1,1,1,0
U003774,2024-04-11,Paid_Search,Mobile,West,35-44,2024-04,2024-04-11,2024-04-13,,,,,0,stage2,1,0,0,0
U003775,2024-05-26,Organic,Desktop,South,18-24,2024-05,2024-05-26,,,,,,0,stage1,0,0,0,0
U003777,2024-05-23,Paid_Search,Desktop,North,35-44,2024-05,2024-05-23,2024-05-25,2024-05-28,2024-05-30,2024-06-01,2024-06-01,1,Converted,1,1,1,1
U003779,2024-04-20,Paid_Search,Mobile,East,55+,2024-04,2024-04-20,2024-04-21,2024-04-24,,,,0,stage3,1,1,0,0
U003780,2024-05-27,Email,Tablet,East,25-34,2024-05,2024-05-27,2024-05-27,,,,,0,stage2,1,0,0,0
U003782,2024-04-15,Paid_Search,Mobile,North,18-24,2024-04,2024-04-15,2024-04-16,,,,,0,stage2,1,0,0,0
U003783,2024-04-03,Organic,Mobile,South,18-24,2024-04,2024-04-03,,,,,,0,stage1,0,0,0,0
U003789,2024-06-08,Organic,Desktop,South,35-44,2024-06,2024-06-08,,,,,,0,stage1,0,0,0,0
U003794,2024-04-05,Paid_Search,Tablet,West,18-24,2024-04,2024-04-05,,,,,,0,stage1,0,0,0,0
U003796,2024-06-07,Organic,Desktop,Central,25-34,2024-06,2024-06-07,2024-06-07,,,,,0,stage2,1,0,0,0
U003799,2024-06-26,Paid_Search,Desktop,East,25-34,2024-06,2024-06-26,2024-06-26,2024-06-28,2024-06-29,2024-07-03,,0,stage5,1,1,1,1
U003801,2024-05-17,Organic,Desktop,South,18-24,2024-05,2024-05-17,2024-05-17,,,,,0,stage2,1,0,0,0
U003803,2024-05-19,Paid_Search,Desktop,North,25-34,2024-05,2024-05-19,2024-05-21,,,,,0,stage2,1,0,0,0
U003805,2024-06-08,Referral,Desktop,North,25-34,2024-06,2024-06-08,2024-06-10,2024-06-11,2024-06-13,2024-06-14,2024-06-15,1,Converted,1,1,1,1
U003806,2024-05-29,Organic,Mobile,North,35-44,2024-05,2024-05-29,2024-05-31,2024-06-03,,,,0,stage3,1,1,0,0
U003809,2024-06-27,Paid_Search,Mobile,West,25-34,2024-06,2024-06-27,2024-06-29,,,,,0,stage2,1,0,0,0
U003811,2024-06-16,Social,Mobile,West,25-34,2024-06,2024-06-16,,,,,,0,stage1,0,0,0,0
U003813,2024-06-18,Organic,Mobile,North,25-34,2024-06,2024-06-18,2024-06-19,2024-06-22,2024-06-24,2024-06-27,,0,stage5,1,1,1,1
U003816,2024-06-15,Referral,Tablet,East,25-34,2024-06,2024-06-15,2024-06-16,,,,,0,stage2,1,0,0,0
U003818,2024-04-07,Organic,Mobile,North,45-54,2024-04,2024-04-07,2024-04-09,2024-04-12,2024-04-12,2024-04-15,2024-04-16,1,Converted,1,1,1,1
U003819,2024-06-01,Organic,Tablet,Central,25-34,2024-06,2024-06-01,,,,,,0,stage1,0,0,0,0
U003820,2024-05-16,Referral,Mobile,South,25-34,2024-05,2024-05-16,2024-05-16,2024-05-17,,,,0,stage3,1,1,0,0
U003822,2024-04-27,Social,Desktop,South,35-44,2024-04,2024-04-27,,,,,,0,stage1,0,0,0,0
U003823,2024-05-23,Referral,Mobile,West,18-24,2024-05,2024-05-23,,,,,,0,stage1,0,0,0,0
U003826,2024-05-15,Paid_Search,Mobile,North,35-44,2024-05,2024-05-15,,,,,,0,stage1,0,0,0,0
U003828,2024-05-05,Organic,Tablet,East,35-44,2024-05,2024-05-05,2024-05-06,,,,,0,stage2,1,0,0,0
U003833,2024-05-08,Paid_Search,Mobile,South,45-54,2024-05,2024-05-08,,,,,,0,stage1,0,0,0,0
U003839,2024-05-13,Organic,Mobile,West,35-44,2024-05,2024-05-13,,,,,,0,stage1,0,0,0,0
U003840,2024-06-22,Referral,Desktop,Central,35-44,2024-06,2024-06-22,2024-06-24,2024-06-27,,,,0,stage3,1,1,0,0
U003841,2024-06-24,Social,Mobile,South,55+,2024-06,2024-06-24,,,,,,0,stage1,0,0,0,0
U003843,2024-04-16,Organic,Desktop,East,45-54,2024-04,2024-04-16,2024-04-16,2024-04-19,2024-04-19,2024-04-23,2024-04-24,1,Converted,1,1,1,1
U003844,2024-06-03,Email,Desktop,Central,25-34,2024-06,2024-06-03,,,,,,0,stage1,0,0,0,0
U003846,2024-04-24,Organic,Desktop,Central,25-34,2024-04,2024-04-24,2024-04-26,,,,,0,stage2,1,0,0,0
U003848,2024-06-16,Referral,Desktop,North,18-24,2024-06,2024-06-16,,,,,,0,stage1,0,0,0,0
U003850,2024-05-18,Social,Mobile,South,25-34,2024-05,2024-05-18,2024-05-20,,,,,0,stage2,1,0,0,0
U003853,2024-06-25,Social,Mobile,Central,35-44,2024-06,2024-06-25,2024-06-27,2024-06-30,,,,0,stage3,1,1,0,0
U003855,2024-04-20,Paid_Search,Mobile,South,25-34,2024-04,2024-04-20,2024-04-20,,,,,0,stage2,1,0,0,0
U003856,2024-06-16,Referral,Mobile,South,35-44,2024-06,2024-06-16,2024-06-18,2024-06-19,,,,0,stage3,1,1,0,0
U003861,2024-04-15,Paid_Search,Mobile,West,55+,2024-04,2024-04-15,2024-04-16,,,,,0,stage2,1,0,0,0
U003863,2024-06-12,Social,Desktop,South,45-54,2024-06,2024-06-12,2024-06-14,2024-06-16,,,,0,stage3,1,1,0,0
U003866,2024-05-25,Paid_Search,Desktop,West,35-44,2024-05,2024-05-25,,,,,,0,stage1,0,0,0,0
U003867,2024-06-05,Social,Desktop,East,55+,2024-06,2024-06-05,2024-06-05,2024-06-08,2024-06-08,,,0,stage4,1,1,1,0
U003869,2024-06-24,Organic,Mobile,West,25-34,2024-06,2024-06-24,,,,,,0,stage1,0,0,0,0
U003871,2024-06-25,Organic,Desktop,South,35-44,2024-06,2024-06-25,2024-06-26,2024-06-27,2024-06-29,2024-07-03,2024-07-05,1,Converted,1,1,1,1
U003872,2024-06-15,Social,Desktop,East,45-54,2024-06,2024-06-15,,,,,,0,stage1,0,0,0,0
U003873,2024-04-05,Email,Desktop,North,25-34,2024-04,2024-04-05,2024-04-05,,,,,0,stage2,1,0,0,0
U003874,2024-04-09,Referral,Desktop,South,18-24,2024-04,2024-04-09,2024-04-10,2024-04-12,,,,0,stage3,1,1,0,0
U003879,2024-06-20,Paid_Search,Mobile,North,25-34,2024-06,2024-06-20,,,,,,0,stage1,0,0,0,0
U003882,2024-06-06,Paid_Search,Mobile,South,18-24,2024-06,2024-06-06,,,,,,0,stage1,0,0,0,0
U003883,2024-05-05,Paid_Search,Desktop,West,35-44,2024-05,2024-05-05,2024-05-07,,,,,0,stage2,1,0,0,0
U003885,2024-04-27,Referral,Mobile,South,18-24,2024-04,2024-04-27,2024-04-27,,,,,0,stage2,1,0,0,0
U003886,2024-04-19,Organic,Mobile,East,45-54,2024-04,2024-04-19,2024-04-20,2024-04-21,,,,0,stage3,1,1,0,0
U003887,2024-06-04,Social,Mobile,Central,25-34,2024-06,2024-06-04,2024-06-06,,,,,0,stage2,1,0,0,0
U003888,2024-04-07,Social,Desktop,North,55+,2024-04,2024-04-07,2024-04-09,,,,,0,stage2,1,0,0,0
U003890,2024-06-05,Paid_Search,Desktop,East,25-34,2024-06,2024-06-05,2024-06-07,,,,,0,stage2,1,0,0,0
U003891,2024-05-26,Paid_Search,Mobile,Central,45-54,2024-05,2024-05-26,2024-05-28,,,,,0,stage2,1,0,0,0
U003892,2024-05-17,Referral,Mobile,South,35-44,2024-05,2024-05-17,,,,,,0,stage1,0,0,0,0
U003893,2024-05-14,Organic,Mobile,South,35-44,2024-05,2024-05-14,2024-05-16,2024-05-19,,,,0,stage3,1,1,0,0
U003896,2024-04-25,Paid_Search,Desktop,West,35-44,2024-04,2024-04-25,,,,,,0,stage1,0,0,0,0
U003897,2024-04-26,Social,Desktop,Central,25-34,2024-04,2024-04-26,2024-04-26,,,,,0,stage2,1,0,0,0
U003899,2024-05-17,Organic,Mobile,North,35-44,2024-05,2024-05-17,2024-05-18,2024-05-21,2024-05-21,2024-05-25,,0,stage5,1,1,1,1
U003900,2024-05-12,Paid_Search,Mobile,Central,35-44,2024-05,2024-05-12,,,,,,0,stage1,0,0,0,0
U003901,2024-06-10,Referral,Tablet,North,55+,2024-06,2024-06-10,,,,,,0,stage1,0,0,0,0
U003904,2024-04-11,Referral,Mobile,Central,25-34,2024-04,2024-04-11,2024-04-12,2024-04-14,2024-04-15,2024-04-17,2024-04-18,1,Converted,1,1,1,1
U003906,2024-06-05,Referral,Mobile,North,45-54,2024-06,2024-06-05,,,,,,0,stage1,0,0,0,0
U003908,2024-06-25,Email,Desktop,Central,25-34,2024-06,2024-06-25,,,,,,0,stage1,0,0,0,0
U003909,2024-05-12,Referral,Tablet,East,18-24,2024-05,2024-05-12,2024-05-12,,,,,0,stage2,1,0,0,0
U003910,2024-04-28,Organic,Mobile,East,25-34,2024-04,2024-04-28,2024-04-30,2024-05-02,,,,0,stage3,1,1,0,0
U003914,2024-04-15,Referral,Mobile,Central,18-24,2024-04,2024-04-15,2024-04-16,,,,,0,stage2,1,0,0,0
U003915,2024-04-25,Paid_Search,Mobile,North,45-54,2024-04,2024-04-25,,,,,,0,stage1,0,0,0,0
U003917,2024-04-26,Paid_Search,Mobile,Central,35-44,2024-04,2024-04-26,2024-04-26,2024-04-28,,,,0,stage3,1,1,0,0
U003919,2024-06-26,Paid_Search,Mobile,North,25-34,2024-06,2024-06-26,,,,,,0,stage1,0,0,0,0
U003920,2024-06-15,Paid_Search,Desktop,North,35-44,2024-06,2024-06-15,2024-06-17,2024-06-18,,,,0,stage3,1,1,0,0
U003924,2024-04-25,Email,Desktop,Central,25-34,2024-04,2024-04-25,2024-04-27,2024-04-29,2024-04-29,2024-05-03,2024-05-05,1,Converted,1,1,1,1
U003925,2024-05-10,Paid_Search,Mobile,Central,25-34,2024-05,2024-05-10,,,,,,0,stage1,0,0,0,0
U003926,2024-06-05,Organic,Mobile,East,35-44,2024-06,2024-06-05,2024-06-05,2024-06-07,2024-06-09,2024-06-13,2024-06-13,1,Converted,1,1,1,1
U003929,2024-06-17,Paid_Search,Mobile,Central,18-24,2024-06,2024-06-17,,,,,,0,stage1,0,0,0,0
U003938,2024-04-27,Referral,Mobile,West,45-54,2024-04,2024-04-27,2024-04-28,,,,,0,stage2,1,0,0,0
U003939,2024-05-07,Paid_Search,Desktop,North,35-44,2024-05,2024-05-07,2024-05-09,,,,,0,stage2,1,0,0,0
U003941,2024-05-06,Referral,Mobile,East,55+,2024-05,2024-05-06,,,,,,0,stage1,0,0,0,0
U003944,2024-06-17,Paid_Search,Desktop,Central,45-54,2024-06,2024-06-17,,,,,,0,stage1,0,0,0,0
U003945,2024-05-01,Paid_Search,Mobile,Central,25-34,2024-05,2024-05-01,2024-05-02,,,,,0,stage2,1,0,0,0
U003946,2024-04-14,Organic,Desktop,South,25-34,2024-04,2024-04-14,,,,,,0,stage1,0,0,0,0
U003947,2024-04-23,Social,Desktop,East,45-54,2024-04,2024-04-23,,,,,,0,stage1,0,0,0,0
U003950,2024-06-07,Paid_Search,Desktop,North,35-44,2024-06,2024-06-07,,,,,,0,stage1,0,0,0,0
U003951,2024-06-09,Email,Desktop,West,18-24,2024-06,2024-06-09,,,,,,0,stage1,0,0,0,0
U003952,2024-05-22,Referral,Mobile,North,18-24,2024-05,2024-05-22,,,,,,0,stage1,0,0,0,0
U003957,2024-06-16,Email,Mobile,Central,35-44,2024-06,2024-06-16,,,,,,0,stage1,0,0,0,0
U003963,2024-04-16,Organic,Desktop,North,25-34,2024-04,2024-04-16,2024-04-16,,,,,0,stage2,1,0,0,0
U003965,2024-06-21,Organic,Mobile,South,35-44,2024-06,2024-06-21,2024-06-22,2024-06-25,2024-06-27,2024-06-29,2024-06-30,1,Converted,1,1,1,1
U003966,2024-05-28,Social,Desktop,East,25-34,2024-05,2024-05-28,,,,,,0,stage1,0,0,0,0
U003967,2024-04-02,Social,Desktop,West,35-44,2024-04,2024-04-02,2024-04-02,2024-04-03,,,,0,stage3,1,1,0,0
U003970,2024-04-19,Paid_Search,Desktop,West,35-44,2024-04,2024-04-19,,,,,,0,stage1,0,0,0,0
U003971,2024-05-20,Organic,Desktop,West,45-54,2024-05,2024-05-20,,,,,,0,stage1,0,0,0,0
U003974,2024-06-26,Organic,Mobile,East,18-24,2024-06,2024-06-26,2024-06-27,2024-06-29,2024-07-01,2024-07-05,,0,stage5,1,1,1,1
U003975,2024-05-14,Organic,Mobile,Central,35-44,2024-05,2024-05-14,2024-05-14,,,,,0,stage2,1,0,0,0
U003976,2024-06-27,Social,Desktop,West,45-54,2024-06,2024-06-27,2024-06-27,2024-06-30,,,,0,stage3,1,1,0,0
U003979,2024-06-10,Social,Desktop,West,55+,2024-06,2024-06-10,,,,,,0,stage1,0,0,0,0
U003980,2024-05-15,Email,Mobile,North,25-34,2024-05,2024-05-15,2024-05-15,,,,,0,stage2,1,0,0,0
U003981,2024-05-03,Organic,Tablet,South,25-34,2024-05,2024-05-03,2024-05-05,,,,,0,stage2,1,0,0,0
U003982,2024-06-25,Organic,Mobile,West,18-24,2024-06,2024-06-25,2024-06-27,,,,,0,stage2,1,0,0,0
U003983,2024-06-29,Organic,Mobile,North,25-34,2024-06,2024-06-29,,,,,,0,stage1,0,0,0,0
U003985,2024-04-19,Organic,Mobile,North,25-34,2024-04,2024-04-19,2024-04-21,2024-04-23,,,,0,stage3,1,1,0,0
U003987,2024-06-06,Paid_Search,Desktop,West,35-44,2024-06,2024-06-06,2024-06-08,2024-06-10,2024-06-12,2024-06-16,,0,stage5,1,1,1,1
U003988,2024-05-06,Paid_Search,Mobile,East,45-54,2024-05,2024-05-06,,,,,,0,stage1,0,0,0,0
U003990,2024-06-05,Referral,Desktop,East,25-34,2024-06,2024-06-05,,,,,,0,stage1,0,0,0,0
U003992,2024-06-30,Organic,Mobile,South,35-44,2024-06,2024-06-30,2024-07-01,2024-07-02,,,,0,stage3,1,1,0,0
U003996,2024-04-16,Email,Mobile,Central,35-44,2024-04,2024-04-16,2024-04-17,,,,,0,stage2,1,0,0,0
U003998,2024-05-23,Organic,Mobile,North,18-24,2024-05,2024-05-23,2024-05-25,2024-05-26,2024-05-26,2024-05-28,2024-05-30,1,Converted,1,1,1,1
U004001,2024-05-09,Referral,Desktop,North,25-34,2024-05,2024-05-09,2024-05-11,2024-05-13,2024-05-13,,,0,stage4,1,1,1,0
U004004,2024-04-11,Paid_Search,Desktop,West,18-24,2024-04,2024-04-11,2024-04-13,,,,,0,stage2,1,0,0,0
U004005,2024-05-25,Referral,Mobile,North,18-24,2024-05,2024-05-25,2024-05-27,2024-05-28,2024-05-28,2024-05-30,2024-05-31,1,Converted,1,1,1,1
U004007,2024-05-02,Organic,Desktop,North,18-24,2024-05,2024-05-02,,,,,,0,stage1,0,0,0,0
U004008,2024-05-01,Referral,Desktop,South,25-34,2024-05,2024-05-01,2024-05-01,,,,,0,stage2,1,0,0,0
U004009,2024-06-14,Referral,Desktop,North,35-44,2024-06,2024-06-14,2024-06-14,2024-06-16,2024-06-16,2024-06-20,2024-06-22,1,Converted,1,1,1,1
U004012,2024-05-24,Referral,Desktop,Central,25-34,2024-05,2024-05-24,2024-05-26,2024-05-29,2024-05-30,2024-05-31,2024-05-31,1,Converted,1,1,1,1
U004013,2024-05-27,Organic,Mobile,East,25-34,2024-05,2024-05-27,2024-05-29,2024-05-31,,,,0,stage3,1,1,0,0
U004017,2024-06-09,Organic,Desktop,East,18-24,2024-06,2024-06-09,2024-06-11,,,,,0,stage2,1,0,0,0
U004021,2024-04-15,Social,Desktop,Central,25-34,2024-04,2024-04-15,,,,,,0,stage1,0,0,0,0
U004023,2024-04-05,Organic,Mobile,Central,45-54,2024-04,2024-04-05,,,,,,0,stage1,0,0,0,0
U004024,2024-04-25,Referral,Desktop,East,18-24,2024-04,2024-04-25,2024-04-26,2024-04-27,,,,0,stage3,1,1,0,0
U004025,2024-05-14,Organic,Desktop,East,35-44,2024-05,2024-05-14,2024-05-15,2024-05-16,,,,0,stage3,1,1,0,0
U004030,2024-05-09,Organic,Desktop,East,45-54,2024-05,2024-05-09,2024-05-09,,,,,0,stage2,1,0,0,0
U004031,2024-05-03,Email,Desktop,West,45-54,2024-05,2024-05-03,2024-05-05,2024-05-06,,,,0,stage3,1,1,0,0
U004033,2024-05-03,Organic,Mobile,East,18-24,2024-05,2024-05-03,2024-05-05,2024-05-08,,,,0,stage3,1,1,0,0
U004037,2024-05-12,Organic,Mobile,Central,45-54,2024-05,2024-05-12,,,,,,0,stage1,0,0,0,0
U004038,2024-06-22,Organic,Mobile,East,25-34,2024-06,2024-06-22,2024-06-22,,,,,0,stage2,1,0,0,0
U004041,2024-04-27,Referral,Mobile,East,35-44,2024-04,2024-04-27,,,,,,0,stage1,0,0,0,0
U004042,2024-04-09,Email,Desktop,North,55+,2024-04,2024-04-09,2024-04-11,,,,,0,stage2,1,0,0,0
U004043,2024-05-13,Paid_Search,Mobile,East,18-24,2024-05,2024-05-13,2024-05-13,,,,,0,stage2,1,0,0,0
U004046,2024-06-24,Referral,Desktop,East,55+,2024-06,2024-06-24,2024-06-26,2024-06-27,2024-06-28,2024-07-02,,0,stage5,1,1,1,1
U004052,2024-06-12,Referral,Mobile,North,45-54,2024-06,2024-06-12,2024-06-12,,,,,0,stage2,1,0,0,0
U004056,2024-05-16,Organic,Mobile,North,45-54,2024-05,2024-05-16,2024-05-17,,,,,0,stage2,1,0,0,0
U004057,2024-04-22,Referral,Tablet,East,35-44,2024-04,2024-04-22,2024-04-24,2024-04-25,,,,0,stage3,1,1,0,0
U004060,2024-06-08,Social,Desktop,Central,25-34,2024-06,2024-06-08,2024-06-10,2024-06-13,,,,0,stage3,1,1,0,0
U004063,2024-05-18,Paid_Search,Desktop,West,35-44,2024-05,2024-05-18,,,,,,0,stage1,0,0,0,0
U004066,2024-06-29,Social,Desktop,North,35-44,2024-06,2024-06-29,,,,,,0,stage1,0,0,0,0
U004069,2024-04-23,Referral,Mobile,East,25-34,2024-04,2024-04-23,2024-04-23,2024-04-24,2024-04-24,,,0,stage4,1,1,1,0
U004070,2024-04-30,Organic,Desktop,Central,35-44,2024-04,2024-04-30,,,,,,0,stage1,0,0,0,0
U004071,2024-06-21,Organic,Mobile,East,18-24,2024-06,2024-06-21,2024-06-21,2024-06-22,,,,0,stage3,1,1,0,0
U004072,2024-04-08,Email,Mobile,South,25-34,2024-04,2024-04-08,2024-04-08,,,,,0,stage2,1,0,0,0
U004074,2024-04-10,Organic,Mobile,South,25-34,2024-04,2024-04-10,,,,,,0,stage1,0,0,0,0
U004076,2024-06-29,Paid_Search,Mobile,East,25-34,2024-06,2024-06-29,2024-07-01,2024-07-04,2024-07-06,2024-07-10,2024-07-12,1,Converted,1,1,1,1
U004077,2024-04-01,Social,Desktop,East,45-54,2024-04,2024-04-01,2024-04-02,,,,,0,stage2,1,0,0,0
U004083,2024-06-27,Email,Mobile,West,18-24,2024-06,2024-06-27,2024-06-28,,,,,0,stage2,1,0,0,0
U004085,2024-04-26,Email,Desktop,East,25-34,2024-04,2024-04-26,,,,,,0,stage1,0,0,0,0
U004087,2024-06-30,Social,Desktop,South,25-34,2024-06,2024-06-30,,,,,,0,stage1,0,0,0,0
U004088,2024-04-29,Referral,Desktop,South,55+,2024-04,2024-04-29,2024-04-30,,,,,0,stage2,1,0,0,0
U004090,2024-06-06,Organic,Mobile,Central,35-44,2024-06,2024-06-06,2024-06-07,2024-06-09,,,,0,stage3,1,1,0,0
U004091,2024-04-10,Organic,Desktop,East,45-54,2024-04,2024-04-10,,,,,,0,stage1,0,0,0,0
U004093,2024-06-28,Paid_Search,Desktop,North,35-44,2024-06,2024-06-28,2024-06-30,2024-07-02,2024-07-03,2024-07-07,2024-07-08,1,Converted,1,1,1,1
U004095,2024-05-01,Paid_Search,Tablet,Central,25-34,2024-05,2024-05-01,,,,,,0,stage1,0,0,0,0
U004097,2024-05-02,Paid_Search,Desktop,East,18-24,2024-05,2024-05-02,,,,,,0,stage1,0,0,0,0
U004098,2024-04-28,Social,Desktop,East,45-54,2024-04,2024-04-28,,,,,,0,stage1,0,0,0,0
U004101,2024-05-27,Referral,Tablet,South,45-54,2024-05,2024-05-27,2024-05-27,,,,,0,stage2,1,0,0,0
U004102,2024-05-10,Referral,Mobile,North,18-24,2024-05,2024-05-10,2024-05-10,,,,,0,stage2,1,0,0,0
U004103,2024-04-13,Organic,Desktop,South,45-54,2024-04,2024-04-13,,,,,,0,stage1,0,0,0,0
U004109,2024-05-03,Referral,Mobile,Central,45-54,2024-05,2024-05-03,2024-05-04,,,,,0,stage2,1,0,0,0
U004111,2024-04-21,Social,Desktop,West,35-44,2024-04,2024-04-21,2024-04-23,2024-04-25,,,,0,stage3,1,1,0,0
U004112,2024-05-19,Paid_Search,Mobile,Central,45-54,2024-05,2024-05-19,2024-05-21,,,,,0,stage2,1,0,0,0
U004114,2024-06-18,Paid_Search,Mobile,North,18-24,2024-06,2024-06-18,2024-06-20,,,,,0,stage2,1,0,0,0
U004116,2024-05-26,Paid_Search,Mobile,East,55+,2024-05,2024-05-26,2024-05-27,2024-05-28,2024-05-30,2024-06-03,2024-06-04,1,Converted,1,1,1,1
U004117,2024-05-22,Paid_Search,Mobile,East,18-24,2024-05,2024-05-22,2024-05-22,2024-05-24,2024-05-24,,,0,stage4,1,1,1,0
U004120,2024-04-07,Paid_Search,Mobile,East,35-44,2024-04,2024-04-07,,,,,,0,stage1,0,0,0,0
U004122,2024-06-18,Referral,Desktop,West,55+,2024-06,2024-06-18,2024-06-18,,,,,0,stage2,1,0,0,0
U004124,2024-05-28,Referral,Mobile,West,55+,2024-05,2024-05-28,,,,,,0,stage1,0,0,0,0
U004125,2024-06-11,Organic,Mobile,South,25-34,2024-06,2024-06-11,2024-06-11,,,,,0,stage2,1,0,0,0
U004127,2024-06-18,Referral,Mobile,South,35-44,2024-06,2024-06-18,2024-06-18,,,,,0,stage2,1,0,0,0
U004128,2024-04-25,Organic,Desktop,South,18-24,2024-04,2024-04-25,2024-04-27,2024-04-29,2024-04-30,2024-05-04,,0,stage5,1,1,1,1
U004130,2024-06-23,Social,Desktop,North,45-54,2024-06,2024-06-23,2024-06-24,,,,,0,stage2,1,0,0,0
U004132,2024-05-25,Referral,Mobile,East,25-34,2024-05,2024-05-25,2024-05-27,,,,,0,stage2,1,0,0,0
U004134,2024-04-21,Email,Mobile,West,25-34,2024-04,2024-04-21,2024-04-23,,,,,0,stage2,1,0,0,0
U004136,2024-05-29,Referral,Desktop,South,35-44,2024-05,2024-05-29,,,,,,0,stage1,0,0,0,0
U004138,2024-05-10,Email,Desktop,West,45-54,2024-05,2024-05-10,2024-05-11,2024-05-12,2024-05-13,2024-05-14,2024-05-15,1,Converted,1,1,1,1
U004139,2024-05-20,Paid_Search,Mobile,South,18-24,2024-05,2024-05-20,2024-05-20,2024-05-21,,,,0,stage3,1,1,0,0
U004140,2024-06-29,Organic,Desktop,Central,35-44,2024-06,2024-06-29,2024-07-01,,,,,0,stage2,1,0,0,0
U004141,2024-04-01,Organic,Tablet,West,35-44,2024-04,2024-04-01,2024-04-01,2024-04-03,,,,0,stage3,1,1,0,0
U004144,2024-04-07,Organic,Desktop,East,55+,2024-04,2024-04-07,,,,,,0,stage1,0,0,0,0
U004145,2024-04-13,Referral,Desktop,North,18-24,2024-04,2024-04-13,2024-04-14,2024-04-16,2024-04-18,2024-04-20,2024-04-22,1,Converted,1,1,1,1
U004147,2024-04-16,Paid_Search,Desktop,Central,45-54,2024-04,2024-04-16,2024-04-16,2024-04-18,,,,0,stage3,1,1,0,0
U004148,2024-06-20,Paid_Search,Mobile,Central,25-34,2024-06,2024-06-20,2024-06-20,,,,,0,stage2,1,0,0,0
U004152,2024-06-14,Social,Mobile,West,45-54,2024-06,2024-06-14,2024-06-14,2024-06-15,2024-06-17,,,0,stage4,1,1,1,0
U004153,2024-05-04,Email,Desktop,East,35-44,2024-05,2024-05-04,2024-05-06,2024-05-08,2024-05-08,2024-05-09,2024-05-09,1,Converted,1,1,1,1
U004154,2024-06-13,Email,Desktop,East,18-24,2024-06,2024-06-13,,,,,,0,stage1,0,0,0,0
U004155,2024-04-16,Social,Desktop,South,35-44,2024-04,2024-04-16,2024-04-17,2024-04-20,,,,0,stage3,1,1,0,0
U004156,2024-06-03,Email,Mobile,North,35-44,2024-06,2024-06-03,2024-06-04,,,,,0,stage2,1,0,0,0
U004157,2024-06-08,Referral,Mobile,West,35-44,2024-06,2024-06-08,,,,,,0,stage1,0,0,0,0
U004159,2024-04-18,Paid_Search,Desktop,South,25-34,2024-04,2024-04-18,,,,,,0,stage1,0,0,0,0
U004160,2024-05-21,Paid_Search,Desktop,South,55+,2024-05,2024-05-21,2024-05-22,,,,,0,stage2,1,0,0,0
U004161,2024-04-08,Organic,Mobile,Central,45-54,2024-04,2024-04-08,2024-04-09,2024-04-10,2024-04-10,2024-04-14,2024-04-16,1,Converted,1,1,1,1
U004163,2024-05-27,Email,Mobile,West,25-34,2024-05,2024-05-27,2024-05-28,2024-05-31,2024-05-31,2024-06-03,2024-06-04,1,Converted,1,1,1,1
U004164,2024-05-19,Social,Desktop,Central,35-44,2024-05,2024-05-19,2024-05-21,2024-05-23,2024-05-23,2024-05-24,2024-05-26,1,Converted,1,1,1,1
U004165,2024-05-03,Paid_Search,Mobile,North,18-24,2024-05,2024-05-03,2024-05-05,2024-05-07,,,,0,stage3,1,1,0,0
U004167,2024-05-28,Referral,Mobile,Central,18-24,2024-05,2024-05-28,2024-05-29,,,,,0,stage2,1,0,0,0
U004168,2024-06-25,Referral,Mobile,North,45-54,2024-06,2024-06-25,2024-06-25,2024-06-26,2024-06-28,,,0,stage4,1,1,1,0
U004169,2024-05-14,Organic,Desktop,East,25-34,2024-05,2024-05-14,,,,,,0,stage1,0,0,0,0
U004171,2024-04-29,Paid_Search,Desktop,West,45-54,2024-04,2024-04-29,,,,,,0,stage1,0,0,0,0
U004172,2024-05-12,Paid_Search,Mobile,West,25-34,2024-05,2024-05-12,2024-05-12,2024-05-15,2024-05-17,2024-05-18,2024-05-18,1,Converted,1,1,1,1
U004173,2024-04-30,Social,Mobile,North,25-34,2024-04,2024-04-30,,,,,,0,stage1,0,0,0,0
U004174,2024-06-10,Paid_Search,Desktop,East,25-34,2024-06,2024-06-10,,,,,,0,stage1,0,0,0,0
U004175,2024-06-18,Organic,Mobile,North,18-24,2024-06,2024-06-18,2024-06-20,2024-06-21,,,,0,stage3,1,1,0,0
U004176,2024-06-24,Referral,Desktop,South,35-44,2024-06,2024-06-24,2024-06-26,2024-06-29,2024-07-01,,,0,stage4,1,1,1,0
U004179,2024-05-16,Social,Mobile,West,35-44,2024-05,2024-05-16,,,,,,0,stage1,0,0,0,0
U004181,2024-04-30,Email,Tablet,East,35-44,2024-04,2024-04-30,2024-05-01,,,,,0,stage2,1,0,0,0
U004182,2024-05-11,Organic,Mobile,West,25-34,2024-05,2024-05-11,2024-05-12,,,,,0,stage2,1,0,0,0
U004183,2024-05-26,Paid_Search,Mobile,North,25-34,2024-05,2024-05-26,2024-05-28,,,,,0,stage2,1,0,0,0
U004185,2024-04-17,Referral,Desktop,Central,25-34,2024-04,2024-04-17,2024-04-18,,,,,0,stage2,1,0,0,0
U004188,2024-06-26,Referral,Desktop,South,25-34,2024-06,2024-06-26,2024-06-28,,,,,0,stage2,1,0,0,0
U004190,2024-06-10,Organic,Mobile,North,55+,2024-06,2024-06-10,,,,,,0,stage1,0,0,0,0
U004191,2024-05-01,Email,Tablet,East,25-34,2024-05,2024-05-01,2024-05-03,2024-05-04,,,,0,stage3,1,1,0,0
U004192,2024-05-26,Organic,Mobile,East,35-44,2024-05,2024-05-26,2024-05-26,2024-05-29,,,,0,stage3,1,1,0,0
U004195,2024-05-04,Organic,Mobile,North,25-34,2024-05,2024-05-04,2024-05-04,,,,,0,stage2,1,0,0,0
U004197,2024-05-09,Organic,Desktop,East,45-54,2024-05,2024-05-09,2024-05-09,2024-05-11,2024-05-12,2024-05-14,2024-05-16,1,Converted,1,1,1,1
U004203,2024-05-31,Organic,Tablet,East,35-44,2024-05,2024-05-31,,,,,,0,stage1,0,0,0,0
U004205,2024-04-24,Paid_Search,Mobile,South,25-34,2024-04,2024-04-24,,,,,,0,stage1,0,0,0,0
U004206,2024-04-04,Referral,Tablet,West,25-34,2024-04,2024-04-04,2024-04-04,2024-04-06,,,,0,stage3,1,1,0,0
U004207,2024-06-28,Organic,Mobile,Central,35-44,2024-06,2024-06-28,2024-06-28,2024-06-30,,,,0,stage3,1,1,0,0
U004209,2024-05-15,Social,Mobile,Central,25-34,2024-05,2024-05-15,2024-05-15,,,,,0,stage2,1,0,0,0
U004212,2024-05-06,Paid_Search,Mobile,South,55+,2024-05,2024-05-06,2024-05-07,2024-05-09,,,,0,stage3,1,1,0,0
U004214,2024-06-12,Organic,Mobile,North,45-54,2024-06,2024-06-12,2024-06-12,,,,,0,stage2,1,0,0,0
U004216,2024-05-27,Paid_Search,Desktop,North,35-44,2024-05,2024-05-27,,,,,,0,stage1,0,0,0,0
U004219,2024-04-28,Email,Desktop,East,45-54,2024-04,2024-04-28,2024-04-29,2024-05-01,,,,0,stage3,1,1,0,0
U004221,2024-05-01,Email,Mobile,North,25-34,2024-05,2024-05-01,2024-05-03,2024-05-06,,,,0,stage3,1,1,0,0
U004223,2024-04-07,Paid_Search,Desktop,East,25-34,2024-04,2024-04-07,2024-04-09,2024-04-12,,,,0,stage3,1,1,0,0
U004224,2024-04-09,Organic,Desktop,East,55+,2024-04,2024-04-09,2024-04-10,2024-04-12,2024-04-12,2024-04-16,,0,stage5,1,1,1,1
U004228,2024-06-12,Social,Tablet,Central,25-34,2024-06,2024-06-12,2024-06-13,,,,,0,stage2,1,0,0,0
U004229,2024-04-20,Referral,Mobile,Central,35-44,2024-04,2024-04-20,2024-04-22,2024-04-25,2024-04-26,2024-04-29,,0,stage5,1,1,1,1
U004232,2024-06-21,Referral,Mobile,North,35-44,2024-06,2024-06-21,,,,,,0,stage1,0,0,0,0
U004234,2024-06-21,Referral,Mobile,East,25-34,2024-06,2024-06-21,2024-06-23,2024-06-24,2024-06-26,2024-06-29,2024-07-01,1,Converted,1,1,1,1
U004235,2024-06-25,Email,Mobile,South,45-54,2024-06,2024-06-25,2024-06-25,2024-06-27,2024-06-29,2024-06-30,2024-07-02,1,Converted,1,1,1,1
U004238,2024-06-24,Social,Mobile,Central,18-24,2024-06,2024-06-24,2024-06-25,,,,,0,stage2,1,0,0,0
U004241,2024-06-17,Email,Desktop,East,25-34,2024-06,2024-06-17,2024-06-17,,,,,0,stage2,1,0,0,0
U004242,2024-06-02,Email,Mobile,South,45-54,2024-06,2024-06-02,2024-06-04,,,,,0,stage2,1,0,0,0
U004244,2024-06-30,Paid_Search,Mobile,East,25-34,2024-06,2024-06-30,2024-06-30,2024-07-01,,,,0,stage3,1,1,0,0
U004245,2024-06-03,Organic,Mobile,North,35-44,2024-06,2024-06-03,2024-06-03,2024-06-05,,,,0,stage3,1,1,0,0
U004246,2024-06-17,Organic,Desktop,West,45-54,2024-06,2024-06-17,2024-06-19,,,,,0,stage2,1,0,0,0
U004247,2024-05-24,Email,Desktop,East,18-24,2024-05,2024-05-24,2024-05-24,2024-05-25,,,,0,stage3,1,1,0,0
U004248,2024-06-27,Paid_Search,Desktop,North,18-24,2024-06,2024-06-27,2024-06-27,2024-06-29,2024-06-30,,,0,stage4,1,1,1,0
U004249,2024-04-29,Referral,Desktop,West,25-34,2024-04,2024-04-29,2024-05-01,2024-05-02,,,,0,stage3,1,1,0,0
U004250,2024-06-12,Organic,Mobile,East,55+,2024-06,2024-06-12,2024-06-13,,,,,0,stage2,1,0,0,0
U004254,2024-04-07,Email,Desktop,South,55+,2024-04,2024-04-07,2024-04-08,2024-04-10,,,,0,stage3,1,1,0,0
U004257,2024-04-22,Paid_Search,Mobile,East,45-54,2024-04,2024-04-22,,,,,,0,stage1,0,0,0,0
U004259,2024-05-05,Email,Tablet,West,35-44,2024-05,2024-05-05,,,,,,0,stage1,0,0,0,0
U004261,2024-04-10,Organic,Mobile,South,18-24,2024-04,2024-04-10,2024-04-10,2024-04-13,,,,0,stage3,1,1,0,0
U004262,2024-05-05,Organic,Mobile,North,35-44,2024-05,2024-05-05,2024-05-05,,,,,0,stage2,1,0,0,0
U004264,2024-04-20,Organic,Mobile,West,35-44,2024-04,2024-04-20,2024-04-20,2024-04-23,,,,0,stage3,1,1,0,0
U004265,2024-06-13,Social,Desktop,East,35-44,2024-06,2024-06-13,2024-06-13,2024-06-15,2024-06-17,2024-06-20,2024-06-20,1,Converted,1,1,1,1
U004269,2024-06-16,Referral,Mobile,South,35-44,2024-06,2024-06-16,,,,,,0,stage1,0,0,0,0
U004270,2024-06-12,Referral,Desktop,South,25-34,2024-06,2024-06-12,,,,,,0,stage1,0,0,0,0
U004272,2024-06-19,Referral,Mobile,East,35-44,2024-06,2024-06-19,2024-06-20,,,,,0,stage2,1,0,0,0
U004275,2024-06-28,Social,Mobile,Central,35-44,2024-06,2024-06-28,,,,,,0,stage1,0,0,0,0
U004277,2024-05-27,Organic,Mobile,North,45-54,2024-05,2024-05-27,2024-05-27,,,,,0,stage2,1,0,0,0
U004278,2024-05-11,Email,Desktop,Central,25-34,2024-05,2024-05-11,2024-05-13,2024-05-15,2024-05-16,,,0,stage4,1,1,1,0
U004279,2024-04-21,Referral,Mobile,West,35-44,2024-04,2024-04-21,2024-04-22,,,,,0,stage2,1,0,0,0
U004282,2024-04-08,Organic,Mobile,North,35-44,2024-04,2024-04-08,2024-04-10,,,,,0,stage2,1,0,0,0
U004283,2024-05-03,Email,Mobile,East,35-44,2024-05,2024-05-03,,,,,,0,stage1,0,0,0,0
U004285,2024-05-25,Organic,Mobile,West,25-34,2024-05,2024-05-25,,,,,,0,stage1,0,0,0,0
U004286,2024-05-17,Organic,Desktop,East,25-34,2024-05,2024-05-17,2024-05-18,,,,,0,stage2,1,0,0,0
U004289,2024-04-12,Referral,Mobile,West,25-34,2024-04,2024-04-12,2024-04-12,2024-04-15,2024-04-17,2024-04-18,2024-04-19,1,Converted,1,1,1,1
U004290,2024-05-16,Paid_Search,Mobile,East,25-34,2024-05,2024-05-16,,,,,,0,stage1,0,0,0,0
U004292,2024-04-27,Organic,Desktop,Central,45-54,2024-04,2024-04-27,2024-04-28,,,,,0,stage2,1,0,0,0
U004293,2024-06-14,Referral,Mobile,South,25-34,2024-06,2024-06-14,2024-06-14,,,,,0,stage2,1,0,0,0
U004295,2024-05-21,Email,Tablet,West,25-34,2024-05,2024-05-21,2024-05-21,2024-05-23,2024-05-25,2024-05-27,2024-05-28,1,Converted,1,1,1,1
U004296,2024-06-27,Email,Desktop,South,35-44,2024-06,2024-06-27,2024-06-28,,,,,0,stage2,1,0,0,0
U004298,2024-06-10,Organic,Mobile,Central,45-54,2024-06,2024-06-10,,,,,,0,stage1,0,0,0,0
U004299,2024-06-25,Paid_Search,Desktop,East,18-24,2024-06,2024-06-25,2024-06-26,2024-06-28,2024-06-28,,,0,stage4,1,1,1,0
U004300,2024-06-10,Paid_Search,Tablet,South,25-34,2024-06,2024-06-10,2024-06-11,,,,,0,stage2,1,0,0,0
U004304,2024-05-31,Organic,Mobile,West,45-54,2024-05,2024-05-31,,,,,,0,stage1,0,0,0,0
U004306,2024-05-05,Email,Desktop,North,25-34,2024-05,2024-05-05,2024-05-06,,,,,0,stage2,1,0,0,0
U004308,2024-05-07,Social,Mobile,North,18-24,2024-05,2024-05-07,2024-05-09,,,,,0,stage2,1,0,0,0
U004309,2024-04-25,Referral,Desktop,West,18-24,2024-04,2024-04-25,2024-04-25,2024-04-26,2024-04-27,2024-04-28,2024-04-29,1,Converted,1,1,1,1
U004311,2024-04-13,Organic,Tablet,North,25-34,2024-04,2024-04-13,2024-04-13,,,,,0,stage2,1,0,0,0
U004313,2024-06-16,Referral,Tablet,South,25-34,2024-06,2024-06-16,,,,,,0,stage1,0,0,0,0
U004314,2024-06-19,Organic,Tablet,East,55+,2024-06,2024-06-19,2024-06-21,,,,,0,stage2,1,0,0,0
U004315,2024-04-27,Paid_Search,Desktop,East,55+,2024-04,2024-04-27,,,,,,0,stage1,0,0,0,0
U004316,2024-06-22,Organic,Desktop,South,25-34,2024-06,2024-06-22,2024-06-24,,,,,0,stage2,1,0,0,0
U004318,2024-05-28,Email,Mobile,Central,35-44,2024-05,2024-05-28,,,,,,0,stage1,0,0,0,0
U004321,2024-06-16,Organic,Mobile,East,55+,2024-06,2024-06-16,2024-06-16,2024-06-18,2024-06-20,2024-06-21,2024-06-21,1,Converted,1,1,1,1
U004322,2024-06-28,Social,Mobile,North,25-34,2024-06,2024-06-28,,,,,,0,stage1,0,0,0,0
U004323,2024-06-15,Referral,Mobile,Central,25-34,2024-06,2024-06-15,2024-06-15,2024-06-16,2024-06-16,,,0,stage4,1,1,1,0
U004324,2024-06-10,Social,Mobile,East,25-34,2024-06,2024-06-10,,,,,,0,stage1,0,0,0,0
U004326,2024-04-26,Organic,Desktop,South,35-44,2024-04,2024-04-26,2024-04-28,,,,,0,stage2,1,0,0,0
U004328,2024-05-31,Email,Mobile,East,25-34,2024-05,2024-05-31,2024-05-31,2024-06-01,2024-06-01,2024-06-05,,0,stage5,1,1,1,1
U004329,2024-06-01,Referral,Desktop,South,25-34,2024-06,2024-06-01,2024-06-03,2024-06-04,2024-06-04,2024-06-06,2024-06-07,1,Converted,1,1,1,1
U004331,2024-06-24,Organic,Mobile,West,18-24,2024-06,2024-06-24,2024-06-26,,,,,0,stage2,1,0,0,0
U004332,2024-05-19,Social,Mobile,Central,25-34,2024-05,2024-05-19,2024-05-19,,,,,0,stage2,1,0,0,0
U004334,2024-05-31,Email,Mobile,West,18-24,2024-05,2024-05-31,2024-05-31,,,,,0,stage2,1,0,0,0
U004337,2024-04-16,Organic,Mobile,North,25-34,2024-04,2024-04-16,,,,,,0,stage1,0,0,0,0
U004339,2024-04-04,Social,Desktop,South,45-54,2024-04,2024-04-04,2024-04-06,,,,,0,stage2,1,0,0,0
U004341,2024-04-22,Organic,Tablet,East,18-24,2024-04,2024-04-22,2024-04-22,,,,,0,stage2,1,0,0,0
U004342,2024-05-28,Organic,Mobile,East,35-44,2024-05,2024-05-28,,,,,,0,stage1,0,0,0,0
U004345,2024-06-10,Referral,Tablet,North,18-24,2024-06,2024-06-10,2024-06-12,,,,,0,stage2,1,0,0,0
U004346,2024-04-06,Organic,Desktop,South,25-34,2024-04,2024-04-06,2024-04-06,,,,,0,stage2,1,0,0,0
U004350,2024-05-31,Paid_Search,Mobile,East,35-44,2024-05,2024-05-31,,,,,,0,stage1,0,0,0,0
U004352,2024-05-01,Social,Desktop,North,18-24,2024-05,2024-05-01,,,,,,0,stage1,0,0,0,0
U004353,2024-06-26,Referral,Mobile,North,25-34,2024-06,2024-06-26,2024-06-26,,,,,0,stage2,1,0,0,0
U004356,2024-06-12,Referral,Mobile,Central,25-34,2024-06,2024-06-12,2024-06-13,2024-06-16,,,,0,stage3,1,1,0,0
U004357,2024-04-25,Paid_Search,Mobile,West,45-54,2024-04,2024-04-25,,,,,,0,stage1,0,0,0,0
U004358,2024-04-15,Organic,Desktop,North,25-34,2024-04,2024-04-15,2024-04-15,,,,,0,stage2,1,0,0,0
U004360,2024-06-05,Email,Mobile,North,18-24,2024-06,2024-06-05,,,,,,0,stage1,0,0,0,0
U004361,2024-06-26,Organic,Mobile,East,25-34,2024-06,2024-06-26,2024-06-26,2024-06-29,2024-06-29,2024-07-03,,0,stage5,1,1,1,1
U004362,2024-06-05,Organic,Mobile,Central,45-54,2024-06,2024-06-05,2024-06-05,,,,,0,stage2,1,0,0,0
U004363,2024-06-09,Organic,Desktop,Central,35-44,2024-06,2024-06-09,2024-06-10,2024-06-12,2024-06-13,2024-06-14,2024-06-16,1,Converted,1,1,1,1
U004365,2024-05-15,Referral,Desktop,South,55+,2024-05,2024-05-15,2024-05-15,2024-05-18,2024-05-19,2024-05-21,,0,stage5,1,1,1,1
U004366,2024-04-28,Paid_Search,Mobile,North,45-54,2024-04,2024-04-28,2024-04-30,2024-05-03,2024-05-03,2024-05-06,2024-05-06,1,Converted,1,1,1,1
U004369,2024-05-01,Email,Desktop,East,45-54,2024-05,2024-05-01,2024-05-02,2024-05-03,,,,0,stage3,1,1,0,0
U004371,2024-06-20,Referral,Mobile,Central,55+,2024-06,2024-06-20,2024-06-20,,,,,0,stage2,1,0,0,0
U004373,2024-04-03,Referral,Mobile,North,35-44,2024-04,2024-04-03,2024-04-04,,,,,0,stage2,1,0,0,0
U004375,2024-04-21,Email,Desktop,East,18-24,2024-04,2024-04-21,2024-04-22,,,,,0,stage2,1,0,0,0
U004379,2024-05-17,Organic,Mobile,East,35-44,2024-05,2024-05-17,2024-05-17,,,,,0,stage2,1,0,0,0
U004381,2024-05-11,Paid_Search,Desktop,North,35-44,2024-05,2024-05-11,2024-05-11,,,,,0,stage2,1,0,0,0
U004383,2024-04-23,Organic,Desktop,West,35-44,2024-04,2024-04-23,2024-04-25,2024-04-28,2024-04-29,2024-05-03,,0,stage5,1,1,1,1
U004385,2024-06-22,Paid_Search,Desktop,West,18-24,2024-06,2024-06-22,2024-06-23,2024-06-24,,,,0,stage3,1,1,0,0
U004388,2024-04-15,Social,Mobile,South,25-34,2024-04,2024-04-15,2024-04-15,,,,,0,stage2,1,0,0,0
U004389,2024-04-06,Social,Mobile,North,25-34,2024-04,2024-04-06,2024-04-06,,,,,0,stage2,1,0,0,0
U004391,2024-05-29,Paid_Search,Desktop,West,18-24,2024-05,2024-05-29,,,,,,0,stage1,0,0,0,0
U004392,2024-05-04,Referral,Mobile,North,35-44,2024-05,2024-05-04,2024-05-04,,,,,0,stage2,1,0,0,0
U004393,2024-04-21,Referral,Desktop,West,35-44,2024-04,2024-04-21,2024-04-21,,,,,0,stage2,1,0,0,0
U004402,2024-04-29,Organic,Tablet,North,18-24,2024-04,2024-04-29,2024-04-30,2024-05-02,2024-05-02,,,0,stage4,1,1,1,0
U004406,2024-06-12,Social,Desktop,West,35-44,2024-06,2024-06-12,,,,,,0,stage1,0,0,0,0
U004407,2024-06-05,Referral,Mobile,East,25-34,2024-06,2024-06-05,2024-06-05,2024-06-08,2024-06-10,2024-06-12,,0,stage5,1,1,1,1
U004409,2024-05-05,Referral,Mobile,East,45-54,2024-05,2024-05-05,2024-05-05,2024-05-08,,,,0,stage3,1,1,0,0
U004410,2024-05-01,Organic,Tablet,East,25-34,2024-05,2024-05-01,2024-05-02,,,,,0,stage2,1,0,0,0
U004414,2024-05-31,Email,Desktop,West,18-24,2024-05,2024-05-31,2024-05-31,,,,,0,stage2,1,0,0,0
U004415,2024-05-26,Paid_Search,Desktop,South,25-34,2024-05,2024-05-26,,,,,,0,stage1,0,0,0,0
U004417,2024-05-09,Organic,Mobile,Central,35-44,2024-05,2024-05-09,2024-05-09,2024-05-11,,,,0,stage3,1,1,0,0
U004418,2024-05-15,Social,Mobile,Central,45-54,2024-05,2024-05-15,,,,,,0,stage1,0,0,0,0
U004419,2024-04-10,Referral,Mobile,South,18-24,2024-04,2024-04-10,2024-04-11,2024-04-14,,,,0,stage3,1,1,0,0
U004422,2024-05-22,Referral,Mobile,West,18-24,2024-05,2024-05-22,2024-05-22,2024-05-25,,,,0,stage3,1,1,0,0
U004423,2024-04-14,Social,Mobile,South,18-24,2024-04,2024-04-14,,,,,,0,stage1,0,0,0,0
U004426,2024-05-02,Organic,Desktop,West,35-44,2024-05,2024-05-02,2024-05-04,2024-05-06,2024-05-06,2024-05-10,,0,stage5,1,1,1,1
U004427,2024-05-26,Referral,Mobile,Central,35-44,2024-05,2024-05-26,2024-05-28,2024-05-31,2024-05-31,,,0,stage4,1,1,1,0
U004428,2024-04-26,Paid_Search,Desktop,South,45-54,2024-04,2024-04-26,2024-04-27,,,,,0,stage2,1,0,0,0
U004430,2024-06-29,Paid_Search,Mobile,Central,45-54,2024-06,2024-06-29,2024-06-30,,,,,0,stage2,1,0,0,0
U004432,2024-04-28,Paid_Search,Mobile,North,45-54,2024-04,2024-04-28,2024-04-30,,,,,0,stage2,1,0,0,0
U004433,2024-06-11,Referral,Desktop,West,18-24,2024-06,2024-06-11,,,,,,0,stage1,0,0,0,0
U004435,2024-04-08,Organic,Mobile,North,25-34,2024-04,2024-04-08,2024-04-10,,,,,0,stage2,1,0,0,0
U004437,2024-06-27,Organic,Mobile,North,45-54,2024-06,2024-06-27,,,,,,0,stage1,0,0,0,0
U004438,2024-06-05,Organic,Mobile,Central,25-34,2024-06,2024-06-05,2024-06-07,2024-06-10,,,,0,stage3,1,1,0,0
U004440,2024-06-07,Referral,Mobile,North,35-44,2024-06,2024-06-07,,,,,,0,stage1,0,0,0,0
U004443,2024-06-21,Referral,Mobile,West,18-24,2024-06,2024-06-21,2024-06-22,,,,,0,stage2,1,0,0,0
U004446,2024-04-08,Organic,Mobile,North,25-34,2024-04,2024-04-08,2024-04-09,2024-04-11,2024-04-13,2024-04-14,2024-04-15,1,Converted,1,1,1,1
U004447,2024-04-03,Organic,Desktop,East,18-24,2024-04,2024-04-03,2024-04-03,,,,,0,stage2,1,0,0,0
U004448,2024-06-14,Email,Mobile,West,25-34,2024-06,2024-06-14,2024-06-16,2024-06-19,2024-06-19,2024-06-21,2024-06-21,1,Converted,1,1,1,1
U004450,2024-05-18,Social,Tablet,West,25-34,2024-05,2024-05-18,2024-05-18,,,,,0,stage2,1,0,0,0
U004451,2024-06-15,Paid_Search,Desktop,East,25-34,2024-06,2024-06-15,,,,,,0,stage1,0,0,0,0
U004452,2024-05-02,Social,Mobile,West,18-24,2024-05,2024-05-02,2024-05-04,2024-05-07,2024-05-09,,,0,stage4,1,1,1,0
U004456,2024-06-23,Referral,Mobile,North,25-34,2024-06,2024-06-23,2024-06-24,,,,,0,stage2,1,0,0,0
U004460,2024-04-25,Referral,Desktop,North,18-24,2024-04,2024-04-25,2024-04-26,2024-04-29,2024-05-01,2024-05-02,2024-05-03,1,Converted,1,1,1,1
U004461,2024-06-30,Paid_Search,Desktop,West,25-34,2024-06,2024-06-30,2024-07-02,2024-07-05,,,,0,stage3,1,1,0,0
U004462,2024-05-16,Referral,Mobile,West,18-24,2024-05,2024-05-16,2024-05-17,2024-05-19,,,,0,stage3,1,1,0,0
U004463,2024-06-07,Email,Desktop,East,18-24,2024-06,2024-06-07,,,,,,0,stage1,0,0,0,0
U004464,2024-04-04,Paid_Search,Mobile,West,25-34,2024-04,2024-04-04,2024-04-06,,,,,0,stage2,1,0,0,0
U004465,2024-06-26,Paid_Search,Mobile,West,45-54,2024-06,2024-06-26,2024-06-26,,,,,0,stage2,1,0,0,0
U004467,2024-04-27,Social,Mobile,West,45-54,2024-04,2024-04-27,2024-04-27,,,,,0,stage2,1,0,0,0
U004473,2024-06-27,Referral,Desktop,North,25-34,2024-06,2024-06-27,,,,,,0,stage1,0,0,0,0
U004476,2024-05-13,Paid_Search,Mobile,South,25-34,2024-05,2024-05-13,2024-05-15,,,,,0,stage2,1,0,0,0
U004478,2024-06-23,Referral,Mobile,West,55+,2024-06,2024-06-23,2024-06-25,,,,,0,stage2,1,0,0,0
U004481,2024-04-17,Paid_Search,Mobile,West,25-34,2024-04,2024-04-17,2024-04-18,,,,,0,stage2,1,0,0,0
U004482,2024-06-14,Paid_Search,Desktop,Central,18-24,2024-06,2024-06-14,2024-06-14,,,,,0,stage2,1,0,0,0
U004485,2024-04-15,Organic,Desktop,South,25-34,2024-04,2024-04-15,,,,,,0,stage1,0,0,0,0
U004486,2024-05-28,Referral,Mobile,South,55+,2024-05,2024-05-28,2024-05-29,,,,,0,stage2,1,0,0,0
U004487,2024-06-16,Paid_Search,Mobile,South,35-44,2024-06,2024-06-16,,,,,,0,stage1,0,0,0,0
U004488,2024-06-14,Organic,Desktop,Central,55+,2024-06,2024-06-14,2024-06-15,2024-06-17,,,,0,stage3,1,1,0,0
U004489,2024-05-31,Organic,Mobile,Central,25-34,2024-05,2024-05-31,2024-06-02,2024-06-05,,,,0,stage3,1,1,0,0
U004490,2024-05-15,Paid_Search,Desktop,East,35-44,2024-05,2024-05-15,2024-05-17,2024-05-19,,,,0,stage3,1,1,0,0
U004491,2024-04-27,Paid_Search,Desktop,East,35-44,2024-04,2024-04-27,2024-04-28,,,,,0,stage2,1,0,0,0
U004492,2024-05-25,Paid_Search,Mobile,Central,35-44,2024-05,2024-05-25,2024-05-25,,,,,0,stage2,1,0,0,0
U004496,2024-05-03,Email,Tablet,Central,25-34,2024-05,2024-05-03,,,,,,0,stage1,0,0,0,0
U004497,2024-04-05,Social,Desktop,North,55+,2024-04,2024-04-05,,,,,,0,stage1,0,0,0,0
U004500,2024-06-07,Email,Mobile,South,18-24,2024-06,2024-06-07,,,,,,0,stage1,0,0,0,0
U004502,2024-05-17,Paid_Search,Desktop,West,55+,2024-05,2024-05-17,2024-05-18,,,,,0,stage2,1,0,0,0
U004505,2024-06-26,Organic,Mobile,North,35-44,2024-06,2024-06-26,2024-06-28,2024-06-29,2024-06-29,2024-07-01,,0,stage5,1,1,1,1
U004508,2024-04-22,Email,Desktop,South,18-24,2024-04,2024-04-22,2024-04-23,2024-04-25,2024-04-25,2024-04-27,2024-04-29,1,Converted,1,1,1,1
U004509,2024-06-30,Paid_Search,Desktop,South,18-24,2024-06,2024-06-30,2024-06-30,2024-07-03,,,,0,stage3,1,1,0,0
U004511,2024-04-05,Paid_Search,Mobile,West,45-54,2024-04,2024-04-05,,,,,,0,stage1,0,0,0,0
U004512,2024-04-24,Organic,Desktop,West,55+,2024-04,2024-04-24,2024-04-26,,,,,0,stage2,1,0,0,0
U004514,2024-05-16,Paid_Search,Mobile,North,25-34,2024-05,2024-05-16,2024-05-17,2024-05-18,,,,0,stage3,1,1,0,0
U004516,2024-04-13,Organic,Desktop,South,55+,2024-04,2024-04-13,2024-04-14,,,,,0,stage2,1,0,0,0
U004520,2024-05-19,Organic,Mobile,West,35-44,2024-05,2024-05-19,2024-05-21,,,,,0,stage2,1,0,0,0
U004522,2024-06-14,Email,Tablet,East,25-34,2024-06,2024-06-14,,,,,,0,stage1,0,0,0,0
U004523,2024-06-29,Referral,Mobile,East,25-34,2024-06,2024-06-29,,,,,,0,stage1,0,0,0,0
U004525,2024-05-01,Social,Mobile,North,45-54,2024-05,2024-05-01,2024-05-02,2024-05-05,2024-05-07,2024-05-09,,0,stage5,1,1,1,1
U004526,2024-05-24,Referral,Mobile,Central,25-34,2024-05,2024-05-24,,,,,,0,stage1,0,0,0,0
U004527,2024-04-23,Paid_Search,Desktop,South,25-34,2024-04,2024-04-23,,,,,,0,stage1,0,0,0,0
U004529,2024-05-02,Email,Mobile,West,25-34,2024-05,2024-05-02,,,,,,0,stage1,0,0,0,0
U004531,2024-06-22,Referral,Desktop,East,18-24,2024-06,2024-06-22,,,,,,0,stage1,0,0,0,0
U004532,2024-05-21,Social,Mobile,South,45-54,2024-05,2024-05-21,,,,,,0,stage1,0,0,0,0
U004535,2024-04-01,Social,Mobile,Central,45-54,2024-04,2024-04-01,,,,,,0,stage1,0,0,0,0
U004539,2024-06-04,Paid_Search,Mobile,Central,25-34,2024-06,2024-06-04,,,,,,0,stage1,0,0,0,0
U004540,2024-06-13,Social,Desktop,North,25-34,2024-06,2024-06-13,,,,,,0,stage1,0,0,0,0
U004542,2024-05-29,Organic,Mobile,West,25-34,2024-05,2024-05-29,,,,,,0,stage1,0,0,0,0
U004543,2024-05-14,Organic,Mobile,East,25-34,2024-05,2024-05-14,2024-05-14,2024-05-16,2024-05-16,,,0,stage4,1,1,1,0
U004545,2024-04-10,Referral,Desktop,North,35-44,2024-04,2024-04-10,2024-04-10,2024-04-12,,,,0,stage3,1,1,0,0
U004547,2024-05-10,Organic,Tablet,West,18-24,2024-05,2024-05-10,2024-05-10,2024-05-13,,,,0,stage3,1,1,0,0
U004548,2024-04-02,Referral,Mobile,South,35-44,2024-04,2024-04-02,2024-04-03,2024-04-04,2024-04-06,2024-04-10,,0,stage5,1,1,1,1
U004549,2024-04-04,Referral,Tablet,South,45-54,2024-04,2024-04-04,2024-04-05,2024-04-07,2024-04-07,,,0,stage4,1,1,1,0
U004554,2024-05-23,Organic,Desktop,Central,25-34,2024-05,2024-05-23,2024-05-23,2024-05-24,,,,0,stage3,1,1,0,0
U004555,2024-04-23,Social,Desktop,West,25-34,2024-04,2024-04-23,2024-04-25,2024-04-27,,,,0,stage3,1,1,0,0
U004556,2024-04-23,Organic,Desktop,South,45-54,2024-04,2024-04-23,2024-04-24,,,,,0,stage2,1,0,0,0
U004558,2024-04-18,Referral,Mobile,Central,35-44,2024-04,2024-04-18,2024-04-20,,,,,0,stage2,1,0,0,0
U004559,2024-04-16,Social,Tablet,Central,25-34,2024-04,2024-04-16,2024-04-16,2024-04-19,2024-04-21,,,0,stage4,1,1,1,0
U004562,2024-05-01,Paid_Search,Desktop,South,45-54,2024-05,2024-05-01,2024-05-03,2024-05-05,2024-05-05,2024-05-09,2024-05-09,1,Converted,1,1,1,1
U004564,2024-04-14,Organic,Desktop,Central,35-44,2024-04,2024-04-14,2024-04-16,,,,,0,stage2,1,0,0,0
U004566,2024-04-16,Organic,Mobile,Central,45-54,2024-04,2024-04-16,,,,,,0,stage1,0,0,0,0
U004568,2024-06-30,Paid_Search,Desktop,West,18-24,2024-06,2024-06-30,2024-07-02,2024-07-03,2024-07-03,,,0,stage4,1,1,1,0
U004570,2024-04-07,Organic,Mobile,North,25-34,2024-04,2024-04-07,2024-04-08,,,,,0,stage2,1,0,0,0
U004571,2024-05-21,Paid_Search,Desktop,South,25-34,2024-05,2024-05-21,2024-05-22,,,,,0,stage2,1,0,0,0
U004573,2024-05-29,Referral,Desktop,South,25-34,2024-05,2024-05-29,2024-05-30,,,,,0,stage2,1,0,0,0
U004574,2024-05-06,Paid_Search,Tablet,East,25-34,2024-05,2024-05-06,2024-05-08,2024-05-11,,,,0,stage3,1,1,0,0
U004575,2024-04-28,Social,Desktop,East,35-44,2024-04,2024-04-28,,,,,,0,stage1,0,0,0,0
U004581,2024-06-11,Organic,Desktop,West,55+,2024-06,2024-06-11,,,,,,0,stage1,0,0,0,0
U004582,2024-04-30,Paid_Search,Mobile,West,18-24,2024-04,2024-04-30,2024-04-30,2024-05-03,2024-05-05,2024-05-08,2024-05-09,1,Converted,1,1,1,1
U004584,2024-06-25,Paid_Search,Mobile,East,35-44,2024-06,2024-06-25,,,,,,0,stage1,0,0,0,0
U004585,2024-06-14,Referral,Mobile,North,25-34,2024-06,2024-06-14,2024-06-14,2024-06-15,,,,0,stage3,1,1,0,0
U004587,2024-05-06,Social,Mobile,South,55+,2024-05,2024-05-06,,,,,,0,stage1,0,0,0,0
U004589,2024-04-02,Social,Desktop,North,45-54,2024-04,2024-04-02,2024-04-04,2024-04-06,,,,0,stage3,1,1,0,0
U004590,2024-05-24,Paid_Search,Mobile,North,25-34,2024-05,2024-05-24,,,,,,0,stage1,0,0,0,0
U004591,2024-04-21,Email,Desktop,Central,35-44,2024-04,2024-04-21,,,,,,0,stage1,0,0,0,0
U004593,2024-06-24,Referral,Tablet,West,25-34,2024-06,2024-06-24,2024-06-25,2024-06-28,2024-06-28,2024-07-01,2024-07-03,1,Converted,1,1,1,1
U004594,2024-05-27,Paid_Search,Desktop,Central,18-24,2024-05,2024-05-27,2024-05-27,2024-05-29,2024-05-29,2024-05-30,2024-05-30,1,Converted,1,1,1,1
U004596,2024-06-26,Paid_Search,Mobile,South,18-24,2024-06,2024-06-26,2024-06-26,2024-06-28,2024-06-28,2024-06-29,,0,stage5,1,1,1,1
U004598,2024-04-02,Referral,Mobile,West,35-44,2024-04,2024-04-02,2024-04-03,2024-04-06,,,,0,stage3,1,1,0,0
U004599,2024-04-01,Organic,Mobile,South,45-54,2024-04,2024-04-01,,,,,,0,stage1,0,0,0,0
U004605,2024-06-09,Paid_Search,Mobile,South,18-24,2024-06,2024-06-09,2024-06-09,2024-06-10,,,,0,stage3,1,1,0,0
U004606,2024-06-02,Email,Desktop,Central,45-54,2024-06,2024-06-02,,,,,,0,stage1,0,0,0,0
U004609,2024-06-24,Email,Mobile,East,25-34,2024-06,2024-06-24,2024-06-25,,,,,0,stage2,1,0,0,0
U004611,2024-06-27,Paid_Search,Mobile,East,55+,2024-06,2024-06-27,2024-06-29,,,,,0,stage2,1,0,0,0
U004612,2024-04-02,Referral,Desktop,North,55+,2024-04,2024-04-02,2024-04-02,,,,,0,stage2,1,0,0,0
U004613,2024-05-16,Organic,Desktop,West,25-34,2024-05,2024-05-16,2024-05-18,,,,,0,stage2,1,0,0,0
U004617,2024-04-15,Paid_Search,Desktop,West,25-34,2024-04,2024-04-15,2024-04-16,,,,,0,stage2,1,0,0,0
U004620,2024-05-08,Referral,Desktop,West,35-44,2024-05,2024-05-08,2024-05-08,,,,,0,stage2,1,0,0,0
U004622,2024-06-06,Email,Desktop,East,18-24,2024-06,2024-06-06,,,,,,0,stage1,0,0,0,0
U004623,2024-06-25,Referral,Desktop,North,35-44,2024-06,2024-06-25,2024-06-27,,,,,0,stage2,1,0,0,0
U004624,2024-05-16,Organic,Desktop,South,18-24,2024-05,2024-05-16,2024-05-18,2024-05-21,,,,0,stage3,1,1,0,0
U004625,2024-06-28,Email,Tablet,South,45-54,2024-06,2024-06-28,2024-06-28,,,,,0,stage2,1,0,0,0
U004626,2024-04-16,Social,Mobile,South,25-34,2024-04,2024-04-16,,,,,,0,stage1,0,0,0,0
U004627,2024-04-27,Paid_Search,Desktop,East,55+,2024-04,2024-04-27,,,,,,0,stage1,0,0,0,0
U004630,2024-04-02,Email,Desktop,Central,18-24,2024-04,2024-04-02,,,,,,0,stage1,0,0,0,0
U004632,2024-06-01,Paid_Search,Desktop,West,25-34,2024-06,2024-06-01,2024-06-03,,,,,0,stage2,1,0,0,0
U004634,2024-06-30,Organic,Mobile,North,25-34,2024-06,2024-06-30,2024-07-01,,,,,0,stage2,1,0,0,0
U004639,2024-06-26,Email,Mobile,North,45-54,2024-06,2024-06-26,2024-06-26,2024-06-29,2024-06-29,,,0,stage4,1,1,1,0
U004642,2024-06-25,Referral,Mobile,South,55+,2024-06,2024-06-25,2024-06-25,,,,,0,stage2,1,0,0,0
U004644,2024-04-20,Paid_Search,Mobile,West,35-44,2024-04,2024-04-20,2024-04-20,2024-04-21,2024-04-21,2024-04-22,,0,stage5,1,1,1,1
U004645,2024-06-17,Referral,Desktop,North,18-24,2024-06,2024-06-17,2024-06-19,2024-06-22,2024-06-22,2024-06-26,2024-06-26,1,Converted,1,1,1,1
U004648,2024-06-19,Paid_Search,Mobile,Central,35-44,2024-06,2024-06-19,2024-06-19,,,,,0,stage2,1,0,0,0
U004650,2024-06-20,Paid_Search,Desktop,North,18-24,2024-06,2024-06-20,2024-06-21,2024-06-22,,,,0,stage3,1,1,0,0
U004654,2024-06-05,Social,Mobile,West,18-24,2024-06,2024-06-05,2024-06-05,,,,,0,stage2,1,0,0,0
U004655,2024-05-09,Organic,Mobile,East,35-44,2024-05,2024-05-09,2024-05-11,2024-05-12,,,,0,stage3,1,1,0,0
U004661,2024-05-01,Paid_Search,Mobile,Central,25-34,2024-05,2024-05-01,,,,,,0,stage1,0,0,0,0
U004662,2024-04-03,Organic,Mobile,East,45-54,2024-04,2024-04-03,,,,,,0,stage1,0,0,0,0
U004663,2024-06-27,Referral,Mobile,South,55+,2024-06,2024-06-27,2024-06-29,,,,,0,stage2,1,0,0,0
U004665,2024-04-22,Paid_Search,Mobile,South,18-24,2024-04,2024-04-22,,,,,,0,stage1,0,0,0,0
U004666,2024-06-21,Paid_Search,Desktop,West,45-54,2024-06,2024-06-21,,,,,,0,stage1,0,0,0,0
U004668,2024-04-07,Social,Desktop,South,35-44,2024-04,2024-04-07,2024-04-08,,,,,0,stage2,1,0,0,0
U004670,2024-04-14,Social,Mobile,North,25-34,2024-04,2024-04-14,,,,,,0,stage1,0,0,0,0
U004672,2024-04-29,Referral,Mobile,West,25-34,2024-04,2024-04-29,,,,,,0,stage1,0,0,0,0
U004674,2024-05-13,Paid_Search,Desktop,North,25-34,2024-05,2024-05-13,2024-05-13,2024-05-15,2024-05-16,2024-05-19,2024-05-21,1,Converted,1,1,1,1
U004676,2024-04-08,Paid_Search,Mobile,North,18-24,2024-04,2024-04-08,2024-04-09,2024-04-11,2024-04-13,2024-04-16,,0,stage5,1,1,1,1
U004677,2024-06-24,Paid_Search,Mobile,West,25-34,2024-06,2024-06-24,,,,,,0,stage1,0,0,0,0
U004678,2024-04-23,Referral,Mobile,East,55+,2024-04,2024-04-23,2024-04-23,,,,,0,stage2,1,0,0,0
U004679,2024-05-21,Organic,Mobile,Central,25-34,2024-05,2024-05-21,,,,,,0,stage1,0,0,0,0
U004680,2024-04-14,Organic,Desktop,East,18-24,2024-04,2024-04-14,,,,,,0,stage1,0,0,0,0
U004682,2024-04-19,Organic,Mobile,North,35-44,2024-04,2024-04-19,2024-04-19,2024-04-20,2024-04-21,2024-04-24,,0,stage5,1,1,1,1
U004684,2024-06-21,Referral,Mobile,South,25-34,2024-06,2024-06-21,,,,,,0,stage1,0,0,0,0
U004686,2024-04-22,Paid_Search,Desktop,South,35-44,2024-04,2024-04-22,,,,,,0,stage1,0,0,0,0
U004687,2024-05-13,Email,Mobile,West,18-24,2024-05,2024-05-13,2024-05-15,2024-05-18,2024-05-18,2024-05-19,2024-05-19,1,Converted,1,1,1,1
U004688,2024-04-11,Email,Desktop,East,55+,2024-04,2024-04-11,2024-04-12,2024-04-15,2024-04-17,2024-04-18,2024-04-20,1,Converted,1,1,1,1
U004693,2024-04-18,Paid_Search,Mobile,North,35-44,2024-04,2024-04-18,,,,,,0,stage1,0,0,0,0
U004694,2024-05-07,Social,Desktop,North,25-34,2024-05,2024-05-07,2024-05-08,2024-05-11,,,,0,stage3,1,1,0,0
U004695,2024-05-28,Paid_Search,Desktop,East,25-34,2024-05,2024-05-28,2024-05-30,,,,,0,stage2,1,0,0,0
U004697,2024-06-13,Organic,Mobile,Central,45-54,2024-06,2024-06-13,2024-06-14,2024-06-16,2024-06-17,2024-06-21,2024-06-22,1,Converted,1,1,1,1
U004698,2024-05-10,Organic,Tablet,North,35-44,2024-05,2024-05-10,2024-05-11,2024-05-12,2024-05-13,,,0,stage4,1,1,1,0
U004702,2024-05-05,Social,Desktop,South,25-34,2024-05,2024-05-05,2024-05-06,,,,,0,stage2,1,0,0,0
U004704,2024-06-09,Paid_Search,Mobile,West,45-54,2024-06,2024-06-09,2024-06-09,,,,,0,stage2,1,0,0,0
U004707,2024-06-22,Social,Desktop,Central,18-24,2024-06,2024-06-22,2024-06-22,2024-06-23,2024-06-24,,,0,stage4,1,1,1,0
U004708,2024-06-03,Paid_Search,Desktop,North,25-34,2024-06,2024-06-03,,,,,,0,stage1,0,0,0,0
U004709,2024-06-22,Organic,Mobile,North,35-44,2024-06,2024-06-22,,,,,,0,stage1,0,0,0,0
U004712,2024-06-08,Organic,Tablet,West,25-34,2024-06,2024-06-08,2024-06-10,,,,,0,stage2,1,0,0,0
U004715,2024-06-18,Paid_Search,Mobile,Central,25-34,2024-06,2024-06-18,2024-06-19,2024-06-21,,,,0,stage3,1,1,0,0
U004716,2024-05-09,Organic,Desktop,East,55+,2024-05,2024-05-09,2024-05-10,2024-05-13,2024-05-14,2024-05-15,2024-05-15,1,Converted,1,1,1,1
U004717,2024-04-20,Referral,Desktop,Central,55+,2024-04,2024-04-20,2024-04-20,,,,,0,stage2,1,0,0,0
U004718,2024-04-08,Organic,Desktop,East,45-54,2024-04,2024-04-08,2024-04-09,,,,,0,stage2,1,0,0,0
U004720,2024-04-23,Referral,Desktop,South,18-24,2024-04,2024-04-23,2024-04-24,2024-04-25,2024-04-25,2024-04-27,2024-04-29,1,Converted,1,1,1,1
U004721,2024-06-17,Referral,Mobile,East,55+,2024-06,2024-06-17,2024-06-18,,,,,0,stage2,1,0,0,0
U004722,2024-06-29,Email,Mobile,North,25-34,2024-06,2024-06-29,2024-06-29,2024-07-01,2024-07-02,,,0,stage4,1,1,1,0
U004724,2024-05-04,Organic,Desktop,Central,35-44,2024-05,2024-05-04,2024-05-04,,,,,0,stage2,1,0,0,0
U004725,2024-05-25,Social,Mobile,East,55+,2024-05,2024-05-25,,,,,,0,stage1,0,0,0,0
U004726,2024-06-21,Paid_Search,Desktop,South,25-34,2024-06,2024-06-21,2024-06-22,2024-06-25,,,,0,stage3,1,1,0,0
U004727,2024-05-21,Paid_Search,Mobile,South,25-34,2024-05,2024-05-21,,,,,,0,stage1,0,0,0,0
U004728,2024-06-24,Social,Mobile,Central,25-34,2024-06,2024-06-24,,,,,,0,stage1,0,0,0,0
U004729,2024-05-18,Email,Mobile,West,25-34,2024-05,2024-05-18,2024-05-20,,,,,0,stage2,1,0,0,0
U004730,2024-04-30,Email,Mobile,Central,55+,2024-04,2024-04-30,2024-05-01,2024-05-04,,,,0,stage3,1,1,0,0
U004737,2024-05-29,Social,Desktop,South,18-24,2024-05,2024-05-29,2024-05-29,,,,,0,stage2,1,0,0,0
U004738,2024-06-09,Referral,Tablet,East,35-44,2024-06,2024-06-09,2024-06-10,2024-06-12,2024-06-12,2024-06-16,,0,stage5,1,1,1,1
U004744,2024-06-14,Referral,Desktop,East,25-34,2024-06,2024-06-14,2024-06-15,,,,,0,stage2,1,0,0,0
U004745,2024-05-31,Paid_Search,Desktop,West,55+,2024-05,2024-05-31,2024-05-31,2024-06-03,2024-06-03,2024-06-06,,0,stage5,1,1,1,1
U004747,2024-04-27,Organic,Desktop,South,18-24,2024-04,2024-04-27,2024-04-29,,,,,0,stage2,1,0,0,0
U004748,2024-04-18,Referral,Mobile,West,35-44,2024-04,2024-04-18,,,,,,0,stage1,0,0,0,0
U004749,2024-05-25,Organic,Desktop,South,55+,2024-05,2024-05-25,2024-05-27,,,,,0,stage2,1,0,0,0
U004750,2024-04-17,Email,Mobile,Central,18-24,2024-04,2024-04-17,2024-04-18,2024-04-19,,,,0,stage3,1,1,0,0
U004751,2024-06-27,Paid_Search,Desktop,West,55+,2024-06,2024-06-27,,,,,,0,stage1,0,0,0,0
U004752,2024-04-30,Organic,Mobile,North,35-44,2024-04,2024-04-30,2024-05-02,2024-05-03,,,,0,stage3,1,1,0,0
U004754,2024-04-09,Paid_Search,Mobile,West,45-54,2024-04,2024-04-09,,,,,,0,stage1,0,0,0,0
U004756,2024-06-21,Organic,Mobile,Central,55+,2024-06,2024-06-21,2024-06-21,,,,,0,stage2,1,0,0,0
U004758,2024-06-06,Organic,Mobile,Central,25-34,2024-06,2024-06-06,2024-06-07,,,,,0,stage2,1,0,0,0
U004759,2024-04-03,Social,Mobile,Central,25-34,2024-04,2024-04-03,2024-04-04,2024-04-05,,,,0,stage3,1,1,0,0
U004760,2024-05-07,Paid_Search,Desktop,South,35-44,2024-05,2024-05-07,2024-05-09,2024-05-10,2024-05-12,,,0,stage4,1,1,1,0
U004763,2024-05-26,Organic,Desktop,South,25-34,2024-05,2024-05-26,,,,,,0,stage1,0,0,0,0
U004764,2024-04-12,Referral,Mobile,South,25-34,2024-04,2024-04-12,2024-04-12,2024-04-15,,,,0,stage3,1,1,0,0
U004770,2024-05-01,Paid_Search,Desktop,Central,25-34,2024-05,2024-05-01,,,,,,0,stage1,0,0,0,0
U004771,2024-04-19,Organic,Desktop,Central,25-34,2024-04,2024-04-19,2024-04-19,2024-04-21,,,,0,stage3,1,1,0,0
U004774,2024-06-18,Referral,Mobile,West,25-34,2024-06,2024-06-18,2024-06-20,2024-06-22,2024-06-22,2024-06-26,2024-06-27,1,Converted,1,1,1,1
U004776,2024-04-26,Referral,Desktop,East,35-44,2024-04,2024-04-26,2024-04-28,,,,,0,stage2,1,0,0,0
U004777,2024-05-20,Organic,Desktop,South,18-24,2024-05,2024-05-20,2024-05-20,2024-05-21,,,,0,stage3,1,1,0,0
U004778,2024-06-09,Paid_Search,Desktop,South,25-34,2024-06,2024-06-09,2024-06-11,,,,,0,stage2,1,0,0,0
U004779,2024-05-12,Referral,Desktop,Central,35-44,2024-05,2024-05-12,,,,,,0,stage1,0,0,0,0
U004782,2024-05-16,Organic,Desktop,West,18-24,2024-05,2024-05-16,2024-05-18,,,,,0,stage2,1,0,0,0
U004783,2024-04-21,Paid_Search,Mobile,South,25-34,2024-04,2024-04-21,2024-04-23,,,,,0,stage2,1,0,0,0
U004784,2024-06-09,Organic,Mobile,North,45-54,2024-06,2024-06-09,2024-06-09,2024-06-12,2024-06-12,2024-06-15,2024-06-16,1,Converted,1,1,1,1
U004786,2024-06-24,Referral,Desktop,West,55+,2024-06,2024-06-24,,,,,,0,stage1,0,0,0,0
U004788,2024-04-15,Organic,Desktop,East,35-44,2024-04,2024-04-15,2024-04-16,2024-04-17,2024-04-19,,,0,stage4,1,1,1,0
U004794,2024-04-28,Paid_Search,Mobile,Central,55+,2024-04,2024-04-28,2024-04-29,,,,,0,stage2,1,0,0,0
U004795,2024-05-23,Paid_Search,Mobile,North,25-34,2024-05,2024-05-23,,,,,,0,stage1,0,0,0,0
U004796,2024-04-21,Organic,Desktop,Central,25-34,2024-04,2024-04-21,2024-04-22,,,,,0,stage2,1,0,0,0
U004797,2024-06-14,Organic,Mobile,South,25-34,2024-06,2024-06-14,,,,,,0,stage1,0,0,0,0
U004801,2024-06-17,Paid_Search,Mobile,South,18-24,2024-06,2024-06-17,2024-06-19,2024-06-20,2024-06-22,2024-06-23,2024-06-25,1,Converted,1,1,1,1
U004802,2024-05-04,Paid_Search,Mobile,North,55+,2024-05,2024-05-04,2024-05-04,2024-05-05,,,,0,stage3,1,1,0,0
U004805,2024-06-03,Paid_Search,Tablet,North,25-34,2024-06,2024-06-03,2024-06-04,,,,,0,stage2,1,0,0,0
U004807,2024-04-03,Organic,Mobile,South,55+,2024-04,2024-04-03,2024-04-05,2024-04-08,,,,0,stage3,1,1,0,0
U004811,2024-05-26,Social,Desktop,North,35-44,2024-05,2024-05-26,,,,,,0,stage1,0,0,0,0
U004812,2024-05-08,Organic,Mobile,Central,25-34,2024-05,2024-05-08,2024-05-08,2024-05-11,2024-05-13,,,0,stage4,1,1,1,0
U004813,2024-05-28,Referral,Mobile,West,35-44,2024-05,2024-05-28,2024-05-30,2024-06-01,,,,0,stage3,1,1,0,0
U004814,2024-05-07,Paid_Search,Mobile,East,55+,2024-05,2024-05-07,2024-05-07,,,,,0,stage2,1,0,0,0
U004821,2024-04-14,Paid_Search,Mobile,West,55+,2024-04,2024-04-14,2024-04-15,,,,,0,stage2,1,0,0,0
U004822,2024-05-30,Social,Mobile,South,35-44,2024-05,2024-05-30,2024-05-30,2024-06-01,2024-06-03,,,0,stage4,1,1,1,0
U004823,2024-04-05,Organic,Desktop,Central,35-44,2024-04,2024-04-05,2024-04-07,,,,,0,stage2,1,0,0,0
U004826,2024-04-18,Referral,Mobile,East,18-24,2024-04,2024-04-18,2024-04-19,2024-04-22,2024-04-22,2024-04-25,,0,stage5,1,1,1,1
U004828,2024-04-04,Email,Desktop,Central,25-34,2024-04,2024-04-04,,,,,,0,stage1,0,0,0,0
U004830,2024-06-18,Organic,Mobile,Central,45-54,2024-06,2024-06-18,2024-06-18,,,,,0,stage2,1,0,0,0
U004831,2024-06-25,Referral,Mobile,East,25-34,2024-06,2024-06-25,2024-06-27,2024-06-28,2024-06-29,2024-07-03,2024-07-04,1,Converted,1,1,1,1
U004832,2024-06-12,Paid_Search,Desktop,East,55+,2024-06,2024-06-12,2024-06-14,,,,,0,stage2,1,0,0,0
U004833,2024-04-02,Social,Desktop,West,18-24,2024-04,2024-04-02,,,,,,0,stage1,0,0,0,0
U004834,2024-06-24,Organic,Desktop,South,25-34,2024-06,2024-06-24,2024-06-24,,,,,0,stage2,1,0,0,0
U004835,2024-05-16,Paid_Search,Tablet,East,18-24,2024-05,2024-05-16,2024-05-16,,,,,0,stage2,1,0,0,0
U004836,2024-04-23,Organic,Mobile,North,25-34,2024-04,2024-04-23,,,,,,0,stage1,0,0,0,0
U004837,2024-04-09,Paid_Search,Mobile,South,25-34,2024-04,2024-04-09,2024-04-09,,,,,0,stage2,1,0,0,0
U004838,2024-04-10,Referral,Mobile,South,25-34,2024-04,2024-04-10,2024-04-11,2024-04-13,2024-04-13,2024-04-15,,0,stage5,1,1,1,1
U004843,2024-05-05,Organic,Mobile,West,35-44,2024-05,2024-05-05,2024-05-06,2024-05-09,2024-05-10,,,0,stage4,1,1,1,0
U004848,2024-05-20,Organic,Mobile,Central,35-44,2024-05,2024-05-20,2024-05-22,,,,,0,stage2,1,0,0,0
U004850,2024-06-26,Organic,Mobile,West,18-24,2024-06,2024-06-26,2024-06-26,,,,,0,stage2,1,0,0,0
U004852,2024-06-13,Referral,Mobile,North,35-44,2024-06,2024-06-13,2024-06-15,,,,,0,stage2,1,0,0,0
U004854,2024-06-10,Email,Tablet,Central,45-54,2024-06,2024-06-10,,,,,,0,stage1,0,0,0,0
U004855,2024-04-23,Referral,Mobile,South,18-24,2024-04,2024-04-23,2024-04-25,2024-04-26,2024-04-26,,,0,stage4,1,1,1,0
U004856,2024-04-12,Social,Mobile,South,45-54,2024-04,2024-04-12,,,,,,0,stage1,0,0,0,0
U004862,2024-06-24,Referral,Mobile,South,25-34,2024-06,2024-06-24,2024-06-25,2024-06-27,2024-06-28,2024-07-02,,0,stage5,1,1,1,1
U004865,2024-06-24,Paid_Search,Mobile,West,35-44,2024-06,2024-06-24,,,,,,0,stage1,0,0,0,0
U004866,2024-05-31,Paid_Search,Mobile,South,35-44,2024-05,2024-05-31,2024-06-01,2024-06-03,,,,0,stage3,1,1,0,0
U004868,2024-04-16,Paid_Search,Desktop,West,35-44,2024-04,2024-04-16,2024-04-17,,,,,0,stage2,1,0,0,0
U004870,2024-04-10,Organic,Desktop,South,55+,2024-04,2024-04-10,2024-04-11,2024-04-14,2024-04-14,2024-04-15,2024-04-15,1,Converted,1,1,1,1
U004871,2024-05-22,Social,Mobile,Central,35-44,2024-05,2024-05-22,,,,,,0,stage1,0,0,0,0
U004872,2024-06-14,Organic,Desktop,West,45-54,2024-06,2024-06-14,,,,,,0,stage1,0,0,0,0
U004873,2024-06-05,Organic,Mobile,West,45-54,2024-06,2024-06-05,2024-06-07,2024-06-08,,,,0,stage3,1,1,0,0
U004878,2024-04-19,Referral,Mobile,West,25-34,2024-04,2024-04-19,,,,,,0,stage1,0,0,0,0
U004879,2024-06-02,Organic,Desktop,South,45-54,2024-06,2024-06-02,2024-06-03,,,,,0,stage2,1,0,0,0
U004883,2024-05-25,Social,Mobile,South,55+,2024-05,2024-05-25,,,,,,0,stage1,0,0,0,0
U004885,2024-05-14,Social,Mobile,Central,18-24,2024-05,2024-05-14,2024-05-15,,,,,0,stage2,1,0,0,0
U004886,2024-04-26,Organic,Mobile,Central,25-34,2024-04,2024-04-26,,,,,,0,stage1,0,0,0,0
U004887,2024-06-21,Paid_Search,Mobile,East,45-54,2024-06,2024-06-21,2024-06-22,,,,,0,stage2,1,0,0,0
U004891,2024-05-06,Referral,Mobile,East,35-44,2024-05,2024-05-06,2024-05-07,,,,,0,stage2,1,0,0,0
U004897,2024-04-04,Referral,Mobile,Central,25-34,2024-04,2024-04-04,2024-04-06,2024-04-09,2024-04-11,,,0,stage4,1,1,1,0
U004898,2024-04-27,Referral,Tablet,East,25-34,2024-04,2024-04-27,2024-04-27,,,,,0,stage2,1,0,0,0
U004902,2024-04-08,Social,Desktop,South,35-44,2024-04,2024-04-08,2024-04-10,2024-04-12,,,,0,stage3,1,1,0,0
U004903,2024-06-01,Organic,Desktop,West,45-54,2024-06,2024-06-01,2024-06-02,,,,,0,stage2,1,0,0,0
U004905,2024-05-22,Referral,Desktop,West,25-34,2024-05,2024-05-22,2024-05-22,2024-05-23,2024-05-24,2024-05-26,2024-05-27,1,Converted,1,1,1,1
U004907,2024-06-02,Paid_Search,Tablet,North,35-44,2024-06,2024-06-02,,,,,,0,stage1,0,0,0,0
U004908,2024-06-30,Email,Mobile,East,18-24,2024-06,2024-06-30,2024-07-02,2024-07-03,,,,0,stage3,1,1,0,0
U004911,2024-05-09,Referral,Mobile,West,35-44,2024-05,2024-05-09,,,,,,0,stage1,0,0,0,0
U004912,2024-06-07,Referral,Mobile,South,18-24,2024-06,2024-06-07,,,,,,0,stage1,0,0,0,0
U004913,2024-04-07,Referral,Mobile,North,18-24,2024-04,2024-04-07,,,,,,0,stage1,0,0,0,0
U004915,2024-04-11,Social,Mobile,West,25-34,2024-04,2024-04-11,,,,,,0,stage1,0,0,0,0
U004916,2024-06-20,Organic,Mobile,East,18-24,2024-06,2024-06-20,2024-06-21,,,,,0,stage2,1,0,0,0
U004922,2024-05-08,Email,Desktop,West,35-44,2024-05,2024-05-08,2024-05-09,2024-05-11,,,,0,stage3,1,1,0,0
U004923,2024-04-29,Organic,Desktop,South,25-34,2024-04,2024-04-29,,,,,,0,stage1,0,0,0,0
U004929,2024-04-02,Organic,Mobile,South,55+,2024-04,2024-04-02,,,,,,0,stage1,0,0,0,0
U004930,2024-04-20,Paid_Search,Desktop,South,25-34,2024-04,2024-04-20,,,,,,0,stage1,0,0,0,0
U004932,2024-06-05,Referral,Mobile,South,35-44,2024-06,2024-06-05,,,,,,0,stage1,0,0,0,0
U004935,2024-05-22,Organic,Mobile,North,55+,2024-05,2024-05-22,2024-05-24,,,,,0,stage2,1,0,0,0
U004936,2024-06-11,Referral,Mobile,East,18-24,2024-06,2024-06-11,2024-06-12,2024-06-13,2024-06-13,2024-06-15,2024-06-15,1,Converted,1,1,1,1
U004939,2024-04-30,Organic,Mobile,North,35-44,2024-04,2024-04-30,2024-05-01,,,,,0,stage2,1,0,0,0
U004941,2024-04-21,Organic,Mobile,South,35-44,2024-04,2024-04-21,2024-04-21,2024-04-23,2024-04-23,,,0,stage4,1,1,1,0
U004942,2024-04-23,Organic,Mobile,South,45-54,2024-04,2024-04-23,,,,,,0,stage1,0,0,0,0
U004943,2024-04-01,Social,Mobile,North,18-24,2024-04,2024-04-01,2024-04-03,,,,,0,stage2,1,0,0,0
U004944,2024-05-23,Email,Mobile,Central,18-24,2024-05,2024-05-23,,,,,,0,stage1,0,0,0,0
U004945,2024-05-04,Organic,Desktop,North,55+,2024-05,2024-05-04,2024-05-05,2024-05-07,2024-05-07,2024-05-09,2024-05-09,1,Converted,1,1,1,1
U004948,2024-05-24,Organic,Desktop,North,18-24,2024-05,2024-05-24,2024-05-26,2024-05-29,2024-05-29,2024-05-30,2024-06-01,1,Converted,1,1,1,1
U004949,2024-05-26,Referral,Mobile,South,45-54,2024-05,2024-05-26,,,,,,0,stage1,0,0,0,0
U004953,2024-06-22,Paid_Search,Mobile,South,25-34,2024-06,2024-06-22,2024-06-22,2024-06-24,,,,0,stage3,1,1,0,0
U004955,2024-06-23,Paid_Search,Desktop,West,18-24,2024-06,2024-06-23,2024-06-25,,,,,0,stage2,1,0,0,0
U004957,2024-04-10,Organic,Mobile,East,35-44,2024-04,2024-04-10,2024-04-11,,,,,0,stage2,1,0,0,0
U004958,2024-05-31,Social,Desktop,North,25-34,2024-05,2024-05-31,,,,,,0,stage1,0,0,0,0
U004960,2024-06-30,Paid_Search,Desktop,East,35-44,2024-06,2024-06-30,2024-07-02,2024-07-04,,,,0,stage3,1,1,0,0
U004961,2024-04-26,Organic,Tablet,South,35-44,2024-04,2024-04-26,2024-04-28,2024-04-30,2024-05-02,,,0,stage4,1,1,1,0
U004962,2024-06-17,Organic,Desktop,South,25-34,2024-06,2024-06-17,,,,,,0,stage1,0,0,0,0
U004965,2024-06-08,Email,Tablet,West,45-54,2024-06,2024-06-08,2024-06-09,,,,,0,stage2,1,0,0,0
U004967,2024-05-25,Social,Mobile,North,25-34,2024-05,2024-05-25,2024-05-25,,,,,0,stage2,1,0,0,0
U004972,2024-06-03,Email,Desktop,East,45-54,2024-06,2024-06-03,,,,,,0,stage1,0,0,0,0
U004973,2024-04-07,Paid_Search,Mobile,North,25-34,2024-04,2024-04-07,,,,,,0,stage1,0,0,0,0
U004979,2024-04-09,Paid_Search,Mobile,West,45-54,2024-04,2024-04-09,,,,,,0,stage1,0,0,0,0
U004980,2024-04-13,Organic,Tablet,North,25-34,2024-04,2024-04-13,2024-04-14,2024-04-17,2024-04-19,2024-04-21,,0,stage5,1,1,1,1
U004983,2024-04-20,Referral,Mobile,East,55+,2024-04,2024-04-20,,,,,,0,stage1,0,0,0,0
U004986,2024-06-19,Organic,Mobile,South,35-44,2024-06,2024-06-19,2024-06-19,2024-06-21,2024-06-23,2024-06-25,2024-06-26,1,Converted,1,1,1,1
U004987,2024-04-24,Organic,Mobile,West,45-54,2024-04,2024-04-24,2024-04-25,2024-04-27,,,,0,stage3,1,1,0,0
U004989,2024-05-24,Paid_Search,Desktop,West,25-34,2024-05,2024-05-24,,,,,,0,stage1,0,0,0,0
U004990,2024-06-02,Organic,Mobile,East,55+,2024-06,2024-06-02,2024-06-03,,,,,0,stage2,1,0,0,0
U004992,2024-04-18,Organic,Mobile,North,25-34,2024-04,2024-04-18,2024-04-19,,,,,0,stage2,1,0,0,0
U004993,2024-06-06,Organic,Mobile,West,55+,2024-06,2024-06-06,2024-06-06,,,,,0,stage2,1,0,0,0
U004994,2024-04-21,Organic,Desktop,West,45-54,2024-04,2024-04-21,2024-04-23,2024-04-25,2024-04-25,2024-04-26,2024-04-28,1,Converted,1,1,1,1
U004997,2024-06-24,Paid_Search,Desktop,South,35-44,2024-06,2024-06-24,2024-06-26,2024-06-27,2024-06-28,2024-06-29,2024-06-30,1,Converted,1,1,1,1
U004998,2024-04-29,Organic,Desktop,West,25-34,2024-04,2024-04-29,2024-04-30,2024-05-01,2024-05-02,,,0,stage4,1,1,1,0
U005000,2024-06-24,Referral,Mobile,Central,25-34,2024-06,2024-06-24,,,,,,0,stage1,0,0,0,0
U005003,2024-05-13,Organic,Mobile,South,18-24,2024-05,2024-05-13,2024-05-14,2024-05-16,2024-05-18,2024-05-19,2024-05-21,1,Converted,1,1,1,1
U005005,2024-05-10,Organic,Tablet,East,25-34,2024-05,2024-05-10,,,,,,0,stage1,0,0,0,0
U005006,2024-04-18,Referral,Desktop,Central,25-34,2024-04,2024-04-18,,,,,,0,stage1,0,0,0,0
U005007,2024-04-15,Paid_Search,Desktop,South,25-34,2024-04,2024-04-15,,,,,,0,stage1,0,0,0,0
U005009,2024-04-28,Referral,Desktop,East,18-24,2024-04,2024-04-28,2024-04-30,2024-05-03,2024-05-05,2024-05-08,2024-05-09,1,Converted,1,1,1,1
U005011,2024-05-29,Email,Mobile,West,45-54,2024-05,2024-05-29,2024-05-29,,,,,0,stage2,1,0,0,0
U005012,2024-05-08,Paid_Search,Desktop,North,55+,2024-05,2024-05-08,,,,,,0,stage1,0,0,0,0
U005015,2024-06-18,Paid_Search,Desktop,Central,18-24,2024-06,2024-06-18,2024-06-19,2024-06-20,,,,0,stage3,1,1,0,0
U005017,2024-04-10,Social,Mobile,West,18-24,2024-04,2024-04-10,,,,,,0,stage1,0,0,0,0
U005019,2024-04-16,Organic,Mobile,West,25-34,2024-04,2024-04-16,2024-04-18,2024-04-20,2024-04-21,,,0,stage4,1,1,1,0
U005020,2024-05-30,Referral,Desktop,Central,55+,2024-05,2024-05-30,,,,,,0,stage1,0,0,0,0
U005021,2024-04-26,Organic,Tablet,North,18-24,2024-04,2024-04-26,2024-04-28,2024-04-30,,,,0,stage3,1,1,0,0
U005022,2024-06-08,Paid_Search,Mobile,East,25-34,2024-06,2024-06-08,,,,,,0,stage1,0,0,0,0
U005024,2024-06-03,Email,Mobile,West,35-44,2024-06,2024-06-03,2024-06-04,,,,,0,stage2,1,0,0,0
U005025,2024-06-21,Social,Desktop,South,35-44,2024-06,2024-06-21,2024-06-21,2024-06-23,,,,0,stage3,1,1,0,0
U005026,2024-05-16,Social,Mobile,West,35-44,2024-05,2024-05-16,2024-05-16,2024-05-17,2024-05-18,,,0,stage4,1,1,1,0
U005029,2024-06-16,Organic,Desktop,South,18-24,2024-06,2024-06-16,2024-06-17,2024-06-19,2024-06-21,2024-06-25,2024-06-27,1,Converted,1,1,1,1
U005030,2024-06-03,Email,Mobile,East,25-34,2024-06,2024-06-03,,,,,,0,stage1,0,0,0,0
U005031,2024-05-04,Paid_Search,Mobile,Central,25-34,2024-05,2024-05-04,2024-05-05,,,,,0,stage2,1,0,0,0
U005032,2024-06-07,Referral,Mobile,West,35-44,2024-06,2024-06-07,2024-06-09,2024-06-11,,,,0,stage3,1,1,0,0
U005033,2024-06-25,Organic,Desktop,South,35-44,2024-06,2024-06-25,2024-06-27,2024-06-30,,,,0,stage3,1,1,0,0
U005034,2024-06-21,Paid_Search,Mobile,East,35-44,2024-06,2024-06-21,2024-06-22,2024-06-24,,,,0,stage3,1,1,0,0
U005037,2024-06-27,Paid_Search,Mobile,East,35-44,2024-06,2024-06-27,,,,,,0,stage1,0,0,0,0
U005040,2024-05-03,Social,Desktop,South,18-24,2024-05,2024-05-03,,,,,,0,stage1,0,0,0,0
U005041,2024-06-15,Social,Mobile,West,25-34,2024-06,2024-06-15,2024-06-15,,,,,0,stage2,1,0,0,0
U005042,2024-06-15,Referral,Desktop,North,25-34,2024-06,2024-06-15,2024-06-15,2024-06-17,2024-06-19,2024-06-21,2024-06-21,1,Converted,1,1,1,1
U005046,2024-05-04,Social,Desktop,East,45-54,2024-05,2024-05-04,2024-05-05,2024-05-06,,,,0,stage3,1,1,0,0
U005047,2024-04-25,Organic,Mobile,North,35-44,2024-04,2024-04-25,2024-04-27,2024-04-28,,,,0,stage3,1,1,0,0
U005051,2024-04-16,Paid_Search,Desktop,West,18-24,2024-04,2024-04-16,2024-04-17,2024-04-20,2024-04-22,2024-04-25,,0,stage5,1,1,1,1
U005053,2024-05-04,Referral,Mobile,Central,55+,2024-05,2024-05-04,2024-05-06,,,,,0,stage2,1,0,0,0
U005054,2024-05-31,Paid_Search,Mobile,West,18-24,2024-05,2024-05-31,,,,,,0,stage1,0,0,0,0
U005055,2024-06-05,Referral,Desktop,Central,35-44,2024-06,2024-06-05,2024-06-07,2024-06-09,2024-06-09,2024-06-10,2024-06-12,1,Converted,1,1,1,1
U005058,2024-05-21,Social,Mobile,North,35-44,2024-05,2024-05-21,,,,,,0,stage1,0,0,0,0
U005060,2024-04-16,Organic,Mobile,South,45-54,2024-04,2024-04-16,2024-04-17,,,,,0,stage2,1,0,0,0
U005062,2024-06-08,Social,Desktop,North,45-54,2024-06,2024-06-08,2024-06-10,2024-06-12,2024-06-13,2024-06-17,2024-06-17,1,Converted,1,1,1,1
U005065,2024-04-30,Organic,Mobile,North,55+,2024-04,2024-04-30,2024-05-01,2024-05-03,2024-05-03,2024-05-05,2024-05-07,1,Converted,1,1,1,1
U005066,2024-06-24,Social,Mobile,West,25-34,2024-06,2024-06-24,2024-06-25,2024-06-28,2024-06-30,,,0,stage4,1,1,1,0
U005067,2024-06-17,Organic,Desktop,Central,18-24,2024-06,2024-06-17,,,,,,0,stage1,0,0,0,0
U005068,2024-04-29,Organic,Mobile,East,35-44,2024-04,2024-04-29,2024-04-29,,,,,0,stage2,1,0,0,0
U005070,2024-04-09,Organic,Desktop,North,45-54,2024-04,2024-04-09,2024-04-10,2024-04-13,2024-04-15,,,0,stage4,1,1,1,0
U005071,2024-04-02,Referral,Mobile,East,45-54,2024-04,2024-04-02,2024-04-03,2024-04-04,,,,0,stage3,1,1,0,0
U005072,2024-06-08,Paid_Search,Mobile,North,45-54,2024-06,2024-06-08,2024-06-08,,,,,0,stage2,1,0,0,0
U005074,2024-06-25,Paid_Search,Desktop,South,18-24,2024-06,2024-06-25,,,,,,0,stage1,0,0,0,0
U005076,2024-06-19,Organic,Desktop,East,25-34,2024-06,2024-06-19,2024-06-20,2024-06-21,2024-06-21,,,0,stage4,1,1,1,0
U005078,2024-06-04,Referral,Mobile,South,55+,2024-06,2024-06-04,2024-06-05,,,,,0,stage2,1,0,0,0
U005080,2024-05-06,Paid_Search,Desktop,North,45-54,2024-05,2024-05-06,2024-05-07,2024-05-08,2024-05-08,,,0,stage4,1,1,1,0
U005081,2024-05-22,Organic,Desktop,East,25-34,2024-05,2024-05-22,,,,,,0,stage1,0,0,0,0
U005085,2024-06-22,Social,Desktop,North,55+,2024-06,2024-06-22,2024-06-22,2024-06-23,2024-06-25,2024-06-26,,0,stage5,1,1,1,1
U005089,2024-05-23,Social,Desktop,North,45-54,2024-05,2024-05-23,2024-05-23,,,,,0,stage2,1,0,0,0
U005090,2024-05-04,Referral,Desktop,West,35-44,2024-05,2024-05-04,2024-05-05,2024-05-07,2024-05-08,2024-05-09,2024-05-11,1,Converted,1,1,1,1
U005092,2024-06-25,Organic,Desktop,South,45-54,2024-06,2024-06-25,2024-06-27,2024-06-30,2024-07-02,2024-07-03,2024-07-05,1,Converted,1,1,1,1
U005094,2024-04-22,Paid_Search,Mobile,West,18-24,2024-04,2024-04-22,2024-04-23,,,,,0,stage2,1,0,0,0
U005097,2024-06-05,Organic,Mobile,East,35-44,2024-06,2024-06-05,,,,,,0,stage1,0,0,0,0
U005099,2024-05-23,Paid_Search,Mobile,East,35-44,2024-05,2024-05-23,2024-05-23,2024-05-26,2024-05-26,,,0,stage4,1,1,1,0
U005101,2024-06-10,Organic,Mobile,West,35-44,2024-06,2024-06-10,2024-06-10,2024-06-11,2024-06-12,2024-06-14,2024-06-16,1,Converted,1,1,1,1
U005103,2024-06-30,Paid_Search,Mobile,North,55+,2024-06,2024-06-30,2024-07-01,,,,,0,stage2,1,0,0,0
U005104,2024-05-09,Paid_Search,Tablet,South,45-54,2024-05,2024-05-09,2024-05-10,2024-05-13,,,,0,stage3,1,1,0,0
U005107,2024-06-14,Referral,Mobile,South,55+,2024-06,2024-06-14,2024-06-15,,,,,0,stage2,1,0,0,0
U005110,2024-05-01,Organic,Desktop,North,18-24,2024-05,2024-05-01,2024-05-02,,,,,0,stage2,1,0,0,0
U005113,2024-06-10,Paid_Search,Mobile,Central,35-44,2024-06,2024-06-10,,,,,,0,stage1,0,0,0,0
U005114,2024-06-19,Paid_Search,Mobile,East,45-54,2024-06,2024-06-19,2024-06-19,2024-06-20,2024-06-22,2024-06-26,2024-06-26,1,Converted,1,1,1,1
U005116,2024-04-15,Paid_Search,Mobile,East,18-24,2024-04,2024-04-15,2024-04-16,,,,,0,stage2,1,0,0,0
U005117,2024-04-27,Organic,Mobile,North,18-24,2024-04,2024-04-27,2024-04-29,,,,,0,stage2,1,0,0,0
U005118,2024-06-23,Paid_Search,Mobile,West,35-44,2024-06,2024-06-23,,,,,,0,stage1,0,0,0,0
U005119,2024-04-02,Social,Desktop,Central,25-34,2024-04,2024-04-02,2024-04-02,,,,,0,stage2,1,0,0,0
U005120,2024-04-23,Referral,Tablet,North,25-34,2024-04,2024-04-23,,,,,,0,stage1,0,0,0,0
U005123,2024-05-12,Organic,Mobile,West,45-54,2024-05,2024-05-12,2024-05-12,2024-05-13,,,,0,stage3,1,1,0,0
U005125,2024-04-12,Paid_Search,Mobile,South,45-54,2024-04,2024-04-12,2024-04-12,2024-04-14,,,,0,stage3,1,1,0,0
U005127,2024-04-10,Social,Desktop,South,35-44,2024-04,2024-04-10,2024-04-10,2024-04-13,2024-04-15,2024-04-17,2024-04-19,1,Converted,1,1,1,1
U005129,2024-04-12,Referral,Desktop,South,25-34,2024-04,2024-04-12,,,,,,0,stage1,0,0,0,0
U005130,2024-06-23,Organic,Mobile,East,35-44,2024-06,2024-06-23,2024-06-25,,,,,0,stage2,1,0,0,0
U005131,2024-05-21,Organic,Mobile,South,45-54,2024-05,2024-05-21,,,,,,0,stage1,0,0,0,0
U005135,2024-06-05,Paid_Search,Mobile,South,55+,2024-06,2024-06-05,2024-06-05,2024-06-08,2024-06-09,2024-06-13,2024-06-15,1,Converted,1,1,1,1
U005137,2024-06-07,Referral,Desktop,East,35-44,2024-06,2024-06-07,2024-06-09,,,,,0,stage2,1,0,0,0
U005138,2024-04-23,Organic,Desktop,South,45-54,2024-04,2024-04-23,2024-04-25,,,,,0,stage2,1,0,0,0
U005140,2024-06-15,Referral,Desktop,Central,25-34,2024-06,2024-06-15,2024-06-16,2024-06-17,,,,0,stage3,1,1,0,0
U005144,2024-04-09,Social,Mobile,West,35-44,2024-04,2024-04-09,2024-04-11,2024-04-14,,,,0,stage3,1,1,0,0
U005146,2024-05-18,Email,Tablet,Central,18-24,2024-05,2024-05-18,,,,,,0,stage1,0,0,0,0
U005149,2024-05-13,Email,Desktop,South,25-34,2024-05,2024-05-13,,,,,,0,stage1,0,0,0,0
U005151,2024-06-11,Paid_Search,Desktop,East,25-34,2024-06,2024-06-11,2024-06-11,,,,,0,stage2,1,0,0,0
U005155,2024-04-05,Organic,Desktop,West,35-44,2024-04,2024-04-05,2024-04-06,2024-04-09,2024-04-11,2024-04-14,2024-04-14,1,Converted,1,1,1,1
U005158,2024-05-26,Organic,Desktop,Central,35-44,2024-05,2024-05-26,2024-05-28,,,,,0,stage2,1,0,0,0
U005161,2024-05-28,Paid_Search,Mobile,North,35-44,2024-05,2024-05-28,,,,,,0,stage1,0,0,0,0
U005162,2024-05-24,Social,Mobile,East,45-54,2024-05,2024-05-24,2024-05-26,,,,,0,stage2,1,0,0,0
U005163,2024-06-09,Email,Mobile,South,18-24,2024-06,2024-06-09,2024-06-11,,,,,0,stage2,1,0,0,0
U005164,2024-05-16,Email,Mobile,East,35-44,2024-05,2024-05-16,2024-05-18,,,,,0,stage2,1,0,0,0
U005166,2024-04-06,Paid_Search,Mobile,Central,45-54,2024-04,2024-04-06,2024-04-08,2024-04-11,,,,0,stage3,1,1,0,0
U005168,2024-05-12,Social,Tablet,North,25-34,2024-05,2024-05-12,,,,,,0,stage1,0,0,0,0
U005169,2024-05-29,Paid_Search,Mobile,North,25-34,2024-05,2024-05-29,2024-05-29,2024-05-31,,,,0,stage3,1,1,0,0
U005170,2024-04-26,Organic,Tablet,Central,25-34,2024-04,2024-04-26,,,,,,0,stage1,0,0,0,0
U005172,2024-04-18,Paid_Search,Mobile,East,35-44,2024-04,2024-04-18,,,,,,0,stage1,0,0,0,0
U005173,2024-04-15,Referral,Desktop,East,35-44,2024-04,2024-04-15,2024-04-15,2024-04-16,,,,0,stage3,1,1,0,0
U005175,2024-04-18,Paid_Search,Desktop,South,25-34,2024-04,2024-04-18,2024-04-18,,,,,0,stage2,1,0,0,0
U005176,2024-05-01,Social,Mobile,South,55+,2024-05,2024-05-01,2024-05-01,,,,,0,stage2,1,0,0,0
U005177,2024-04-24,Paid_Search,Mobile,South,18-24,2024-04,2024-04-24,,,,,,0,stage1,0,0,0,0
U005179,2024-06-22,Organic,Mobile,West,55+,2024-06,2024-06-22,,,,,,0,stage1,0,0,0,0
U005180,2024-05-14,Referral,Mobile,North,55+,2024-05,2024-05-14,2024-05-15,2024-05-18,,,,0,stage3,1,1,0,0
U005181,2024-05-23,Organic,Desktop,East,18-24,2024-05,2024-05-23,2024-05-25,2024-05-27,2024-05-28,2024-06-01,2024-06-03,1,Converted,1,1,1,1
U005182,2024-04-18,Email,Mobile,South,25-34,2024-04,2024-04-18,2024-04-19,,,,,0,stage2,1,0,0,0
U005183,2024-06-25,Organic,Mobile,Central,35-44,2024-06,2024-06-25,2024-06-26,,,,,0,stage2,1,0,0,0
U005184,2024-04-16,Referral,Mobile,West,55+,2024-04,2024-04-16,2024-04-16,,,,,0,stage2,1,0,0,0
U005186,2024-05-04,Paid_Search,Mobile,West,35-44,2024-05,2024-05-04,2024-05-06,2024-05-08,,,,0,stage3,1,1,0,0
U005188,2024-06-29,Email,Mobile,West,25-34,2024-06,2024-06-29,2024-07-01,,,,,0,stage2,1,0,0,0
U005189,2024-05-15,Organic,Mobile,North,25-34,2024-05,2024-05-15,2024-05-15,2024-05-18,,,,0,stage3,1,1,0,0
U005191,2024-05-01,Email,Mobile,North,35-44,2024-05,2024-05-01,2024-05-01,2024-05-04,2024-05-04,2024-05-07,,0,stage5,1,1,1,1
U005193,2024-04-14,Social,Mobile,North,25-34,2024-04,2024-04-14,,,,,,0,stage1,0,0,0,0
U005196,2024-04-04,Social,Mobile,West,25-34,2024-04,2024-04-04,2024-04-06,2024-04-08,,,,0,stage3,1,1,0,0
U005198,2024-05-13,Organic,Mobile,East,45-54,2024-05,2024-05-13,2024-05-13,,,,,0,stage2,1,0,0,0
U005201,2024-04-05,Paid_Search,Desktop,East,35-44,2024-04,2024-04-05,2024-04-06,2024-04-08,2024-04-09,,,0,stage4,1,1,1,0
U005208,2024-05-20,Organic,Mobile,North,45-54,2024-05,2024-05-20,,,,,,0,stage1,0,0,0,0
U005211,2024-05-26,Referral,Tablet,Central,18-24,2024-05,2024-05-26,2024-05-27,,,,,0,stage2,1,0,0,0
U005212,2024-05-24,Social,Mobile,West,35-44,2024-05,2024-05-24,2024-05-25,2024-05-27,,,,0,stage3,1,1,0,0
U005213,2024-04-06,Referral,Mobile,West,35-44,2024-04,2024-04-06,,,,,,0,stage1,0,0,0,0
U005214,2024-05-01,Organic,Tablet,North,35-44,2024-05,2024-05-01,2024-05-03,2024-05-06,2024-05-06,,,0,stage4,1,1,1,0
U005216,2024-06-11,Social,Tablet,North,35-44,2024-06,2024-06-11,2024-06-12,,,,,0,stage2,1,0,0,0
U005217,2024-04-25,Paid_Search,Mobile,East,25-34,2024-04,2024-04-25,,,,,,0,stage1,0,0,0,0
U005218,2024-06-19,Referral,Desktop,Central,25-34,2024-06,2024-06-19,2024-06-20,,,,,0,stage2,1,0,0,0
U005221,2024-05-18,Paid_Search,Mobile,East,35-44,2024-05,2024-05-18,,,,,,0,stage1,0,0,0,0
U005223,2024-06-20,Organic,Mobile,East,35-44,2024-06,2024-06-20,,,,,,0,stage1,0,0,0,0
U005224,2024-04-23,Email,Mobile,South,45-54,2024-04,2024-04-23,2024-04-25,2024-04-27,,,,0,stage3,1,1,0,0
U005225,2024-06-14,Referral,Tablet,East,25-34,2024-06,2024-06-14,2024-06-14,,,,,0,stage2,1,0,0,0
U005228,2024-06-10,Paid_Search,Tablet,South,18-24,2024-06,2024-06-10,2024-06-12,,,,,0,stage2,1,0,0,0
U005230,2024-05-23,Social,Desktop,South,35-44,2024-05,2024-05-23,2024-05-25,,,,,0,stage2,1,0,0,0
U005232,2024-05-23,Referral,Mobile,West,55+,2024-05,2024-05-23,2024-05-23,2024-05-24,2024-05-26,2024-05-27,,0,stage5,1,1,1,1
U005233,2024-05-25,Paid_Search,Mobile,East,35-44,2024-05,2024-05-25,,,,,,0,stage1,0,0,0,0
U005234,2024-05-13,Organic,Desktop,North,25-34,2024-05,2024-05-13,2024-05-13,2024-05-15,2024-05-17,2024-05-18,2024-05-18,1,Converted,1,1,1,1
U005235,2024-06-17,Organic,Desktop,North,25-34,2024-06,2024-06-17,2024-06-19,2024-06-20,,,,0,stage3,1,1,0,0
U005238,2024-06-29,Organic,Desktop,North,45-54,2024-06,2024-06-29,2024-07-01,,,,,0,stage2,1,0,0,0
U005239,2024-04-23,Organic,Mobile,West,25-34,2024-04,2024-04-23,2024-04-23,,,,,0,stage2,1,0,0,0
U005240,2024-05-16,Organic,Desktop,North,18-24,2024-05,2024-05-16,2024-05-18,,,,,0,stage2,1,0,0,0
U005242,2024-05-30,Paid_Search,Mobile,East,45-54,2024-05,2024-05-30,,,,,,0,stage1,0,0,0,0
U005244,2024-05-05,Organic,Desktop,Central,25-34,2024-05,2024-05-05,2024-05-05,2024-05-07,2024-05-08,2024-05-10,2024-05-11,1,Converted,1,1,1,1
U005247,2024-04-07,Social,Desktop,North,35-44,2024-04,2024-04-07,,,,,,0,stage1,0,0,0,0
U005254,2024-06-06,Social,Desktop,West,35-44,2024-06,2024-06-06,,,,,,0,stage1,0,0,0,0
U005259,2024-04-06,Organic,Mobile,East,18-24,2024-04,2024-04-06,2024-04-06,2024-04-07,2024-04-07,,,0,stage4,1,1,1,0
U005261,2024-05-30,Paid_Search,Mobile,Central,35-44,2024-05,2024-05-30,2024-05-30,2024-06-01,2024-06-03,2024-06-07,,0,stage5,1,1,1,1
U005265,2024-05-21,Organic,Desktop,West,18-24,2024-05,2024-05-21,2024-05-22,,,,,0,stage2,1,0,0,0
U005267,2024-04-14,Social,Mobile,North,45-54,2024-04,2024-04-14,2024-04-16,,,,,0,stage2,1,0,0,0
U005270,2024-05-21,Email,Mobile,West,55+,2024-05,2024-05-21,2024-05-23,,,,,0,stage2,1,0,0,0
U005271,2024-06-21,Paid_Search,Desktop,South,25-34,2024-06,2024-06-21,2024-06-21,,,,,0,stage2,1,0,0,0
U005273,2024-05-22,Organic,Mobile,West,18-24,2024-05,2024-05-22,2024-05-24,2024-05-25,2024-05-26,2024-05-30,,0,stage5,1,1,1,1
U005274,2024-04-24,Organic,Mobile,East,35-44,2024-04,2024-04-24,,,,,,0,stage1,0,0,0,0
U005276,2024-06-11,Referral,Mobile,South,18-24,2024-06,2024-06-11,,,,,,0,stage1,0,0,0,0
U005277,2024-05-08,Organic,Mobile,South,25-34,2024-05,2024-05-08,2024-05-08,2024-05-09,,,,0,stage3,1,1,0,0
U005278,2024-04-05,Paid_Search,Mobile,South,25-34,2024-04,2024-04-05,,,,,,0,stage1,0,0,0,0
U005279,2024-05-18,Paid_Search,Desktop,East,45-54,2024-05,2024-05-18,2024-05-18,2024-05-19,,,,0,stage3,1,1,0,0
U005280,2024-05-17,Organic,Mobile,East,18-24,2024-05,2024-05-17,2024-05-18,,,,,0,stage2,1,0,0,0
U005281,2024-05-22,Email,Desktop,South,35-44,2024-05,2024-05-22,2024-05-23,2024-05-24,,,,0,stage3,1,1,0,0
U005283,2024-04-28,Social,Desktop,North,35-44,2024-04,2024-04-28,2024-04-30,2024-05-02,,,,0,stage3,1,1,0,0
U005284,2024-06-16,Paid_Search,Mobile,South,25-34,2024-06,2024-06-16,,,,,,0,stage1,0,0,0,0
U005286,2024-05-03,Email,Tablet,West,55+,2024-05,2024-05-03,2024-05-04,,,,,0,stage2,1,0,0,0
U005287,2024-06-02,Email,Desktop,Central,25-34,2024-06,2024-06-02,2024-06-03,2024-06-06,,,,0,stage3,1,1,0,0
U005288,2024-04-07,Organic,Mobile,East,35-44,2024-04,2024-04-07,,,,,,0,stage1,0,0,0,0
U005290,2024-05-29,Referral,Desktop,East,25-34,2024-05,2024-05-29,2024-05-31,2024-06-02,2024-06-02,2024-06-04,2024-06-06,1,Converted,1,1,1,1
U005291,2024-05-16,Referral,Tablet,West,45-54,2024-05,2024-05-16,2024-05-18,,,,,0,stage2,1,0,0,0
U005294,2024-04-11,Paid_Search,Mobile,West,55+,2024-04,2024-04-11,,,,,,0,stage1,0,0,0,0
U005295,2024-06-27,Paid_Search,Mobile,East,25-34,2024-06,2024-06-27,2024-06-27,2024-06-28,,,,0,stage3,1,1,0,0
U005296,2024-05-22,Social,Desktop,Central,25-34,2024-05,2024-05-22,2024-05-23,,,,,0,stage2,1,0,0,0
U005297,2024-04-20,Email,Desktop,North,45-54,2024-04,2024-04-20,2024-04-20,2024-04-23,2024-04-25,,,0,stage4,1,1,1,0
U005299,2024-06-23,Organic,Desktop,South,45-54,2024-06,2024-06-23,2024-06-24,2024-06-27,,,,0,stage3,1,1,0,0
U005301,2024-04-25,Email,Mobile,East,35-44,2024-04,2024-04-25,2024-04-26,2024-04-27,2024-04-29,,,0,stage4,1,1,1,0
U005304,2024-06-26,Email,Mobile,East,18-24,2024-06,2024-06-26,2024-06-26,2024-06-29,2024-06-29,,,0,stage4,1,1,1,0
U005305,2024-06-04,Paid_Search,Mobile,South,18-24,2024-06,2024-06-04,,,,,,0,stage1,0,0,0,0
U005306,2024-05-01,Organic,Tablet,North,35-44,2024-05,2024-05-01,,,,,,0,stage1,0,0,0,0
U005309,2024-04-15,Paid_Search,Mobile,North,35-44,2024-04,2024-04-15,2024-04-17,2024-04-20,2024-04-22,2024-04-26,,0,stage5,1,1,1,1
U005310,2024-04-10,Paid_Search,Mobile,North,35-44,2024-04,2024-04-10,,,,,,0,stage1,0,0,0,0
U005311,2024-05-17,Organic,Mobile,North,25-34,2024-05,2024-05-17,2024-05-17,,,,,0,stage2,1,0,0,0
U005312,2024-06-15,Organic,Desktop,South,45-54,2024-06,2024-06-15,2024-06-17,2024-06-18,,,,0,stage3,1,1,0,0
U005313,2024-05-17,Organic,Desktop,Central,18-24,2024-05,2024-05-17,2024-05-17,,,,,0,stage2,1,0,0,0
U005314,2024-06-20,Email,Desktop,South,35-44,2024-06,2024-06-20,2024-06-21,,,,,0,stage2,1,0,0,0
U005315,2024-06-21,Social,Mobile,North,35-44,2024-06,2024-06-21,,,,,,0,stage1,0,0,0,0
U005321,2024-04-28,Email,Mobile,North,35-44,2024-04,2024-04-28,2024-04-29,2024-04-30,,,,0,stage3,1,1,0,0
U005322,2024-04-23,Referral,Mobile,East,55+,2024-04,2024-04-23,2024-04-23,,,,,0,stage2,1,0,0,0
U005326,2024-06-06,Paid_Search,Tablet,East,35-44,2024-06,2024-06-06,2024-06-08,,,,,0,stage2,1,0,0,0
U005329,2024-04-02,Organic,Desktop,East,25-34,2024-04,2024-04-02,2024-04-02,2024-04-04,,,,0,stage3,1,1,0,0
U005330,2024-05-06,Social,Tablet,South,25-34,2024-05,2024-05-06,2024-05-08,,,,,0,stage2,1,0,0,0
U005331,2024-06-29,Paid_Search,Mobile,Central,35-44,2024-06,2024-06-29,2024-07-01,2024-07-02,2024-07-02,,,0,stage4,1,1,1,0
U005334,2024-05-08,Organic,Mobile,South,35-44,2024-05,2024-05-08,2024-05-09,2024-05-10,,,,0,stage3,1,1,0,0
U005335,2024-05-21,Referral,Desktop,North,25-34,2024-05,2024-05-21,2024-05-21,2024-05-24,2024-05-26,2024-05-28,2024-05-28,1,Converted,1,1,1,1
U005336,2024-05-30,Social,Desktop,West,45-54,2024-05,2024-05-30,,,,,,0,stage1,0,0,0,0
U005340,2024-05-13,Paid_Search,Mobile,South,35-44,2024-05,2024-05-13,,,,,,0,stage1,0,0,0,0
U005342,2024-06-22,Email,Mobile,East,18-24,2024-06,2024-06-22,,,,,,0,stage1,0,0,0,0
U005344,2024-06-06,Social,Mobile,East,45-54,2024-06,2024-06-06,2024-06-07,,,,,0,stage2,1,0,0,0
U005345,2024-06-23,Paid_Search,Desktop,South,25-34,2024-06,2024-06-23,2024-06-25,,,,,0,stage2,1,0,0,0
U005346,2024-04-26,Paid_Search,Mobile,Central,55+,2024-04,2024-04-26,,,,,,0,stage1,0,0,0,0
U005348,2024-04-20,Paid_Search,Mobile,South,55+,2024-04,2024-04-20,2024-04-21,2024-04-23,2024-04-23,,,0,stage4,1,1,1,0
U005349,2024-06-23,Organic,Mobile,South,45-54,2024-06,2024-06-23,2024-06-25,,,,,0,stage2,1,0,0,0
U005350,2024-04-29,Organic,Tablet,East,35-44,2024-04,2024-04-29,2024-04-30,2024-05-02,2024-05-04,2024-05-05,,0,stage5,1,1,1,1
U005352,2024-04-17,Referral,Desktop,East,35-44,2024-04,2024-04-17,2024-04-19,2024-04-21,2024-04-22,2024-04-23,2024-04-24,1,Converted,1,1,1,1
U005355,2024-06-25,Paid_Search,Mobile,East,35-44,2024-06,2024-06-25,2024-06-26,,,,,0,stage2,1,0,0,0
U005361,2024-06-09,Email,Mobile,South,18-24,2024-06,2024-06-09,2024-06-09,,,,,0,stage2,1,0,0,0
U005363,2024-04-20,Referral,Desktop,East,35-44,2024-04,2024-04-20,2024-04-20,2024-04-23,2024-04-25,2024-04-28,2024-04-29,1,Converted,1,1,1,1
U005366,2024-05-13,Paid_Search,Mobile,West,18-24,2024-05,2024-05-13,2024-05-13,,,,,0,stage2,1,0,0,0
U005368,2024-04-24,Paid_Search,Desktop,East,18-24,2024-04,2024-04-24,2024-04-26,,,,,0,stage2,1,0,0,0
U005371,2024-04-06,Organic,Mobile,North,25-34,2024-04,2024-04-06,,,,,,0,stage1,0,0,0,0
U005374,2024-04-23,Paid_Search,Mobile,West,25-34,2024-04,2024-04-23,2024-04-23,2024-04-25,,,,0,stage3,1,1,0,0
U005375,2024-06-05,Social,Desktop,South,25-34,2024-06,2024-06-05,2024-06-07,,,,,0,stage2,1,0,0,0
U005376,2024-04-20,Referral,Mobile,West,25-34,2024-04,2024-04-20,,,,,,0,stage1,0,0,0,0
U005378,2024-06-22,Paid_Search,Mobile,West,35-44,2024-06,2024-06-22,2024-06-22,2024-06-25,,,,0,stage3,1,1,0,0
U005380,2024-04-12,Paid_Search,Mobile,West,18-24,2024-04,2024-04-12,2024-04-12,2024-04-15,2024-04-16,2024-04-18,2024-04-20,1,Converted,1,1,1,1
U005381,2024-06-17,Organic,Desktop,North,45-54,2024-06,2024-06-17,2024-06-19,2024-06-20,2024-06-21,2024-06-25,2024-06-26,1,Converted,1,1,1,1
U005382,2024-04-19,Email,Desktop,Central,45-54,2024-04,2024-04-19,2024-04-21,2024-04-24,2024-04-24,,,0,stage4,1,1,1,0
U005384,2024-06-15,Email,Mobile,North,25-34,2024-06,2024-06-15,2024-06-17,,,,,0,stage2,1,0,0,0
U005386,2024-05-12,Referral,Mobile,South,18-24,2024-05,2024-05-12,2024-05-13,,,,,0,stage2,1,0,0,0
U005387,2024-05-30,Paid_Search,Mobile,Central,35-44,2024-05,2024-05-30,2024-05-30,2024-05-31,,,,0,stage3,1,1,0,0
U005392,2024-05-26,Organic,Desktop,North,25-34,2024-05,2024-05-26,2024-05-26,2024-05-29,2024-05-31,2024-06-03,2024-06-04,1,Converted,1,1,1,1
U005393,2024-04-17,Organic,Mobile,West,45-54,2024-04,2024-04-17,,,,,,0,stage1,0,0,0,0
U005394,2024-05-03,Paid_Search,Desktop,South,18-24,2024-05,2024-05-03,,,,,,0,stage1,0,0,0,0
U005395,2024-06-07,Referral,Desktop,East,18-24,2024-06,2024-06-07,,,,,,0,stage1,0,0,0,0
U005396,2024-04-23,Referral,Desktop,West,25-34,2024-04,2024-04-23,2024-04-23,2024-04-24,2024-04-24,2024-04-25,2024-04-25,1,Converted,1,1,1,1
U005398,2024-05-29,Organic,Desktop,Central,25-34,2024-05,2024-05-29,2024-05-30,2024-06-02,,,,0,stage3,1,1,0,0
U005399,2024-06-15,Organic,Mobile,West,35-44,2024-06,2024-06-15,2024-06-16,2024-06-18,,,,0,stage3,1,1,0,0
U005400,2024-05-29,Social,Tablet,Central,45-54,2024-05,2024-05-29,,,,,,0,stage1,0,0,0,0
U005401,2024-05-18,Referral,Mobile,North,45-54,2024-05,2024-05-18,,,,,,0,stage1,0,0,0,0
U005404,2024-06-03,Paid_Search,Tablet,East,18-24,2024-06,2024-06-03,2024-06-04,2024-06-06,,,,0,stage3,1,1,0,0
U005405,2024-04-04,Email,Desktop,South,25-34,2024-04,2024-04-04,2024-04-04,2024-04-07,2024-04-09,2024-04-11,2024-04-11,1,Converted,1,1,1,1
U005407,2024-04-18,Social,Mobile,West,18-24,2024-04,2024-04-18,,,,,,0,stage1,0,0,0,0
U005410,2024-06-12,Referral,Desktop,West,35-44,2024-06,2024-06-12,2024-06-12,2024-06-13,,,,0,stage3,1,1,0,0
U005412,2024-05-01,Organic,Mobile,North,35-44,2024-05,2024-05-01,,,,,,0,stage1,0,0,0,0
U005413,2024-06-26,Paid_Search,Desktop,Central,18-24,2024-06,2024-06-26,,,,,,0,stage1,0,0,0,0
U005414,2024-06-26,Organic,Mobile,East,35-44,2024-06,2024-06-26,2024-06-27,2024-06-30,,,,0,stage3,1,1,0,0
U005415,2024-06-26,Referral,Mobile,East,18-24,2024-06,2024-06-26,2024-06-27,2024-06-30,2024-07-02,2024-07-05,2024-07-07,1,Converted,1,1,1,1
U005419,2024-04-26,Social,Desktop,North,45-54,2024-04,2024-04-26,,,,,,0,stage1,0,0,0,0
U005423,2024-06-26,Organic,Desktop,South,18-24,2024-06,2024-06-26,2024-06-26,,,,,0,stage2,1,0,0,0
U005424,2024-04-29,Organic,Desktop,West,25-34,2024-04,2024-04-29,2024-05-01,2024-05-02,,,,0,stage3,1,1,0,0
U005426,2024-05-03,Email,Desktop,South,25-34,2024-05,2024-05-03,,,,,,0,stage1,0,0,0,0
U005429,2024-04-12,Email,Desktop,East,18-24,2024-04,2024-04-12,2024-04-12,2024-04-13,2024-04-14,2024-04-15,2024-04-15,1,Converted,1,1,1,1
U005430,2024-04-01,Email,Mobile,West,25-34,2024-04,2024-04-01,,,,,,0,stage1,0,0,0,0
U005435,2024-04-22,Organic,Mobile,East,35-44,2024-04,2024-04-22,,,,,,0,stage1,0,0,0,0
U005437,2024-06-10,Paid_Search,Mobile,South,18-24,2024-06,2024-06-10,,,,,,0,stage1,0,0,0,0
U005438,2024-05-29,Organic,Desktop,South,35-44,2024-05,2024-05-29,2024-05-30,,,,,0,stage2,1,0,0,0
U005446,2024-06-22,Paid_Search,Mobile,East,25-34,2024-06,2024-06-22,2024-06-22,2024-06-24,2024-06-26,2024-06-27,2024-06-28,1,Converted,1,1,1,1
U005450,2024-04-21,Organic,Desktop,Central,45-54,2024-04,2024-04-21,2024-04-23,2024-04-24,2024-04-24,,,0,stage4,1,1,1,0
U005452,2024-06-26,Email,Mobile,North,25-34,2024-06,2024-06-26,,,,,,0,stage1,0,0,0,0
U005453,2024-04-05,Referral,Mobile,East,18-24,2024-04,2024-04-05,2024-04-06,,,,,0,stage2,1,0,0,0
U005454,2024-06-02,Organic,Mobile,South,35-44,2024-06,2024-06-02,2024-06-03,,,,,0,stage2,1,0,0,0
U005455,2024-06-11,Social,Mobile,East,18-24,2024-06,2024-06-11,,,,,,0,stage1,0,0,0,0
U005457,2024-06-06,Paid_Search,Mobile,North,25-34,2024-06,2024-06-06,2024-06-08,,,,,0,stage2,1,0,0,0
U005461,2024-05-10,Organic,Desktop,South,45-54,2024-05,2024-05-10,2024-05-12,2024-05-14,2024-05-14,,,0,stage4,1,1,1,0
U005463,2024-06-06,Paid_Search,Mobile,North,25-34,2024-06,2024-06-06,2024-06-06,2024-06-07,2024-06-09,2024-06-13,2024-06-15,1,Converted,1,1,1,1
U005464,2024-05-10,Organic,Desktop,North,45-54,2024-05,2024-05-10,2024-05-11,2024-05-13,2024-05-15,2024-05-19,2024-05-19,1,Converted,1,1,1,1
U005466,2024-05-14,Paid_Search,Mobile,West,25-34,2024-05,2024-05-14,2024-05-16,2024-05-18,2024-05-20,2024-05-24,,0,stage5,1,1,1,1
U005467,2024-05-01,Referral,Mobile,Central,25-34,2024-05,2024-05-01,2024-05-02,2024-05-05,,,,0,stage3,1,1,0,0
U005468,2024-04-12,Referral,Desktop,South,25-34,2024-04,2024-04-12,2024-04-14,2024-04-17,2024-04-19,2024-04-20,2024-04-20,1,Converted,1,1,1,1
U005472,2024-04-18,Email,Mobile,North,55+,2024-04,2024-04-18,2024-04-19,,,,,0,stage2,1,0,0,0
U005473,2024-05-26,Organic,Mobile,North,45-54,2024-05,2024-05-26,,,,,,0,stage1,0,0,0,0
U005478,2024-05-29,Referral,Desktop,Central,25-34,2024-05,2024-05-29,2024-05-29,2024-05-31,2024-06-02,2024-06-05,2024-06-06,1,Converted,1,1,1,1
U005479,2024-04-25,Paid_Search,Mobile,South,25-34,2024-04,2024-04-25,2024-04-26,2024-04-28,2024-04-29,,,0,stage4,1,1,1,0
U005480,2024-04-04,Email,Desktop,Central,55+,2024-04,2024-04-04,2024-04-05,2024-04-07,,,,0,stage3,1,1,0,0
U005485,2024-05-11,Referral,Mobile,East,25-34,2024-05,2024-05-11,2024-05-13,2024-05-16,2024-05-16,,,0,stage4,1,1,1,0
U005489,2024-05-19,Social,Desktop,West,35-44,2024-05,2024-05-19,,,,,,0,stage1,0,0,0,0
U005492,2024-06-21,Organic,Mobile,East,25-34,2024-06,2024-06-21,2024-06-22,2024-06-24,2024-06-25,2024-06-28,,0,stage5,1,1,1,1
U005495,2024-05-19,Referral,Mobile,North,55+,2024-05,2024-05-19,2024-05-20,2024-05-21,,,,0,stage3,1,1,0,0
U005498,2024-04-13,Organic,Desktop,North,18-24,2024-04,2024-04-13,2024-04-14,,,,,0,stage2,1,0,0,0
U005499,2024-05-28,Organic,Desktop,South,18-24,2024-05,2024-05-28,2024-05-30,2024-05-31,2024-06-01,,,0,stage4,1,1,1,0
U005500,2024-06-16,Paid_Search,Mobile,Central,25-34,2024-06,2024-06-16,2024-06-18,2024-06-19,2024-06-20,2024-06-22,2024-06-22,1,Converted,1,1,1,1
U005502,2024-05-12,Organic,Mobile,East,25-34,2024-05,2024-05-12,,,,,,0,stage1,0,0,0,0
U005503,2024-05-30,Paid_Search,Tablet,West,18-24,2024-05,2024-05-30,2024-06-01,,,,,0,stage2,1,0,0,0
U005504,2024-04-29,Referral,Mobile,East,25-34,2024-04,2024-04-29,2024-05-01,,,,,0,stage2,1,0,0,0
U005505,2024-04-28,Paid_Search,Mobile,North,45-54,2024-04,2024-04-28,2024-04-29,,,,,0,stage2,1,0,0,0
U005508,2024-04-16,Organic,Desktop,East,55+,2024-04,2024-04-16,,,,,,0,stage1,0,0,0,0
U005510,2024-04-22,Referral,Mobile,North,45-54,2024-04,2024-04-22,2024-04-23,,,,,0,stage2,1,0,0,0
U005511,2024-05-22,Referral,Mobile,North,25-34,2024-05,2024-05-22,,,,,,0,stage1,0,0,0,0
U005514,2024-05-27,Paid_Search,Mobile,North,35-44,2024-05,2024-05-27,,,,,,0,stage1,0,0,0,0
U005517,2024-06-17,Social,Mobile,Central,25-34,2024-06,2024-06-17,2024-06-18,2024-06-20,,,,0,stage3,1,1,0,0
U005519,2024-04-17,Paid_Search,Desktop,North,35-44,2024-04,2024-04-17,,,,,,0,stage1,0,0,0,0
U005520,2024-04-18,Social,Mobile,East,25-34,2024-04,2024-04-18,2024-04-20,2024-04-22,2024-04-24,,,0,stage4,1,1,1,0
U005521,2024-05-17,Referral,Mobile,Central,18-24,2024-05,2024-05-17,2024-05-18,,,,,0,stage2,1,0,0,0
U005523,2024-05-30,Paid_Search,Desktop,North,35-44,2024-05,2024-05-30,2024-05-30,,,,,0,stage2,1,0,0,0
U005524,2024-05-25,Referral,Desktop,West,25-34,2024-05,2024-05-25,,,,,,0,stage1,0,0,0,0
U005529,2024-06-10,Organic,Mobile,South,25-34,2024-06,2024-06-10,2024-06-12,,,,,0,stage2,1,0,0,0
U005530,2024-06-04,Organic,Mobile,West,25-34,2024-06,2024-06-04,2024-06-06,2024-06-08,2024-06-09,2024-06-11,2024-06-12,1,Converted,1,1,1,1
U005532,2024-05-16,Social,Mobile,North,45-54,2024-05,2024-05-16,2024-05-17,2024-05-18,,,,0,stage3,1,1,0,0
U005533,2024-05-01,Organic,Desktop,West,45-54,2024-05,2024-05-01,,,,,,0,stage1,0,0,0,0
U005535,2024-05-25,Email,Mobile,North,18-24,2024-05,2024-05-25,2024-05-26,2024-05-29,,,,0,stage3,1,1,0,0
U005538,2024-05-21,Social,Mobile,East,25-34,2024-05,2024-05-21,2024-05-21,,,,,0,stage2,1,0,0,0
U005544,2024-05-14,Referral,Mobile,Central,45-54,2024-05,2024-05-14,,,,,,0,stage1,0,0,0,0
U005547,2024-04-04,Referral,Desktop,West,25-34,2024-04,2024-04-04,2024-04-06,,,,,0,stage2,1,0,0,0
U005551,2024-04-10,Social,Desktop,South,35-44,2024-04,2024-04-10,2024-04-10,2024-04-11,2024-04-11,,,0,stage4,1,1,1,0
U005552,2024-05-17,Organic,Desktop,South,35-44,2024-05,2024-05-17,2024-05-18,,,,,0,stage2,1,0,0,0
U005553,2024-05-02,Organic,Mobile,West,25-34,2024-05,2024-05-02,2024-05-04,2024-05-05,,,,0,stage3,1,1,0,0
U005554,2024-04-09,Organic,Mobile,West,35-44,2024-04,2024-04-09,2024-04-09,2024-04-10,,,,0,stage3,1,1,0,0
U005557,2024-06-19,Organic,Desktop,West,25-34,2024-06,2024-06-19,2024-06-20,2024-06-21,2024-06-23,2024-06-26,2024-06-28,1,Converted,1,1,1,1
U005559,2024-05-08,Social,Tablet,Central,35-44,2024-05,2024-05-08,,,,,,0,stage1,0,0,0,0
U005560,2024-06-24,Organic,Desktop,East,35-44,2024-06,2024-06-24,2024-06-25,2024-06-27,2024-06-27,2024-06-28,2024-06-28,1,Converted,1,1,1,1
U005561,2024-04-24,Social,Desktop,West,18-24,2024-04,2024-04-24,,,,,,0,stage1,0,0,0,0
U005563,2024-04-12,Referral,Mobile,West,35-44,2024-04,2024-04-12,2024-04-14,,,,,0,stage2,1,0,0,0
U005565,2024-05-25,Referral,Tablet,Central,35-44,2024-05,2024-05-25,2024-05-26,2024-05-28,2024-05-29,2024-05-30,,0,stage5,1,1,1,1
U005567,2024-06-14,Paid_Search,Desktop,East,45-54,2024-06,2024-06-14,,,,,,0,stage1,0,0,0,0
U005568,2024-04-26,Social,Mobile,South,55+,2024-04,2024-04-26,2024-04-27,2024-04-30,2024-05-02,,,0,stage4,1,1,1,0
U005571,2024-04-27,Referral,Desktop,East,45-54,2024-04,2024-04-27,2024-04-28,2024-05-01,,,,0,stage3,1,1,0,0
U005573,2024-06-27,Referral,Desktop,South,35-44,2024-06,2024-06-27,2024-06-29,,,,,0,stage2,1,0,0,0
U005575,2024-04-10,Social,Mobile,North,18-24,2024-04,2024-04-10,,,,,,0,stage1,0,0,0,0
U005576,2024-06-27,Referral,Desktop,East,18-24,2024-06,2024-06-27,2024-06-27,2024-06-28,,,,0,stage3,1,1,0,0
U005578,2024-06-09,Email,Mobile,North,35-44,2024-06,2024-06-09,,,,,,0,stage1,0,0,0,0
U005579,2024-05-17,Organic,Desktop,North,55+,2024-05,2024-05-17,2024-05-18,2024-05-21,2024-05-21,2024-05-23,2024-05-24,1,Converted,1,1,1,1
U005580,2024-04-15,Referral,Mobile,West,25-34,2024-04,2024-04-15,2024-04-17,,,,,0,stage2,1,0,0,0
U005586,2024-05-09,Paid_Search,Tablet,North,25-34,2024-05,2024-05-09,2024-05-09,2024-05-11,,,,0,stage3,1,1,0,0
U005589,2024-06-26,Paid_Search,Mobile,East,18-24,2024-06,2024-06-26,2024-06-28,,,,,0,stage2,1,0,0,0
U005590,2024-04-28,Paid_Search,Tablet,East,45-54,2024-04,2024-04-28,,,,,,0,stage1,0,0,0,0
U005591,2024-04-07,Referral,Mobile,North,35-44,2024-04,2024-04-07,2024-04-08,2024-04-11,2024-04-12,,,0,stage4,1,1,1,0
U005595,2024-06-30,Paid_Search,Mobile,East,45-54,2024-06,2024-06-30,,,,,,0,stage1,0,0,0,0
U005598,2024-06-20,Organic,Mobile,South,18-24,2024-06,2024-06-20,,,,,,0,stage1,0,0,0,0
U005599,2024-04-28,Organic,Mobile,West,45-54,2024-04,2024-04-28,2024-04-29,2024-05-01,,,,0,stage3,1,1,0,0
U005601,2024-06-17,Email,Tablet,Central,45-54,2024-06,2024-06-17,2024-06-17,,,,,0,stage2,1,0,0,0
U005602,2024-04-22,Organic,Mobile,West,45-54,2024-04,2024-04-22,2024-04-22,,,,,0,stage2,1,0,0,0
U005603,2024-04-30,Paid_Search,Desktop,Central,18-24,2024-04,2024-04-30,,,,,,0,stage1,0,0,0,0
U005608,2024-04-10,Organic,Mobile,North,18-24,2024-04,2024-04-10,2024-04-10,2024-04-11,2024-04-13,,,0,stage4,1,1,1,0
U005611,2024-04-22,Paid_Search,Mobile,Central,25-34,2024-04,2024-04-22,2024-04-23,,,,,0,stage2,1,0,0,0
U005613,2024-06-27,Organic,Mobile,Central,45-54,2024-06,2024-06-27,,,,,,0,stage1,0,0,0,0
U005615,2024-06-25,Organic,Mobile,South,35-44,2024-06,2024-06-25,,,,,,0,stage1,0,0,0,0
U005619,2024-04-06,Referral,Mobile,North,35-44,2024-04,2024-04-06,2024-04-06,,,,,0,stage2,1,0,0,0
U005623,2024-06-23,Organic,Desktop,South,35-44,2024-06,2024-06-23,2024-06-25,,,,,0,stage2,1,0,0,0
U005630,2024-04-11,Social,Mobile,Central,35-44,2024-04,2024-04-11,2024-04-12,2024-04-13,,,,0,stage3,1,1,0,0
U005632,2024-04-01,Paid_Search,Mobile,South,45-54,2024-04,2024-04-01,,,,,,0,stage1,0,0,0,0
U005634,2024-06-16,Referral,Desktop,West,45-54,2024-06,2024-06-16,2024-06-17,2024-06-18,2024-06-19,,,0,stage4,1,1,1,0
U005637,2024-06-15,Social,Mobile,East,18-24,2024-06,2024-06-15,2024-06-17,2024-06-19,2024-06-19,,,0,stage4,1,1,1,0
U005640,2024-04-15,Paid_Search,Tablet,South,25-34,2024-04,2024-04-15,2024-04-16,,,,,0,stage2,1,0,0,0
U005641,2024-06-02,Organic,Mobile,East,18-24,2024-06,2024-06-02,2024-06-03,2024-06-04,2024-06-06,2024-06-08,,0,stage5,1,1,1,1
U005645,2024-04-09,Email,Mobile,East,35-44,2024-04,2024-04-09,,,,,,0,stage1,0,0,0,0
U005646,2024-06-22,Organic,Mobile,North,18-24,2024-06,2024-06-22,2024-06-24,,,,,0,stage2,1,0,0,0
U005648,2024-06-11,Paid_Search,Mobile,East,25-34,2024-06,2024-06-11,,,,,,0,stage1,0,0,0,0
U005649,2024-06-25,Social,Mobile,Central,55+,2024-06,2024-06-25,2024-06-26,2024-06-29,2024-06-30,,,0,stage4,1,1,1,0
U005652,2024-06-12,Referral,Desktop,North,18-24,2024-06,2024-06-12,2024-06-14,2024-06-15,2024-06-17,2024-06-18,2024-06-18,1,Converted,1,1,1,1
U005657,2024-05-07,Referral,Mobile,South,25-34,2024-05,2024-05-07,,,,,,0,stage1,0,0,0,0
U005660,2024-04-06,Referral,Desktop,West,45-54,2024-04,2024-04-06,2024-04-06,2024-04-09,2024-04-09,,,0,stage4,1,1,1,0
U005662,2024-04-23,Paid_Search,Desktop,West,25-34,2024-04,2024-04-23,,,,,,0,stage1,0,0,0,0
U005664,2024-04-16,Organic,Desktop,South,35-44,2024-04,2024-04-16,2024-04-18,,,,,0,stage2,1,0,0,0
U005671,2024-06-24,Organic,Desktop,South,45-54,2024-06,2024-06-24,,,,,,0,stage1,0,0,0,0
U005672,2024-06-27,Paid_Search,Mobile,North,45-54,2024-06,2024-06-27,2024-06-29,2024-06-30,2024-07-02,2024-07-06,2024-07-08,1,Converted,1,1,1,1
U005675,2024-04-23,Paid_Search,Mobile,South,35-44,2024-04,2024-04-23,2024-04-25,,,,,0,stage2,1,0,0,0
U005680,2024-05-09,Email,Mobile,West,25-34,2024-05,2024-05-09,2024-05-09,2024-05-11,2024-05-13,,,0,stage4,1,1,1,0
U005681,2024-04-29,Social,Mobile,West,18-24,2024-04,2024-04-29,,,,,,0,stage1,0,0,0,0
U005684,2024-04-18,Organic,Mobile,North,35-44,2024-04,2024-04-18,,,,,,0,stage1,0,0,0,0
U005688,2024-04-24,Organic,Desktop,East,25-34,2024-04,2024-04-24,2024-04-26,2024-04-27,,,,0,stage3,1,1,0,0
U005690,2024-05-03,Organic,Desktop,North,45-54,2024-05,2024-05-03,2024-05-03,,,,,0,stage2,1,0,0,0
U005691,2024-04-02,Social,Mobile,North,35-44,2024-04,2024-04-02,2024-04-03,2024-04-05,2024-04-05,2024-04-09,2024-04-10,1,Converted,1,1,1,1
U005692,2024-04-18,Social,Desktop,West,18-24,2024-04,2024-04-18,2024-04-20,,,,,0,stage2,1,0,0,0
U005693,2024-06-05,Email,Mobile,South,18-24,2024-06,2024-06-05,,,,,,0,stage1,0,0,0,0
U005694,2024-04-20,Referral,Mobile,East,35-44,2024-04,2024-04-20,2024-04-20,,,,,0,stage2,1,0,0,0
U005695,2024-05-03,Social,Desktop,East,45-54,2024-05,2024-05-03,,,,,,0,stage1,0,0,0,0
U005697,2024-04-07,Organic,Desktop,East,45-54,2024-04,2024-04-07,2024-04-08,,,,,0,stage2,1,0,0,0
U005699,2024-06-01,Referral,Desktop,West,35-44,2024-06,2024-06-01,2024-06-03,,,,,0,stage2,1,0,0,0
U005702,2024-04-07,Email,Mobile,East,18-24,2024-04,2024-04-07,2024-04-08,,,,,0,stage2,1,0,0,0
U005705,2024-05-23,Referral,Desktop,East,18-24,2024-05,2024-05-23,2024-05-25,2024-05-27,,,,0,stage3,1,1,0,0
U005707,2024-04-30,Referral,Mobile,West,18-24,2024-04,2024-04-30,2024-04-30,2024-05-01,2024-05-01,,,0,stage4,1,1,1,0
U005709,2024-04-05,Paid_Search,Mobile,Central,25-34,2024-04,2024-04-05,2024-04-06,2024-04-08,2024-04-09,2024-04-13,2024-04-15,1,Converted,1,1,1,1
U005710,2024-04-05,Social,Desktop,West,25-34,2024-04,2024-04-05,2024-04-06,2024-04-08,2024-04-09,2024-04-10,2024-04-11,1,Converted,1,1,1,1
U005712,2024-04-21,Paid_Search,Mobile,West,25-34,2024-04,2024-04-21,2024-04-22,2024-04-25,2024-04-26,2024-04-30,,0,stage5,1,1,1,1
U005713,2024-06-11,Social,Mobile,East,25-34,2024-06,2024-06-11,2024-06-13,,,,,0,stage2,1,0,0,0
U005714,2024-04-04,Organic,Mobile,West,35-44,2024-04,2024-04-04,,,,,,0,stage1,0,0,0,0
U005715,2024-06-27,Social,Desktop,South,18-24,2024-06,2024-06-27,,,,,,0,stage1,0,0,0,0
U005717,2024-04-18,Social,Mobile,Central,35-44,2024-04,2024-04-18,2024-04-20,,,,,0,stage2,1,0,0,0
U005719,2024-05-02,Referral,Desktop,West,25-34,2024-05,2024-05-02,,,,,,0,stage1,0,0,0,0
U005721,2024-06-22,Referral,Desktop,South,45-54,2024-06,2024-06-22,2024-06-22,2024-06-25,2024-06-27,2024-06-29,2024-06-30,1,Converted,1,1,1,1
U005722,2024-06-03,Social,Desktop,West,18-24,2024-06,2024-06-03,2024-06-04,,,,,0,stage2,1,0,0,0
U005723,2024-06-23,Paid_Search,Tablet,South,55+,2024-06,2024-06-23,,,,,,0,stage1,0,0,0,0
U005727,2024-05-28,Paid_Search,Mobile,South,25-34,2024-05,2024-05-28,,,,,,0,stage1,0,0,0,0
U005728,2024-06-18,Referral,Desktop,North,55+,2024-06,2024-06-18,2024-06-18,2024-06-19,2024-06-19,2024-06-20,2024-06-22,1,Converted,1,1,1,1
U005729,2024-04-08,Referral,Desktop,North,25-34,2024-04,2024-04-08,,,,,,0,stage1,0,0,0,0
U005730,2024-04-11,Organic,Mobile,East,45-54,2024-04,2024-04-11,2024-04-13,,,,,0,stage2,1,0,0,0
U005731,2024-05-30,Paid_Search,Mobile,North,35-44,2024-05,2024-05-30,2024-05-30,,,,,0,stage2,1,0,0,0
U005732,2024-05-12,Organic,Mobile,Central,35-44,2024-05,2024-05-12,2024-05-12,,,,,0,stage2,1,0,0,0
U005733,2024-04-18,Referral,Mobile,East,25-34,2024-04,2024-04-18,2024-04-18,,,,,0,stage2,1,0,0,0
U005734,2024-04-19,Organic,Mobile,South,55+,2024-04,2024-04-19,,,,,,0,stage1,0,0,0,0
U005737,2024-05-16,Paid_Search,Mobile,Central,55+,2024-05,2024-05-16,,,,,,0,stage1,0,0,0,0
U005738,2024-06-17,Paid_Search,Desktop,North,18-24,2024-06,2024-06-17,2024-06-18,2024-06-21,,,,0,stage3,1,1,0,0
U005743,2024-04-11,Referral,Desktop,South,55+,2024-04,2024-04-11,2024-04-13,,,,,0,stage2,1,0,0,0
U005746,2024-05-05,Organic,Mobile,South,35-44,2024-05,2024-05-05,,,,,,0,stage1,0,0,0,0
U005748,2024-06-27,Organic,Mobile,South,45-54,2024-06,2024-06-27,,,,,,0,stage1,0,0,0,0
U005749,2024-04-16,Social,Mobile,East,18-24,2024-04,2024-04-16,,,,,,0,stage1,0,0,0,0
U005750,2024-05-14,Referral,Desktop,North,45-54,2024-05,2024-05-14,2024-05-15,2024-05-18,2024-05-19,,,0,stage4,1,1,1,0
U005751,2024-04-20,Email,Desktop,North,45-54,2024-04,2024-04-20,2024-04-20,2024-04-21,2024-04-22,2024-04-24,2024-04-26,1,Converted,1,1,1,1
U005753,2024-04-25,Organic,Desktop,North,18-24,2024-04,2024-04-25,2024-04-27,2024-04-28,2024-04-28,2024-04-30,2024-04-30,1,Converted,1,1,1,1
U005756,2024-04-14,Paid_Search,Desktop,South,55+,2024-04,2024-04-14,,,,,,0,stage1,0,0,0,0
U005757,2024-04-22,Email,Mobile,Central,55+,2024-04,2024-04-22,2024-04-24,2024-04-27,,,,0,stage3,1,1,0,0
U005762,2024-05-29,Paid_Search,Mobile,South,25-34,2024-05,2024-05-29,2024-05-29,,,,,0,stage2,1,0,0,0
U005763,2024-05-02,Referral,Mobile,North,45-54,2024-05,2024-05-02,2024-05-03,2024-05-06,,,,0,stage3,1,1,0,0
U005769,2024-05-29,Organic,Mobile,East,35-44,2024-05,2024-05-29,2024-05-29,2024-05-30,2024-05-30,2024-05-31,2024-06-01,1,Converted,1,1,1,1
U005770,2024-06-03,Referral,Desktop,West,18-24,2024-06,2024-06-03,2024-06-05,2024-06-07,,,,0,stage3,1,1,0,0
U005771,2024-05-04,Referral,Desktop,North,35-44,2024-05,2024-05-04,2024-05-05,,,,,0,stage2,1,0,0,0
U005773,2024-04-04,Paid_Search,Desktop,Central,55+,2024-04,2024-04-04,,,,,,0,stage1,0,0,0,0
U005774,2024-06-23,Social,Mobile,North,35-44,2024-06,2024-06-23,2024-06-24,2024-06-26,,,,0,stage3,1,1,0,0
U005776,2024-04-12,Organic,Mobile,West,25-34,2024-04,2024-04-12,2024-04-13,2024-04-16,2024-04-16,2024-04-19,,0,stage5,1,1,1,1
U005783,2024-06-28,Paid_Search,Mobile,Central,25-34,2024-06,2024-06-28,2024-06-28,,,,,0,stage2,1,0,0,0
U005784,2024-04-04,Social,Mobile,East,18-24,2024-04,2024-04-04,2024-04-05,2024-04-08,2024-04-10,2024-04-14,,0,stage5,1,1,1,1
U005785,2024-05-11,Referral,Tablet,West,18-24,2024-05,2024-05-11,2024-05-12,,,,,0,stage2,1,0,0,0
U005786,2024-06-18,Referral,Tablet,North,25-34,2024-06,2024-06-18,2024-06-18,2024-06-19,2024-06-21,2024-06-24,2024-06-24,1,Converted,1,1,1,1
U005787,2024-06-11,Paid_Search,Mobile,West,25-34,2024-06,2024-06-11,2024-06-12,2024-06-13,,,,0,stage3,1,1,0,0
U005790,2024-04-12,Paid_Search,Mobile,Central,25-34,2024-04,2024-04-12,,,,,,0,stage1,0,0,0,0
U005791,2024-06-05,Organic,Mobile,North,25-34,2024-06,2024-06-05,2024-06-05,2024-06-07,,,,0,stage3,1,1,0,0
U005792,2024-04-19,Social,Desktop,Central,25-34,2024-04,2024-04-19,,,,,,0,stage1,0,0,0,0
U005793,2024-05-01,Paid_Search,Mobile,West,25-34,2024-05,2024-05-01,,,,,,0,stage1,0,0,0,0
U005794,2024-06-17,Paid_Search,Mobile,North,18-24,2024-06,2024-06-17,,,,,,0,stage1,0,0,0,0
U005795,2024-06-28,Email,Mobile,South,25-34,2024-06,2024-06-28,,,,,,0,stage1,0,0,0,0
U005797,2024-04-08,Referral,Desktop,Central,35-44,2024-04,2024-04-08,2024-04-09,,,,,0,stage2,1,0,0,0
U005798,2024-06-04,Email,Desktop,North,18-24,2024-06,2024-06-04,,,,,,0,stage1,0,0,0,0
U005800,2024-05-26,Email,Mobile,North,35-44,2024-05,2024-05-26,,,,,,0,stage1,0,0,0,0
U005801,2024-05-09,Social,Desktop,Central,25-34,2024-05,2024-05-09,2024-05-09,,,,,0,stage2,1,0,0,0
U005803,2024-05-07,Organic,Mobile,West,18-24,2024-05,2024-05-07,2024-05-07,,,,,0,stage2,1,0,0,0
U005805,2024-05-20,Social,Mobile,South,25-34,2024-05,2024-05-20,,,,,,0,stage1,0,0,0,0
U005806,2024-04-29,Referral,Mobile,North,35-44,2024-04,2024-04-29,2024-04-29,,,,,0,stage2,1,0,0,0
U005807,2024-04-24,Organic,Tablet,East,25-34,2024-04,2024-04-24,2024-04-24,2024-04-26,,,,0,stage3,1,1,0,0
U005808,2024-06-18,Referral,Desktop,North,18-24,2024-06,2024-06-18,2024-06-20,,,,,0,stage2,1,0,0,0
U005812,2024-06-17,Organic,Desktop,Central,25-34,2024-06,2024-06-17,2024-06-19,,,,,0,stage2,1,0,0,0
U005815,2024-04-21,Paid_Search,Mobile,South,55+,2024-04,2024-04-21,,,,,,0,stage1,0,0,0,0
U005817,2024-04-08,Referral,Mobile,East,25-34,2024-04,2024-04-08,2024-04-09,2024-04-10,2024-04-12,2024-04-15,,0,stage5,1,1,1,1
U005818,2024-06-19,Organic,Mobile,North,25-34,2024-06,2024-06-19,,,,,,0,stage1,0,0,0,0
U005819,2024-05-01,Referral,Mobile,South,25-34,2024-05,2024-05-01,2024-05-03,,,,,0,stage2,1,0,0,0
U005822,2024-06-11,Referral,Desktop,South,45-54,2024-06,2024-06-11,2024-06-13,2024-06-15,,,,0,stage3,1,1,0,0
U005826,2024-04-07,Referral,Desktop,West,35-44,2024-04,2024-04-07,2024-04-09,2024-04-12,,,,0,stage3,1,1,0,0
U005827,2024-05-23,Organic,Mobile,West,35-44,2024-05,2024-05-23,2024-05-24,,,,,0,stage2,1,0,0,0
U005832,2024-05-31,Referral,Mobile,North,55+,2024-05,2024-05-31,2024-05-31,2024-06-03,,,,0,stage3,1,1,0,0
U005835,2024-04-07,Paid_Search,Desktop,East,35-44,2024-04,2024-04-07,2024-04-09,2024-04-12,,,,0,stage3,1,1,0,0
U005837,2024-05-31,Organic,Desktop,East,35-44,2024-05,2024-05-31,2024-06-02,2024-06-03,2024-06-04,2024-06-08,2024-06-09,1,Converted,1,1,1,1
U005838,2024-04-03,Organic,Desktop,South,25-34,2024-04,2024-04-03,2024-04-05,2024-04-06,2024-04-08,2024-04-10,2024-04-10,1,Converted,1,1,1,1
U005839,2024-04-11,Organic,Tablet,North,55+,2024-04,2024-04-11,,,,,,0,stage1,0,0,0,0
U005842,2024-04-26,Social,Mobile,Central,25-34,2024-04,2024-04-26,2024-04-26,,,,,0,stage2,1,0,0,0
U005843,2024-06-02,Email,Desktop,North,35-44,2024-06,2024-06-02,2024-06-03,2024-06-04,2024-06-06,2024-06-07,2024-06-09,1,Converted,1,1,1,1
U005845,2024-05-08,Email,Desktop,North,55+,2024-05,2024-05-08,,,,,,0,stage1,0,0,0,0
U005846,2024-06-25,Organic,Desktop,East,25-34,2024-06,2024-06-25,,,,,,0,stage1,0,0,0,0
U005849,2024-06-10,Social,Mobile,West,18-24,2024-06,2024-06-10,2024-06-10,,,,,0,stage2,1,0,0,0
U005850,2024-05-06,Organic,Mobile,West,25-34,2024-05,2024-05-06,,,,,,0,stage1,0,0,0,0
U005854,2024-06-28,Social,Tablet,East,18-24,2024-06,2024-06-28,,,,,,0,stage1,0,0,0,0
U005857,2024-04-10,Paid_Search,Mobile,East,35-44,2024-04,2024-04-10,2024-04-11,,,,,0,stage2,1,0,0,0
U005858,2024-06-17,Social,Mobile,North,45-54,2024-06,2024-06-17,2024-06-17,2024-06-18,,,,0,stage3,1,1,0,0
U005859,2024-05-20,Organic,Mobile,Central,25-34,2024-05,2024-05-20,,,,,,0,stage1,0,0,0,0
U005860,2024-04-10,Organic,Desktop,East,18-24,2024-04,2024-04-10,2024-04-11,,,,,0,stage2,1,0,0,0
U005861,2024-04-18,Organic,Desktop,East,45-54,2024-04,2024-04-18,2024-04-20,2024-04-22,2024-04-23,2024-04-27,,0,stage5,1,1,1,1
U005862,2024-04-10,Paid_Search,Desktop,North,35-44,2024-04,2024-04-10,2024-04-10,,,,,0,stage2,1,0,0,0
U005863,2024-05-15,Email,Mobile,South,55+,2024-05,2024-05-15,2024-05-17,,,,,0,stage2,1,0,0,0
U005866,2024-05-20,Email,Desktop,Central,18-24,2024-05,2024-05-20,,,,,,0,stage1,0,0,0,0
U005867,2024-04-10,Paid_Search,Desktop,Central,25-34,2024-04,2024-04-10,2024-04-10,,,,,0,stage2,1,0,0,0
U005869,2024-06-16,Paid_Search,Mobile,Central,18-24,2024-06,2024-06-16,,,,,,0,stage1,0,0,0,0
U005873,2024-06-15,Organic,Desktop,West,25-34,2024-06,2024-06-15,,,,,,0,stage1,0,0,0,0
U005875,2024-04-02,Social,Desktop,South,35-44,2024-04,2024-04-02,,,,,,0,stage1,0,0,0,0
U005876,2024-05-27,Paid_Search,Mobile,West,45-54,2024-05,2024-05-27,,,,,,0,stage1,0,0,0,0
U005879,2024-04-06,Organic,Desktop,North,35-44,2024-04,2024-04-06,2024-04-07,,,,,0,stage2,1,0,0,0
U005880,2024-06-22,Referral,Mobile,West,25-34,2024-06,2024-06-22,2024-06-22,,,,,0,stage2,1,0,0,0
U005882,2024-04-01,Email,Mobile,West,45-54,2024-04,2024-04-01,2024-04-02,2024-04-03,,,,0,stage3,1,1,0,0
U005885,2024-05-11,Social,Desktop,West,18-24,2024-05,2024-05-11,2024-05-13,2024-05-15,2024-05-17,2024-05-21,2024-05-21,1,Converted,1,1,1,1
U005886,2024-06-09,Referral,Mobile,East,25-34,2024-06,2024-06-09,2024-06-11,,,,,0,stage2,1,0,0,0
U005887,2024-04-13,Referral,Desktop,Central,35-44,2024-04,2024-04-13,2024-04-13,2024-04-14,2024-04-14,,,0,stage4,1,1,1,0
U005889,2024-04-11,Organic,Mobile,North,35-44,2024-04,2024-04-11,,,,,,0,stage1,0,0,0,0
U005890,2024-05-05,Paid_Search,Desktop,South,35-44,2024-05,2024-05-05,,,,,,0,stage1,0,0,0,0
U005892,2024-06-26,Organic,Tablet,West,45-54,2024-06,2024-06-26,,,,,,0,stage1,0,0,0,0
U005893,2024-06-20,Social,Desktop,East,35-44,2024-06,2024-06-20,,,,,,0,stage1,0,0,0,0
U005894,2024-06-17,Paid_Search,Mobile,West,35-44,2024-06,2024-06-17,,,,,,0,stage1,0,0,0,0
U005896,2024-06-15,Organic,Mobile,South,25-34,2024-06,2024-06-15,2024-06-16,2024-06-18,2024-06-20,2024-06-24,,0,stage5,1,1,1,1
U005897,2024-04-04,Organic,Mobile,West,55+,2024-04,2024-04-04,,,,,,0,stage1,0,0,0,0
U005901,2024-06-13,Referral,Mobile,West,18-24,2024-06,2024-06-13,2024-06-15,2024-06-18,2024-06-18,2024-06-19,2024-06-21,1,Converted,1,1,1,1
U005902,2024-05-26,Email,Mobile,North,55+,2024-05,2024-05-26,2024-05-28,,,,,0,stage2,1,0,0,0
U005903,2024-05-02,Organic,Desktop,South,55+,2024-05,2024-05-02,2024-05-03,2024-05-06,,,,0,stage3,1,1,0,0
U005905,2024-06-28,Paid_Search,Mobile,East,55+,2024-06,2024-06-28,,,,,,0,stage1,0,0,0,0
U005906,2024-04-21,Paid_Search,Desktop,East,18-24,2024-04,2024-04-21,2024-04-22,2024-04-25,,,,0,stage3,1,1,0,0
U005910,2024-05-17,Paid_Search,Desktop,East,55+,2024-05,2024-05-17,,,,,,0,stage1,0,0,0,0
U005912,2024-04-13,Referral,Desktop,North,45-54,2024-04,2024-04-13,2024-04-15,,,,,0,stage2,1,0,0,0
U005914,2024-04-10,Paid_Search,Desktop,East,35-44,2024-04,2024-04-10,2024-04-12,2024-04-15,,,,0,stage3,1,1,0,0
U005915,2024-05-15,Paid_Search,Tablet,North,55+,2024-05,2024-05-15,,,,,,0,stage1,0,0,0,0
U005916,2024-05-05,Social,Mobile,Central,35-44,2024-05,2024-05-05,,,,,,0,stage1,0,0,0,0
U005918,2024-05-12,Organic,Desktop,Central,25-34,2024-05,2024-05-12,2024-05-14,,,,,0,stage2,1,0,0,0
U005919,2024-05-17,Organic,Mobile,South,25-34,2024-05,2024-05-17,2024-05-19,2024-05-22,2024-05-22,2024-05-24,2024-05-26,1,Converted,1,1,1,1
U005922,2024-06-02,Organic,Tablet,West,25-34,2024-06,2024-06-02,2024-06-04,2024-06-05,2024-06-05,2024-06-09,2024-06-10,1,Converted,1,1,1,1
U005931,2024-05-12,Paid_Search,Mobile,South,25-34,2024-05,2024-05-12,2024-05-13,,,,,0,stage2,1,0,0,0
U005932,2024-06-17,Paid_Search,Desktop,North,55+,2024-06,2024-06-17,2024-06-19,,,,,0,stage2,1,0,0,0
U005933,2024-04-23,Referral,Mobile,North,18-24,2024-04,2024-04-23,2024-04-23,2024-04-26,,,,0,stage3,1,1,0,0
U005934,2024-05-05,Paid_Search,Mobile,North,45-54,2024-05,2024-05-05,2024-05-07,2024-05-09,2024-05-11,2024-05-14,2024-05-16,1,Converted,1,1,1,1
U005935,2024-05-17,Referral,Desktop,East,55+,2024-05,2024-05-17,2024-05-19,2024-05-20,2024-05-22,2024-05-23,2024-05-25,1,Converted,1,1,1,1
U005941,2024-05-31,Referral,Desktop,South,25-34,2024-05,2024-05-31,2024-06-01,2024-06-03,2024-06-03,2024-06-07,2024-06-07,1,Converted,1,1,1,1
U005942,2024-05-20,Email,Mobile,South,55+,2024-05,2024-05-20,,,,,,0,stage1,0,0,0,0
U005944,2024-04-12,Referral,Mobile,North,35-44,2024-04,2024-04-12,2024-04-13,,,,,0,stage2,1,0,0,0
U005946,2024-04-18,Email,Mobile,Central,18-24,2024-04,2024-04-18,2024-04-20,,,,,0,stage2,1,0,0,0
U005949,2024-06-10,Organic,Mobile,West,25-34,2024-06,2024-06-10,,,,,,0,stage1,0,0,0,0
U005951,2024-06-11,Email,Desktop,North,25-34,2024-06,2024-06-11,2024-06-13,,,,,0,stage2,1,0,0,0
U005952,2024-06-14,Organic,Mobile,North,35-44,2024-06,2024-06-14,,,,,,0,stage1,0,0,0,0
U005954,2024-04-05,Social,Mobile,South,55+,2024-04,2024-04-05,,,,,,0,stage1,0,0,0,0
U005955,2024-05-24,Referral,Desktop,Central,25-34,2024-05,2024-05-24,2024-05-26,,,,,0,stage2,1,0,0,0
U005956,2024-06-14,Email,Desktop,West,25-34,2024-06,2024-06-14,2024-06-16,2024-06-19,,,,0,stage3,1,1,0,0
U005958,2024-04-17,Paid_Search,Mobile,East,55+,2024-04,2024-04-17,2024-04-17,,,,,0,stage2,1,0,0,0
U005963,2024-05-20,Paid_Search,Mobile,North,35-44,2024-05,2024-05-20,,,,,,0,stage1,0,0,0,0
U005964,2024-04-14,Referral,Mobile,North,25-34,2024-04,2024-04-14,,,,,,0,stage1,0,0,0,0
U005974,2024-05-14,Paid_Search,Mobile,Central,45-54,2024-05,2024-05-14,2024-05-16,2024-05-18,,,,0,stage3,1,1,0,0
U005975,2024-05-30,Paid_Search,Desktop,East,25-34,2024-05,2024-05-30,2024-05-31,2024-06-01,2024-06-03,,,0,stage4,1,1,1,0
U005977,2024-05-26,Organic,Desktop,Central,45-54,2024-05,2024-05-26,2024-05-27,2024-05-30,2024-05-31,2024-06-01,2024-06-01,1,Converted,1,1,1,1
U005979,2024-04-09,Organic,Mobile,South,18-24,2024-04,2024-04-09,2024-04-09,,,,,0,stage2,1,0,0,0
U005981,2024-06-22,Organic,Desktop,North,18-24,2024-06,2024-06-22,2024-06-24,2024-06-27,2024-06-29,2024-07-03,2024-07-04,1,Converted,1,1,1,1
U005982,2024-05-31,Organic,Mobile,South,18-24,2024-05,2024-05-31,2024-05-31,,,,,0,stage2,1,0,0,0
U005985,2024-05-11,Paid_Search,Tablet,East,35-44,2024-05,2024-05-11,,,,,,0,stage1,0,0,0,0
U005987,2024-06-17,Organic,Desktop,Central,35-44,2024-06,2024-06-17,,,,,,0,stage1,0,0,0,0
U005990,2024-04-06,Paid_Search,Mobile,South,45-54,2024-04,2024-04-06,,,,,,0,stage1,0,0,0,0
U005991,2024-05-25,Email,Mobile,South,25-34,2024-05,2024-05-25,2024-05-27,,,,,0,stage2,1,0,0,0
U005993,2024-06-12,Organic,Mobile,South,35-44,2024-06,2024-06-12,,,,,,0,stage1,0,0,0,0
U005994,2024-04-04,Paid_Search,Desktop,Central,25-34,2024-04,2024-04-04,2024-04-06,2024-04-07,2024-04-09,2024-04-13,2024-04-15,1,Converted,1,1,1,1
U005995,2024-04-27,Social,Mobile,Central,55+,2024-04,2024-04-27,,,,,,0,stage1,0,0,0,0
U005997,2024-04-22,Paid_Search,Mobile,Central,18-24,2024-04,2024-04-22,2024-04-23,2024-04-25,,,,0,stage3,1,1,0,0
U005998,2024-05-08,Referral,Desktop,Central,18-24,2024-05,2024-05-08,2024-05-09,,,,,0,stage2,1,0,0,0
U006000,2024-06-11,Social,Desktop,South,35-44,2024-06,2024-06-11,,,,,,0,stage1,0,0,0,0
U006008,2024-05-06,Organic,Desktop,South,25-34,2024-05,2024-05-06,2024-05-06,2024-05-08,2024-05-10,2024-05-12,2024-05-13,1,Converted,1,1,1,1
U006009,2024-05-07,Social,Mobile,West,25-34,2024-05,2024-05-07,,,,,,0,stage1,0,0,0,0
U006010,2024-05-11,Paid_Search,Mobile,Central,18-24,2024-05,2024-05-11,2024-05-13,,,,,0,stage2,1,0,0,0
U006011,2024-06-22,Paid_Search,Tablet,Central,45-54,2024-06,2024-06-22,,,,,,0,stage1,0,0,0,0
U006012,2024-05-16,Paid_Search,Mobile,West,25-34,2024-05,2024-05-16,2024-05-18,,,,,0,stage2,1,0,0,0
U006015,2024-06-06,Organic,Mobile,West,25-34,2024-06,2024-06-06,2024-06-06,,,,,0,stage2,1,0,0,0
U006017,2024-04-18,Organic,Desktop,North,35-44,2024-04,2024-04-18,2024-04-20,,,,,0,stage2,1,0,0,0
U006018,2024-05-16,Organic,Desktop,North,55+,2024-05,2024-05-16,2024-05-18,2024-05-20,2024-05-20,2024-05-21,2024-05-23,1,Converted,1,1,1,1
U006019,2024-04-24,Referral,Mobile,West,18-24,2024-04,2024-04-24,2024-04-24,,,,,0,stage2,1,0,0,0
U006020,2024-06-21,Referral,Mobile,Central,18-24,2024-06,2024-06-21,2024-06-23,2024-06-24,2024-06-24,2024-06-25,2024-06-26,1,Converted,1,1,1,1
U006022,2024-05-11,Paid_Search,Mobile,South,25-34,2024-05,2024-05-11,2024-05-12,,,,,0,stage2,1,0,0,0
U006024,2024-05-06,Organic,Mobile,West,18-24,2024-05,2024-05-06,2024-05-07,,,,,0,stage2,1,0,0,0
U006027,2024-06-22,Organic,Mobile,West,35-44,2024-06,2024-06-22,2024-06-22,,,,,0,stage2,1,0,0,0
U006028,2024-05-18,Paid_Search,Desktop,West,25-34,2024-05,2024-05-18,2024-05-18,,,,,0,stage2,1,0,0,0
U006030,2024-05-03,Organic,Desktop,Central,55+,2024-05,2024-05-03,2024-05-04,,,,,0,stage2,1,0,0,0
U006033,2024-06-10,Paid_Search,Mobile,North,45-54,2024-06,2024-06-10,2024-06-12,,,,,0,stage2,1,0,0,0
U006034,2024-04-10,Social,Mobile,North,55+,2024-04,2024-04-10,,,,,,0,stage1,0,0,0,0
U006036,2024-05-11,Social,Desktop,North,25-34,2024-05,2024-05-11,2024-05-11,,,,,0,stage2,1,0,0,0
U006037,2024-04-28,Organic,Desktop,East,55+,2024-04,2024-04-28,,,,,,0,stage1,0,0,0,0
U006038,2024-06-07,Referral,Desktop,North,25-34,2024-06,2024-06-07,,,,,,0,stage1,0,0,0,0
U006039,2024-05-04,Referral,Mobile,East,55+,2024-05,2024-05-04,2024-05-04,2024-05-06,,,,0,stage3,1,1,0,0
U006041,2024-06-06,Paid_Search,Mobile,East,18-24,2024-06,2024-06-06,2024-06-07,2024-06-09,2024-06-10,,,0,stage4,1,1,1,0
U006045,2024-04-12,Social,Desktop,West,25-34,2024-04,2024-04-12,,,,,,0,stage1,0,0,0,0
U006047,2024-04-20,Referral,Mobile,North,25-34,2024-04,2024-04-20,,,,,,0,stage1,0,0,0,0
U006048,2024-05-05,Paid_Search,Mobile,East,45-54,2024-05,2024-05-05,,,,,,0,stage1,0,0,0,0
U006050,2024-05-15,Paid_Search,Desktop,Central,45-54,2024-05,2024-05-15,2024-05-17,,,,,0,stage2,1,0,0,0
U006053,2024-06-17,Referral,Tablet,Central,35-44,2024-06,2024-06-17,2024-06-18,,,,,0,stage2,1,0,0,0
U006055,2024-04-11,Social,Mobile,South,18-24,2024-04,2024-04-11,2024-04-12,2024-04-14,,,,0,stage3,1,1,0,0
U006056,2024-04-03,Email,Mobile,East,35-44,2024-04,2024-04-03,,,,,,0,stage1,0,0,0,0
U006057,2024-04-19,Email,Mobile,South,18-24,2024-04,2024-04-19,2024-04-19,,,,,0,stage2,1,0,0,0
U006058,2024-05-17,Paid_Search,Desktop,East,55+,2024-05,2024-05-17,2024-05-18,2024-05-19,2024-05-20,2024-05-24,,0,stage5,1,1,1,1
U006061,2024-04-21,Organic,Mobile,West,25-34,2024-04,2024-04-21,2024-04-21,2024-04-23,,,,0,stage3,1,1,0,0
U006062,2024-06-30,Referral,Mobile,Central,25-34,2024-06,2024-06-30,2024-06-30,,,,,0,stage2,1,0,0,0
U006066,2024-04-17,Social,Mobile,South,35-44,2024-04,2024-04-17,2024-04-19,2024-04-21,,,,0,stage3,1,1,0,0
U006069,2024-04-17,Referral,Desktop,South,35-44,2024-04,2024-04-17,,,,,,0,stage1,0,0,0,0
U006070,2024-05-05,Email,Desktop,West,35-44,2024-05,2024-05-05,2024-05-07,2024-05-09,2024-05-11,2024-05-13,2024-05-14,1,Converted,1,1,1,1
U006071,2024-04-12,Referral,Mobile,North,18-24,2024-04,2024-04-12,2024-04-14,2024-04-17,,,,0,stage3,1,1,0,0
U006072,2024-04-09,Paid_Search,Mobile,North,35-44,2024-04,2024-04-09,,,,,,0,stage1,0,0,0,0
U006076,2024-06-22,Organic,Desktop,North,55+,2024-06,2024-06-22,2024-06-23,,,,,0,stage2,1,0,0,0
U006077,2024-04-19,Social,Mobile,West,45-54,2024-04,2024-04-19,2024-04-21,,,,,0,stage2,1,0,0,0
U006079,2024-04-21,Social,Tablet,East,55+,2024-04,2024-04-21,2024-04-22,2024-04-24,,,,0,stage3,1,1,0,0
U006082,2024-04-19,Organic,Mobile,North,18-24,2024-04,2024-04-19,2024-04-19,2024-04-22,,,,0,stage3,1,1,0,0
U006084,2024-05-10,Referral,Mobile,West,25-34,2024-05,2024-05-10,2024-05-10,,,,,0,stage2,1,0,0,0
U006087,2024-06-28,Email,Mobile,Central,18-24,2024-06,2024-06-28,2024-06-28,,,,,0,stage2,1,0,0,0
U006088,2024-06-19,Email,Mobile,North,18-24,2024-06,2024-06-19,2024-06-20,,,,,0,stage2,1,0,0,0
U006090,2024-06-29,Email,Mobile,Central,35-44,2024-06,2024-06-29,2024-06-29,2024-07-02,,,,0,stage3,1,1,0,0
U006091,2024-05-08,Paid_Search,Mobile,South,35-44,2024-05,2024-05-08,2024-05-10,2024-05-11,2024-05-11,,,0,stage4,1,1,1,0
U006092,2024-05-31,Organic,Mobile,North,18-24,2024-05,2024-05-31,2024-06-02,,,,,0,stage2,1,0,0,0
U006093,2024-06-11,Referral,Desktop,East,18-24,2024-06,2024-06-11,,,,,,0,stage1,0,0,0,0
U006096,2024-04-19,Paid_Search,Mobile,North,45-54,2024-04,2024-04-19,2024-04-19,2024-04-22,,,,0,stage3,1,1,0,0
U006099,2024-06-11,Email,Desktop,North,25-34,2024-06,2024-06-11,2024-06-11,,,,,0,stage2,1,0,0,0
U006106,2024-04-17,Referral,Mobile,Central,35-44,2024-04,2024-04-17,,,,,,0,stage1,0,0,0,0
U006113,2024-04-30,Referral,Mobile,Central,35-44,2024-04,2024-04-30,2024-05-01,,,,,0,stage2,1,0,0,0
U006114,2024-06-04,Referral,Desktop,South,25-34,2024-06,2024-06-04,2024-06-04,2024-06-06,2024-06-06,2024-06-09,2024-06-10,1,Converted,1,1,1,1
U006115,2024-04-03,Referral,Mobile,West,25-34,2024-04,2024-04-03,,,,,,0,stage1,0,0,0,0
U006119,2024-04-02,Referral,Desktop,Central,35-44,2024-04,2024-04-02,2024-04-04,,,,,0,stage2,1,0,0,0
U006120,2024-05-30,Email,Mobile,East,45-54,2024-05,2024-05-30,2024-06-01,2024-06-04,,,,0,stage3,1,1,0,0
U006121,2024-04-05,Organic,Mobile,Central,35-44,2024-04,2024-04-05,,,,,,0,stage1,0,0,0,0
U006123,2024-06-15,Referral,Desktop,North,25-34,2024-06,2024-06-15,2024-06-16,2024-06-17,,,,0,stage3,1,1,0,0
U006124,2024-05-29,Email,Mobile,South,18-24,2024-05,2024-05-29,2024-05-30,,,,,0,stage2,1,0,0,0
U006127,2024-06-03,Social,Desktop,North,45-54,2024-06,2024-06-03,2024-06-03,2024-06-04,2024-06-06,2024-06-08,,0,stage5,1,1,1,1
U006130,2024-05-19,Paid_Search,Mobile,Central,18-24,2024-05,2024-05-19,,,,,,0,stage1,0,0,0,0
U006131,2024-06-07,Organic,Desktop,East,35-44,2024-06,2024-06-07,2024-06-08,2024-06-10,,,,0,stage3,1,1,0,0
U006132,2024-05-01,Social,Mobile,South,18-24,2024-05,2024-05-01,,,,,,0,stage1,0,0,0,0
U006138,2024-04-17,Social,Mobile,Central,35-44,2024-04,2024-04-17,2024-04-19,2024-04-22,2024-04-23,,,0,stage4,1,1,1,0
U006139,2024-05-23,Organic,Mobile,Central,35-44,2024-05,2024-05-23,2024-05-24,2024-05-26,2024-05-27,,,0,stage4,1,1,1,0
U006140,2024-06-10,Email,Desktop,North,25-34,2024-06,2024-06-10,2024-06-12,2024-06-13,2024-06-14,2024-06-15,2024-06-16,1,Converted,1,1,1,1
U006141,2024-04-17,Organic,Desktop,North,45-54,2024-04,2024-04-17,2024-04-19,2024-04-22,2024-04-22,,,0,stage4,1,1,1,0
U006145,2024-04-11,Referral,Desktop,South,18-24,2024-04,2024-04-11,,,,,,0,stage1,0,0,0,0
U006146,2024-05-06,Paid_Search,Mobile,West,55+,2024-05,2024-05-06,,,,,,0,stage1,0,0,0,0
U006147,2024-06-24,Organic,Mobile,North,55+,2024-06,2024-06-24,2024-06-26,2024-06-29,,,,0,stage3,1,1,0,0
U006150,2024-05-10,Paid_Search,Mobile,Central,25-34,2024-05,2024-05-10,,,,,,0,stage1,0,0,0,0
U006151,2024-04-08,Organic,Mobile,West,45-54,2024-04,2024-04-08,,,,,,0,stage1,0,0,0,0
U006152,2024-05-23,Organic,Mobile,Central,25-34,2024-05,2024-05-23,,,,,,0,stage1,0,0,0,0
U006153,2024-04-09,Organic,Tablet,Central,18-24,2024-04,2024-04-09,,,,,,0,stage1,0,0,0,0
U006154,2024-04-12,Organic,Mobile,East,35-44,2024-04,2024-04-12,2024-04-14,,,,,0,stage2,1,0,0,0
U006159,2024-05-31,Referral,Mobile,North,18-24,2024-05,2024-05-31,2024-06-02,2024-06-03,2024-06-05,2024-06-09,2024-06-11,1,Converted,1,1,1,1
U006160,2024-06-30,Referral,Desktop,Central,25-34,2024-06,2024-06-30,2024-07-02,2024-07-05,2024-07-06,2024-07-09,2024-07-09,1,Converted,1,1,1,1
U006162,2024-06-30,Paid_Search,Desktop,Central,25-34,2024-06,2024-06-30,2024-07-01,,,,,0,stage2,1,0,0,0
U006163,2024-05-21,Social,Mobile,South,25-34,2024-05,2024-05-21,,,,,,0,stage1,0,0,0,0
U006172,2024-05-16,Organic,Mobile,North,55+,2024-05,2024-05-16,2024-05-16,2024-05-17,,,,0,stage3,1,1,0,0
U006173,2024-06-15,Organic,Tablet,South,35-44,2024-06,2024-06-15,2024-06-16,,,,,0,stage2,1,0,0,0
U006174,2024-06-10,Social,Desktop,Central,18-24,2024-06,2024-06-10,,,,,,0,stage1,0,0,0,0
U006175,2024-06-03,Referral,Desktop,West,25-34,2024-06,2024-06-03,2024-06-04,2024-06-06,,,,0,stage3,1,1,0,0
U006177,2024-06-29,Social,Desktop,West,18-24,2024-06,2024-06-29,,,,,,0,stage1,0,0,0,0
U006178,2024-05-20,Social,Desktop,Central,35-44,2024-05,2024-05-20,2024-05-21,,,,,0,stage2,1,0,0,0
U006180,2024-04-14,Referral,Mobile,South,35-44,2024-04,2024-04-14,,,,,,0,stage1,0,0,0,0
U006181,2024-06-05,Organic,Mobile,North,55+,2024-06,2024-06-05,2024-06-06,,,,,0,stage2,1,0,0,0
U006185,2024-05-29,Referral,Mobile,North,25-34,2024-05,2024-05-29,2024-05-29,,,,,0,stage2,1,0,0,0
U006186,2024-06-25,Referral,Desktop,East,25-34,2024-06,2024-06-25,2024-06-26,,,,,0,stage2,1,0,0,0
U006187,2024-06-16,Paid_Search,Mobile,Central,18-24,2024-06,2024-06-16,2024-06-17,2024-06-20,,,,0,stage3,1,1,0,0
U006188,2024-06-11,Organic,Desktop,North,18-24,2024-06,2024-06-11,2024-06-13,,,,,0,stage2,1,0,0,0
U006189,2024-05-21,Social,Mobile,East,35-44,2024-05,2024-05-21,2024-05-21,2024-05-23,2024-05-23,2024-05-26,2024-05-27,1,Converted,1,1,1,1
U006191,2024-04-11,Social,Mobile,East,18-24,2024-04,2024-04-11,2024-04-11,2024-04-13,2024-04-13,,,0,stage4,1,1,1,0
U006192,2024-04-21,Organic,Tablet,North,55+,2024-04,2024-04-21,2024-04-22,,,,,0,stage2,1,0,0,0
U006201,2024-06-14,Social,Desktop,Central,35-44,2024-06,2024-06-14,,,,,,0,stage1,0,0,0,0
U006202,2024-04-13,Email,Mobile,East,35-44,2024-04,2024-04-13,,,,,,0,stage1,0,0,0,0
U006204,2024-05-14,Referral,Mobile,East,45-54,2024-05,2024-05-14,,,,,,0,stage1,0,0,0,0
U006206,2024-06-03,Social,Desktop,West,25-34,2024-06,2024-06-03,,,,,,0,stage1,0,0,0,0
U006208,2024-04-06,Referral,Mobile,South,25-34,2024-04,2024-04-06,2024-04-07,,,,,0,stage2,1,0,0,0
U006210,2024-06-13,Paid_Search,Desktop,East,35-44,2024-06,2024-06-13,2024-06-13,2024-06-14,2024-06-14,2024-06-15,,0,stage5,1,1,1,1
U006212,2024-06-02,Organic,Mobile,South,55+,2024-06,2024-06-02,2024-06-02,2024-06-03,,,,0,stage3,1,1,0,0
U006215,2024-05-02,Paid_Search,Desktop,North,25-34,2024-05,2024-05-02,2024-05-04,,,,,0,stage2,1,0,0,0
U006216,2024-04-23,Paid_Search,Mobile,Central,18-24,2024-04,2024-04-23,,,,,,0,stage1,0,0,0,0
U006219,2024-05-19,Paid_Search,Desktop,South,55+,2024-05,2024-05-19,2024-05-21,2024-05-23,2024-05-25,,,0,stage4,1,1,1,0
U006220,2024-05-19,Referral,Mobile,North,25-34,2024-05,2024-05-19,2024-05-19,2024-05-20,2024-05-20,2024-05-21,2024-05-23,1,Converted,1,1,1,1
U006223,2024-04-19,Referral,Tablet,North,18-24,2024-04,2024-04-19,2024-04-20,2024-04-21,2024-04-22,2024-04-25,2024-04-25,1,Converted,1,1,1,1
U006224,2024-06-24,Referral,Tablet,North,18-24,2024-06,2024-06-24,2024-06-25,2024-06-28,,,,0,stage3,1,1,0,0
U006231,2024-04-02,Organic,Mobile,South,55+,2024-04,2024-04-02,2024-04-02,,,,,0,stage2,1,0,0,0
U006234,2024-04-18,Email,Mobile,South,35-44,2024-04,2024-04-18,2024-04-18,,,,,0,stage2,1,0,0,0
U006235,2024-06-19,Paid_Search,Mobile,East,45-54,2024-06,2024-06-19,2024-06-21,2024-06-23,2024-06-25,,,0,stage4,1,1,1,0
U006240,2024-04-09,Email,Desktop,North,35-44,2024-04,2024-04-09,,,,,,0,stage1,0,0,0,0
U006241,2024-04-24,Organic,Mobile,West,45-54,2024-04,2024-04-24,,,,,,0,stage1,0,0,0,0
U006242,2024-05-02,Email,Mobile,East,35-44,2024-05,2024-05-02,,,,,,0,stage1,0,0,0,0
U006244,2024-05-27,Organic,Desktop,North,18-24,2024-05,2024-05-27,2024-05-28,,,,,0,stage2,1,0,0,0
U006248,2024-05-06,Referral,Desktop,South,18-24,2024-05,2024-05-06,2024-05-07,2024-05-09,2024-05-11,2024-05-15,2024-05-17,1,Converted,1,1,1,1
U006249,2024-06-11,Email,Mobile,West,35-44,2024-06,2024-06-11,2024-06-12,,,,,0,stage2,1,0,0,0
U006252,2024-04-08,Social,Desktop,West,55+,2024-04,2024-04-08,,,,,,0,stage1,0,0,0,0
U006253,2024-04-17,Email,Mobile,East,55+,2024-04,2024-04-17,,,,,,0,stage1,0,0,0,0
U006254,2024-05-20,Social,Mobile,Central,35-44,2024-05,2024-05-20,2024-05-21,2024-05-24,2024-05-26,,,0,stage4,1,1,1,0
U006255,2024-05-06,Referral,Desktop,East,55+,2024-05,2024-05-06,2024-05-08,2024-05-11,2024-05-11,,,0,stage4,1,1,1,0
U006256,2024-04-08,Paid_Search,Mobile,North,25-34,2024-04,2024-04-08,,,,,,0,stage1,0,0,0,0
U006258,2024-05-28,Paid_Search,Tablet,North,35-44,2024-05,2024-05-28,,,,,,0,stage1,0,0,0,0
U006259,2024-04-17,Organic,Mobile,South,18-24,2024-04,2024-04-17,2024-04-19,,,,,0,stage2,1,0,0,0
U006260,2024-05-27,Referral,Mobile,North,18-24,2024-05,2024-05-27,2024-05-29,,,,,0,stage2,1,0,0,0
U006262,2024-06-28,Referral,Desktop,North,55+,2024-06,2024-06-28,2024-06-28,2024-06-29,,,,0,stage3,1,1,0,0
U006263,2024-04-02,Paid_Search,Mobile,South,35-44,2024-04,2024-04-02,2024-04-02,2024-04-03,2024-04-03,,,0,stage4,1,1,1,0
U006264,2024-04-02,Organic,Desktop,South,35-44,2024-04,2024-04-02,2024-04-04,,,,,0,stage2,1,0,0,0
U006265,2024-05-01,Referral,Mobile,Central,45-54,2024-05,2024-05-01,2024-05-01,,,,,0,stage2,1,0,0,0
U006269,2024-04-27,Social,Mobile,Central,18-24,2024-04,2024-04-27,2024-04-27,2024-04-30,2024-05-01,,,0,stage4,1,1,1,0
U006273,2024-06-29,Paid_Search,Mobile,East,18-24,2024-06,2024-06-29,,,,,,0,stage1,0,0,0,0
U006277,2024-05-28,Referral,Mobile,Central,55+,2024-05,2024-05-28,2024-05-28,,,,,0,stage2,1,0,0,0
U006278,2024-05-02,Social,Mobile,Central,35-44,2024-05,2024-05-02,2024-05-04,,,,,0,stage2,1,0,0,0
U006284,2024-05-25,Organic,Desktop,Central,18-24,2024-05,2024-05-25,2024-05-26,,,,,0,stage2,1,0,0,0
U006288,2024-05-15,Organic,Mobile,North,25-34,2024-05,2024-05-15,,,,,,0,stage1,0,0,0,0
U006289,2024-06-27,Organic,Mobile,North,45-54,2024-06,2024-06-27,2024-06-28,,,,,0,stage2,1,0,0,0
U006290,2024-04-30,Paid_Search,Desktop,South,35-44,2024-04,2024-04-30,,,,,,0,stage1,0,0,0,0
U006291,2024-04-15,Paid_Search,Mobile,South,18-24,2024-04,2024-04-15,2024-04-17,,,,,0,stage2,1,0,0,0
U006293,2024-06-14,Referral,Mobile,South,35-44,2024-06,2024-06-14,2024-06-16,,,,,0,stage2,1,0,0,0
U006298,2024-04-11,Organic,Mobile,South,35-44,2024-04,2024-04-11,2024-04-12,,,,,0,stage2,1,0,0,0
U006299,2024-06-23,Paid_Search,Desktop,Central,35-44,2024-06,2024-06-23,2024-06-24,,,,,0,stage2,1,0,0,0
U006300,2024-05-21,Paid_Search,Desktop,North,45-54,2024-05,2024-05-21,2024-05-23,,,,,0,stage2,1,0,0,0
U006302,2024-05-08,Referral,Mobile,East,25-34,2024-05,2024-05-08,2024-05-09,,,,,0,stage2,1,0,0,0
U006303,2024-06-30,Organic,Mobile,East,25-34,2024-06,2024-06-30,,,,,,0,stage1,0,0,0,0
U006305,2024-04-06,Organic,Desktop,Central,55+,2024-04,2024-04-06,,,,,,0,stage1,0,0,0,0
U006308,2024-06-07,Organic,Tablet,East,35-44,2024-06,2024-06-07,2024-06-07,2024-06-08,2024-06-09,2024-06-11,2024-06-13,1,Converted,1,1,1,1
U006309,2024-05-23,Organic,Desktop,South,45-54,2024-05,2024-05-23,2024-05-25,2024-05-26,,,,0,stage3,1,1,0,0
U006310,2024-06-26,Organic,Mobile,North,45-54,2024-06,2024-06-26,,,,,,0,stage1,0,0,0,0
U006311,2024-04-29,Paid_Search,Desktop,East,55+,2024-04,2024-04-29,2024-04-30,,,,,0,stage2,1,0,0,0
U006313,2024-06-16,Paid_Search,Desktop,West,45-54,2024-06,2024-06-16,2024-06-18,2024-06-20,2024-06-21,2024-06-23,2024-06-23,1,Converted,1,1,1,1
U006314,2024-04-05,Referral,Desktop,South,35-44,2024-04,2024-04-05,2024-04-07,,,,,0,stage2,1,0,0,0
U006315,2024-04-18,Paid_Search,Desktop,West,55+,2024-04,2024-04-18,2024-04-18,2024-04-20,2024-04-20,2024-04-21,2024-04-21,1,Converted,1,1,1,1
U006316,2024-04-02,Email,Mobile,East,45-54,2024-04,2024-04-02,2024-04-04,2024-04-06,,,,0,stage3,1,1,0,0
U006318,2024-05-18,Social,Desktop,North,18-24,2024-05,2024-05-18,,,,,,0,stage1,0,0,0,0
U006320,2024-06-01,Referral,Mobile,West,18-24,2024-06,2024-06-01,,,,,,0,stage1,0,0,0,0
U006322,2024-05-21,Social,Tablet,Central,35-44,2024-05,2024-05-21,2024-05-21,2024-05-24,2024-05-24,2024-05-26,,0,stage5,1,1,1,1
U006326,2024-05-24,Referral,Desktop,South,18-24,2024-05,2024-05-24,2024-05-25,,,,,0,stage2,1,0,0,0
U006331,2024-04-11,Organic,Mobile,South,25-34,2024-04,2024-04-11,2024-04-13,2024-04-14,,,,0,stage3,1,1,0,0
U006333,2024-04-01,Referral,Mobile,East,55+,2024-04,2024-04-01,2024-04-01,2024-04-04,,,,0,stage3,1,1,0,0
U006334,2024-06-21,Organic,Desktop,Central,18-24,2024-06,2024-06-21,,,,,,0,stage1,0,0,0,0
U006336,2024-05-08,Paid_Search,Mobile,North,25-34,2024-05,2024-05-08,2024-05-08,,,,,0,stage2,1,0,0,0
U006337,2024-05-08,Organic,Desktop,South,35-44,2024-05,2024-05-08,2024-05-08,2024-05-09,,,,0,stage3,1,1,0,0
U006338,2024-05-30,Paid_Search,Desktop,West,35-44,2024-05,2024-05-30,,,,,,0,stage1,0,0,0,0
U006339,2024-04-07,Social,Mobile,North,35-44,2024-04,2024-04-07,2024-04-08,,,,,0,stage2,1,0,0,0
U006340,2024-05-30,Referral,Desktop,West,35-44,2024-05,2024-05-30,2024-05-30,2024-06-01,2024-06-01,2024-06-03,2024-06-05,1,Converted,1,1,1,1
U006341,2024-04-28,Organic,Mobile,East,35-44,2024-04,2024-04-28,2024-04-28,2024-05-01,2024-05-01,2024-05-03,2024-05-03,1,Converted,1,1,1,1
U006342,2024-06-23,Referral,Desktop,South,18-24,2024-06,2024-06-23,2024-06-25,,,,,0,stage2,1,0,0,0
U006345,2024-05-08,Organic,Mobile,West,25-34,2024-05,2024-05-08,2024-05-10,,,,,0,stage2,1,0,0,0
U006346,2024-06-04,Paid_Search,Desktop,South,45-54,2024-06,2024-06-04,2024-06-06,,,,,0,stage2,1,0,0,0
U006347,2024-05-13,Organic,Desktop,East,18-24,2024-05,2024-05-13,2024-05-14,2024-05-16,2024-05-16,2024-05-19,2024-05-20,1,Converted,1,1,1,1
U006348,2024-04-02,Referral,Desktop,North,25-34,2024-04,2024-04-02,2024-04-04,2024-04-06,2024-04-06,2024-04-10,2024-04-10,1,Converted,1,1,1,1
U006350,2024-06-04,Organic,Mobile,West,45-54,2024-06,2024-06-04,,,,,,0,stage1,0,0,0,0
U006352,2024-06-09,Email,Desktop,Central,35-44,2024-06,2024-06-09,2024-06-10,,,,,0,stage2,1,0,0,0
U006356,2024-05-20,Paid_Search,Desktop,Central,35-44,2024-05,2024-05-20,,,,,,0,stage1,0,0,0,0
U006360,2024-05-27,Paid_Search,Desktop,Central,25-34,2024-05,2024-05-27,2024-05-28,2024-05-30,2024-05-30,,,0,stage4,1,1,1,0
U006362,2024-06-30,Email,Mobile,North,25-34,2024-06,2024-06-30,2024-07-01,2024-07-03,2024-07-04,2024-07-07,2024-07-08,1,Converted,1,1,1,1
U006363,2024-06-15,Social,Tablet,North,25-34,2024-06,2024-06-15,2024-06-15,,,,,0,stage2,1,0,0,0
U006365,2024-05-04,Paid_Search,Tablet,North,45-54,2024-05,2024-05-04,2024-05-04,2024-05-06,,,,0,stage3,1,1,0,0
U006367,2024-04-14,Social,Mobile,East,45-54,2024-04,2024-04-14,,,,,,0,stage1,0,0,0,0
U006368,2024-06-07,Paid_Search,Desktop,West,25-34,2024-06,2024-06-07,,,,,,0,stage1,0,0,0,0
U006369,2024-06-23,Organic,Mobile,East,55+,2024-06,2024-06-23,2024-06-23,,,,,0,stage2,1,0,0,0
U006370,2024-04-22,Paid_Search,Desktop,Central,45-54,2024-04,2024-04-22,,,,,,0,stage1,0,0,0,0
U006371,2024-04-03,Social,Mobile,South,25-34,2024-04,2024-04-03,,,,,,0,stage1,0,0,0,0
U006372,2024-05-11,Organic,Mobile,Central,35-44,2024-05,2024-05-11,,,,,,0,stage1,0,0,0,0
U006373,2024-06-08,Organic,Mobile,South,18-24,2024-06,2024-06-08,2024-06-09,2024-06-11,2024-06-11,2024-06-15,2024-06-17,1,Converted,1,1,1,1
U006374,2024-04-25,Organic,Desktop,West,45-54,2024-04,2024-04-25,2024-04-26,,,,,0,stage2,1,0,0,0
U006375,2024-06-23,Email,Desktop,East,18-24,2024-06,2024-06-23,2024-06-23,2024-06-26,,,,0,stage3,1,1,0,0
U006376,2024-06-13,Referral,Tablet,Central,55+,2024-06,2024-06-13,2024-06-13,2024-06-16,,,,0,stage3,1,1,0,0
U006378,2024-05-23,Email,Mobile,West,18-24,2024-05,2024-05-23,,,,,,0,stage1,0,0,0,0
U006382,2024-04-06,Social,Mobile,North,35-44,2024-04,2024-04-06,2024-04-06,2024-04-09,,,,0,stage3,1,1,0,0
U006383,2024-04-12,Paid_Search,Desktop,North,55+,2024-04,2024-04-12,,,,,,0,stage1,0,0,0,0
U006386,2024-04-09,Organic,Desktop,East,45-54,2024-04,2024-04-09,,,,,,0,stage1,0,0,0,0
U006387,2024-04-28,Organic,Desktop,East,55+,2024-04,2024-04-28,2024-04-30,2024-05-01,,,,0,stage3,1,1,0,0
U006389,2024-06-13,Organic,Mobile,East,35-44,2024-06,2024-06-13,2024-06-15,2024-06-17,,,,0,stage3,1,1,0,0
U006391,2024-04-20,Referral,Desktop,North,55+,2024-04,2024-04-20,,,,,,0,stage1,0,0,0,0
U006393,2024-04-12,Organic,Mobile,East,35-44,2024-04,2024-04-12,2024-04-13,2024-04-14,2024-04-15,,,0,stage4,1,1,1,0
U006396,2024-05-01,Organic,Mobile,West,25-34,2024-05,2024-05-01,2024-05-01,,,,,0,stage2,1,0,0,0
U006399,2024-05-19,Social,Mobile,South,18-24,2024-05,2024-05-19,,,,,,0,stage1,0,0,0,0
U006402,2024-06-12,Referral,Mobile,North,25-34,2024-06,2024-06-12,2024-06-12,,,,,0,stage2,1,0,0,0
U006405,2024-04-07,Paid_Search,Desktop,East,25-34,2024-04,2024-04-07,2024-04-07,,,,,0,stage2,1,0,0,0
U006406,2024-04-02,Referral,Mobile,East,35-44,2024-04,2024-04-02,2024-04-03,2024-04-05,2024-04-05,2024-04-06,2024-04-06,1,Converted,1,1,1,1
U006408,2024-06-24,Organic,Desktop,North,45-54,2024-06,2024-06-24,,,,,,0,stage1,0,0,0,0
U006409,2024-04-18,Paid_Search,Desktop,South,18-24,2024-04,2024-04-18,2024-04-19,2024-04-21,2024-04-23,2024-04-25,2024-04-25,1,Converted,1,1,1,1
U006411,2024-04-25,Social,Mobile,North,25-34,2024-04,2024-04-25,,,,,,0,stage1,0,0,0,0
U006412,2024-04-17,Referral,Mobile,North,25-34,2024-04,2024-04-17,2024-04-19,,,,,0,stage2,1,0,0,0
U006417,2024-04-19,Organic,Mobile,Central,45-54,2024-04,2024-04-19,2024-04-20,2024-04-22,,,,0,stage3,1,1,0,0
U006420,2024-05-01,Organic,Desktop,West,25-34,2024-05,2024-05-01,2024-05-03,,,,,0,stage2,1,0,0,0
U006421,2024-06-25,Social,Tablet,South,55+,2024-06,2024-06-25,2024-06-25,2024-06-28,2024-06-29,2024-07-02,2024-07-04,1,Converted,1,1,1,1
U006422,2024-05-26,Organic,Desktop,East,55+,2024-05,2024-05-26,2024-05-27,,,,,0,stage2,1,0,0,0
U006424,2024-06-01,Paid_Search,Mobile,East,25-34,2024-06,2024-06-01,,,,,,0,stage1,0,0,0,0
U006427,2024-06-19,Social,Mobile,South,18-24,2024-06,2024-06-19,,,,,,0,stage1,0,0,0,0
U006428,2024-05-28,Social,Mobile,East,25-34,2024-05,2024-05-28,2024-05-30,2024-05-31,,,,0,stage3,1,1,0,0
U006430,2024-06-19,Organic,Desktop,South,25-34,2024-06,2024-06-19,2024-06-21,2024-06-24,2024-06-26,2024-06-29,,0,stage5,1,1,1,1
U006432,2024-04-27,Email,Desktop,North,25-34,2024-04,2024-04-27,2024-04-27,2024-04-29,2024-04-30,2024-05-01,2024-05-03,1,Converted,1,1,1,1
U006433,2024-04-14,Paid_Search,Mobile,West,18-24,2024-04,2024-04-14,2024-04-15,,,,,0,stage2,1,0,0,0
U006434,2024-05-13,Referral,Mobile,Central,25-34,2024-05,2024-05-13,2024-05-15,2024-05-16,2024-05-17,2024-05-19,2024-05-21,1,Converted,1,1,1,1
U006435,2024-04-25,Organic,Desktop,South,35-44,2024-04,2024-04-25,2024-04-27,2024-04-30,2024-04-30,,,0,stage4,1,1,1,0
U006439,2024-06-27,Referral,Desktop,Central,25-34,2024-06,2024-06-27,2024-06-29,2024-06-30,,,,0,stage3,1,1,0,0
U006440,2024-06-02,Organic,Desktop,North,18-24,2024-06,2024-06-02,2024-06-03,,,,,0,stage2,1,0,0,0
U006445,2024-06-22,Organic,Mobile,West,18-24,2024-06,2024-06-22,2024-06-24,,,,,0,stage2,1,0,0,0
U006449,2024-04-26,Email,Desktop,Central,45-54,2024-04,2024-04-26,,,,,,0,stage1,0,0,0,0
U006450,2024-04-15,Paid_Search,Mobile,East,35-44,2024-04,2024-04-15,2024-04-16,,,,,0,stage2,1,0,0,0
U006452,2024-04-19,Referral,Mobile,Central,25-34,2024-04,2024-04-19,2024-04-21,,,,,0,stage2,1,0,0,0
U006454,2024-04-19,Organic,Desktop,South,45-54,2024-04,2024-04-19,2024-04-20,2024-04-21,,,,0,stage3,1,1,0,0
U006455,2024-05-21,Organic,Desktop,Central,35-44,2024-05,2024-05-21,2024-05-23,2024-05-24,2024-05-26,2024-05-30,,0,stage5,1,1,1,1
U006456,2024-04-07,Email,Mobile,South,18-24,2024-04,2024-04-07,2024-04-08,2024-04-11,,,,0,stage3,1,1,0,0
U006457,2024-06-25,Social,Desktop,West,45-54,2024-06,2024-06-25,,,,,,0,stage1,0,0,0,0
U006458,2024-06-23,Paid_Search,Mobile,South,35-44,2024-06,2024-06-23,,,,,,0,stage1,0,0,0,0
U006459,2024-04-21,Referral,Desktop,North,45-54,2024-04,2024-04-21,,,,,,0,stage1,0,0,0,0
U006460,2024-06-11,Referral,Tablet,East,25-34,2024-06,2024-06-11,2024-06-12,2024-06-15,,,,0,stage3,1,1,0,0
U006461,2024-06-07,Organic,Desktop,West,18-24,2024-06,2024-06-07,2024-06-07,2024-06-08,2024-06-08,2024-06-09,2024-06-11,1,Converted,1,1,1,1
U006463,2024-04-15,Social,Tablet,South,45-54,2024-04,2024-04-15,,,,,,0,stage1,0,0,0,0
U006465,2024-06-08,Referral,Desktop,East,35-44,2024-06,2024-06-08,2024-06-10,,,,,0,stage2,1,0,0,0
U006467,2024-04-23,Email,Mobile,East,35-44,2024-04,2024-04-23,,,,,,0,stage1,0,0,0,0
U006468,2024-05-08,Paid_Search,Mobile,South,35-44,2024-05,2024-05-08,2024-05-10,2024-05-11,2024-05-13,,,0,stage4,1,1,1,0
U006471,2024-04-26,Email,Mobile,West,25-34,2024-04,2024-04-26,,,,,,0,stage1,0,0,0,0
U006472,2024-05-21,Organic,Mobile,West,18-24,2024-05,2024-05-21,2024-05-22,,,,,0,stage2,1,0,0,0
U006475,2024-04-28,Referral,Desktop,North,18-24,2024-04,2024-04-28,2024-04-29,2024-05-02,,,,0,stage3,1,1,0,0
U006476,2024-06-29,Paid_Search,Mobile,South,25-34,2024-06,2024-06-29,2024-07-01,2024-07-03,2024-07-03,2024-07-06,2024-07-06,1,Converted,1,1,1,1
U006477,2024-05-09,Social,Mobile,North,25-34,2024-05,2024-05-09,2024-05-10,2024-05-12,2024-05-14,2024-05-17,2024-05-18,1,Converted,1,1,1,1
U006478,2024-04-16,Social,Desktop,North,18-24,2024-04,2024-04-16,,,,,,0,stage1,0,0,0,0
U006479,2024-06-21,Social,Tablet,North,25-34,2024-06,2024-06-21,,,,,,0,stage1,0,0,0,0
U006481,2024-04-16,Organic,Desktop,West,45-54,2024-04,2024-04-16,2024-04-16,2024-04-17,2024-04-17,2024-04-19,2024-04-20,1,Converted,1,1,1,1
U006482,2024-05-12,Paid_Search,Mobile,East,18-24,2024-05,2024-05-12,,,,,,0,stage1,0,0,0,0
U006483,2024-06-02,Paid_Search,Desktop,West,18-24,2024-06,2024-06-02,2024-06-03,,,,,0,stage2,1,0,0,0
U006486,2024-05-22,Paid_Search,Mobile,East,35-44,2024-05,2024-05-22,2024-05-23,2024-05-24,,,,0,stage3,1,1,0,0
U006487,2024-06-06,Paid_Search,Mobile,West,18-24,2024-06,2024-06-06,,,,,,0,stage1,0,0,0,0
U006488,2024-06-13,Paid_Search,Desktop,West,45-54,2024-06,2024-06-13,2024-06-14,,,,,0,stage2,1,0,0,0
U006491,2024-05-12,Organic,Desktop,South,45-54,2024-05,2024-05-12,2024-05-12,,,,,0,stage2,1,0,0,0
U006492,2024-04-21,Paid_Search,Mobile,East,35-44,2024-04,2024-04-21,2024-04-21,2024-04-22,,,,0,stage3,1,1,0,0
U006493,2024-06-30,Organic,Mobile,East,35-44,2024-06,2024-06-30,2024-06-30,,,,,0,stage2,1,0,0,0
U006494,2024-05-09,Organic,Mobile,East,55+,2024-05,2024-05-09,2024-05-09,2024-05-12,,,,0,stage3,1,1,0,0
U006495,2024-05-27,Paid_Search,Desktop,Central,55+,2024-05,2024-05-27,2024-05-28,2024-05-31,,,,0,stage3,1,1,0,0
U006497,2024-05-21,Referral,Mobile,Central,25-34,2024-05,2024-05-21,,,,,,0,stage1,0,0,0,0
U006500,2024-04-21,Referral,Mobile,South,25-34,2024-04,2024-04-21,,,,,,0,stage1,0,0,0,0
U006503,2024-04-07,Paid_Search,Desktop,East,35-44,2024-04,2024-04-07,2024-04-07,,,,,0,stage2,1,0,0,0
U006506,2024-06-16,Paid_Search,Mobile,North,25-34,2024-06,2024-06-16,2024-06-16,,,,,0,stage2,1,0,0,0
U006509,2024-04-06,Referral,Desktop,North,25-34,2024-04,2024-04-06,2024-04-07,,,,,0,stage2,1,0,0,0
U006510,2024-06-17,Paid_Search,Tablet,West,35-44,2024-06,2024-06-17,,,,,,0,stage1,0,0,0,0
U006514,2024-05-28,Organic,Mobile,West,25-34,2024-05,2024-05-28,2024-05-28,,,,,0,stage2,1,0,0,0
U006516,2024-06-01,Paid_Search,Tablet,Central,25-34,2024-06,2024-06-01,,,,,,0,stage1,0,0,0,0
U006520,2024-04-02,Organic,Mobile,West,55+,2024-04,2024-04-02,,,,,,0,stage1,0,0,0,0
U006522,2024-04-10,Email,Mobile,South,25-34,2024-04,2024-04-10,,,,,,0,stage1,0,0,0,0
U006524,2024-05-05,Organic,Mobile,West,18-24,2024-05,2024-05-05,2024-05-05,2024-05-07,2024-05-07,2024-05-11,2024-05-13,1,Converted,1,1,1,1
U006526,2024-04-17,Paid_Search,Mobile,Central,55+,2024-04,2024-04-17,,,,,,0,stage1,0,0,0,0
U006527,2024-04-06,Organic,Desktop,North,35-44,2024-04,2024-04-06,2024-04-07,,,,,0,stage2,1,0,0,0
U006528,2024-06-11,Email,Mobile,East,35-44,2024-06,2024-06-11,2024-06-12,,,,,0,stage2,1,0,0,0
U006531,2024-06-17,Organic,Mobile,Central,55+,2024-06,2024-06-17,,,,,,0,stage1,0,0,0,0
U006532,2024-05-25,Organic,Desktop,South,45-54,2024-05,2024-05-25,2024-05-27,2024-05-30,2024-05-30,2024-05-31,2024-06-01,1,Converted,1,1,1,1
U006534,2024-06-02,Organic,Mobile,South,55+,2024-06,2024-06-02,,,,,,0,stage1,0,0,0,0
U006535,2024-05-19,Paid_Search,Mobile,North,25-34,2024-05,2024-05-19,2024-05-19,2024-05-20,,,,0,stage3,1,1,0,0
U006536,2024-05-13,Referral,Mobile,West,45-54,2024-05,2024-05-13,2024-05-15,2024-05-17,,,,0,stage3,1,1,0,0
U006539,2024-04-03,Referral,Desktop,North,35-44,2024-04,2024-04-03,,,,,,0,stage1,0,0,0,0
U006543,2024-06-26,Referral,Desktop,North,25-34,2024-06,2024-06-26,2024-06-26,2024-06-28,,,,0,stage3,1,1,0,0
U006547,2024-06-30,Social,Desktop,Central,18-24,2024-06,2024-06-30,,,,,,0,stage1,0,0,0,0
U006548,2024-05-21,Email,Mobile,North,35-44,2024-05,2024-05-21,2024-05-23,,,,,0,stage2,1,0,0,0
U006550,2024-04-29,Referral,Mobile,South,35-44,2024-04,2024-04-29,,,,,,0,stage1,0,0,0,0
U006551,2024-05-06,Referral,Desktop,South,45-54,2024-05,2024-05-06,2024-05-07,2024-05-10,2024-05-11,2024-05-13,2024-05-14,1,Converted,1,1,1,1
U006554,2024-05-29,Referral,Desktop,West,25-34,2024-05,2024-05-29,,,,,,0,stage1,0,0,0,0
U006555,2024-05-30,Referral,Mobile,South,45-54,2024-05,2024-05-30,,,,,,0,stage1,0,0,0,0
U006558,2024-05-04,Referral,Desktop,West,45-54,2024-05,2024-05-04,,,,,,0,stage1,0,0,0,0
U006559,2024-04-20,Organic,Desktop,North,18-24,2024-04,2024-04-20,2024-04-21,2024-04-23,,,,0,stage3,1,1,0,0
U006560,2024-06-01,Paid_Search,Mobile,Central,18-24,2024-06,2024-06-01,2024-06-03,2024-06-05,,,,0,stage3,1,1,0,0
U006562,2024-06-08,Paid_Search,Tablet,West,25-34,2024-06,2024-06-08,2024-06-08,,,,,0,stage2,1,0,0,0
U006563,2024-06-04,Referral,Desktop,West,35-44,2024-06,2024-06-04,2024-06-05,2024-06-07,2024-06-07,2024-06-10,2024-06-11,1,Converted,1,1,1,1
U006564,2024-06-10,Social,Mobile,North,45-54,2024-06,2024-06-10,,,,,,0,stage1,0,0,0,0
U006567,2024-04-14,Referral,Mobile,North,18-24,2024-04,2024-04-14,,,,,,0,stage1,0,0,0,0
U006569,2024-06-14,Social,Desktop,East,35-44,2024-06,2024-06-14,2024-06-16,2024-06-18,,,,0,stage3,1,1,0,0
U006570,2024-04-11,Organic,Mobile,East,55+,2024-04,2024-04-11,,,,,,0,stage1,0,0,0,0
U006574,2024-04-19,Paid_Search,Desktop,Central,18-24,2024-04,2024-04-19,2024-04-19,2024-04-21,,,,0,stage3,1,1,0,0
U006577,2024-04-05,Paid_Search,Desktop,North,18-24,2024-04,2024-04-05,2024-04-05,2024-04-07,2024-04-07,2024-04-08,,0,stage5,1,1,1,1
U006579,2024-06-25,Social,Mobile,North,18-24,2024-06,2024-06-25,,,,,,0,stage1,0,0,0,0
U006582,2024-04-29,Organic,Mobile,North,18-24,2024-04,2024-04-29,2024-05-01,2024-05-03,,,,0,stage3,1,1,0,0
U006584,2024-05-23,Social,Mobile,East,55+,2024-05,2024-05-23,2024-05-23,,,,,0,stage2,1,0,0,0
U006585,2024-04-08,Paid_Search,Mobile,North,18-24,2024-04,2024-04-08,2024-04-09,,,,,0,stage2,1,0,0,0
U006586,2024-06-03,Referral,Desktop,East,25-34,2024-06,2024-06-03,2024-06-03,,,,,0,stage2,1,0,0,0
U006587,2024-05-14,Paid_Search,Mobile,Central,25-34,2024-05,2024-05-14,,,,,,0,stage1,0,0,0,0
U006590,2024-06-04,Organic,Desktop,South,18-24,2024-06,2024-06-04,,,,,,0,stage1,0,0,0,0
U006591,2024-06-20,Paid_Search,Desktop,North,45-54,2024-06,2024-06-20,2024-06-20,2024-06-23,2024-06-25,2024-06-29,2024-07-01,1,Converted,1,1,1,1
U006592,2024-04-21,Email,Desktop,South,18-24,2024-04,2024-04-21,2024-04-22,2024-04-24,2024-04-24,2024-04-26,2024-04-26,1,Converted,1,1,1,1
U006593,2024-05-06,Organic,Desktop,East,25-34,2024-05,2024-05-06,,,,,,0,stage1,0,0,0,0
U006594,2024-05-07,Referral,Desktop,East,55+,2024-05,2024-05-07,2024-05-07,2024-05-09,2024-05-10,2024-05-11,2024-05-11,1,Converted,1,1,1,1
U006595,2024-04-25,Email,Mobile,Central,18-24,2024-04,2024-04-25,2024-04-25,,,,,0,stage2,1,0,0,0
U006596,2024-06-02,Organic,Desktop,Central,55+,2024-06,2024-06-02,,,,,,0,stage1,0,0,0,0
U006598,2024-05-31,Paid_Search,Mobile,East,35-44,2024-05,2024-05-31,2024-06-01,,,,,0,stage2,1,0,0,0
U006600,2024-05-27,Paid_Search,Tablet,West,45-54,2024-05,2024-05-27,2024-05-27,,,,,0,stage2,1,0,0,0
U006601,2024-04-28,Organic,Desktop,East,35-44,2024-04,2024-04-28,2024-04-29,2024-04-30,2024-05-01,,,0,stage4,1,1,1,0
U006603,2024-06-14,Organic,Desktop,North,25-34,2024-06,2024-06-14,,,,,,0,stage1,0,0,0,0
U006607,2024-05-22,Referral,Desktop,East,45-54,2024-05,2024-05-22,2024-05-23,,,,,0,stage2,1,0,0,0
U006608,2024-05-06,Paid_Search,Desktop,South,25-34,2024-05,2024-05-06,,,,,,0,stage1,0,0,0,0
U006609,2024-06-05,Organic,Desktop,West,45-54,2024-06,2024-06-05,2024-06-05,2024-06-07,2024-06-08,,,0,stage4,1,1,1,0
U006610,2024-06-27,Paid_Search,Desktop,North,25-34,2024-06,2024-06-27,2024-06-28,,,,,0,stage2,1,0,0,0
U006611,2024-05-06,Paid_Search,Mobile,North,25-34,2024-05,2024-05-06,2024-05-08,2024-05-09,,,,0,stage3,1,1,0,0
U006612,2024-04-05,Paid_Search,Mobile,Central,25-34,2024-04,2024-04-05,,,,,,0,stage1,0,0,0,0
U006613,2024-06-07,Organic,Mobile,South,35-44,2024-06,2024-06-07,2024-06-07,2024-06-08,,,,0,stage3,1,1,0,0
U006619,2024-04-04,Paid_Search,Mobile,South,18-24,2024-04,2024-04-04,2024-04-06,2024-04-07,,,,0,stage3,1,1,0,0
U006620,2024-06-25,Paid_Search,Desktop,East,55+,2024-06,2024-06-25,2024-06-25,,,,,0,stage2,1,0,0,0
U006625,2024-06-25,Organic,Mobile,West,45-54,2024-06,2024-06-25,2024-06-27,2024-06-29,,,,0,stage3,1,1,0,0
U006629,2024-05-29,Paid_Search,Desktop,South,35-44,2024-05,2024-05-29,2024-05-30,2024-06-02,,,,0,stage3,1,1,0,0
U006630,2024-04-24,Paid_Search,Mobile,East,18-24,2024-04,2024-04-24,2024-04-26,2024-04-27,2024-04-29,,,0,stage4,1,1,1,0
U006631,2024-05-15,Referral,Mobile,East,45-54,2024-05,2024-05-15,,,,,,0,stage1,0,0,0,0
U006633,2024-06-18,Paid_Search,Mobile,East,35-44,2024-06,2024-06-18,2024-06-19,2024-06-21,2024-06-22,2024-06-26,2024-06-26,1,Converted,1,1,1,1
U006636,2024-05-22,Organic,Mobile,South,25-34,2024-05,2024-05-22,2024-05-22,,,,,0,stage2,1,0,0,0
U006637,2024-06-17,Organic,Mobile,North,45-54,2024-06,2024-06-17,,,,,,0,stage1,0,0,0,0
U006638,2024-06-14,Organic,Mobile,West,25-34,2024-06,2024-06-14,,,,,,0,stage1,0,0,0,0
U006643,2024-04-08,Organic,Mobile,North,25-34,2024-04,2024-04-08,,,,,,0,stage1,0,0,0,0
U006646,2024-05-31,Organic,Tablet,West,25-34,2024-05,2024-05-31,2024-06-02,,,,,0,stage2,1,0,0,0
U006647,2024-05-11,Referral,Tablet,South,18-24,2024-05,2024-05-11,,,,,,0,stage1,0,0,0,0
U006649,2024-06-30,Paid_Search,Tablet,North,25-34,2024-06,2024-06-30,2024-07-01,,,,,0,stage2,1,0,0,0
U006650,2024-06-16,Referral,Mobile,North,25-34,2024-06,2024-06-16,2024-06-16,2024-06-19,,,,0,stage3,1,1,0,0
U006653,2024-04-03,Organic,Mobile,East,25-34,2024-04,2024-04-03,2024-04-04,2024-04-06,2024-04-08,2024-04-10,,0,stage5,1,1,1,1
U006654,2024-04-12,Referral,Desktop,South,45-54,2024-04,2024-04-12,2024-04-12,,,,,0,stage2,1,0,0,0
U006656,2024-04-18,Organic,Mobile,South,18-24,2024-04,2024-04-18,,,,,,0,stage1,0,0,0,0
U006659,2024-06-14,Organic,Mobile,East,35-44,2024-06,2024-06-14,,,,,,0,stage1,0,0,0,0
U006666,2024-05-01,Paid_Search,Tablet,West,25-34,2024-05,2024-05-01,,,,,,0,stage1,0,0,0,0
U006667,2024-06-18,Paid_Search,Mobile,East,35-44,2024-06,2024-06-18,,,,,,0,stage1,0,0,0,0
U006668,2024-05-15,Organic,Mobile,North,18-24,2024-05,2024-05-15,2024-05-16,2024-05-18,,,,0,stage3,1,1,0,0
U006671,2024-05-20,Organic,Mobile,East,45-54,2024-05,2024-05-20,2024-05-20,2024-05-22,2024-05-23,2024-05-25,2024-05-25,1,Converted,1,1,1,1
U006672,2024-04-11,Organic,Mobile,South,25-34,2024-04,2024-04-11,2024-04-13,2024-04-15,,,,0,stage3,1,1,0,0
U006673,2024-05-10,Organic,Desktop,Central,25-34,2024-05,2024-05-10,2024-05-11,2024-05-12,,,,0,stage3,1,1,0,0
U006674,2024-04-22,Referral,Mobile,Central,35-44,2024-04,2024-04-22,2024-04-23,,,,,0,stage2,1,0,0,0
U006675,2024-04-04,Organic,Desktop,North,35-44,2024-04,2024-04-04,2024-04-04,2024-04-05,2024-04-07,2024-04-11,2024-04-13,1,Converted,1,1,1,1
U006676,2024-04-18,Organic,Mobile,North,35-44,2024-04,2024-04-18,,,,,,0,stage1,0,0,0,0
U006680,2024-06-01,Organic,Tablet,South,45-54,2024-06,2024-06-01,2024-06-02,2024-06-05,2024-06-07,2024-06-11,,0,stage5,1,1,1,1
U006681,2024-05-12,Social,Mobile,East,35-44,2024-05,2024-05-12,2024-05-13,,,,,0,stage2,1,0,0,0
U006689,2024-06-07,Referral,Mobile,Central,25-34,2024-06,2024-06-07,2024-06-09,2024-06-12,2024-06-13,2024-06-17,,0,stage5,1,1,1,1
U006690,2024-04-10,Email,Mobile,South,18-24,2024-04,2024-04-10,2024-04-10,,,,,0,stage2,1,0,0,0
U006692,2024-06-26,Referral,Desktop,South,25-34,2024-06,2024-06-26,2024-06-27,,,,,0,stage2,1,0,0,0
U006693,2024-05-06,Paid_Search,Mobile,Central,35-44,2024-05,2024-05-06,,,,,,0,stage1,0,0,0,0
U006697,2024-06-28,Organic,Mobile,South,55+,2024-06,2024-06-28,,,,,,0,stage1,0,0,0,0
U006698,2024-06-08,Social,Mobile,North,18-24,2024-06,2024-06-08,,,,,,0,stage1,0,0,0,0
U006699,2024-05-02,Paid_Search,Mobile,South,35-44,2024-05,2024-05-02,2024-05-04,,,,,0,stage2,1,0,0,0
U006701,2024-06-25,Organic,Mobile,West,25-34,2024-06,2024-06-25,,,,,,0,stage1,0,0,0,0
U006704,2024-06-23,Referral,Mobile,Central,18-24,2024-06,2024-06-23,2024-06-23,,,,,0,stage2,1,0,0,0
U006707,2024-05-01,Organic,Mobile,Central,25-34,2024-05,2024-05-01,2024-05-02,,,,,0,stage2,1,0,0,0
U006711,2024-06-22,Organic,Mobile,South,25-34,2024-06,2024-06-22,2024-06-22,,,,,0,stage2,1,0,0,0
U006712,2024-06-01,Referral,Mobile,East,25-34,2024-06,2024-06-01,2024-06-02,,,,,0,stage2,1,0,0,0
U006713,2024-05-01,Referral,Desktop,East,35-44,2024-05,2024-05-01,2024-05-03,,,,,0,stage2,1,0,0,0
U006715,2024-05-05,Organic,Mobile,East,25-34,2024-05,2024-05-05,,,,,,0,stage1,0,0,0,0
U006718,2024-06-23,Organic,Mobile,South,18-24,2024-06,2024-06-23,,,,,,0,stage1,0,0,0,0
U006720,2024-05-14,Social,Desktop,East,18-24,2024-05,2024-05-14,2024-05-16,,,,,0,stage2,1,0,0,0
U006726,2024-05-19,Organic,Desktop,East,35-44,2024-05,2024-05-19,2024-05-20,,,,,0,stage2,1,0,0,0
U006727,2024-06-18,Paid_Search,Desktop,West,25-34,2024-06,2024-06-18,2024-06-19,,,,,0,stage2,1,0,0,0
U006732,2024-06-30,Organic,Desktop,North,18-24,2024-06,2024-06-30,2024-07-01,,,,,0,stage2,1,0,0,0
U006733,2024-05-12,Paid_Search,Desktop,East,18-24,2024-05,2024-05-12,2024-05-14,,,,,0,stage2,1,0,0,0
U006734,2024-06-01,Organic,Desktop,Central,18-24,2024-06,2024-06-01,2024-06-02,2024-06-03,2024-06-04,2024-06-05,2024-06-05,1,Converted,1,1,1,1
U006735,2024-04-15,Referral,Desktop,Central,18-24,2024-04,2024-04-15,2024-04-15,2024-04-18,2024-04-18,2024-04-21,2024-04-22,1,Converted,1,1,1,1
U006738,2024-05-27,Paid_Search,Mobile,South,55+,2024-05,2024-05-27,2024-05-29,2024-06-01,,,,0,stage3,1,1,0,0
U006739,2024-04-20,Paid_Search,Mobile,West,25-34,2024-04,2024-04-20,2024-04-21,2024-04-22,,,,0,stage3,1,1,0,0
U006741,2024-04-06,Organic,Mobile,East,35-44,2024-04,2024-04-06,,,,,,0,stage1,0,0,0,0
U006742,2024-06-12,Paid_Search,Mobile,West,18-24,2024-06,2024-06-12,2024-06-12,,,,,0,stage2,1,0,0,0
U006744,2024-06-09,Paid_Search,Desktop,North,18-24,2024-06,2024-06-09,2024-06-11,2024-06-14,,,,0,stage3,1,1,0,0
U006745,2024-04-25,Social,Desktop,Central,35-44,2024-04,2024-04-25,2024-04-27,2024-04-28,,,,0,stage3,1,1,0,0
U006748,2024-05-30,Paid_Search,Desktop,West,25-34,2024-05,2024-05-30,2024-05-31,2024-06-02,,,,0,stage3,1,1,0,0
U006752,2024-04-26,Referral,Mobile,North,55+,2024-04,2024-04-26,2024-04-28,,,,,0,stage2,1,0,0,0
U006755,2024-06-23,Organic,Mobile,North,45-54,2024-06,2024-06-23,,,,,,0,stage1,0,0,0,0
U006758,2024-06-19,Paid_Search,Mobile,North,18-24,2024-06,2024-06-19,2024-06-19,2024-06-21,2024-06-22,2024-06-25,2024-06-25,1,Converted,1,1,1,1
U006767,2024-06-19,Organic,Tablet,South,25-34,2024-06,2024-06-19,2024-06-21,2024-06-22,2024-06-22,,,0,stage4,1,1,1,0
U006774,2024-06-12,Organic,Desktop,Central,35-44,2024-06,2024-06-12,2024-06-13,2024-06-15,,,,0,stage3,1,1,0,0
U006775,2024-04-12,Email,Mobile,East,25-34,2024-04,2024-04-12,2024-04-12,2024-04-14,,,,0,stage3,1,1,0,0
U006777,2024-06-01,Organic,Tablet,North,55+,2024-06,2024-06-01,2024-06-02,2024-06-03,2024-06-05,2024-06-09,2024-06-11,1,Converted,1,1,1,1
U006779,2024-05-28,Paid_Search,Tablet,East,18-24,2024-05,2024-05-28,2024-05-28,,,,,0,stage2,1,0,0,0
U006780,2024-06-23,Referral,Desktop,North,35-44,2024-06,2024-06-23,,,,,,0,stage1,0,0,0,0
U006783,2024-05-21,Referral,Desktop,East,18-24,2024-05,2024-05-21,2024-05-21,2024-05-23,,,,0,stage3,1,1,0,0
U006785,2024-06-09,Paid_Search,Desktop,West,45-54,2024-06,2024-06-09,,,,,,0,stage1,0,0,0,0
U006786,2024-04-28,Referral,Mobile,North,18-24,2024-04,2024-04-28,2024-04-30,2024-05-01,2024-05-02,2024-05-06,2024-05-06,1,Converted,1,1,1,1
U006788,2024-06-26,Referral,Mobile,South,35-44,2024-06,2024-06-26,,,,,,0,stage1,0,0,0,0
U006790,2024-05-08,Social,Mobile,North,35-44,2024-05,2024-05-08,2024-05-10,,,,,0,stage2,1,0,0,0
U006791,2024-04-01,Social,Mobile,North,45-54,2024-04,2024-04-01,2024-04-02,,,,,0,stage2,1,0,0,0
U006793,2024-04-17,Referral,Mobile,West,18-24,2024-04,2024-04-17,2024-04-18,,,,,0,stage2,1,0,0,0
U006794,2024-04-28,Referral,Mobile,North,18-24,2024-04,2024-04-28,,,,,,0,stage1,0,0,0,0
U006796,2024-05-23,Organic,Mobile,North,25-34,2024-05,2024-05-23,2024-05-23,2024-05-25,2024-05-25,,,0,stage4,1,1,1,0
U006799,2024-05-28,Organic,Mobile,North,25-34,2024-05,2024-05-28,2024-05-30,,,,,0,stage2,1,0,0,0
U006800,2024-04-05,Social,Tablet,North,25-34,2024-04,2024-04-05,2024-04-05,,,,,0,stage2,1,0,0,0
U006801,2024-06-07,Organic,Mobile,South,55+,2024-06,2024-06-07,,,,,,0,stage1,0,0,0,0
U006802,2024-05-19,Paid_Search,Desktop,North,25-34,2024-05,2024-05-19,,,,,,0,stage1,0,0,0,0
U006803,2024-05-24,Organic,Mobile,Central,35-44,2024-05,2024-05-24,,,,,,0,stage1,0,0,0,0
U006805,2024-04-13,Organic,Mobile,East,25-34,2024-04,2024-04-13,2024-04-15,2024-04-16,,,,0,stage3,1,1,0,0
U006806,2024-04-28,Organic,Mobile,South,55+,2024-04,2024-04-28,2024-04-30,,,,,0,stage2,1,0,0,0
U006807,2024-04-27,Social,Mobile,South,35-44,2024-04,2024-04-27,,,,,,0,stage1,0,0,0,0
U006810,2024-06-15,Paid_Search,Desktop,North,18-24,2024-06,2024-06-15,2024-06-15,2024-06-17,2024-06-19,,,0,stage4,1,1,1,0
U006812,2024-05-24,Paid_Search,Mobile,East,35-44,2024-05,2024-05-24,2024-05-25,,,,,0,stage2,1,0,0,0
U006813,2024-06-25,Social,Mobile,West,18-24,2024-06,2024-06-25,,,,,,0,stage1,0,0,0,0
U006815,2024-05-29,Organic,Mobile,West,35-44,2024-05,2024-05-29,2024-05-31,,,,,0,stage2,1,0,0,0
U006816,2024-05-10,Email,Mobile,South,35-44,2024-05,2024-05-10,,,,,,0,stage1,0,0,0,0
U006818,2024-06-28,Email,Desktop,Central,35-44,2024-06,2024-06-28,,,,,,0,stage1,0,0,0,0
U006820,2024-05-06,Referral,Desktop,Central,25-34,2024-05,2024-05-06,2024-05-06,2024-05-07,2024-05-09,2024-05-11,2024-05-12,1,Converted,1,1,1,1
U006821,2024-06-09,Paid_Search,Mobile,East,18-24,2024-06,2024-06-09,,,,,,0,stage1,0,0,0,0
U006823,2024-05-04,Email,Desktop,South,35-44,2024-05,2024-05-04,2024-05-06,2024-05-09,2024-05-09,2024-05-10,2024-05-10,1,Converted,1,1,1,1
U006825,2024-06-03,Social,Desktop,South,45-54,2024-06,2024-06-03,2024-06-03,,,,,0,stage2,1,0,0,0
U006826,2024-05-13,Organic,Desktop,North,25-34,2024-05,2024-05-13,2024-05-13,,,,,0,stage2,1,0,0,0
U006829,2024-05-01,Paid_Search,Desktop,East,55+,2024-05,2024-05-01,2024-05-01,2024-05-04,,,,0,stage3,1,1,0,0
U006830,2024-04-23,Paid_Search,Mobile,South,18-24,2024-04,2024-04-23,,,,,,0,stage1,0,0,0,0
U006831,2024-04-10,Paid_Search,Desktop,South,35-44,2024-04,2024-04-10,2024-04-10,2024-04-11,,,,0,stage3,1,1,0,0
U006833,2024-04-13,Social,Mobile,Central,25-34,2024-04,2024-04-13,,,,,,0,stage1,0,0,0,0
U006834,2024-05-03,Paid_Search,Desktop,South,25-34,2024-05,2024-05-03,,,,,,0,stage1,0,0,0,0
U006837,2024-04-22,Referral,Mobile,South,45-54,2024-04,2024-04-22,2024-04-24,,,,,0,stage2,1,0,0,0
U006838,2024-06-06,Organic,Desktop,West,45-54,2024-06,2024-06-06,2024-06-06,2024-06-08,,,,0,stage3,1,1,0,0
U006840,2024-06-11,Email,Tablet,East,18-24,2024-06,2024-06-11,2024-06-11,,,,,0,stage2,1,0,0,0
U006842,2024-06-17,Referral,Mobile,South,35-44,2024-06,2024-06-17,2024-06-17,,,,,0,stage2,1,0,0,0
U006844,2024-06-28,Organic,Mobile,South,35-44,2024-06,2024-06-28,,,,,,0,stage1,0,0,0,0
U006845,2024-05-19,Social,Mobile,West,35-44,2024-05,2024-05-19,2024-05-19,2024-05-21,,,,0,stage3,1,1,0,0
U006846,2024-05-02,Paid_Search,Mobile,South,25-34,2024-05,2024-05-02,2024-05-03,,,,,0,stage2,1,0,0,0
U006848,2024-06-19,Paid_Search,Desktop,West,25-34,2024-06,2024-06-19,2024-06-19,2024-06-22,,,,0,stage3,1,1,0,0
U006849,2024-05-06,Organic,Mobile,East,45-54,2024-05,2024-05-06,2024-05-07,,,,,0,stage2,1,0,0,0
U006850,2024-06-19,Referral,Desktop,Central,18-24,2024-06,2024-06-19,,,,,,0,stage1,0,0,0,0
U006852,2024-04-28,Organic,Mobile,West,55+,2024-04,2024-04-28,,,,,,0,stage1,0,0,0,0
U006853,2024-04-16,Social,Desktop,Central,25-34,2024-04,2024-04-16,,,,,,0,stage1,0,0,0,0
U006854,2024-04-18,Organic,Desktop,West,35-44,2024-04,2024-04-18,2024-04-18,,,,,0,stage2,1,0,0,0
U006857,2024-04-09,Social,Mobile,South,25-34,2024-04,2024-04-09,,,,,,0,stage1,0,0,0,0
U006861,2024-04-27,Email,Mobile,North,45-54,2024-04,2024-04-27,2024-04-28,,,,,0,stage2,1,0,0,0
U006864,2024-05-08,Referral,Desktop,East,25-34,2024-05,2024-05-08,2024-05-08,,,,,0,stage2,1,0,0,0
U006866,2024-05-14,Organic,Mobile,Central,35-44,2024-05,2024-05-14,2024-05-15,,,,,0,stage2,1,0,0,0
U006867,2024-05-11,Social,Mobile,East,25-34,2024-05,2024-05-11,,,,,,0,stage1,0,0,0,0
U006871,2024-05-24,Paid_Search,Mobile,East,55+,2024-05,2024-05-24,2024-05-25,,,,,0,stage2,1,0,0,0
U006872,2024-04-27,Organic,Mobile,West,35-44,2024-04,2024-04-27,,,,,,0,stage1,0,0,0,0
U006876,2024-06-17,Paid_Search,Desktop,South,35-44,2024-06,2024-06-17,2024-06-17,2024-06-20,,,,0,stage3,1,1,0,0
U006877,2024-06-30,Paid_Search,Mobile,Central,35-44,2024-06,2024-06-30,,,,,,0,stage1,0,0,0,0
U006878,2024-05-09,Referral,Mobile,Central,55+,2024-05,2024-05-09,2024-05-11,,,,,0,stage2,1,0,0,0
U006879,2024-05-14,Paid_Search,Desktop,North,35-44,2024-05,2024-05-14,2024-05-15,,,,,0,stage2,1,0,0,0
U006882,2024-05-30,Paid_Search,Mobile,Central,45-54,2024-05,2024-05-30,2024-06-01,2024-06-03,,,,0,stage3,1,1,0,0
U006883,2024-05-29,Email,Mobile,Central,18-24,2024-05,2024-05-29,,,,,,0,stage1,0,0,0,0
U006884,2024-06-07,Referral,Mobile,South,35-44,2024-06,2024-06-07,2024-06-08,,,,,0,stage2,1,0,0,0
U006888,2024-06-19,Organic,Mobile,East,18-24,2024-06,2024-06-19,2024-06-19,,,,,0,stage2,1,0,0,0
U006889,2024-05-07,Social,Mobile,South,55+,2024-05,2024-05-07,2024-05-09,,,,,0,stage2,1,0,0,0
U006890,2024-05-01,Referral,Desktop,Central,25-34,2024-05,2024-05-01,2024-05-02,,,,,0,stage2,1,0,0,0
U006892,2024-04-08,Social,Desktop,West,18-24,2024-04,2024-04-08,,,,,,0,stage1,0,0,0,0
U006893,2024-04-17,Paid_Search,Desktop,South,35-44,2024-04,2024-04-17,2024-04-17,,,,,0,stage2,1,0,0,0
U006895,2024-06-05,Email,Desktop,South,45-54,2024-06,2024-06-05,2024-06-06,2024-06-07,,,,0,stage3,1,1,0,0
U006898,2024-06-10,Referral,Mobile,West,35-44,2024-06,2024-06-10,2024-06-10,2024-06-11,2024-06-12,2024-06-13,2024-06-15,1,Converted,1,1,1,1
U006899,2024-04-25,Organic,Mobile,Central,25-34,2024-04,2024-04-25,2024-04-26,,,,,0,stage2,1,0,0,0
U006902,2024-05-05,Organic,Mobile,Central,18-24,2024-05,2024-05-05,,,,,,0,stage1,0,0,0,0
U006903,2024-04-22,Organic,Tablet,East,18-24,2024-04,2024-04-22,2024-04-24,,,,,0,stage2,1,0,0,0
U006907,2024-04-21,Paid_Search,Mobile,East,35-44,2024-04,2024-04-21,2024-04-23,2024-04-24,,,,0,stage3,1,1,0,0
U006909,2024-05-29,Paid_Search,Mobile,North,35-44,2024-05,2024-05-29,2024-05-29,,,,,0,stage2,1,0,0,0
U006910,2024-06-10,Email,Desktop,South,18-24,2024-06,2024-06-10,2024-06-12,2024-06-13,,,,0,stage3,1,1,0,0
U006915,2024-06-13,Paid_Search,Mobile,North,18-24,2024-06,2024-06-13,,,,,,0,stage1,0,0,0,0
U006916,2024-05-15,Paid_Search,Mobile,West,25-34,2024-05,2024-05-15,2024-05-16,2024-05-17,,,,0,stage3,1,1,0,0
U006918,2024-05-26,Paid_Search,Mobile,Central,55+,2024-05,2024-05-26,2024-05-27,2024-05-30,,,,0,stage3,1,1,0,0
U006920,2024-06-07,Organic,Tablet,Central,45-54,2024-06,2024-06-07,,,,,,0,stage1,0,0,0,0
U006921,2024-05-23,Paid_Search,Desktop,Central,25-34,2024-05,2024-05-23,2024-05-23,,,,,0,stage2,1,0,0,0
U006923,2024-04-06,Organic,Tablet,Central,35-44,2024-04,2024-04-06,,,,,,0,stage1,0,0,0,0
U006929,2024-06-02,Organic,Desktop,North,35-44,2024-06,2024-06-02,2024-06-04,2024-06-06,2024-06-06,2024-06-08,2024-06-09,1,Converted,1,1,1,1
U006931,2024-04-09,Organic,Desktop,West,25-34,2024-04,2024-04-09,2024-04-11,2024-04-13,2024-04-13,,,0,stage4,1,1,1,0
U006934,2024-06-07,Paid_Search,Desktop,East,45-54,2024-06,2024-06-07,,,,,,0,stage1,0,0,0,0
U006936,2024-05-19,Referral,Mobile,South,45-54,2024-05,2024-05-19,,,,,,0,stage1,0,0,0,0
U006937,2024-06-27,Social,Mobile,South,25-34,2024-06,2024-06-27,,,,,,0,stage1,0,0,0,0
U006939,2024-04-30,Social,Desktop,South,35-44,2024-04,2024-04-30,,,,,,0,stage1,0,0,0,0
U006949,2024-06-05,Paid_Search,Mobile,South,18-24,2024-06,2024-06-05,2024-06-07,,,,,0,stage2,1,0,0,0
U006951,2024-04-16,Social,Desktop,West,55+,2024-04,2024-04-16,2024-04-18,2024-04-21,2024-04-23,,,0,stage4,1,1,1,0
U006953,2024-05-02,Organic,Tablet,East,35-44,2024-05,2024-05-02,,,,,,0,stage1,0,0,0,0
U006955,2024-05-07,Organic,Desktop,Central,35-44,2024-05,2024-05-07,,,,,,0,stage1,0,0,0,0
U006956,2024-05-09,Social,Mobile,West,55+,2024-05,2024-05-09,2024-05-09,,,,,0,stage2,1,0,0,0
U006957,2024-06-15,Organic,Mobile,West,45-54,2024-06,2024-06-15,,,,,,0,stage1,0,0,0,0
U006959,2024-05-02,Paid_Search,Mobile,North,35-44,2024-05,2024-05-02,2024-05-03,,,,,0,stage2,1,0,0,0
U006962,2024-05-16,Referral,Mobile,East,25-34,2024-05,2024-05-16,,,,,,0,stage1,0,0,0,0
U006963,2024-06-04,Email,Mobile,South,25-34,2024-06,2024-06-04,,,,,,0,stage1,0,0,0,0
U006964,2024-04-07,Referral,Desktop,East,35-44,2024-04,2024-04-07,2024-04-09,,,,,0,stage2,1,0,0,0
U006965,2024-06-24,Paid_Search,Desktop,South,35-44,2024-06,2024-06-24,2024-06-26,2024-06-27,2024-06-29,2024-07-03,2024-07-03,1,Converted,1,1,1,1
U006966,2024-04-09,Organic,Mobile,South,25-34,2024-04,2024-04-09,2024-04-10,2024-04-13,2024-04-13,,,0,stage4,1,1,1,0
U006967,2024-04-20,Organic,Desktop,South,55+,2024-04,2024-04-20,2024-04-22,,,,,0,stage2,1,0,0,0
U006968,2024-04-19,Paid_Search,Mobile,South,25-34,2024-04,2024-04-19,2024-04-21,2024-04-22,,,,0,stage3,1,1,0,0
U006981,2024-06-16,Organic,Desktop,Central,25-34,2024-06,2024-06-16,2024-06-16,2024-06-18,,,,0,stage3,1,1,0,0
U006983,2024-06-04,Paid_Search,Mobile,Central,25-34,2024-06,2024-06-04,,,,,,0,stage1,0,0,0,0
U006984,2024-04-11,Referral,Mobile,North,18-24,2024-04,2024-04-11,2024-04-12,2024-04-15,,,,0,stage3,1,1,0,0
U006987,2024-05-06,Organic,Mobile,East,35-44,2024-05,2024-05-06,2024-05-08,2024-05-11,,,,0,stage3,1,1,0,0
U006988,2024-04-01,Referral,Mobile,South,18-24,2024-04,2024-04-01,2024-04-01,,,,,0,stage2,1,0,0,0
U006989,2024-04-23,Organic,Tablet,North,25-34,2024-04,2024-04-23,2024-04-25,,,,,0,stage2,1,0,0,0
U006991,2024-04-03,Organic,Mobile,North,25-34,2024-04,2024-04-03,,,,,,0,stage1,0,0,0,0
U006992,2024-05-21,Organic,Tablet,Central,25-34,2024-05,2024-05-21,2024-05-22,,,,,0,stage2,1,0,0,0
U006993,2024-06-16,Social,Mobile,Central,55+,2024-06,2024-06-16,2024-06-16,,,,,0,stage2,1,0,0,0
U006994,2024-05-14,Paid_Search,Desktop,South,18-24,2024-05,2024-05-14,,,,,,0,stage1,0,0,0,0
U006996,2024-06-27,Organic,Desktop,South,35-44,2024-06,2024-06-27,2024-06-29,2024-07-02,2024-07-02,2024-07-03,2024-07-04,1,Converted,1,1,1,1
U006997,2024-04-15,Referral,Mobile,North,25-34,2024-04,2024-04-15,,,,,,0,stage1,0,0,0,0
U006998,2024-06-29,Referral,Mobile,Central,55+,2024-06,2024-06-29,2024-07-01,,,,,0,stage2,1,0,0,0
U006999,2024-05-04,Paid_Search,Tablet,East,55+,2024-05,2024-05-04,2024-05-05,2024-05-06,,,,0,stage3,1,1,0,0
U007002,2024-05-21,Organic,Mobile,East,25-34,2024-05,2024-05-21,2024-05-21,2024-05-22,2024-05-23,,,0,stage4,1,1,1,0
U007005,2024-04-22,Paid_Search,Mobile,Central,45-54,2024-04,2024-04-22,2024-04-24,2024-04-26,,,,0,stage3,1,1,0,0
U007008,2024-05-30,Organic,Mobile,West,35-44,2024-05,2024-05-30,,,,,,0,stage1,0,0,0,0
U007009,2024-04-08,Organic,Mobile,East,45-54,2024-04,2024-04-08,,,,,,0,stage1,0,0,0,0
U007013,2024-05-06,Organic,Mobile,North,55+,2024-05,2024-05-06,2024-05-06,2024-05-08,,,,0,stage3,1,1,0,0
U007014,2024-04-08,Paid_Search,Mobile,East,18-24,2024-04,2024-04-08,2024-04-09,,,,,0,stage2,1,0,0,0
U007016,2024-04-20,Referral,Mobile,East,35-44,2024-04,2024-04-20,2024-04-22,,,,,0,stage2,1,0,0,0
U007019,2024-06-04,Social,Desktop,West,25-34,2024-06,2024-06-04,2024-06-05,2024-06-07,2024-06-09,,,0,stage4,1,1,1,0
U007022,2024-06-08,Referral,Mobile,West,35-44,2024-06,2024-06-08,2024-06-09,2024-06-11,,,,0,stage3,1,1,0,0
U007025,2024-05-21,Social,Mobile,East,45-54,2024-05,2024-05-21,2024-05-22,,,,,0,stage2,1,0,0,0
U007026,2024-06-22,Referral,Mobile,West,18-24,2024-06,2024-06-22,,,,,,0,stage1,0,0,0,0
U007028,2024-05-16,Referral,Mobile,North,35-44,2024-05,2024-05-16,2024-05-17,,,,,0,stage2,1,0,0,0
U007029,2024-04-18,Paid_Search,Mobile,South,45-54,2024-04,2024-04-18,,,,,,0,stage1,0,0,0,0
U007030,2024-05-26,Organic,Desktop,East,35-44,2024-05,2024-05-26,,,,,,0,stage1,0,0,0,0
U007031,2024-05-25,Organic,Mobile,South,18-24,2024-05,2024-05-25,2024-05-27,2024-05-29,,,,0,stage3,1,1,0,0
U007033,2024-04-29,Organic,Desktop,North,35-44,2024-04,2024-04-29,2024-05-01,,,,,0,stage2,1,0,0,0
U007037,2024-05-18,Organic,Tablet,East,35-44,2024-05,2024-05-18,2024-05-19,,,,,0,stage2,1,0,0,0
U007039,2024-04-11,Organic,Desktop,East,25-34,2024-04,2024-04-11,2024-04-11,,,,,0,stage2,1,0,0,0
U007040,2024-06-06,Referral,Desktop,North,55+,2024-06,2024-06-06,2024-06-07,,,,,0,stage2,1,0,0,0
U007041,2024-04-02,Organic,Mobile,East,25-34,2024-04,2024-04-02,,,,,,0,stage1,0,0,0,0
U007044,2024-05-25,Social,Mobile,South,55+,2024-05,2024-05-25,,,,,,0,stage1,0,0,0,0
U007045,2024-06-18,Organic,Desktop,Central,45-54,2024-06,2024-06-18,2024-06-19,,,,,0,stage2,1,0,0,0
U007047,2024-04-23,Paid_Search,Desktop,Central,25-34,2024-04,2024-04-23,2024-04-24,,,,,0,stage2,1,0,0,0
U007050,2024-04-29,Organic,Mobile,Central,35-44,2024-04,2024-04-29,2024-04-29,2024-05-01,,,,0,stage3,1,1,0,0
U007051,2024-05-02,Email,Mobile,East,25-34,2024-05,2024-05-02,,,,,,0,stage1,0,0,0,0
U007052,2024-06-12,Paid_Search,Desktop,East,35-44,2024-06,2024-06-12,,,,,,0,stage1,0,0,0,0
U007053,2024-05-22,Paid_Search,Desktop,South,18-24,2024-05,2024-05-22,2024-05-22,2024-05-24,2024-05-24,,,0,stage4,1,1,1,0
U007054,2024-05-28,Referral,Desktop,East,25-34,2024-05,2024-05-28,2024-05-28,,,,,0,stage2,1,0,0,0
U007064,2024-06-16,Organic,Mobile,East,25-34,2024-06,2024-06-16,,,,,,0,stage1,0,0,0,0
U007071,2024-05-18,Organic,Desktop,West,18-24,2024-05,2024-05-18,2024-05-20,,,,,0,stage2,1,0,0,0
U007075,2024-04-23,Organic,Desktop,South,25-34,2024-04,2024-04-23,2024-04-23,2024-04-26,,,,0,stage3,1,1,0,0
U007078,2024-04-05,Referral,Mobile,South,35-44,2024-04,2024-04-05,,,,,,0,stage1,0,0,0,0
U007079,2024-06-23,Organic,Desktop,East,35-44,2024-06,2024-06-23,,,,,,0,stage1,0,0,0,0
U007080,2024-04-16,Referral,Desktop,East,25-34,2024-04,2024-04-16,2024-04-16,,,,,0,stage2,1,0,0,0
U007081,2024-06-13,Social,Mobile,South,35-44,2024-06,2024-06-13,,,,,,0,stage1,0,0,0,0
U007082,2024-04-19,Organic,Mobile,West,35-44,2024-04,2024-04-19,,,,,,0,stage1,0,0,0,0
U007087,2024-06-04,Referral,Desktop,Central,18-24,2024-06,2024-06-04,2024-06-05,,,,,0,stage2,1,0,0,0
U007089,2024-06-08,Social,Desktop,North,25-34,2024-06,2024-06-08,2024-06-08,2024-06-09,2024-06-10,,,0,stage4,1,1,1,0
U007091,2024-05-31,Email,Mobile,East,18-24,2024-05,2024-05-31,,,,,,0,stage1,0,0,0,0
U007093,2024-06-04,Social,Desktop,Central,25-34,2024-06,2024-06-04,2024-06-04,2024-06-06,2024-06-08,2024-06-11,2024-06-11,1,Converted,1,1,1,1
U007094,2024-04-06,Organic,Mobile,North,25-34,2024-04,2024-04-06,,,,,,0,stage1,0,0,0,0
U007095,2024-05-29,Paid_Search,Mobile,Central,35-44,2024-05,2024-05-29,2024-05-29,,,,,0,stage2,1,0,0,0
U007096,2024-06-17,Referral,Mobile,North,35-44,2024-06,2024-06-17,2024-06-19,2024-06-20,2024-06-21,2024-06-22,,0,stage5,1,1,1,1
U007098,2024-05-08,Social,Mobile,South,55+,2024-05,2024-05-08,2024-05-10,2024-05-13,2024-05-15,2024-05-19,2024-05-21,1,Converted,1,1,1,1
U007100,2024-05-15,Social,Mobile,Central,35-44,2024-05,2024-05-15,,,,,,0,stage1,0,0,0,0
U007102,2024-04-30,Paid_Search,Mobile,North,18-24,2024-04,2024-04-30,2024-05-02,,,,,0,stage2,1,0,0,0
U007103,2024-05-14,Referral,Desktop,East,25-34,2024-05,2024-05-14,2024-05-16,,,,,0,stage2,1,0,0,0
U007104,2024-04-22,Paid_Search,Desktop,North,25-34,2024-04,2024-04-22,2024-04-23,2024-04-25,,,,0,stage3,1,1,0,0
U007107,2024-04-02,Organic,Mobile,East,35-44,2024-04,2024-04-02,,,,,,0,stage1,0,0,0,0
U007110,2024-04-23,Organic,Desktop,West,45-54,2024-04,2024-04-23,2024-04-25,2024-04-27,,,,0,stage3,1,1,0,0
U007111,2024-04-02,Paid_Search,Desktop,West,18-24,2024-04,2024-04-02,2024-04-02,,,,,0,stage2,1,0,0,0
U007113,2024-05-23,Organic,Desktop,East,55+,2024-05,2024-05-23,,,,,,0,stage1,0,0,0,0
U007114,2024-05-09,Referral,Mobile,East,25-34,2024-05,2024-05-09,2024-05-09,,,,,0,stage2,1,0,0,0
U007115,2024-04-02,Social,Mobile,South,35-44,2024-04,2024-04-02,,,,,,0,stage1,0,0,0,0
U007116,2024-06-16,Organic,Mobile,Central,18-24,2024-06,2024-06-16,2024-06-17,,,,,0,stage2,1,0,0,0
U007117,2024-06-03,Paid_Search,Mobile,Central,18-24,2024-06,2024-06-03,2024-06-03,,,,,0,stage2,1,0,0,0
U007118,2024-04-24,Paid_Search,Desktop,Central,55+,2024-04,2024-04-24,2024-04-25,2024-04-26,2024-04-28,,,0,stage4,1,1,1,0
U007120,2024-04-14,Referral,Desktop,North,25-34,2024-04,2024-04-14,2024-04-16,,,,,0,stage2,1,0,0,0
U007121,2024-05-29,Organic,Mobile,West,35-44,2024-05,2024-05-29,2024-05-31,,,,,0,stage2,1,0,0,0
U007126,2024-04-14,Referral,Desktop,East,35-44,2024-04,2024-04-14,2024-04-15,2024-04-18,2024-04-18,2024-04-22,2024-04-24,1,Converted,1,1,1,1
U007131,2024-04-17,Email,Mobile,North,25-34,2024-04,2024-04-17,2024-04-18,,,,,0,stage2,1,0,0,0
U007132,2024-05-21,Paid_Search,Desktop,West,25-34,2024-05,2024-05-21,,,,,,0,stage1,0,0,0,0
U007133,2024-04-30,Social,Desktop,Central,45-54,2024-04,2024-04-30,2024-05-02,,,,,0,stage2,1,0,0,0
U007135,2024-04-20,Referral,Desktop,East,25-34,2024-04,2024-04-20,,,,,,0,stage1,0,0,0,0
U007138,2024-05-15,Paid_Search,Mobile,South,25-34,2024-05,2024-05-15,,,,,,0,stage1,0,0,0,0
U007139,2024-04-09,Social,Mobile,South,25-34,2024-04,2024-04-09,,,,,,0,stage1,0,0,0,0
U007140,2024-04-18,Paid_Search,Mobile,East,25-34,2024-04,2024-04-18,2024-04-19,2024-04-20,2024-04-21,2024-04-23,2024-04-25,1,Converted,1,1,1,1
U007145,2024-04-25,Organic,Mobile,Central,18-24,2024-04,2024-04-25,,,,,,0,stage1,0,0,0,0
U007146,2024-04-21,Social,Mobile,North,35-44,2024-04,2024-04-21,,,,,,0,stage1,0,0,0,0
U007148,2024-05-02,Paid_Search,Mobile,West,25-34,2024-05,2024-05-02,2024-05-04,,,,,0,stage2,1,0,0,0
U007151,2024-05-10,Paid_Search,Mobile,West,18-24,2024-05,2024-05-10,,,,,,0,stage1,0,0,0,0
U007153,2024-05-31,Referral,Mobile,West,35-44,2024-05,2024-05-31,2024-06-02,2024-06-04,2024-06-06,,,0,stage4,1,1,1,0
U007154,2024-06-15,Social,Mobile,East,55+,2024-06,2024-06-15,,,,,,0,stage1,0,0,0,0
U007155,2024-04-26,Paid_Search,Mobile,South,35-44,2024-04,2024-04-26,,,,,,0,stage1,0,0,0,0
U007156,2024-04-07,Paid_Search,Mobile,Central,45-54,2024-04,2024-04-07,2024-04-08,2024-04-10,,,,0,stage3,1,1,0,0
U007158,2024-05-10,Organic,Desktop,West,25-34,2024-05,2024-05-10,,,,,,0,stage1,0,0,0,0
U007159,2024-05-30,Referral,Desktop,East,35-44,2024-05,2024-05-30,2024-05-31,2024-06-01,2024-06-01,,,0,stage4,1,1,1,0
U007162,2024-05-24,Email,Tablet,East,45-54,2024-05,2024-05-24,2024-05-26,2024-05-29,2024-05-31,,,0,stage4,1,1,1,0
U007163,2024-05-10,Organic,Mobile,Central,25-34,2024-05,2024-05-10,2024-05-11,,,,,0,stage2,1,0,0,0
U007168,2024-05-12,Email,Desktop,West,25-34,2024-05,2024-05-12,,,,,,0,stage1,0,0,0,0
U007177,2024-04-22,Social,Tablet,South,18-24,2024-04,2024-04-22,2024-04-22,2024-04-23,2024-04-24,2024-04-27,2024-04-29,1,Converted,1,1,1,1
U007180,2024-06-19,Organic,Desktop,East,35-44,2024-06,2024-06-19,,,,,,0,stage1,0,0,0,0
U007183,2024-05-21,Paid_Search,Mobile,East,45-54,2024-05,2024-05-21,2024-05-23,2024-05-24,2024-05-24,,,0,stage4,1,1,1,0
U007184,2024-06-02,Referral,Desktop,West,18-24,2024-06,2024-06-02,2024-06-02,2024-06-05,2024-06-07,2024-06-09,2024-06-09,1,Converted,1,1,1,1
U007185,2024-05-05,Organic,Mobile,South,18-24,2024-05,2024-05-05,2024-05-05,,,,,0,stage2,1,0,0,0
U007186,2024-04-04,Organic,Mobile,West,35-44,2024-04,2024-04-04,,,,,,0,stage1,0,0,0,0
U007188,2024-04-19,Organic,Mobile,East,35-44,2024-04,2024-04-19,2024-04-21,,,,,0,stage2,1,0,0,0
U007189,2024-04-23,Paid_Search,Mobile,Central,35-44,2024-04,2024-04-23,,,,,,0,stage1,0,0,0,0
U007190,2024-05-13,Organic,Desktop,North,35-44,2024-05,2024-05-13,2024-05-13,,,,,0,stage2,1,0,0,0
U007191,2024-04-26,Paid_Search,Desktop,North,25-34,2024-04,2024-04-26,,,,,,0,stage1,0,0,0,0
U007193,2024-06-29,Organic,Mobile,Central,18-24,2024-06,2024-06-29,,,,,,0,stage1,0,0,0,0
U007195,2024-04-20,Paid_Search,Mobile,Central,25-34,2024-04,2024-04-20,2024-04-21,,,,,0,stage2,1,0,0,0
U007199,2024-06-20,Email,Desktop,South,25-34,2024-06,2024-06-20,2024-06-20,2024-06-22,2024-06-22,2024-06-24,2024-06-26,1,Converted,1,1,1,1
U007202,2024-04-26,Paid_Search,Desktop,North,18-24,2024-04,2024-04-26,,,,,,0,stage1,0,0,0,0
U007203,2024-06-10,Organic,Mobile,South,35-44,2024-06,2024-06-10,2024-06-12,2024-06-15,,,,0,stage3,1,1,0,0
U007204,2024-06-21,Referral,Mobile,South,35-44,2024-06,2024-06-21,2024-06-21,2024-06-24,,,,0,stage3,1,1,0,0
U007205,2024-06-25,Paid_Search,Desktop,North,25-34,2024-06,2024-06-25,2024-06-26,2024-06-27,2024-06-28,,,0,stage4,1,1,1,0
U007207,2024-06-18,Paid_Search,Tablet,Central,45-54,2024-06,2024-06-18,2024-06-20,,,,,0,stage2,1,0,0,0
U007210,2024-05-30,Social,Mobile,North,55+,2024-05,2024-05-30,,,,,,0,stage1,0,0,0,0
U007211,2024-04-06,Paid_Search,Mobile,East,25-34,2024-04,2024-04-06,,,,,,0,stage1,0,0,0,0
U007215,2024-06-11,Email,Mobile,West,18-24,2024-06,2024-06-11,2024-06-11,2024-06-14,2024-06-16,2024-06-18,2024-06-18,1,Converted,1,1,1,1
U007216,2024-04-21,Referral,Desktop,Central,45-54,2024-04,2024-04-21,2024-04-21,2024-04-23,,,,0,stage3,1,1,0,0
U007217,2024-05-22,Email,Desktop,East,25-34,2024-05,2024-05-22,,,,,,0,stage1,0,0,0,0
U007218,2024-06-05,Social,Desktop,East,18-24,2024-06,2024-06-05,2024-06-05,,,,,0,stage2,1,0,0,0
U007219,2024-06-30,Organic,Desktop,West,25-34,2024-06,2024-06-30,2024-06-30,,,,,0,stage2,1,0,0,0
U007221,2024-04-17,Paid_Search,Mobile,Central,35-44,2024-04,2024-04-17,2024-04-19,2024-04-21,2024-04-23,2024-04-27,2024-04-29,1,Converted,1,1,1,1
U007222,2024-05-29,Paid_Search,Tablet,South,25-34,2024-05,2024-05-29,2024-05-29,,,,,0,stage2,1,0,0,0
U007223,2024-06-12,Email,Desktop,Central,45-54,2024-06,2024-06-12,,,,,,0,stage1,0,0,0,0
U007225,2024-05-03,Paid_Search,Desktop,South,25-34,2024-05,2024-05-03,2024-05-05,,,,,0,stage2,1,0,0,0
U007226,2024-06-17,Referral,Tablet,Central,25-34,2024-06,2024-06-17,2024-06-17,,,,,0,stage2,1,0,0,0
U007229,2024-06-20,Referral,Desktop,East,25-34,2024-06,2024-06-20,,,,,,0,stage1,0,0,0,0
U007230,2024-05-04,Paid_Search,Mobile,South,18-24,2024-05,2024-05-04,2024-05-05,,,,,0,stage2,1,0,0,0
U007231,2024-06-10,Organic,Desktop,East,25-34,2024-06,2024-06-10,2024-06-11,2024-06-14,2024-06-15,2024-06-19,2024-06-20,1,Converted,1,1,1,1
U007234,2024-04-17,Organic,Mobile,South,25-34,2024-04,2024-04-17,2024-04-18,,,,,0,stage2,1,0,0,0
U007236,2024-06-18,Paid_Search,Mobile,Central,45-54,2024-06,2024-06-18,2024-06-19,,,,,0,stage2,1,0,0,0
U007238,2024-06-27,Paid_Search,Desktop,East,25-34,2024-06,2024-06-27,2024-06-28,,,,,0,stage2,1,0,0,0
U007239,2024-06-29,Paid_Search,Tablet,West,45-54,2024-06,2024-06-29,2024-06-29,,,,,0,stage2,1,0,0,0
U007240,2024-05-03,Organic,Desktop,East,35-44,2024-05,2024-05-03,2024-05-04,2024-05-07,2024-05-08,2024-05-10,2024-05-10,1,Converted,1,1,1,1
U007243,2024-04-14,Organic,Mobile,Central,35-44,2024-04,2024-04-14,2024-04-14,2024-04-17,,,,0,stage3,1,1,0,0
U007245,2024-04-15,Referral,Desktop,North,18-24,2024-04,2024-04-15,2024-04-16,2024-04-18,2024-04-19,2024-04-23,2024-04-24,1,Converted,1,1,1,1
U007248,2024-05-04,Organic,Desktop,East,18-24,2024-05,2024-05-04,2024-05-06,,,,,0,stage2,1,0,0,0
U007250,2024-06-11,Referral,Desktop,North,18-24,2024-06,2024-06-11,2024-06-11,,,,,0,stage2,1,0,0,0
U007253,2024-05-26,Paid_Search,Mobile,South,55+,2024-05,2024-05-26,,,,,,0,stage1,0,0,0,0
U007256,2024-06-09,Referral,Desktop,Central,35-44,2024-06,2024-06-09,2024-06-09,2024-06-12,,,,0,stage3,1,1,0,0
U007257,2024-06-05,Organic,Desktop,South,18-24,2024-06,2024-06-05,2024-06-06,2024-06-07,,,,0,stage3,1,1,0,0
U007258,2024-06-03,Social,Mobile,West,35-44,2024-06,2024-06-03,,,,,,0,stage1,0,0,0,0
U007259,2024-05-18,Social,Mobile,East,35-44,2024-05,2024-05-18,,,,,,0,stage1,0,0,0,0
U007264,2024-05-21,Referral,Mobile,West,25-34,2024-05,2024-05-21,2024-05-21,,,,,0,stage2,1,0,0,0
U007265,2024-06-16,Email,Mobile,Central,25-34,2024-06,2024-06-16,2024-06-16,2024-06-19,2024-06-19,2024-06-22,,0,stage5,1,1,1,1
U007266,2024-05-17,Organic,Mobile,West,25-34,2024-05,2024-05-17,,,,,,0,stage1,0,0,0,0
U007268,2024-04-11,Referral,Mobile,East,35-44,2024-04,2024-04-11,2024-04-13,,,,,0,stage2,1,0,0,0
U007271,2024-04-15,Organic,Tablet,South,55+,2024-04,2024-04-15,,,,,,0,stage1,0,0,0,0
U007276,2024-05-08,Organic,Desktop,North,18-24,2024-05,2024-05-08,,,,,,0,stage1,0,0,0,0
U007277,2024-04-11,Referral,Desktop,North,55+,2024-04,2024-04-11,2024-04-12,,,,,0,stage2,1,0,0,0
U007282,2024-06-10,Organic,Mobile,South,35-44,2024-06,2024-06-10,,,,,,0,stage1,0,0,0,0
U007283,2024-06-25,Email,Desktop,East,18-24,2024-06,2024-06-25,2024-06-25,,,,,0,stage2,1,0,0,0
U007286,2024-04-12,Paid_Search,Desktop,East,18-24,2024-04,2024-04-12,2024-04-12,,,,,0,stage2,1,0,0,0
U007289,2024-06-29,Organic,Desktop,North,25-34,2024-06,2024-06-29,2024-07-01,2024-07-03,2024-07-03,2024-07-04,2024-07-06,1,Converted,1,1,1,1
U007290,2024-05-18,Social,Mobile,South,25-34,2024-05,2024-05-18,2024-05-20,,,,,0,stage2,1,0,0,0
U007292,2024-06-04,Paid_Search,Mobile,East,35-44,2024-06,2024-06-04,,,,,,0,stage1,0,0,0,0
U007295,2024-04-27,Paid_Search,Desktop,Central,55+,2024-04,2024-04-27,2024-04-27,2024-04-28,2024-04-29,,,0,stage4,1,1,1,0
U007296,2024-06-16,Organic,Mobile,East,18-24,2024-06,2024-06-16,,,,,,0,stage1,0,0,0,0
U007297,2024-05-27,Organic,Mobile,Central,25-34,2024-05,2024-05-27,,,,,,0,stage1,0,0,0,0
U007298,2024-04-30,Paid_Search,Desktop,South,35-44,2024-04,2024-04-30,2024-05-01,,,,,0,stage2,1,0,0,0
U007301,2024-04-14,Organic,Desktop,East,45-54,2024-04,2024-04-14,2024-04-16,2024-04-18,,,,0,stage3,1,1,0,0
U007302,2024-05-03,Paid_Search,Mobile,West,35-44,2024-05,2024-05-03,2024-05-04,2024-05-07,,,,0,stage3,1,1,0,0
U007303,2024-05-16,Organic,Desktop,North,45-54,2024-05,2024-05-16,2024-05-18,2024-05-19,2024-05-20,2024-05-21,2024-05-22,1,Converted,1,1,1,1
U007304,2024-04-10,Organic,Desktop,North,55+,2024-04,2024-04-10,2024-04-11,,,,,0,stage2,1,0,0,0
U007305,2024-05-19,Social,Tablet,North,35-44,2024-05,2024-05-19,2024-05-21,2024-05-22,,,,0,stage3,1,1,0,0
U007306,2024-04-25,Paid_Search,Mobile,North,18-24,2024-04,2024-04-25,2024-04-25,,,,,0,stage2,1,0,0,0
U007307,2024-05-27,Organic,Desktop,West,35-44,2024-05,2024-05-27,2024-05-27,,,,,0,stage2,1,0,0,0
U007308,2024-04-11,Paid_Search,Mobile,Central,55+,2024-04,2024-04-11,,,,,,0,stage1,0,0,0,0
U007310,2024-04-24,Paid_Search,Desktop,North,45-54,2024-04,2024-04-24,2024-04-25,,,,,0,stage2,1,0,0,0
U007311,2024-05-02,Organic,Mobile,North,55+,2024-05,2024-05-02,2024-05-04,2024-05-05,,,,0,stage3,1,1,0,0
U007312,2024-06-13,Referral,Desktop,East,18-24,2024-06,2024-06-13,2024-06-14,2024-06-16,2024-06-16,2024-06-17,2024-06-17,1,Converted,1,1,1,1
U007313,2024-05-23,Paid_Search,Mobile,Central,55+,2024-05,2024-05-23,2024-05-23,,,,,0,stage2,1,0,0,0
U007315,2024-05-05,Social,Mobile,Central,35-44,2024-05,2024-05-05,2024-05-07,2024-05-08,2024-05-08,,,0,stage4,1,1,1,0
U007318,2024-04-15,Social,Mobile,Central,25-34,2024-04,2024-04-15,2024-04-16,,,,,0,stage2,1,0,0,0
U007320,2024-06-25,Email,Mobile,East,18-24,2024-06,2024-06-25,,,,,,0,stage1,0,0,0,0
U007321,2024-05-24,Organic,Mobile,West,18-24,2024-05,2024-05-24,2024-05-26,,,,,0,stage2,1,0,0,0
U007322,2024-04-14,Email,Mobile,East,35-44,2024-04,2024-04-14,2024-04-14,,,,,0,stage2,1,0,0,0
U007324,2024-05-07,Organic,Mobile,South,25-34,2024-05,2024-05-07,2024-05-08,2024-05-11,,,,0,stage3,1,1,0,0
U007326,2024-05-22,Organic,Tablet,West,35-44,2024-05,2024-05-22,2024-05-24,2024-05-27,2024-05-27,2024-05-28,,0,stage5,1,1,1,1
U007327,2024-04-18,Paid_Search,Mobile,Central,18-24,2024-04,2024-04-18,2024-04-20,,,,,0,stage2,1,0,0,0
U007333,2024-06-09,Social,Mobile,Central,45-54,2024-06,2024-06-09,,,,,,0,stage1,0,0,0,0
U007334,2024-05-14,Referral,Desktop,Central,18-24,2024-05,2024-05-14,,,,,,0,stage1,0,0,0,0
U007335,2024-05-04,Paid_Search,Mobile,West,35-44,2024-05,2024-05-04,,,,,,0,stage1,0,0,0,0
U007337,2024-05-20,Paid_Search,Mobile,North,45-54,2024-05,2024-05-20,2024-05-21,,,,,0,stage2,1,0,0,0
U007338,2024-04-12,Paid_Search,Mobile,Central,25-34,2024-04,2024-04-12,2024-04-12,,,,,0,stage2,1,0,0,0
U007341,2024-06-22,Organic,Desktop,Central,55+,2024-06,2024-06-22,2024-06-23,,,,,0,stage2,1,0,0,0
U007342,2024-05-13,Referral,Mobile,South,35-44,2024-05,2024-05-13,,,,,,0,stage1,0,0,0,0
U007344,2024-06-06,Organic,Mobile,Central,35-44,2024-06,2024-06-06,,,,,,0,stage1,0,0,0,0
U007345,2024-04-05,Social,Mobile,West,18-24,2024-04,2024-04-05,,,,,,0,stage1,0,0,0,0
U007346,2024-05-24,Referral,Tablet,Central,18-24,2024-05,2024-05-24,2024-05-26,2024-05-27,,,,0,stage3,1,1,0,0
U007348,2024-06-24,Email,Mobile,Central,25-34,2024-06,2024-06-24,2024-06-24,2024-06-27,2024-06-29,,,0,stage4,1,1,1,0
U007349,2024-04-05,Paid_Search,Mobile,Central,55+,2024-04,2024-04-05,,,,,,0,stage1,0,0,0,0
U007350,2024-05-12,Organic,Mobile,North,18-24,2024-05,2024-05-12,,,,,,0,stage1,0,0,0,0
U007351,2024-06-03,Organic,Mobile,West,45-54,2024-06,2024-06-03,2024-06-04,2024-06-06,2024-06-07,2024-06-09,2024-06-10,1,Converted,1,1,1,1
U007354,2024-05-01,Social,Tablet,West,18-24,2024-05,2024-05-01,2024-05-01,2024-05-03,2024-05-04,,,0,stage4,1,1,1,0
U007361,2024-06-08,Social,Mobile,North,18-24,2024-06,2024-06-08,,,,,,0,stage1,0,0,0,0
U007362,2024-04-29,Social,Mobile,South,35-44,2024-04,2024-04-29,,,,,,0,stage1,0,0,0,0
U007363,2024-06-01,Referral,Desktop,South,25-34,2024-06,2024-06-01,2024-06-01,,,,,0,stage2,1,0,0,0
U007365,2024-06-11,Social,Desktop,South,35-44,2024-06,2024-06-11,2024-06-13,,,,,0,stage2,1,0,0,0
U007368,2024-06-09,Paid_Search,Desktop,North,18-24,2024-06,2024-06-09,2024-06-09,,,,,0,stage2,1,0,0,0
U007371,2024-06-08,Organic,Mobile,North,35-44,2024-06,2024-06-08,2024-06-09,,,,,0,stage2,1,0,0,0
U007373,2024-05-23,Email,Desktop,Central,35-44,2024-05,2024-05-23,2024-05-25,2024-05-28,2024-05-30,2024-06-01,2024-06-01,1,Converted,1,1,1,1
U007374,2024-05-31,Social,Mobile,South,18-24,2024-05,2024-05-31,,,,,,0,stage1,0,0,0,0
U007381,2024-05-30,Referral,Desktop,North,25-34,2024-05,2024-05-30,2024-06-01,2024-06-03,,,,0,stage3,1,1,0,0
U007383,2024-06-03,Referral,Mobile,North,25-34,2024-06,2024-06-03,2024-06-04,2024-06-07,,,,0,stage3,1,1,0,0
U007384,2024-06-06,Paid_Search,Mobile,West,35-44,2024-06,2024-06-06,2024-06-08,,,,,0,stage2,1,0,0,0
U007385,2024-05-01,Paid_Search,Desktop,East,25-34,2024-05,2024-05-01,2024-05-01,2024-05-02,2024-05-02,2024-05-04,2024-05-04,1,Converted,1,1,1,1
U007393,2024-05-23,Paid_Search,Desktop,Central,45-54,2024-05,2024-05-23,2024-05-24,2024-05-26,,,,0,stage3,1,1,0,0
U007394,2024-04-08,Organic,Tablet,East,25-34,2024-04,2024-04-08,,,,,,0,stage1,0,0,0,0
U007395,2024-06-29,Organic,Mobile,West,25-34,2024-06,2024-06-29,,,,,,0,stage1,0,0,0,0
U007396,2024-05-01,Organic,Mobile,South,35-44,2024-05,2024-05-01,2024-05-02,2024-05-04,,,,0,stage3,1,1,0,0
U007397,2024-05-13,Email,Desktop,East,35-44,2024-05,2024-05-13,2024-05-14,,,,,0,stage2,1,0,0,0
U007398,2024-05-15,Social,Tablet,West,18-24,2024-05,2024-05-15,,,,,,0,stage1,0,0,0,0
U007400,2024-06-03,Organic,Desktop,East,55+,2024-06,2024-06-03,,,,,,0,stage1,0,0,0,0
U007404,2024-05-05,Email,Mobile,East,45-54,2024-05,2024-05-05,2024-05-07,,,,,0,stage2,1,0,0,0
U007406,2024-06-24,Email,Mobile,Central,35-44,2024-06,2024-06-24,2024-06-24,,,,,0,stage2,1,0,0,0
U007407,2024-05-22,Referral,Mobile,South,55+,2024-05,2024-05-22,2024-05-23,2024-05-26,2024-05-27,2024-05-29,2024-05-29,1,Converted,1,1,1,1
U007408,2024-04-03,Organic,Mobile,South,35-44,2024-04,2024-04-03,2024-04-04,2024-04-07,2024-04-08,2024-04-12,2024-04-12,1,Converted,1,1,1,1
U007409,2024-06-06,Paid_Search,Mobile,South,45-54,2024-06,2024-06-06,2024-06-08,2024-06-09,2024-06-10,,,0,stage4,1,1,1,0
U007410,2024-04-05,Email,Mobile,North,25-34,2024-04,2024-04-05,2024-04-05,2024-04-08,2024-04-08,2024-04-10,2024-04-11,1,Converted,1,1,1,1
U007411,2024-04-02,Referral,Tablet,North,35-44,2024-04,2024-04-02,2024-04-04,2024-04-05,,,,0,stage3,1,1,0,0
U007414,2024-05-08,Organic,Mobile,East,25-34,2024-05,2024-05-08,2024-05-08,2024-05-11,2024-05-12,2024-05-13,2024-05-15,1,Converted,1,1,1,1
U007416,2024-04-11,Social,Mobile,South,25-34,2024-04,2024-04-11,2024-04-11,,,,,0,stage2,1,0,0,0
U007417,2024-06-27,Paid_Search,Mobile,East,25-34,2024-06,2024-06-27,2024-06-29,2024-07-01,,,,0,stage3,1,1,0,0
U007419,2024-04-30,Paid_Search,Desktop,East,18-24,2024-04,2024-04-30,2024-05-02,2024-05-05,2024-05-06,2024-05-10,2024-05-10,1,Converted,1,1,1,1
U007420,2024-05-01,Social,Mobile,Central,45-54,2024-05,2024-05-01,,,,,,0,stage1,0,0,0,0
U007421,2024-06-14,Social,Mobile,North,18-24,2024-06,2024-06-14,2024-06-16,2024-06-17,,,,0,stage3,1,1,0,0
U007423,2024-06-05,Paid_Search,Desktop,North,55+,2024-06,2024-06-05,2024-06-07,,,,,0,stage2,1,0,0,0
U007426,2024-04-23,Email,Mobile,East,18-24,2024-04,2024-04-23,,,,,,0,stage1,0,0,0,0
U007427,2024-06-12,Referral,Mobile,Central,45-54,2024-06,2024-06-12,2024-06-14,,,,,0,stage2,1,0,0,0
U007430,2024-05-19,Email,Mobile,West,18-24,2024-05,2024-05-19,2024-05-20,,,,,0,stage2,1,0,0,0
U007432,2024-06-16,Organic,Mobile,Central,35-44,2024-06,2024-06-16,,,,,,0,stage1,0,0,0,0
U007433,2024-06-06,Email,Mobile,East,25-34,2024-06,2024-06-06,,,,,,0,stage1,0,0,0,0
U007435,2024-04-03,Organic,Mobile,South,18-24,2024-04,2024-04-03,2024-04-05,,,,,0,stage2,1,0,0,0
U007437,2024-04-16,Paid_Search,Mobile,West,18-24,2024-04,2024-04-16,2024-04-18,,,,,0,stage2,1,0,0,0
U007438,2024-06-20,Paid_Search,Mobile,North,18-24,2024-06,2024-06-20,2024-06-20,2024-06-21,2024-06-21,2024-06-23,2024-06-25,1,Converted,1,1,1,1
U007440,2024-04-23,Paid_Search,Mobile,Central,45-54,2024-04,2024-04-23,,,,,,0,stage1,0,0,0,0
U007444,2024-06-25,Organic,Desktop,Central,25-34,2024-06,2024-06-25,,,,,,0,stage1,0,0,0,0
U007445,2024-05-09,Social,Mobile,South,35-44,2024-05,2024-05-09,2024-05-10,,,,,0,stage2,1,0,0,0
U007448,2024-05-23,Referral,Mobile,South,18-24,2024-05,2024-05-23,2024-05-24,2024-05-25,2024-05-26,,,0,stage4,1,1,1,0
U007449,2024-04-29,Social,Mobile,Central,25-34,2024-04,2024-04-29,2024-05-01,,,,,0,stage2,1,0,0,0
U007450,2024-06-27,Paid_Search,Mobile,North,25-34,2024-06,2024-06-27,2024-06-27,,,,,0,stage2,1,0,0,0
U007451,2024-05-24,Paid_Search,Mobile,North,45-54,2024-05,2024-05-24,2024-05-25,2024-05-26,,,,0,stage3,1,1,0,0
U007456,2024-04-27,Referral,Mobile,West,35-44,2024-04,2024-04-27,2024-04-27,2024-04-30,2024-04-30,2024-05-03,2024-05-05,1,Converted,1,1,1,1
U007457,2024-06-13,Email,Mobile,Central,25-34,2024-06,2024-06-13,2024-06-13,,,,,0,stage2,1,0,0,0
U007459,2024-04-07,Social,Mobile,Central,35-44,2024-04,2024-04-07,2024-04-09,2024-04-11,2024-04-11,2024-04-14,2024-04-14,1,Converted,1,1,1,1
U007460,2024-05-24,Social,Desktop,East,18-24,2024-05,2024-05-24,,,,,,0,stage1,0,0,0,0
U007462,2024-04-15,Email,Desktop,East,18-24,2024-04,2024-04-15,2024-04-15,2024-04-16,2024-04-17,2024-04-19,2024-04-19,1,Converted,1,1,1,1
U007465,2024-06-27,Social,Mobile,Central,35-44,2024-06,2024-06-27,2024-06-28,,,,,0,stage2,1,0,0,0
U007468,2024-04-03,Email,Desktop,North,45-54,2024-04,2024-04-03,,,,,,0,stage1,0,0,0,0
U007470,2024-05-13,Social,Mobile,East,35-44,2024-05,2024-05-13,,,,,,0,stage1,0,0,0,0
U007471,2024-04-25,Email,Desktop,East,55+,2024-04,2024-04-25,2024-04-27,2024-04-30,2024-04-30,2024-05-01,2024-05-03,1,Converted,1,1,1,1
U007472,2024-04-08,Paid_Search,Desktop,Central,18-24,2024-04,2024-04-08,2024-04-08,2024-04-11,,,,0,stage3,1,1,0,0
U007473,2024-05-25,Paid_Search,Desktop,North,25-34,2024-05,2024-05-25,2024-05-25,,,,,0,stage2,1,0,0,0
U007474,2024-06-28,Social,Desktop,South,45-54,2024-06,2024-06-28,2024-06-29,2024-07-01,,,,0,stage3,1,1,0,0
U007475,2024-06-14,Organic,Mobile,South,25-34,2024-06,2024-06-14,2024-06-16,,,,,0,stage2,1,0,0,0
U007478,2024-05-08,Organic,Mobile,Central,45-54,2024-05,2024-05-08,2024-05-10,,,,,0,stage2,1,0,0,0
U007481,2024-05-11,Paid_Search,Mobile,West,25-34,2024-05,2024-05-11,2024-05-11,2024-05-13,,,,0,stage3,1,1,0,0
U007484,2024-05-12,Referral,Desktop,South,45-54,2024-05,2024-05-12,,,,,,0,stage1,0,0,0,0
U007485,2024-06-17,Paid_Search,Desktop,Central,45-54,2024-06,2024-06-17,2024-06-19,,,,,0,stage2,1,0,0,0
U007487,2024-05-01,Social,Mobile,Central,35-44,2024-05,2024-05-01,2024-05-01,,,,,0,stage2,1,0,0,0
U007488,2024-04-29,Social,Mobile,Central,55+,2024-04,2024-04-29,2024-05-01,,,,,0,stage2,1,0,0,0
U007490,2024-05-24,Paid_Search,Tablet,Central,25-34,2024-05,2024-05-24,2024-05-25,,,,,0,stage2,1,0,0,0
U007491,2024-06-17,Referral,Mobile,North,18-24,2024-06,2024-06-17,2024-06-19,,,,,0,stage2,1,0,0,0
U007493,2024-06-28,Referral,Mobile,East,25-34,2024-06,2024-06-28,2024-06-28,,,,,0,stage2,1,0,0,0
U007494,2024-06-10,Organic,Mobile,West,55+,2024-06,2024-06-10,,,,,,0,stage1,0,0,0,0
U007495,2024-04-01,Paid_Search,Mobile,East,45-54,2024-04,2024-04-01,,,,,,0,stage1,0,0,0,0
U007499,2024-06-14,Paid_Search,Mobile,East,18-24,2024-06,2024-06-14,2024-06-14,,,,,0,stage2,1,0,0,0
U007501,2024-04-01,Paid_Search,Mobile,East,45-54,2024-04,2024-04-01,2024-04-02,,,,,0,stage2,1,0,0,0
U007503,2024-04-29,Organic,Desktop,South,25-34,2024-04,2024-04-29,2024-05-01,,,,,0,stage2,1,0,0,0
U007505,2024-04-22,Paid_Search,Desktop,East,25-34,2024-04,2024-04-22,2024-04-24,2024-04-26,,,,0,stage3,1,1,0,0
U007506,2024-05-31,Organic,Mobile,Central,35-44,2024-05,2024-05-31,2024-06-02,,,,,0,stage2,1,0,0,0
U007507,2024-06-26,Organic,Desktop,East,25-34,2024-06,2024-06-26,2024-06-27,2024-06-30,2024-07-01,2024-07-05,,0,stage5,1,1,1,1
U007509,2024-04-05,Social,Mobile,East,18-24,2024-04,2024-04-05,2024-04-07,,,,,0,stage2,1,0,0,0
U007511,2024-05-03,Paid_Search,Mobile,East,18-24,2024-05,2024-05-03,,,,,,0,stage1,0,0,0,0
U007512,2024-06-22,Organic,Desktop,East,35-44,2024-06,2024-06-22,2024-06-23,,,,,0,stage2,1,0,0,0
U007516,2024-04-12,Paid_Search,Desktop,East,35-44,2024-04,2024-04-12,2024-04-14,2024-04-15,2024-04-15,2024-04-17,2024-04-18,1,Converted,1,1,1,1
U007517,2024-06-01,Social,Mobile,East,18-24,2024-06,2024-06-01,,,,,,0,stage1,0,0,0,0
U007518,2024-06-27,Social,Desktop,Central,55+,2024-06,2024-06-27,,,,,,0,stage1,0,0,0,0
U007519,2024-05-14,Organic,Mobile,East,55+,2024-05,2024-05-14,2024-05-14,2024-05-17,,,,0,stage3,1,1,0,0
U007522,2024-06-18,Paid_Search,Mobile,South,35-44,2024-06,2024-06-18,2024-06-19,,,,,0,stage2,1,0,0,0
U007526,2024-04-27,Referral,Mobile,East,45-54,2024-04,2024-04-27,,,,,,0,stage1,0,0,0,0
U007527,2024-04-11,Referral,Desktop,South,25-34,2024-04,2024-04-11,,,,,,0,stage1,0,0,0,0
U007536,2024-05-02,Social,Desktop,Central,45-54,2024-05,2024-05-02,,,,,,0,stage1,0,0,0,0
U007539,2024-04-30,Organic,Mobile,North,25-34,2024-04,2024-04-30,2024-05-02,2024-05-05,2024-05-06,2024-05-08,2024-05-09,1,Converted,1,1,1,1
U007540,2024-06-20,Social,Mobile,South,25-34,2024-06,2024-06-20,2024-06-21,2024-06-23,,,,0,stage3,1,1,0,0
U007541,2024-06-29,Email,Mobile,North,18-24,2024-06,2024-06-29,2024-06-29,2024-06-30,2024-07-01,,,0,stage4,1,1,1,0
U007544,2024-04-12,Organic,Mobile,North,45-54,2024-04,2024-04-12,,,,,,0,stage1,0,0,0,0
U007546,2024-06-21,Paid_Search,Desktop,North,18-24,2024-06,2024-06-21,,,,,,0,stage1,0,0,0,0
U007547,2024-04-18,Social,Mobile,East,25-34,2024-04,2024-04-18,2024-04-20,2024-04-22,2024-04-24,,,0,stage4,1,1,1,0
U007550,2024-06-20,Referral,Tablet,North,45-54,2024-06,2024-06-20,2024-06-22,2024-06-25,2024-06-25,2024-06-27,2024-06-29,1,Converted,1,1,1,1
U007553,2024-04-02,Paid_Search,Tablet,Central,55+,2024-04,2024-04-02,2024-04-03,2024-04-06,,,,0,stage3,1,1,0,0
U007555,2024-04-11,Paid_Search,Desktop,East,35-44,2024-04,2024-04-11,2024-04-11,2024-04-14,2024-04-14,2024-04-16,,0,stage5,1,1,1,1
U007556,2024-05-07,Paid_Search,Desktop,South,35-44,2024-05,2024-05-07,2024-05-07,2024-05-08,,,,0,stage3,1,1,0,0
U007558,2024-04-21,Organic,Mobile,North,35-44,2024-04,2024-04-21,2024-04-21,,,,,0,stage2,1,0,0,0
U007560,2024-04-08,Organic,Desktop,North,25-34,2024-04,2024-04-08,2024-04-10,2024-04-11,2024-04-12,2024-04-14,2024-04-15,1,Converted,1,1,1,1
U007562,2024-06-21,Organic,Desktop,East,25-34,2024-06,2024-06-21,2024-06-22,2024-06-23,,,,0,stage3,1,1,0,0
U007564,2024-04-17,Organic,Mobile,West,35-44,2024-04,2024-04-17,2024-04-17,,,,,0,stage2,1,0,0,0
U007566,2024-04-11,Paid_Search,Mobile,Central,18-24,2024-04,2024-04-11,,,,,,0,stage1,0,0,0,0
U007567,2024-06-23,Social,Mobile,North,45-54,2024-06,2024-06-23,,,,,,0,stage1,0,0,0,0
U007568,2024-05-12,Organic,Desktop,South,25-34,2024-05,2024-05-12,2024-05-12,,,,,0,stage2,1,0,0,0
U007569,2024-04-29,Paid_Search,Mobile,East,35-44,2024-04,2024-04-29,,,,,,0,stage1,0,0,0,0
U007571,2024-06-24,Email,Desktop,West,35-44,2024-06,2024-06-24,,,,,,0,stage1,0,0,0,0
U007575,2024-05-04,Paid_Search,Desktop,Central,25-34,2024-05,2024-05-04,,,,,,0,stage1,0,0,0,0
U007576,2024-06-16,Email,Desktop,West,55+,2024-06,2024-06-16,2024-06-18,2024-06-20,,,,0,stage3,1,1,0,0
U007577,2024-04-18,Paid_Search,Desktop,West,25-34,2024-04,2024-04-18,2024-04-18,,,,,0,stage2,1,0,0,0
U007579,2024-06-11,Social,Desktop,South,55+,2024-06,2024-06-11,2024-06-11,2024-06-14,2024-06-15,2024-06-18,2024-06-19,1,Converted,1,1,1,1
U007582,2024-04-18,Paid_Search,Mobile,East,35-44,2024-04,2024-04-18,,,,,,0,stage1,0,0,0,0
U007583,2024-05-16,Referral,Mobile,North,18-24,2024-05,2024-05-16,2024-05-17,2024-05-20,2024-05-20,,,0,stage4,1,1,1,0
U007587,2024-05-31,Paid_Search,Desktop,East,35-44,2024-05,2024-05-31,,,,,,0,stage1,0,0,0,0
U007590,2024-04-26,Social,Mobile,North,35-44,2024-04,2024-04-26,2024-04-27,2024-04-28,,,,0,stage3,1,1,0,0
U007591,2024-04-28,Social,Tablet,East,25-34,2024-04,2024-04-28,,,,,,0,stage1,0,0,0,0
U007595,2024-06-24,Social,Mobile,South,25-34,2024-06,2024-06-24,,,,,,0,stage1,0,0,0,0
U007596,2024-04-04,Social,Mobile,North,35-44,2024-04,2024-04-04,2024-04-05,2024-04-07,,,,0,stage3,1,1,0,0
U007598,2024-05-18,Paid_Search,Mobile,Central,55+,2024-05,2024-05-18,,,,,,0,stage1,0,0,0,0
U007601,2024-04-01,Paid_Search,Mobile,North,35-44,2024-04,2024-04-01,,,,,,0,stage1,0,0,0,0
U007602,2024-04-16,Paid_Search,Desktop,North,18-24,2024-04,2024-04-16,,,,,,0,stage1,0,0,0,0
U007608,2024-04-11,Email,Desktop,West,45-54,2024-04,2024-04-11,2024-04-11,2024-04-12,2024-04-12,,,0,stage4,1,1,1,0
U007609,2024-05-16,Paid_Search,Mobile,South,35-44,2024-05,2024-05-16,,,,,,0,stage1,0,0,0,0
U007612,2024-05-06,Paid_Search,Mobile,North,45-54,2024-05,2024-05-06,,,,,,0,stage1,0,0,0,0
U007613,2024-04-20,Social,Mobile,West,35-44,2024-04,2024-04-20,2024-04-21,,,,,0,stage2,1,0,0,0
U007615,2024-06-25,Paid_Search,Mobile,West,55+,2024-06,2024-06-25,2024-06-27,,,,,0,stage2,1,0,0,0
U007617,2024-05-14,Social,Desktop,Central,18-24,2024-05,2024-05-14,2024-05-16,,,,,0,stage2,1,0,0,0
U007618,2024-04-27,Email,Mobile,North,25-34,2024-04,2024-04-27,2024-04-27,,,,,0,stage2,1,0,0,0
U007624,2024-05-11,Organic,Desktop,East,35-44,2024-05,2024-05-11,,,,,,0,stage1,0,0,0,0
U007626,2024-06-12,Paid_Search,Mobile,East,35-44,2024-06,2024-06-12,,,,,,0,stage1,0,0,0,0
U007628,2024-04-18,Organic,Mobile,West,25-34,2024-04,2024-04-18,,,,,,0,stage1,0,0,0,0
U007629,2024-04-12,Social,Mobile,North,18-24,2024-04,2024-04-12,2024-04-12,2024-04-13,,,,0,stage3,1,1,0,0
U007631,2024-06-16,Organic,Mobile,West,25-34,2024-06,2024-06-16,2024-06-18,2024-06-19,2024-06-20,,,0,stage4,1,1,1,0
U007635,2024-05-11,Social,Desktop,West,35-44,2024-05,2024-05-11,2024-05-13,2024-05-14,2024-05-16,,,0,stage4,1,1,1,0
U007637,2024-04-05,Referral,Desktop,South,18-24,2024-04,2024-04-05,2024-04-07,2024-04-09,,,,0,stage3,1,1,0,0
U007639,2024-06-25,Organic,Desktop,West,25-34,2024-06,2024-06-25,2024-06-25,,,,,0,stage2,1,0,0,0
U007641,2024-06-20,Paid_Search,Desktop,West,35-44,2024-06,2024-06-20,2024-06-20,,,,,0,stage2,1,0,0,0
U007642,2024-06-03,Email,Desktop,South,25-34,2024-06,2024-06-03,,,,,,0,stage1,0,0,0,0
U007643,2024-04-12,Organic,Tablet,West,18-24,2024-04,2024-04-12,2024-04-12,2024-04-15,,,,0,stage3,1,1,0,0
U007647,2024-06-17,Organic,Mobile,West,35-44,2024-06,2024-06-17,,,,,,0,stage1,0,0,0,0
U007650,2024-06-02,Referral,Tablet,Central,25-34,2024-06,2024-06-02,2024-06-04,2024-06-06,2024-06-06,2024-06-08,2024-06-08,1,Converted,1,1,1,1
U007653,2024-06-04,Referral,Mobile,South,35-44,2024-06,2024-06-04,2024-06-05,,,,,0,stage2,1,0,0,0
U007654,2024-05-30,Organic,Mobile,South,55+,2024-05,2024-05-30,,,,,,0,stage1,0,0,0,0
U007655,2024-04-17,Social,Mobile,Central,45-54,2024-04,2024-04-17,2024-04-19,,,,,0,stage2,1,0,0,0
U007656,2024-06-01,Social,Tablet,Central,45-54,2024-06,2024-06-01,,,,,,0,stage1,0,0,0,0
U007658,2024-05-18,Referral,Desktop,South,35-44,2024-05,2024-05-18,2024-05-19,2024-05-21,2024-05-23,2024-05-24,2024-05-25,1,Converted,1,1,1,1
U007662,2024-04-28,Organic,Desktop,West,25-34,2024-04,2024-04-28,2024-04-30,,,,,0,stage2,1,0,0,0
U007663,2024-05-07,Paid_Search,Mobile,West,25-34,2024-05,2024-05-07,2024-05-07,2024-05-10,,,,0,stage3,1,1,0,0
U007664,2024-06-27,Paid_Search,Tablet,South,25-34,2024-06,2024-06-27,,,,,,0,stage1,0,0,0,0
U007666,2024-04-09,Paid_Search,Mobile,North,55+,2024-04,2024-04-09,,,,,,0,stage1,0,0,0,0
U007669,2024-06-18,Referral,Mobile,West,25-34,2024-06,2024-06-18,2024-06-20,,,,,0,stage2,1,0,0,0
U007671,2024-05-04,Referral,Mobile,West,45-54,2024-05,2024-05-04,2024-05-06,2024-05-08,2024-05-08,,,0,stage4,1,1,1,0
U007673,2024-05-15,Social,Desktop,Central,25-34,2024-05,2024-05-15,,,,,,0,stage1,0,0,0,0
U007674,2024-04-04,Referral,Mobile,Central,45-54,2024-04,2024-04-04,,,,,,0,stage1,0,0,0,0
U007676,2024-04-25,Referral,Mobile,East,25-34,2024-04,2024-04-25,2024-04-27,,,,,0,stage2,1,0,0,0
U007677,2024-04-29,Referral,Mobile,East,45-54,2024-04,2024-04-29,2024-04-29,,,,,0,stage2,1,0,0,0
U007679,2024-05-24,Paid_Search,Mobile,East,25-34,2024-05,2024-05-24,2024-05-25,2024-05-27,,,,0,stage3,1,1,0,0
U007681,2024-05-05,Referral,Mobile,East,35-44,2024-05,2024-05-05,2024-05-05,,,,,0,stage2,1,0,0,0
U007682,2024-04-06,Referral,Desktop,East,35-44,2024-04,2024-04-06,2024-04-08,2024-04-09,,,,0,stage3,1,1,0,0
U007683,2024-04-06,Referral,Desktop,West,35-44,2024-04,2024-04-06,2024-04-08,,,,,0,stage2,1,0,0,0
U007690,2024-04-12,Referral,Mobile,West,25-34,2024-04,2024-04-12,2024-04-14,2024-04-16,,,,0,stage3,1,1,0,0
U007692,2024-06-02,Paid_Search,Mobile,West,35-44,2024-06,2024-06-02,2024-06-03,,,,,0,stage2,1,0,0,0
U007695,2024-06-24,Social,Desktop,West,25-34,2024-06,2024-06-24,,,,,,0,stage1,0,0,0,0
U007696,2024-06-11,Referral,Mobile,Central,18-24,2024-06,2024-06-11,2024-06-13,2024-06-15,,,,0,stage3,1,1,0,0
U007697,2024-05-08,Email,Tablet,East,35-44,2024-05,2024-05-08,2024-05-10,2024-05-13,,,,0,stage3,1,1,0,0
U007698,2024-04-10,Paid_Search,Mobile,North,25-34,2024-04,2024-04-10,2024-04-10,2024-04-12,2024-04-13,2024-04-17,2024-04-18,1,Converted,1,1,1,1
U007699,2024-04-25,Social,Desktop,East,35-44,2024-04,2024-04-25,2024-04-25,,,,,0,stage2,1,0,0,0
U007702,2024-05-16,Organic,Tablet,North,35-44,2024-05,2024-05-16,2024-05-17,2024-05-19,,,,0,stage3,1,1,0,0
U007703,2024-06-16,Organic,Mobile,South,25-34,2024-06,2024-06-16,2024-06-16,,,,,0,stage2,1,0,0,0
U007704,2024-06-23,Organic,Mobile,South,45-54,2024-06,2024-06-23,,,,,,0,stage1,0,0,0,0
U007706,2024-04-15,Referral,Mobile,West,25-34,2024-04,2024-04-15,2024-04-15,,,,,0,stage2,1,0,0,0
U007707,2024-06-11,Organic,Mobile,West,45-54,2024-06,2024-06-11,2024-06-11,,,,,0,stage2,1,0,0,0
U007708,2024-06-07,Email,Mobile,South,35-44,2024-06,2024-06-07,2024-06-07,2024-06-08,,,,0,stage3,1,1,0,0
U007709,2024-06-05,Referral,Mobile,South,35-44,2024-06,2024-06-05,2024-06-07,,,,,0,stage2,1,0,0,0
U007710,2024-05-08,Social,Mobile,Central,55+,2024-05,2024-05-08,2024-05-08,2024-05-11,2024-05-13,2024-05-17,2024-05-17,1,Converted,1,1,1,1
U007713,2024-05-25,Organic,Desktop,North,55+,2024-05,2024-05-25,2024-05-27,2024-05-29,2024-05-31,,,0,stage4,1,1,1,0
U007716,2024-06-02,Social,Desktop,North,25-34,2024-06,2024-06-02,2024-06-04,,,,,0,stage2,1,0,0,0
U007717,2024-04-09,Organic,Mobile,South,18-24,2024-04,2024-04-09,2024-04-11,2024-04-14,2024-04-14,,,0,stage4,1,1,1,0
U007719,2024-04-27,Email,Mobile,Central,25-34,2024-04,2024-04-27,2024-04-28,2024-05-01,,,,0,stage3,1,1,0,0
U007724,2024-05-27,Organic,Desktop,West,25-34,2024-05,2024-05-27,2024-05-28,2024-05-30,2024-05-30,,,0,stage4,1,1,1,0
U007725,2024-06-24,Social,Mobile,South,18-24,2024-06,2024-06-24,,,,,,0,stage1,0,0,0,0
U007726,2024-06-03,Email,Desktop,West,35-44,2024-06,2024-06-03,2024-06-04,,,,,0,stage2,1,0,0,0
U007728,2024-04-28,Social,Desktop,West,35-44,2024-04,2024-04-28,2024-04-30,2024-05-03,2024-05-03,,,0,stage4,1,1,1,0
U007729,2024-06-03,Email,Mobile,Central,35-44,2024-06,2024-06-03,,,,,,0,stage1,0,0,0,0
U007732,2024-04-14,Referral,Mobile,West,35-44,2024-04,2024-04-14,,,,,,0,stage1,0,0,0,0
U007733,2024-05-13,Email,Desktop,West,55+,2024-05,2024-05-13,,,,,,0,stage1,0,0,0,0
U007734,2024-04-30,Social,Desktop,North,45-54,2024-04,2024-04-30,2024-05-01,,,,,0,stage2,1,0,0,0
U007736,2024-04-16,Paid_Search,Desktop,Central,25-34,2024-04,2024-04-16,2024-04-17,,,,,0,stage2,1,0,0,0
U007737,2024-05-17,Email,Mobile,Central,25-34,2024-05,2024-05-17,2024-05-17,2024-05-20,2024-05-22,,,0,stage4,1,1,1,0
U007738,2024-06-14,Paid_Search,Mobile,East,45-54,2024-06,2024-06-14,,,,,,0,stage1,0,0,0,0
U007739,2024-05-16,Referral,Tablet,East,18-24,2024-05,2024-05-16,2024-05-18,2024-05-19,2024-05-20,,,0,stage4,1,1,1,0
U007740,2024-05-03,Social,Mobile,East,35-44,2024-05,2024-05-03,,,,,,0,stage1,0,0,0,0
U007743,2024-04-03,Referral,Mobile,South,25-34,2024-04,2024-04-03,,,,,,0,stage1,0,0,0,0
U007744,2024-04-12,Organic,Desktop,West,35-44,2024-04,2024-04-12,,,,,,0,stage1,0,0,0,0
U007745,2024-05-10,Referral,Desktop,East,35-44,2024-05,2024-05-10,2024-05-12,,,,,0,stage2,1,0,0,0
U007746,2024-06-15,Organic,Desktop,East,25-34,2024-06,2024-06-15,2024-06-16,2024-06-18,2024-06-18,,,0,stage4,1,1,1,0
U007753,2024-06-13,Organic,Mobile,West,35-44,2024-06,2024-06-13,,,,,,0,stage1,0,0,0,0
U007754,2024-06-26,Social,Mobile,South,35-44,2024-06,2024-06-26,,,,,,0,stage1,0,0,0,0
U007756,2024-06-30,Referral,Mobile,Central,45-54,2024-06,2024-06-30,2024-07-01,,,,,0,stage2,1,0,0,0
U007760,2024-04-23,Paid_Search,Mobile,South,25-34,2024-04,2024-04-23,2024-04-24,2024-04-26,,,,0,stage3,1,1,0,0
U007761,2024-06-28,Paid_Search,Mobile,Central,35-44,2024-06,2024-06-28,,,,,,0,stage1,0,0,0,0
U007765,2024-05-13,Paid_Search,Mobile,Central,35-44,2024-05,2024-05-13,2024-05-14,,,,,0,stage2,1,0,0,0
U007767,2024-04-02,Referral,Desktop,South,55+,2024-04,2024-04-02,2024-04-04,2024-04-06,,,,0,stage3,1,1,0,0
U007771,2024-04-22,Organic,Mobile,West,25-34,2024-04,2024-04-22,,,,,,0,stage1,0,0,0,0
U007772,2024-06-21,Referral,Mobile,East,45-54,2024-06,2024-06-21,2024-06-22,,,,,0,stage2,1,0,0,0
U007774,2024-06-26,Social,Desktop,South,35-44,2024-06,2024-06-26,2024-06-26,,,,,0,stage2,1,0,0,0
U007776,2024-04-08,Social,Desktop,East,55+,2024-04,2024-04-08,,,,,,0,stage1,0,0,0,0
U007780,2024-04-03,Paid_Search,Desktop,West,35-44,2024-04,2024-04-03,,,,,,0,stage1,0,0,0,0
U007781,2024-05-10,Organic,Mobile,North,18-24,2024-05,2024-05-10,,,,,,0,stage1,0,0,0,0
U007782,2024-05-12,Organic,Desktop,West,25-34,2024-05,2024-05-12,2024-05-13,2024-05-15,,,,0,stage3,1,1,0,0
U007783,2024-06-07,Referral,Mobile,North,25-34,2024-06,2024-06-07,2024-06-07,,,,,0,stage2,1,0,0,0
U007786,2024-05-08,Paid_Search,Mobile,North,35-44,2024-05,2024-05-08,2024-05-09,,,,,0,stage2,1,0,0,0
U007787,2024-05-13,Social,Mobile,Central,35-44,2024-05,2024-05-13,2024-05-14,,,,,0,stage2,1,0,0,0
U007788,2024-04-06,Referral,Mobile,South,18-24,2024-04,2024-04-06,2024-04-07,2024-04-10,,,,0,stage3,1,1,0,0
U007791,2024-04-07,Organic,Mobile,East,25-34,2024-04,2024-04-07,,,,,,0,stage1,0,0,0,0
U007793,2024-06-20,Organic,Desktop,South,35-44,2024-06,2024-06-20,2024-06-20,2024-06-22,,,,0,stage3,1,1,0,0
U007796,2024-06-04,Organic,Desktop,West,18-24,2024-06,2024-06-04,2024-06-06,2024-06-07,,,,0,stage3,1,1,0,0
U007797,2024-06-15,Paid_Search,Mobile,West,18-24,2024-06,2024-06-15,2024-06-15,,,,,0,stage2,1,0,0,0
U007798,2024-04-01,Referral,Desktop,North,18-24,2024-04,2024-04-01,2024-04-02,2024-04-04,,,,0,stage3,1,1,0,0
U007799,2024-05-25,Paid_Search,Mobile,South,45-54,2024-05,2024-05-25,,,,,,0,stage1,0,0,0,0
U007800,2024-06-12,Paid_Search,Desktop,South,25-34,2024-06,2024-06-12,2024-06-12,2024-06-15,2024-06-17,2024-06-19,2024-06-21,1,Converted,1,1,1,1
U007802,2024-04-03,Paid_Search,Mobile,West,35-44,2024-04,2024-04-03,2024-04-05,,,,,0,stage2,1,0,0,0
U007804,2024-04-12,Paid_Search,Mobile,North,18-24,2024-04,2024-04-12,2024-04-14,2024-04-15,2024-04-16,,,0,stage4,1,1,1,0
U007805,2024-05-09,Organic,Mobile,North,45-54,2024-05,2024-05-09,,,,,,0,stage1,0,0,0,0
U007808,2024-05-25,Paid_Search,Mobile,Central,25-34,2024-05,2024-05-25,2024-05-27,2024-05-28,,,,0,stage3,1,1,0,0
U007812,2024-04-26,Social,Mobile,South,35-44,2024-04,2024-04-26,,,,,,0,stage1,0,0,0,0
U007815,2024-06-04,Social,Mobile,North,35-44,2024-06,2024-06-04,2024-06-05,2024-06-08,2024-06-09,,,0,stage4,1,1,1,0
U007821,2024-05-28,Paid_Search,Mobile,Central,25-34,2024-05,2024-05-28,,,,,,0,stage1,0,0,0,0
U007822,2024-05-02,Organic,Desktop,North,35-44,2024-05,2024-05-02,2024-05-03,,,,,0,stage2,1,0,0,0
U007828,2024-04-23,Paid_Search,Mobile,North,25-34,2024-04,2024-04-23,,,,,,0,stage1,0,0,0,0
U007830,2024-06-02,Organic,Desktop,East,35-44,2024-06,2024-06-02,2024-06-03,2024-06-05,2024-06-07,,,0,stage4,1,1,1,0
U007832,2024-05-28,Organic,Desktop,East,25-34,2024-05,2024-05-28,2024-05-29,,,,,0,stage2,1,0,0,0
U007834,2024-04-23,Organic,Mobile,South,35-44,2024-04,2024-04-23,2024-04-25,,,,,0,stage2,1,0,0,0
U007836,2024-06-11,Organic,Mobile,West,45-54,2024-06,2024-06-11,2024-06-13,2024-06-15,2024-06-15,2024-06-18,2024-06-19,1,Converted,1,1,1,1
U007837,2024-06-02,Social,Mobile,South,35-44,2024-06,2024-06-02,2024-06-03,,,,,0,stage2,1,0,0,0
U007838,2024-05-06,Referral,Mobile,Central,25-34,2024-05,2024-05-06,2024-05-08,,,,,0,stage2,1,0,0,0
U007841,2024-06-14,Email,Mobile,Central,25-34,2024-06,2024-06-14,,,,,,0,stage1,0,0,0,0
U007844,2024-05-16,Referral,Mobile,North,35-44,2024-05,2024-05-16,2024-05-16,2024-05-18,,,,0,stage3,1,1,0,0
U007846,2024-06-09,Social,Desktop,East,25-34,2024-06,2024-06-09,,,,,,0,stage1,0,0,0,0
U007847,2024-04-22,Social,Desktop,North,35-44,2024-04,2024-04-22,,,,,,0,stage1,0,0,0,0
U007853,2024-06-21,Organic,Mobile,North,35-44,2024-06,2024-06-21,2024-06-22,,,,,0,stage2,1,0,0,0
U007855,2024-06-12,Referral,Desktop,North,35-44,2024-06,2024-06-12,2024-06-14,2024-06-17,2024-06-17,2024-06-19,2024-06-19,1,Converted,1,1,1,1
U007858,2024-05-08,Organic,Mobile,East,25-34,2024-05,2024-05-08,,,,,,0,stage1,0,0,0,0
U007860,2024-05-15,Paid_Search,Desktop,East,45-54,2024-05,2024-05-15,2024-05-16,,,,,0,stage2,1,0,0,0
U007862,2024-06-21,Organic,Mobile,South,25-34,2024-06,2024-06-21,2024-06-21,2024-06-23,2024-06-23,2024-06-25,,0,stage5,1,1,1,1
U007863,2024-04-11,Organic,Desktop,South,35-44,2024-04,2024-04-11,2024-04-11,2024-04-12,2024-04-14,,,0,stage4,1,1,1,0
U007864,2024-06-18,Paid_Search,Mobile,North,55+,2024-06,2024-06-18,,,,,,0,stage1,0,0,0,0
U007866,2024-06-16,Social,Desktop,South,25-34,2024-06,2024-06-16,2024-06-18,,,,,0,stage2,1,0,0,0
U007867,2024-04-16,Email,Mobile,East,35-44,2024-04,2024-04-16,2024-04-18,2024-04-20,2024-04-20,,,0,stage4,1,1,1,0
U007869,2024-04-30,Social,Desktop,South,55+,2024-04,2024-04-30,,,,,,0,stage1,0,0,0,0
U007875,2024-04-18,Email,Mobile,North,18-24,2024-04,2024-04-18,2024-04-20,2024-04-22,2024-04-23,2024-04-24,2024-04-25,1,Converted,1,1,1,1
U007878,2024-06-14,Organic,Mobile,West,55+,2024-06,2024-06-14,2024-06-14,2024-06-16,,,,0,stage3,1,1,0,0
U007880,2024-06-29,Organic,Desktop,North,35-44,2024-06,2024-06-29,2024-06-29,,,,,0,stage2,1,0,0,0
U007883,2024-04-05,Paid_Search,Mobile,South,18-24,2024-04,2024-04-05,,,,,,0,stage1,0,0,0,0
U007887,2024-05-08,Social,Mobile,West,18-24,2024-05,2024-05-08,2024-05-09,,,,,0,stage2,1,0,0,0
U007893,2024-05-02,Paid_Search,Desktop,West,25-34,2024-05,2024-05-02,2024-05-04,,,,,0,stage2,1,0,0,0
U007894,2024-05-31,Organic,Mobile,North,25-34,2024-05,2024-05-31,2024-06-01,2024-06-02,2024-06-04,2024-06-08,2024-06-10,1,Converted,1,1,1,1
U007895,2024-06-29,Organic,Desktop,East,18-24,2024-06,2024-06-29,,,,,,0,stage1,0,0,0,0
U007896,2024-05-04,Organic,Mobile,Central,18-24,2024-05,2024-05-04,,,,,,0,stage1,0,0,0,0
U007898,2024-06-04,Paid_Search,Mobile,East,25-34,2024-06,2024-06-04,2024-06-06,2024-06-08,,,,0,stage3,1,1,0,0
U007900,2024-06-12,Referral,Mobile,West,25-34,2024-06,2024-06-12,,,,,,0,stage1,0,0,0,0
U007903,2024-04-04,Email,Mobile,West,25-34,2024-04,2024-04-04,2024-04-05,2024-04-07,2024-04-07,2024-04-11,2024-04-11,1,Converted,1,1,1,1
U007905,2024-04-15,Organic,Tablet,East,18-24,2024-04,2024-04-15,2024-04-15,2024-04-16,2024-04-18,2024-04-21,2024-04-23,1,Converted,1,1,1,1
U007912,2024-04-02,Organic,Mobile,North,25-34,2024-04,2024-04-02,,,,,,0,stage1,0,0,0,0
U007913,2024-04-24,Email,Desktop,West,25-34,2024-04,2024-04-24,2024-04-26,,,,,0,stage2,1,0,0,0
U007916,2024-04-29,Social,Mobile,West,25-34,2024-04,2024-04-29,,,,,,0,stage1,0,0,0,0
U007918,2024-06-29,Paid_Search,Mobile,North,35-44,2024-06,2024-06-29,,,,,,0,stage1,0,0,0,0
U007922,2024-06-13,Social,Tablet,North,18-24,2024-06,2024-06-13,2024-06-14,2024-06-16,,,,0,stage3,1,1,0,0
U007923,2024-04-11,Organic,Mobile,East,25-34,2024-04,2024-04-11,2024-04-12,2024-04-13,2024-04-15,,,0,stage4,1,1,1,0
U007925,2024-04-05,Social,Mobile,West,25-34,2024-04,2024-04-05,,,,,,0,stage1,0,0,0,0
U007927,2024-05-05,Paid_Search,Mobile,North,35-44,2024-05,2024-05-05,2024-05-06,2024-05-09,2024-05-10,2024-05-11,2024-05-13,1,Converted,1,1,1,1
U007930,2024-05-22,Paid_Search,Desktop,South,35-44,2024-05,2024-05-22,2024-05-22,,,,,0,stage2,1,0,0,0
U007931,2024-05-16,Email,Mobile,West,25-34,2024-05,2024-05-16,2024-05-16,,,,,0,stage2,1,0,0,0
U007932,2024-05-11,Organic,Mobile,North,35-44,2024-05,2024-05-11,2024-05-11,,,,,0,stage2,1,0,0,0
U007933,2024-05-26,Referral,Mobile,South,55+,2024-05,2024-05-26,,,,,,0,stage1,0,0,0,0
U007934,2024-04-29,Referral,Desktop,South,35-44,2024-04,2024-04-29,2024-05-01,2024-05-04,,,,0,stage3,1,1,0,0
U007936,2024-04-20,Paid_Search,Mobile,East,18-24,2024-04,2024-04-20,2024-04-21,2024-04-23,2024-04-24,,,0,stage4,1,1,1,0
U007940,2024-04-26,Organic,Tablet,West,55+,2024-04,2024-04-26,2024-04-28,,,,,0,stage2,1,0,0,0
U007941,2024-06-26,Referral,Desktop,North,55+,2024-06,2024-06-26,,,,,,0,stage1,0,0,0,0
U007942,2024-04-20,Organic,Mobile,South,45-54,2024-04,2024-04-20,,,,,,0,stage1,0,0,0,0
U007944,2024-05-27,Referral,Mobile,East,18-24,2024-05,2024-05-27,2024-05-28,,,,,0,stage2,1,0,0,0
U007946,2024-06-08,Paid_Search,Mobile,Central,18-24,2024-06,2024-06-08,2024-06-09,2024-06-10,,,,0,stage3,1,1,0,0
U007949,2024-06-21,Organic,Mobile,East,25-34,2024-06,2024-06-21,,,,,,0,stage1,0,0,0,0
U007951,2024-05-16,Referral,Tablet,East,25-34,2024-05,2024-05-16,2024-05-17,2024-05-20,,,,0,stage3,1,1,0,0
U007952,2024-06-19,Referral,Desktop,Central,55+,2024-06,2024-06-19,2024-06-19,,,,,0,stage2,1,0,0,0
U007953,2024-05-27,Referral,Mobile,Central,45-54,2024-05,2024-05-27,2024-05-28,2024-05-31,,,,0,stage3,1,1,0,0
U007954,2024-05-27,Paid_Search,Mobile,East,25-34,2024-05,2024-05-27,2024-05-27,,,,,0,stage2,1,0,0,0
U007957,2024-06-03,Paid_Search,Mobile,East,25-34,2024-06,2024-06-03,,,,,,0,stage1,0,0,0,0
U007966,2024-04-22,Social,Mobile,West,25-34,2024-04,2024-04-22,2024-04-23,2024-04-24,,,,0,stage3,1,1,0,0
U007969,2024-05-09,Social,Mobile,South,35-44,2024-05,2024-05-09,2024-05-11,,,,,0,stage2,1,0,0,0
U007970,2024-05-12,Paid_Search,Mobile,West,35-44,2024-05,2024-05-12,2024-05-12,,,,,0,stage2,1,0,0,0
U007973,2024-05-05,Organic,Tablet,West,55+,2024-05,2024-05-05,,,,,,0,stage1,0,0,0,0
U007974,2024-06-03,Organic,Mobile,West,45-54,2024-06,2024-06-03,2024-06-04,,,,,0,stage2,1,0,0,0
U007976,2024-04-02,Referral,Mobile,South,55+,2024-04,2024-04-02,,,,,,0,stage1,0,0,0,0
U007977,2024-05-02,Organic,Desktop,Central,55+,2024-05,2024-05-02,,,,,,0,stage1,0,0,0,0
U007979,2024-04-07,Referral,Desktop,South,55+,2024-04,2024-04-07,2024-04-08,2024-04-10,2024-04-10,2024-04-13,2024-04-14,1,Converted,1,1,1,1
U007981,2024-06-15,Referral,Mobile,Central,35-44,2024-06,2024-06-15,,,,,,0,stage1,0,0,0,0
U007984,2024-06-14,Organic,Mobile,East,45-54,2024-06,2024-06-14,2024-06-15,2024-06-16,2024-06-16,2024-06-18,2024-06-18,1,Converted,1,1,1,1
U007985,2024-05-24,Social,Mobile,North,18-24,2024-05,2024-05-24,,,,,,0,stage1,0,0,0,0
U007991,2024-04-05,Paid_Search,Desktop,North,25-34,2024-04,2024-04-05,,,,,,0,stage1,0,0,0,0
U007992,2024-06-07,Referral,Desktop,West,55+,2024-06,2024-06-07,2024-06-08,2024-06-09,,,,0,stage3,1,1,0,0
U007993,2024-04-17,Social,Desktop,East,55+,2024-04,2024-04-17,2024-04-17,,,,,0,stage2,1,0,0,0
U007995,2024-05-12,Email,Mobile,South,18-24,2024-05,2024-05-12,2024-05-12,2024-05-15,2024-05-17,2024-05-19,2024-05-20,1,Converted,1,1,1,1
U008002,2024-04-30,Email,Desktop,East,18-24,2024-04,2024-04-30,2024-04-30,2024-05-03,,,,0,stage3,1,1,0,0
U008004,2024-05-18,Referral,Mobile,East,45-54,2024-05,2024-05-18,2024-05-19,2024-05-22,2024-05-24,2024-05-26,2024-05-26,1,Converted,1,1,1,1
U008009,2024-05-01,Social,Mobile,North,45-54,2024-05,2024-05-01,,,,,,0,stage1,0,0,0,0
U008010,2024-04-28,Organic,Desktop,Central,18-24,2024-04,2024-04-28,2024-04-29,2024-05-02,,,,0,stage3,1,1,0,0
U008011,2024-04-22,Organic,Desktop,West,35-44,2024-04,2024-04-22,2024-04-22,,,,,0,stage2,1,0,0,0
U008012,2024-06-03,Paid_Search,Mobile,Central,45-54,2024-06,2024-06-03,2024-06-05,2024-06-06,2024-06-07,,,0,stage4,1,1,1,0
U008013,2024-05-01,Social,Mobile,West,45-54,2024-05,2024-05-01,2024-05-02,,,,,0,stage2,1,0,0,0
U008015,2024-06-20,Referral,Mobile,West,25-34,2024-06,2024-06-20,2024-06-22,2024-06-23,2024-06-24,2024-06-28,2024-06-30,1,Converted,1,1,1,1
U008016,2024-05-26,Organic,Desktop,North,25-34,2024-05,2024-05-26,2024-05-26,2024-05-27,,,,0,stage3,1,1,0,0
U008021,2024-04-13,Organic,Mobile,West,25-34,2024-04,2024-04-13,2024-04-14,2024-04-17,,,,0,stage3,1,1,0,0
U008024,2024-06-17,Paid_Search,Mobile,East,18-24,2024-06,2024-06-17,2024-06-18,,,,,0,stage2,1,0,0,0
U008026,2024-04-28,Paid_Search,Mobile,West,45-54,2024-04,2024-04-28,2024-04-30,2024-05-03,2024-05-05,2024-05-08,2024-05-08,1,Converted,1,1,1,1
U008028,2024-04-18,Social,Desktop,South,25-34,2024-04,2024-04-18,,,,,,0,stage1,0,0,0,0
U008029,2024-04-05,Referral,Desktop,North,35-44,2024-04,2024-04-05,,,,,,0,stage1,0,0,0,0
U008030,2024-06-18,Organic,Mobile,East,35-44,2024-06,2024-06-18,2024-06-18,,,,,0,stage2,1,0,0,0
U008031,2024-05-28,Organic,Desktop,North,18-24,2024-05,2024-05-28,,,,,,0,stage1,0,0,0,0
U008038,2024-04-11,Organic,Mobile,Central,25-34,2024-04,2024-04-11,2024-04-12,,,,,0,stage2,1,0,0,0
U008040,2024-05-03,Referral,Mobile,South,25-34,2024-05,2024-05-03,2024-05-04,,,,,0,stage2,1,0,0,0
U008042,2024-04-13,Paid_Search,Desktop,East,55+,2024-04,2024-04-13,2024-04-14,,,,,0,stage2,1,0,0,0
U008044,2024-04-26,Referral,Desktop,West,18-24,2024-04,2024-04-26,2024-04-28,2024-04-30,2024-05-02,,,0,stage4,1,1,1,0
U008045,2024-04-22,Referral,Tablet,North,25-34,2024-04,2024-04-22,,,,,,0,stage1,0,0,0,0
U008048,2024-06-16,Organic,Mobile,Central,25-34,2024-06,2024-06-16,2024-06-18,2024-06-20,2024-06-21,2024-06-23,2024-06-24,1,Converted,1,1,1,1
U008050,2024-05-20,Referral,Tablet,West,18-24,2024-05,2024-05-20,2024-05-21,2024-05-24,,,,0,stage3,1,1,0,0
U008053,2024-05-12,Organic,Desktop,West,35-44,2024-05,2024-05-12,2024-05-13,2024-05-14,2024-05-15,,,0,stage4,1,1,1,0
U008054,2024-04-19,Organic,Mobile,East,25-34,2024-04,2024-04-19,2024-04-21,,,,,0,stage2,1,0,0,0
U008056,2024-05-19,Social,Mobile,Central,55+,2024-05,2024-05-19,2024-05-19,2024-05-20,,,,0,stage3,1,1,0,0
U008061,2024-04-21,Email,Mobile,South,25-34,2024-04,2024-04-21,,,,,,0,stage1,0,0,0,0
U008062,2024-05-21,Referral,Desktop,North,25-34,2024-05,2024-05-21,2024-05-21,,,,,0,stage2,1,0,0,0
U008063,2024-05-09,Paid_Search,Mobile,Central,18-24,2024-05,2024-05-09,2024-05-09,2024-05-11,2024-05-13,2024-05-15,,0,stage5,1,1,1,1
U008065,2024-06-23,Social,Tablet,West,55+,2024-06,2024-06-23,,,,,,0,stage1,0,0,0,0
U008068,2024-04-02,Social,Mobile,East,45-54,2024-04,2024-04-02,2024-04-04,,,,,0,stage2,1,0,0,0
U008070,2024-05-15,Organic,Desktop,East,25-34,2024-05,2024-05-15,2024-05-15,2024-05-17,,,,0,stage3,1,1,0,0
U008072,2024-06-23,Referral,Mobile,West,45-54,2024-06,2024-06-23,2024-06-23,2024-06-26,2024-06-28,2024-06-30,2024-07-02,1,Converted,1,1,1,1
U008074,2024-04-18,Organic,Desktop,North,35-44,2024-04,2024-04-18,2024-04-18,,,,,0,stage2,1,0,0,0
U008076,2024-04-12,Organic,Mobile,North,25-34,2024-04,2024-04-12,,,,,,0,stage1,0,0,0,0
U008078,2024-05-13,Paid_Search,Desktop,North,18-24,2024-05,2024-05-13,,,,,,0,stage1,0,0,0,0
U008079,2024-04-17,Referral,Desktop,East,25-34,2024-04,2024-04-17,2024-04-18,2024-04-20,,,,0,stage3,1,1,0,0
U008084,2024-06-30,Paid_Search,Desktop,North,18-24,2024-06,2024-06-30,2024-07-02,2024-07-05,,,,0,stage3,1,1,0,0
U008087,2024-06-01,Paid_Search,Desktop,North,18-24,2024-06,2024-06-01,2024-06-01,2024-06-02,,,,0,stage3,1,1,0,0
U008088,2024-04-15,Referral,Mobile,North,18-24,2024-04,2024-04-15,2024-04-15,,,,,0,stage2,1,0,0,0
U008090,2024-05-03,Paid_Search,Tablet,East,25-34,2024-05,2024-05-03,,,,,,0,stage1,0,0,0,0
U008092,2024-04-10,Organic,Mobile,West,55+,2024-04,2024-04-10,2024-04-10,2024-04-13,2024-04-14,2024-04-18,,0,stage5,1,1,1,1
U008093,2024-05-31,Organic,Desktop,East,25-34,2024-05,2024-05-31,2024-05-31,,,,,0,stage2,1,0,0,0
U008099,2024-04-23,Paid_Search,Mobile,South,35-44,2024-04,2024-04-23,2024-04-23,,,,,0,stage2,1,0,0,0
U008100,2024-06-21,Paid_Search,Desktop,North,18-24,2024-06,2024-06-21,,,,,,0,stage1,0,0,0,0
U008102,2024-06-12,Social,Mobile,Central,35-44,2024-06,2024-06-12,2024-06-12,,,,,0,stage2,1,0,0,0
U008103,2024-05-13,Paid_Search,Desktop,Central,18-24,2024-05,2024-05-13,2024-05-14,2024-05-17,2024-05-17,,,0,stage4,1,1,1,0
U008104,2024-06-09,Referral,Desktop,Central,35-44,2024-06,2024-06-09,2024-06-11,2024-06-13,2024-06-13,2024-06-17,2024-06-18,1,Converted,1,1,1,1
U008106,2024-06-05,Referral,Mobile,South,25-34,2024-06,2024-06-05,,,,,,0,stage1,0,0,0,0
U008107,2024-04-26,Social,Mobile,North,25-34,2024-04,2024-04-26,2024-04-26,2024-04-27,2024-04-29,2024-05-02,2024-05-03,1,Converted,1,1,1,1
U008109,2024-05-29,Referral,Mobile,South,45-54,2024-05,2024-05-29,2024-05-29,2024-06-01,,,,0,stage3,1,1,0,0
U008110,2024-06-26,Organic,Desktop,Central,45-54,2024-06,2024-06-26,2024-06-27,2024-06-29,2024-06-29,,,0,stage4,1,1,1,0
U008111,2024-05-13,Email,Mobile,Central,18-24,2024-05,2024-05-13,2024-05-13,2024-05-14,2024-05-16,,,0,stage4,1,1,1,0
U008112,2024-06-03,Paid_Search,Desktop,Central,45-54,2024-06,2024-06-03,2024-06-05,,,,,0,stage2,1,0,0,0
U008113,2024-04-02,Paid_Search,Desktop,North,35-44,2024-04,2024-04-02,,,,,,0,stage1,0,0,0,0
U008115,2024-04-17,Email,Mobile,North,25-34,2024-04,2024-04-17,2024-04-17,,,,,0,stage2,1,0,0,0
U008116,2024-06-12,Organic,Desktop,North,55+,2024-06,2024-06-12,,,,,,0,stage1,0,0,0,0
U008119,2024-06-12,Email,Desktop,East,55+,2024-06,2024-06-12,2024-06-14,,,,,0,stage2,1,0,0,0
U008122,2024-05-04,Social,Desktop,South,18-24,2024-05,2024-05-04,2024-05-04,,,,,0,stage2,1,0,0,0
U008123,2024-05-29,Social,Desktop,South,25-34,2024-05,2024-05-29,2024-05-30,,,,,0,stage2,1,0,0,0
U008125,2024-06-19,Referral,Desktop,North,45-54,2024-06,2024-06-19,2024-06-20,,,,,0,stage2,1,0,0,0
U008127,2024-06-04,Social,Desktop,East,55+,2024-06,2024-06-04,2024-06-06,,,,,0,stage2,1,0,0,0
U008128,2024-04-06,Paid_Search,Mobile,North,18-24,2024-04,2024-04-06,2024-04-08,2024-04-11,2024-04-13,2024-04-17,2024-04-17,1,Converted,1,1,1,1
U008129,2024-06-03,Social,Desktop,Central,35-44,2024-06,2024-06-03,,,,,,0,stage1,0,0,0,0
U008131,2024-06-13,Referral,Mobile,North,25-34,2024-06,2024-06-13,,,,,,0,stage1,0,0,0,0
U008133,2024-05-27,Email,Mobile,East,25-34,2024-05,2024-05-27,2024-05-27,,,,,0,stage2,1,0,0,0
U008135,2024-05-28,Referral,Desktop,Central,25-34,2024-05,2024-05-28,2024-05-30,,,,,0,stage2,1,0,0,0
U008136,2024-06-30,Paid_Search,Mobile,West,35-44,2024-06,2024-06-30,2024-07-02,2024-07-04,2024-07-05,2024-07-06,,0,stage5,1,1,1,1
U008138,2024-06-14,Paid_Search,Desktop,East,25-34,2024-06,2024-06-14,,,,,,0,stage1,0,0,0,0
U008139,2024-04-22,Organic,Desktop,East,55+,2024-04,2024-04-22,2024-04-23,,,,,0,stage2,1,0,0,0
U008140,2024-05-26,Referral,Desktop,East,55+,2024-05,2024-05-26,2024-05-28,2024-05-29,,,,0,stage3,1,1,0,0
U008141,2024-04-12,Organic,Mobile,West,18-24,2024-04,2024-04-12,,,,,,0,stage1,0,0,0,0
U008142,2024-06-09,Referral,Mobile,South,45-54,2024-06,2024-06-09,,,,,,0,stage1,0,0,0,0
U008143,2024-04-20,Paid_Search,Mobile,South,45-54,2024-04,2024-04-20,,,,,,0,stage1,0,0,0,0
U008144,2024-06-20,Organic,Desktop,Central,18-24,2024-06,2024-06-20,,,,,,0,stage1,0,0,0,0
U008148,2024-06-10,Referral,Desktop,West,18-24,2024-06,2024-06-10,2024-06-11,2024-06-12,,,,0,stage3,1,1,0,0
U008150,2024-04-26,Organic,Mobile,South,55+,2024-04,2024-04-26,2024-04-27,2024-04-29,,,,0,stage3,1,1,0,0
U008151,2024-06-23,Email,Desktop,East,25-34,2024-06,2024-06-23,2024-06-24,2024-06-26,2024-06-26,,,0,stage4,1,1,1,0
U008154,2024-06-11,Email,Tablet,Central,55+,2024-06,2024-06-11,,,,,,0,stage1,0,0,0,0
U008157,2024-05-22,Paid_Search,Mobile,Central,45-54,2024-05,2024-05-22,2024-05-24,,,,,0,stage2,1,0,0,0
U008158,2024-06-14,Paid_Search,Mobile,Central,45-54,2024-06,2024-06-14,2024-06-15,2024-06-18,2024-06-19,,,0,stage4,1,1,1,0
U008162,2024-05-17,Email,Desktop,West,35-44,2024-05,2024-05-17,,,,,,0,stage1,0,0,0,0
U008168,2024-06-12,Paid_Search,Mobile,South,45-54,2024-06,2024-06-12,,,,,,0,stage1,0,0,0,0
U008171,2024-06-30,Referral,Desktop,South,18-24,2024-06,2024-06-30,2024-07-01,,,,,0,stage2,1,0,0,0
U008178,2024-05-23,Paid_Search,Desktop,West,45-54,2024-05,2024-05-23,2024-05-25,2024-05-26,,,,0,stage3,1,1,0,0
U008179,2024-04-11,Paid_Search,Mobile,North,55+,2024-04,2024-04-11,2024-04-13,2024-04-16,,,,0,stage3,1,1,0,0
U008182,2024-06-02,Referral,Mobile,Central,35-44,2024-06,2024-06-02,2024-06-04,,,,,0,stage2,1,0,0,0
U008183,2024-04-13,Paid_Search,Tablet,North,18-24,2024-04,2024-04-13,,,,,,0,stage1,0,0,0,0
U008188,2024-04-11,Email,Mobile,Central,18-24,2024-04,2024-04-11,,,,,,0,stage1,0,0,0,0
U008190,2024-04-08,Paid_Search,Mobile,West,18-24,2024-04,2024-04-08,,,,,,0,stage1,0,0,0,0
U008193,2024-06-06,Referral,Mobile,East,35-44,2024-06,2024-06-06,,,,,,0,stage1,0,0,0,0
U008194,2024-05-25,Referral,Desktop,West,25-34,2024-05,2024-05-25,2024-05-25,,,,,0,stage2,1,0,0,0
U008196,2024-04-23,Organic,Mobile,West,45-54,2024-04,2024-04-23,2024-04-23,2024-04-24,,,,0,stage3,1,1,0,0
U008197,2024-05-20,Social,Mobile,North,35-44,2024-05,2024-05-20,2024-05-20,2024-05-23,2024-05-24,2024-05-25,2024-05-26,1,Converted,1,1,1,1
U008199,2024-06-26,Social,Mobile,North,35-44,2024-06,2024-06-26,2024-06-26,,,,,0,stage2,1,0,0,0
U008201,2024-06-14,Email,Mobile,South,18-24,2024-06,2024-06-14,2024-06-14,2024-06-15,2024-06-15,2024-06-18,,0,stage5,1,1,1,1
U008204,2024-04-16,Organic,Tablet,Central,45-54,2024-04,2024-04-16,,,,,,0,stage1,0,0,0,0
U008205,2024-05-22,Organic,Desktop,Central,18-24,2024-05,2024-05-22,2024-05-24,2024-05-27,2024-05-27,,,0,stage4,1,1,1,0
U008206,2024-04-15,Paid_Search,Mobile,Central,18-24,2024-04,2024-04-15,,,,,,0,stage1,0,0,0,0
U008209,2024-04-03,Organic,Desktop,North,25-34,2024-04,2024-04-03,,,,,,0,stage1,0,0,0,0
U008211,2024-05-18,Organic,Desktop,South,25-34,2024-05,2024-05-18,2024-05-19,2024-05-20,,,,0,stage3,1,1,0,0
U008212,2024-06-26,Social,Mobile,South,35-44,2024-06,2024-06-26,,,,,,0,stage1,0,0,0,0
U008215,2024-05-17,Referral,Desktop,East,55+,2024-05,2024-05-17,2024-05-19,2024-05-20,2024-05-20,2024-05-24,2024-05-26,1,Converted,1,1,1,1
U008220,2024-04-29,Paid_Search,Desktop,Central,35-44,2024-04,2024-04-29,2024-04-30,2024-05-03,2024-05-03,,,0,stage4,1,1,1,0
U008221,2024-04-27,Organic,Desktop,Central,25-34,2024-04,2024-04-27,2024-04-29,,,,,0,stage2,1,0,0,0
U008222,2024-04-22,Paid_Search,Mobile,West,25-34,2024-04,2024-04-22,,,,,,0,stage1,0,0,0,0
U008223,2024-05-07,Paid_Search,Mobile,Central,18-24,2024-05,2024-05-07,2024-05-09,,,,,0,stage2,1,0,0,0
U008224,2024-04-21,Organic,Mobile,East,18-24,2024-04,2024-04-21,2024-04-21,2024-04-22,,,,0,stage3,1,1,0,0
U008226,2024-05-23,Paid_Search,Mobile,North,55+,2024-05,2024-05-23,,,,,,0,stage1,0,0,0,0
U008227,2024-04-24,Email,Desktop,South,18-24,2024-04,2024-04-24,,,,,,0,stage1,0,0,0,0
U008228,2024-05-23,Paid_Search,Mobile,East,18-24,2024-05,2024-05-23,2024-05-25,,,,,0,stage2,1,0,0,0
U008230,2024-06-29,Organic,Mobile,South,25-34,2024-06,2024-06-29,2024-06-29,,,,,0,stage2,1,0,0,0
U008234,2024-06-02,Social,Mobile,North,25-34,2024-06,2024-06-02,2024-06-03,,,,,0,stage2,1,0,0,0
U008235,2024-04-20,Referral,Desktop,West,35-44,2024-04,2024-04-20,2024-04-22,2024-04-23,2024-04-24,2024-04-26,2024-04-28,1,Converted,1,1,1,1
U008236,2024-04-25,Paid_Search,Mobile,South,25-34,2024-04,2024-04-25,2024-04-26,,,,,0,stage2,1,0,0,0
U008237,2024-05-17,Paid_Search,Mobile,North,35-44,2024-05,2024-05-17,2024-05-19,2024-05-22,2024-05-23,2024-05-26,2024-05-26,1,Converted,1,1,1,1
U008238,2024-05-25,Social,Mobile,East,35-44,2024-05,2024-05-25,,,,,,0,stage1,0,0,0,0
U008239,2024-05-10,Referral,Desktop,West,25-34,2024-05,2024-05-10,2024-05-11,2024-05-12,2024-05-14,2024-05-17,,0,stage5,1,1,1,1
U008242,2024-04-01,Paid_Search,Tablet,West,45-54,2024-04,2024-04-01,,,,,,0,stage1,0,0,0,0
U008243,2024-05-30,Email,Mobile,North,35-44,2024-05,2024-05-30,2024-05-30,2024-05-31,,,,0,stage3,1,1,0,0
U008244,2024-06-06,Organic,Mobile,South,18-24,2024-06,2024-06-06,,,,,,0,stage1,0,0,0,0
U008246,2024-04-15,Referral,Mobile,Central,55+,2024-04,2024-04-15,2024-04-17,2024-04-18,2024-04-20,2024-04-22,,0,stage5,1,1,1,1
U008250,2024-05-06,Organic,Mobile,North,18-24,2024-05,2024-05-06,2024-05-08,,,,,0,stage2,1,0,0,0
U008252,2024-06-28,Organic,Desktop,South,18-24,2024-06,2024-06-28,2024-06-30,2024-07-02,2024-07-03,2024-07-07,2024-07-09,1,Converted,1,1,1,1
U008253,2024-05-01,Referral,Mobile,South,18-24,2024-05,2024-05-01,,,,,,0,stage1,0,0,0,0
U008258,2024-06-30,Paid_Search,Mobile,West,35-44,2024-06,2024-06-30,,,,,,0,stage1,0,0,0,0
U008259,2024-04-20,Paid_Search,Mobile,East,18-24,2024-04,2024-04-20,2024-04-21,,,,,0,stage2,1,0,0,0
U008260,2024-05-07,Paid_Search,Mobile,West,25-34,2024-05,2024-05-07,2024-05-07,2024-05-08,2024-05-09,,,0,stage4,1,1,1,0
U008261,2024-04-12,Referral,Mobile,North,18-24,2024-04,2024-04-12,,,,,,0,stage1,0,0,0,0
U008263,2024-06-14,Paid_Search,Desktop,South,35-44,2024-06,2024-06-14,2024-06-16,2024-06-17,2024-06-18,,,0,stage4,1,1,1,0
U008264,2024-04-25,Referral,Mobile,South,45-54,2024-04,2024-04-25,2024-04-25,,,,,0,stage2,1,0,0,0
U008265,2024-05-14,Email,Desktop,West,35-44,2024-05,2024-05-14,2024-05-15,2024-05-16,2024-05-18,,,0,stage4,1,1,1,0
U008267,2024-05-22,Paid_Search,Desktop,North,35-44,2024-05,2024-05-22,2024-05-22,2024-05-25,,,,0,stage3,1,1,0,0
U008268,2024-04-05,Referral,Tablet,West,35-44,2024-04,2024-04-05,,,,,,0,stage1,0,0,0,0
U008271,2024-05-15,Referral,Mobile,East,18-24,2024-05,2024-05-15,2024-05-15,2024-05-16,2024-05-17,2024-05-21,,0,stage5,1,1,1,1
U008273,2024-05-24,Paid_Search,Desktop,South,55+,2024-05,2024-05-24,,,,,,0,stage1,0,0,0,0
U008274,2024-04-05,Organic,Mobile,East,18-24,2024-04,2024-04-05,2024-04-05,2024-04-06,2024-04-06,2024-04-10,2024-04-10,1,Converted,1,1,1,1
U008275,2024-05-17,Referral,Desktop,Central,45-54,2024-05,2024-05-17,,,,,,0,stage1,0,0,0,0
U008277,2024-06-23,Organic,Mobile,North,55+,2024-06,2024-06-23,2024-06-23,,,,,0,stage2,1,0,0,0
U008278,2024-06-02,Organic,Desktop,South,25-34,2024-06,2024-06-02,,,,,,0,stage1,0,0,0,0
U008279,2024-04-05,Organic,Mobile,East,35-44,2024-04,2024-04-05,,,,,,0,stage1,0,0,0,0
U008280,2024-05-26,Referral,Desktop,South,35-44,2024-05,2024-05-26,2024-05-26,2024-05-28,2024-05-30,2024-06-01,2024-06-03,1,Converted,1,1,1,1
U008282,2024-05-17,Paid_Search,Mobile,West,35-44,2024-05,2024-05-17,2024-05-17,,,,,0,stage2,1,0,0,0
U008286,2024-05-31,Organic,Mobile,South,55+,2024-05,2024-05-31,2024-06-02,2024-06-03,2024-06-03,2024-06-07,2024-06-07,1,Converted,1,1,1,1
U008287,2024-06-03,Organic,Mobile,North,25-34,2024-06,2024-06-03,2024-06-03,,,,,0,stage2,1,0,0,0
U008288,2024-06-05,Organic,Mobile,West,45-54,2024-06,2024-06-05,2024-06-06,2024-06-08,,,,0,stage3,1,1,0,0
U008289,2024-06-17,Organic,Desktop,Central,35-44,2024-06,2024-06-17,2024-06-19,2024-06-21,,,,0,stage3,1,1,0,0
U008290,2024-04-24,Social,Mobile,North,35-44,2024-04,2024-04-24,,,,,,0,stage1,0,0,0,0
U008292,2024-06-20,Paid_Search,Desktop,North,18-24,2024-06,2024-06-20,,,,,,0,stage1,0,0,0,0
U008293,2024-05-21,Social,Mobile,South,35-44,2024-05,2024-05-21,,,,,,0,stage1,0,0,0,0
U008298,2024-05-05,Organic,Mobile,South,35-44,2024-05,2024-05-05,,,,,,0,stage1,0,0,0,0
U008300,2024-04-13,Social,Mobile,East,25-34,2024-04,2024-04-13,,,,,,0,stage1,0,0,0,0
U008303,2024-05-02,Email,Desktop,West,45-54,2024-05,2024-05-02,2024-05-04,2024-05-07,,,,0,stage3,1,1,0,0
U008304,2024-05-31,Email,Mobile,North,45-54,2024-05,2024-05-31,,,,,,0,stage1,0,0,0,0
U008307,2024-06-18,Paid_Search,Mobile,South,18-24,2024-06,2024-06-18,2024-06-20,,,,,0,stage2,1,0,0,0
U008309,2024-05-24,Social,Desktop,East,55+,2024-05,2024-05-24,,,,,,0,stage1,0,0,0,0
U008310,2024-05-27,Paid_Search,Desktop,North,35-44,2024-05,2024-05-27,2024-05-29,2024-06-01,2024-06-03,2024-06-07,2024-06-09,1,Converted,1,1,1,1
U008311,2024-06-13,Referral,Mobile,West,35-44,2024-06,2024-06-13,2024-06-13,2024-06-15,,,,0,stage3,1,1,0,0
U008314,2024-04-19,Referral,Desktop,North,25-34,2024-04,2024-04-19,,,,,,0,stage1,0,0,0,0
U008315,2024-04-13,Email,Mobile,West,25-34,2024-04,2024-04-13,2024-04-14,,,,,0,stage2,1,0,0,0
U008316,2024-04-06,Paid_Search,Desktop,East,35-44,2024-04,2024-04-06,2024-04-06,,,,,0,stage2,1,0,0,0
U008317,2024-05-05,Email,Mobile,North,55+,2024-05,2024-05-05,2024-05-05,2024-05-07,2024-05-07,2024-05-10,2024-05-12,1,Converted,1,1,1,1
U008318,2024-05-03,Paid_Search,Desktop,East,35-44,2024-05,2024-05-03,2024-05-05,,,,,0,stage2,1,0,0,0
U008319,2024-04-09,Email,Mobile,North,25-34,2024-04,2024-04-09,2024-04-10,,,,,0,stage2,1,0,0,0
U008320,2024-05-07,Organic,Mobile,North,35-44,2024-05,2024-05-07,2024-05-08,,,,,0,stage2,1,0,0,0
U008321,2024-06-24,Email,Mobile,South,25-34,2024-06,2024-06-24,2024-06-26,2024-06-27,,,,0,stage3,1,1,0,0
U008322,2024-05-15,Organic,Mobile,East,18-24,2024-05,2024-05-15,,,,,,0,stage1,0,0,0,0
U008325,2024-05-30,Email,Mobile,Central,45-54,2024-05,2024-05-30,2024-06-01,2024-06-04,2024-06-06,2024-06-08,2024-06-10,1,Converted,1,1,1,1
U008332,2024-05-17,Email,Mobile,Central,25-34,2024-05,2024-05-17,,,,,,0,stage1,0,0,0,0
U008334,2024-05-10,Social,Mobile,South,45-54,2024-05,2024-05-10,,,,,,0,stage1,0,0,0,0
U008335,2024-05-14,Organic,Desktop,West,25-34,2024-05,2024-05-14,,,,,,0,stage1,0,0,0,0
U008338,2024-04-27,Referral,Mobile,Central,35-44,2024-04,2024-04-27,2024-04-27,2024-04-28,2024-04-30,,,0,stage4,1,1,1,0
U008342,2024-05-26,Social,Desktop,South,55+,2024-05,2024-05-26,2024-05-28,2024-05-31,,,,0,stage3,1,1,0,0
U008349,2024-04-12,Organic,Desktop,North,35-44,2024-04,2024-04-12,2024-04-12,2024-04-13,2024-04-13,,,0,stage4,1,1,1,0
U008350,2024-06-02,Referral,Mobile,South,45-54,2024-06,2024-06-02,,,,,,0,stage1,0,0,0,0
U008352,2024-05-26,Paid_Search,Desktop,Central,18-24,2024-05,2024-05-26,2024-05-28,2024-05-31,2024-06-01,2024-06-03,2024-06-05,1,Converted,1,1,1,1
U008354,2024-06-25,Paid_Search,Mobile,Central,35-44,2024-06,2024-06-25,,,,,,0,stage1,0,0,0,0
U008356,2024-05-04,Email,Desktop,South,25-34,2024-05,2024-05-04,2024-05-05,2024-05-08,2024-05-08,2024-05-12,,0,stage5,1,1,1,1
U008364,2024-05-17,Paid_Search,Desktop,Central,35-44,2024-05,2024-05-17,2024-05-18,,,,,0,stage2,1,0,0,0
U008367,2024-06-26,Social,Mobile,East,25-34,2024-06,2024-06-26,,,,,,0,stage1,0,0,0,0
U008368,2024-04-11,Referral,Desktop,South,35-44,2024-04,2024-04-11,2024-04-12,2024-04-15,2024-04-16,2024-04-19,2024-04-21,1,Converted,1,1,1,1
U008373,2024-05-22,Organic,Mobile,North,45-54,2024-05,2024-05-22,2024-05-23,2024-05-24,2024-05-24,2024-05-25,2024-05-26,1,Converted,1,1,1,1
U008374,2024-05-02,Organic,Mobile,West,35-44,2024-05,2024-05-02,,,,,,0,stage1,0,0,0,0
U008382,2024-04-21,Referral,Desktop,West,45-54,2024-04,2024-04-21,,,,,,0,stage1,0,0,0,0
U008383,2024-06-06,Organic,Mobile,North,25-34,2024-06,2024-06-06,2024-06-07,2024-06-09,2024-06-11,,,0,stage4,1,1,1,0
U008385,2024-04-23,Paid_Search,Tablet,Central,45-54,2024-04,2024-04-23,2024-04-25,2024-04-26,,,,0,stage3,1,1,0,0
U008386,2024-06-18,Organic,Desktop,South,25-34,2024-06,2024-06-18,,,,,,0,stage1,0,0,0,0
U008387,2024-05-08,Referral,Desktop,West,35-44,2024-05,2024-05-08,2024-05-08,,,,,0,stage2,1,0,0,0
U008392,2024-06-13,Social,Desktop,South,35-44,2024-06,2024-06-13,,,,,,0,stage1,0,0,0,0
U008394,2024-04-07,Social,Mobile,West,35-44,2024-04,2024-04-07,2024-04-07,2024-04-09,2024-04-11,,,0,stage4,1,1,1,0
U008399,2024-06-17,Organic,Desktop,West,25-34,2024-06,2024-06-17,2024-06-19,,,,,0,stage2,1,0,0,0
U008400,2024-04-22,Organic,Desktop,South,25-34,2024-04,2024-04-22,2024-04-22,2024-04-24,2024-04-24,2024-04-26,2024-04-28,1,Converted,1,1,1,1
U008401,2024-05-15,Organic,Mobile,East,25-34,2024-05,2024-05-15,2024-05-16,2024-05-19,2024-05-19,2024-05-21,,0,stage5,1,1,1,1
U008402,2024-05-20,Paid_Search,Desktop,South,45-54,2024-05,2024-05-20,2024-05-21,,,,,0,stage2,1,0,0,0
U008405,2024-04-14,Paid_Search,Mobile,North,35-44,2024-04,2024-04-14,,,,,,0,stage1,0,0,0,0
U008406,2024-05-12,Organic,Desktop,East,55+,2024-05,2024-05-12,2024-05-14,,,,,0,stage2,1,0,0,0
U008408,2024-04-04,Email,Mobile,North,55+,2024-04,2024-04-04,,,,,,0,stage1,0,0,0,0
U008411,2024-04-07,Organic,Mobile,Central,18-24,2024-04,2024-04-07,2024-04-07,,,,,0,stage2,1,0,0,0
U008412,2024-05-24,Referral,Desktop,Central,18-24,2024-05,2024-05-24,2024-05-24,,,,,0,stage2,1,0,0,0
U008413,2024-04-09,Organic,Desktop,South,18-24,2024-04,2024-04-09,2024-04-11,,,,,0,stage2,1,0,0,0
U008415,2024-06-09,Social,Mobile,East,25-34,2024-06,2024-06-09,2024-06-09,,,,,0,stage2,1,0,0,0
U008416,2024-05-24,Referral,Mobile,South,25-34,2024-05,2024-05-24,,,,,,0,stage1,0,0,0,0
U008417,2024-05-19,Paid_Search,Tablet,West,25-34,2024-05,2024-05-19,,,,,,0,stage1,0,0,0,0
U008419,2024-06-15,Paid_Search,Mobile,West,45-54,2024-06,2024-06-15,2024-06-16,2024-06-19,,,,0,stage3,1,1,0,0
U008420,2024-06-14,Paid_Search,Desktop,North,45-54,2024-06,2024-06-14,2024-06-15,2024-06-17,2024-06-19,2024-06-23,2024-06-24,1,Converted,1,1,1,1
U008422,2024-06-05,Organic,Desktop,North,18-24,2024-06,2024-06-05,2024-06-06,2024-06-08,,,,0,stage3,1,1,0,0
U008423,2024-06-11,Paid_Search,Mobile,West,25-34,2024-06,2024-06-11,2024-06-12,,,,,0,stage2,1,0,0,0
U008424,2024-05-02,Organic,Desktop,South,25-34,2024-05,2024-05-02,,,,,,0,stage1,0,0,0,0
U008426,2024-05-17,Paid_Search,Mobile,East,18-24,2024-05,2024-05-17,2024-05-18,,,,,0,stage2,1,0,0,0
U008428,2024-06-12,Social,Mobile,West,35-44,2024-06,2024-06-12,2024-06-14,2024-06-15,,,,0,stage3,1,1,0,0
U008429,2024-04-09,Paid_Search,Desktop,North,55+,2024-04,2024-04-09,,,,,,0,stage1,0,0,0,0
U008433,2024-04-27,Paid_Search,Desktop,North,55+,2024-04,2024-04-27,2024-04-28,2024-05-01,2024-05-03,2024-05-05,2024-05-06,1,Converted,1,1,1,1
U008435,2024-06-09,Organic,Mobile,North,25-34,2024-06,2024-06-09,2024-06-10,2024-06-11,2024-06-12,2024-06-16,2024-06-17,1,Converted,1,1,1,1
U008436,2024-04-27,Paid_Search,Mobile,East,35-44,2024-04,2024-04-27,,,,,,0,stage1,0,0,0,0
U008437,2024-04-25,Email,Desktop,South,25-34,2024-04,2024-04-25,,,,,,0,stage1,0,0,0,0
U008438,2024-04-23,Social,Desktop,West,25-34,2024-04,2024-04-23,,,,,,0,stage1,0,0,0,0
U008439,2024-04-09,Organic,Mobile,South,35-44,2024-04,2024-04-09,2024-04-10,2024-04-12,2024-04-13,2024-04-16,2024-04-18,1,Converted,1,1,1,1
U008440,2024-04-12,Referral,Desktop,East,35-44,2024-04,2024-04-12,2024-04-12,2024-04-15,2024-04-17,2024-04-19,2024-04-19,1,Converted,1,1,1,1
U008444,2024-06-07,Paid_Search,Desktop,North,18-24,2024-06,2024-06-07,2024-06-08,2024-06-10,,,,0,stage3,1,1,0,0
U008445,2024-05-20,Referral,Mobile,Central,18-24,2024-05,2024-05-20,2024-05-21,,,,,0,stage2,1,0,0,0
U008446,2024-04-05,Organic,Desktop,North,18-24,2024-04,2024-04-05,2024-04-07,2024-04-09,2024-04-09,2024-04-13,2024-04-13,1,Converted,1,1,1,1
U008447,2024-04-30,Social,Desktop,East,25-34,2024-04,2024-04-30,2024-04-30,,,,,0,stage2,1,0,0,0
U008448,2024-05-18,Organic,Mobile,Central,25-34,2024-05,2024-05-18,2024-05-20,2024-05-22,,,,0,stage3,1,1,0,0
U008450,2024-04-15,Social,Mobile,South,55+,2024-04,2024-04-15,2024-04-15,,,,,0,stage2,1,0,0,0
U008452,2024-04-08,Paid_Search,Desktop,North,45-54,2024-04,2024-04-08,,,,,,0,stage1,0,0,0,0
U008453,2024-05-12,Referral,Mobile,West,18-24,2024-05,2024-05-12,,,,,,0,stage1,0,0,0,0
U008454,2024-04-20,Paid_Search,Mobile,North,55+,2024-04,2024-04-20,,,,,,0,stage1,0,0,0,0
U008458,2024-04-08,Referral,Desktop,West,45-54,2024-04,2024-04-08,2024-04-10,2024-04-13,,,,0,stage3,1,1,0,0
U008460,2024-06-23,Social,Mobile,West,35-44,2024-06,2024-06-23,2024-06-25,2024-06-26,,,,0,stage3,1,1,0,0
U008461,2024-06-13,Organic,Mobile,North,55+,2024-06,2024-06-13,2024-06-14,2024-06-17,2024-06-17,,,0,stage4,1,1,1,0
U008465,2024-06-05,Social,Mobile,North,25-34,2024-06,2024-06-05,2024-06-07,,,,,0,stage2,1,0,0,0
U008466,2024-06-09,Paid_Search,Desktop,North,25-34,2024-06,2024-06-09,,,,,,0,stage1,0,0,0,0
U008478,2024-06-08,Email,Mobile,North,45-54,2024-06,2024-06-08,2024-06-09,,,,,0,stage2,1,0,0,0
U008479,2024-05-29,Referral,Mobile,East,35-44,2024-05,2024-05-29,2024-05-30,2024-06-01,2024-06-02,2024-06-04,,0,stage5,1,1,1,1
U008483,2024-04-16,Email,Mobile,North,45-54,2024-04,2024-04-16,2024-04-16,2024-04-19,2024-04-21,2024-04-25,2024-04-25,1,Converted,1,1,1,1
U008484,2024-05-23,Organic,Mobile,Central,55+,2024-05,2024-05-23,2024-05-25,2024-05-28,,,,0,stage3,1,1,0,0
U008485,2024-04-30,Organic,Mobile,South,55+,2024-04,2024-04-30,,,,,,0,stage1,0,0,0,0
U008486,2024-06-28,Social,Desktop,West,25-34,2024-06,2024-06-28,2024-06-29,,,,,0,stage2,1,0,0,0
U008487,2024-06-25,Referral,Mobile,South,55+,2024-06,2024-06-25,2024-06-25,2024-06-26,2024-06-28,2024-06-30,2024-07-01,1,Converted,1,1,1,1
U008489,2024-04-07,Social,Desktop,North,25-34,2024-04,2024-04-07,,,,,,0,stage1,0,0,0,0
U008490,2024-05-01,Organic,Desktop,East,35-44,2024-05,2024-05-01,2024-05-02,2024-05-04,2024-05-04,2024-05-05,2024-05-07,1,Converted,1,1,1,1
U008491,2024-06-25,Organic,Mobile,South,35-44,2024-06,2024-06-25,2024-06-26,,,,,0,stage2,1,0,0,0
U008492,2024-04-22,Paid_Search,Desktop,West,18-24,2024-04,2024-04-22,2024-04-24,,,,,0,stage2,1,0,0,0
U008493,2024-05-26,Paid_Search,Mobile,Central,25-34,2024-05,2024-05-26,2024-05-26,,,,,0,stage2,1,0,0,0
U008494,2024-04-24,Social,Mobile,South,25-34,2024-04,2024-04-24,,,,,,0,stage1,0,0,0,0
U008496,2024-05-05,Email,Mobile,Central,35-44,2024-05,2024-05-05,2024-05-07,,,,,0,stage2,1,0,0,0
U008497,2024-05-25,Organic,Mobile,East,45-54,2024-05,2024-05-25,2024-05-26,,,,,0,stage2,1,0,0,0
U008499,2024-04-04,Paid_Search,Desktop,East,25-34,2024-04,2024-04-04,2024-04-04,2024-04-05,2024-04-05,,,0,stage4,1,1,1,0
U008500,2024-06-08,Email,Mobile,North,25-34,2024-06,2024-06-08,,,,,,0,stage1,0,0,0,0
U008503,2024-06-20,Organic,Mobile,South,25-34,2024-06,2024-06-20,2024-06-20,2024-06-23,2024-06-24,2024-06-27,,0,stage5,1,1,1,1
U008505,2024-05-06,Organic,Mobile,North,25-34,2024-05,2024-05-06,,,,,,0,stage1,0,0,0,0
U008509,2024-05-11,Paid_Search,Tablet,South,25-34,2024-05,2024-05-11,,,,,,0,stage1,0,0,0,0
U008511,2024-05-13,Paid_Search,Mobile,West,55+,2024-05,2024-05-13,,,,,,0,stage1,0,0,0,0
U008515,2024-06-28,Paid_Search,Desktop,North,25-34,2024-06,2024-06-28,,,,,,0,stage1,0,0,0,0
U008517,2024-04-24,Email,Mobile,South,35-44,2024-04,2024-04-24,,,,,,0,stage1,0,0,0,0
U008518,2024-04-20,Referral,Desktop,North,35-44,2024-04,2024-04-20,2024-04-21,2024-04-22,,,,0,stage3,1,1,0,0
U008520,2024-04-27,Organic,Desktop,South,35-44,2024-04,2024-04-27,2024-04-29,2024-04-30,2024-05-01,2024-05-02,2024-05-02,1,Converted,1,1,1,1
U008521,2024-06-08,Organic,Mobile,West,45-54,2024-06,2024-06-08,2024-06-08,2024-06-11,2024-06-13,2024-06-14,2024-06-15,1,Converted,1,1,1,1
U008522,2024-04-07,Referral,Desktop,North,45-54,2024-04,2024-04-07,2024-04-07,,,,,0,stage2,1,0,0,0
U008523,2024-04-30,Social,Desktop,West,45-54,2024-04,2024-04-30,2024-05-01,2024-05-03,,,,0,stage3,1,1,0,0
U008525,2024-06-21,Referral,Mobile,South,55+,2024-06,2024-06-21,,,,,,0,stage1,0,0,0,0
U008527,2024-06-27,Paid_Search,Desktop,West,25-34,2024-06,2024-06-27,2024-06-28,2024-06-30,2024-07-01,2024-07-05,2024-07-06,1,Converted,1,1,1,1
U008528,2024-06-30,Organic,Mobile,East,55+,2024-06,2024-06-30,,,,,,0,stage1,0,0,0,0
U008531,2024-05-21,Organic,Mobile,North,18-24,2024-05,2024-05-21,2024-05-21,,,,,0,stage2,1,0,0,0
U008532,2024-05-05,Organic,Desktop,West,25-34,2024-05,2024-05-05,2024-05-06,,,,,0,stage2,1,0,0,0
U008534,2024-06-20,Social,Desktop,South,18-24,2024-06,2024-06-20,2024-06-20,,,,,0,stage2,1,0,0,0
U008535,2024-06-19,Organic,Mobile,North,45-54,2024-06,2024-06-19,2024-06-20,2024-06-23,,,,0,stage3,1,1,0,0
U008540,2024-04-05,Paid_Search,Desktop,West,35-44,2024-04,2024-04-05,2024-04-05,,,,,0,stage2,1,0,0,0
U008542,2024-05-26,Email,Mobile,East,18-24,2024-05,2024-05-26,2024-05-26,2024-05-27,,,,0,stage3,1,1,0,0
U008546,2024-06-07,Organic,Desktop,East,35-44,2024-06,2024-06-07,,,,,,0,stage1,0,0,0,0
U008548,2024-06-09,Paid_Search,Desktop,East,55+,2024-06,2024-06-09,2024-06-10,,,,,0,stage2,1,0,0,0
U008549,2024-06-10,Paid_Search,Desktop,South,25-34,2024-06,2024-06-10,,,,,,0,stage1,0,0,0,0
U008551,2024-06-05,Referral,Desktop,South,35-44,2024-06,2024-06-05,,,,,,0,stage1,0,0,0,0
U008554,2024-06-29,Social,Desktop,Central,25-34,2024-06,2024-06-29,2024-06-29,2024-06-30,,,,0,stage3,1,1,0,0
U008558,2024-04-20,Social,Mobile,North,35-44,2024-04,2024-04-20,2024-04-22,,,,,0,stage2,1,0,0,0
U008563,2024-04-09,Paid_Search,Mobile,South,55+,2024-04,2024-04-09,,,,,,0,stage1,0,0,0,0
U008565,2024-06-09,Social,Tablet,East,45-54,2024-06,2024-06-09,2024-06-11,2024-06-12,,,,0,stage3,1,1,0,0
U008566,2024-05-01,Organic,Desktop,West,18-24,2024-05,2024-05-01,2024-05-01,2024-05-04,,,,0,stage3,1,1,0,0
U008567,2024-05-06,Organic,Mobile,West,18-24,2024-05,2024-05-06,2024-05-08,2024-05-11,2024-05-11,2024-05-15,,0,stage5,1,1,1,1
U008569,2024-06-22,Referral,Mobile,North,45-54,2024-06,2024-06-22,2024-06-24,2024-06-25,2024-06-26,2024-06-28,,0,stage5,1,1,1,1
U008570,2024-05-09,Referral,Desktop,South,25-34,2024-05,2024-05-09,2024-05-09,,,,,0,stage2,1,0,0,0
U008573,2024-05-18,Email,Mobile,South,45-54,2024-05,2024-05-18,,,,,,0,stage1,0,0,0,0
U008574,2024-05-27,Paid_Search,Mobile,West,25-34,2024-05,2024-05-27,2024-05-27,,,,,0,stage2,1,0,0,0
U008575,2024-06-28,Paid_Search,Mobile,East,35-44,2024-06,2024-06-28,2024-06-28,2024-07-01,2024-07-01,2024-07-03,2024-07-03,1,Converted,1,1,1,1
U008577,2024-06-02,Social,Desktop,North,45-54,2024-06,2024-06-02,2024-06-03,2024-06-06,2024-06-08,2024-06-11,2024-06-11,1,Converted,1,1,1,1
U008578,2024-04-19,Organic,Mobile,Central,25-34,2024-04,2024-04-19,2024-04-20,2024-04-22,2024-04-24,2024-04-26,2024-04-28,1,Converted,1,1,1,1
U008580,2024-06-23,Referral,Tablet,Central,35-44,2024-06,2024-06-23,2024-06-24,,,,,0,stage2,1,0,0,0
U008583,2024-04-20,Referral,Tablet,North,25-34,2024-04,2024-04-20,,,,,,0,stage1,0,0,0,0
U008586,2024-06-21,Organic,Mobile,South,35-44,2024-06,2024-06-21,2024-06-21,2024-06-23,2024-06-25,2024-06-28,2024-06-30,1,Converted,1,1,1,1
U008587,2024-06-23,Paid_Search,Mobile,East,35-44,2024-06,2024-06-23,2024-06-25,2024-06-28,,,,0,stage3,1,1,0,0
U008590,2024-04-01,Email,Mobile,North,35-44,2024-04,2024-04-01,2024-04-03,,,,,0,stage2,1,0,0,0
U008591,2024-05-02,Referral,Desktop,North,18-24,2024-05,2024-05-02,2024-05-03,2024-05-05,,,,0,stage3,1,1,0,0
U008594,2024-05-19,Organic,Desktop,West,35-44,2024-05,2024-05-19,2024-05-21,,,,,0,stage2,1,0,0,0
U008598,2024-04-29,Organic,Desktop,South,35-44,2024-04,2024-04-29,,,,,,0,stage1,0,0,0,0
U008599,2024-04-28,Social,Mobile,East,18-24,2024-04,2024-04-28,,,,,,0,stage1,0,0,0,0
U008601,2024-04-28,Organic,Tablet,South,35-44,2024-04,2024-04-28,,,,,,0,stage1,0,0,0,0
U008602,2024-04-28,Paid_Search,Mobile,North,55+,2024-04,2024-04-28,,,,,,0,stage1,0,0,0,0
U008603,2024-04-25,Organic,Mobile,Central,35-44,2024-04,2024-04-25,2024-04-25,,,,,0,stage2,1,0,0,0
U008605,2024-04-08,Organic,Mobile,Central,18-24,2024-04,2024-04-08,,,,,,0,stage1,0,0,0,0
U008606,2024-04-17,Social,Mobile,South,18-24,2024-04,2024-04-17,2024-04-17,,,,,0,stage2,1,0,0,0
U008608,2024-04-03,Email,Mobile,South,35-44,2024-04,2024-04-03,,,,,,0,stage1,0,0,0,0
U008618,2024-05-04,Organic,Mobile,North,35-44,2024-05,2024-05-04,2024-05-06,,,,,0,stage2,1,0,0,0
U008619,2024-05-07,Referral,Desktop,North,55+,2024-05,2024-05-07,2024-05-08,,,,,0,stage2,1,0,0,0
U008620,2024-04-21,Paid_Search,Desktop,East,35-44,2024-04,2024-04-21,2024-04-21,,,,,0,stage2,1,0,0,0
U008621,2024-05-04,Organic,Desktop,North,35-44,2024-05,2024-05-04,2024-05-06,2024-05-07,,,,0,stage3,1,1,0,0
U008624,2024-05-12,Paid_Search,Desktop,East,25-34,2024-05,2024-05-12,2024-05-13,,,,,0,stage2,1,0,0,0
U008626,2024-05-05,Paid_Search,Mobile,Central,25-34,2024-05,2024-05-05,,,,,,0,stage1,0,0,0,0
U008630,2024-06-10,Organic,Desktop,South,35-44,2024-06,2024-06-10,,,,,,0,stage1,0,0,0,0
U008632,2024-06-07,Referral,Mobile,West,25-34,2024-06,2024-06-07,,,,,,0,stage1,0,0,0,0
U008633,2024-04-19,Paid_Search,Mobile,North,55+,2024-04,2024-04-19,2024-04-21,2024-04-22,2024-04-24,2024-04-26,2024-04-28,1,Converted,1,1,1,1
U008635,2024-04-05,Organic,Mobile,South,25-34,2024-04,2024-04-05,2024-04-07,,,,,0,stage2,1,0,0,0
U008637,2024-04-04,Organic,Mobile,South,25-34,2024-04,2024-04-04,2024-04-06,,,,,0,stage2,1,0,0,0
U008638,2024-05-01,Paid_Search,Mobile,Central,18-24,2024-05,2024-05-01,2024-05-01,2024-05-02,2024-05-03,,,0,stage4,1,1,1,0
U008639,2024-04-04,Paid_Search,Desktop,West,25-34,2024-04,2024-04-04,2024-04-05,2024-04-06,,,,0,stage3,1,1,0,0
U008641,2024-06-25,Paid_Search,Mobile,Central,35-44,2024-06,2024-06-25,2024-06-25,2024-06-27,,,,0,stage3,1,1,0,0
U008642,2024-06-11,Referral,Mobile,South,45-54,2024-06,2024-06-11,2024-06-12,2024-06-14,2024-06-16,2024-06-19,2024-06-21,1,Converted,1,1,1,1
U008644,2024-05-26,Organic,Tablet,South,45-54,2024-05,2024-05-26,2024-05-26,2024-05-29,2024-05-31,2024-06-02,2024-06-02,1,Converted,1,1,1,1
U008645,2024-05-05,Organic,Mobile,East,35-44,2024-05,2024-05-05,2024-05-07,2024-05-09,,,,0,stage3,1,1,0,0
U008647,2024-05-10,Organic,Mobile,East,25-34,2024-05,2024-05-10,,,,,,0,stage1,0,0,0,0
U008651,2024-05-05,Referral,Tablet,West,35-44,2024-05,2024-05-05,2024-05-06,2024-05-09,2024-05-11,2024-05-14,2024-05-14,1,Converted,1,1,1,1
U008652,2024-04-25,Organic,Mobile,South,18-24,2024-04,2024-04-25,2024-04-26,2024-04-27,2024-04-28,2024-04-30,2024-05-01,1,Converted,1,1,1,1
U008656,2024-06-11,Referral,Mobile,East,35-44,2024-06,2024-06-11,2024-06-11,,,,,0,stage2,1,0,0,0
U008658,2024-04-01,Organic,Desktop,South,55+,2024-04,2024-04-01,2024-04-03,2024-04-05,,,,0,stage3,1,1,0,0
U008659,2024-05-23,Organic,Tablet,Central,18-24,2024-05,2024-05-23,2024-05-23,2024-05-25,2024-05-26,2024-05-30,2024-05-31,1,Converted,1,1,1,1
U008660,2024-06-03,Email,Mobile,South,35-44,2024-06,2024-06-03,2024-06-05,,,,,0,stage2,1,0,0,0
U008662,2024-06-14,Social,Desktop,South,25-34,2024-06,2024-06-14,2024-06-14,2024-06-17,2024-06-19,,,0,stage4,1,1,1,0
U008666,2024-04-18,Paid_Search,Mobile,South,35-44,2024-04,2024-04-18,2024-04-20,2024-04-21,,,,0,stage3,1,1,0,0
U008671,2024-04-17,Email,Desktop,Central,35-44,2024-04,2024-04-17,,,,,,0,stage1,0,0,0,0
U008673,2024-04-04,Organic,Desktop,South,18-24,2024-04,2024-04-04,2024-04-05,2024-04-06,,,,0,stage3,1,1,0,0
U008674,2024-04-24,Referral,Mobile,North,25-34,2024-04,2024-04-24,2024-04-26,,,,,0,stage2,1,0,0,0
U008675,2024-04-07,Organic,Desktop,West,25-34,2024-04,2024-04-07,2024-04-09,,,,,0,stage2,1,0,0,0
U008679,2024-04-26,Paid_Search,Desktop,North,18-24,2024-04,2024-04-26,2024-04-27,2024-04-28,,,,0,stage3,1,1,0,0
U008680,2024-06-29,Organic,Mobile,Central,35-44,2024-06,2024-06-29,2024-07-01,2024-07-03,,,,0,stage3,1,1,0,0
U008683,2024-05-30,Referral,Desktop,North,45-54,2024-05,2024-05-30,2024-05-30,,,,,0,stage2,1,0,0,0
U008688,2024-05-21,Paid_Search,Desktop,West,18-24,2024-05,2024-05-21,2024-05-22,2024-05-24,,,,0,stage3,1,1,0,0
U008690,2024-04-06,Social,Mobile,East,35-44,2024-04,2024-04-06,2024-04-08,,,,,0,stage2,1,0,0,0
U008692,2024-06-14,Organic,Desktop,West,45-54,2024-06,2024-06-14,,,,,,0,stage1,0,0,0,0
U008698,2024-05-24,Paid_Search,Mobile,South,25-34,2024-05,2024-05-24,2024-05-26,2024-05-27,,,,0,stage3,1,1,0,0
U008699,2024-05-10,Social,Mobile,East,25-34,2024-05,2024-05-10,,,,,,0,stage1,0,0,0,0
U008708,2024-04-01,Paid_Search,Mobile,East,35-44,2024-04,2024-04-01,2024-04-02,,,,,0,stage2,1,0,0,0
U008710,2024-04-15,Organic,Mobile,North,45-54,2024-04,2024-04-15,2024-04-16,,,,,0,stage2,1,0,0,0
U008712,2024-04-12,Organic,Desktop,North,18-24,2024-04,2024-04-12,2024-04-14,2024-04-15,2024-04-17,2024-04-21,2024-04-23,1,Converted,1,1,1,1
U008713,2024-04-11,Email,Desktop,East,45-54,2024-04,2024-04-11,2024-04-13,,,,,0,stage2,1,0,0,0
U008716,2024-04-24,Social,Mobile,West,55+,2024-04,2024-04-24,2024-04-24,2024-04-25,,,,0,stage3,1,1,0,0
U008720,2024-06-13,Referral,Mobile,East,18-24,2024-06,2024-06-13,2024-06-15,2024-06-16,,,,0,stage3,1,1,0,0
U008721,2024-05-02,Organic,Mobile,East,18-24,2024-05,2024-05-02,2024-05-02,2024-05-03,2024-05-03,2024-05-05,2024-05-05,1,Converted,1,1,1,1
U008724,2024-06-20,Organic,Desktop,South,35-44,2024-06,2024-06-20,2024-06-21,,,,,0,stage2,1,0,0,0
U008728,2024-04-16,Referral,Desktop,North,18-24,2024-04,2024-04-16,2024-04-18,,,,,0,stage2,1,0,0,0
U008734,2024-05-29,Paid_Search,Mobile,South,25-34,2024-05,2024-05-29,2024-05-30,2024-05-31,,,,0,stage3,1,1,0,0
U008736,2024-06-28,Organic,Mobile,Central,25-34,2024-06,2024-06-28,,,,,,0,stage1,0,0,0,0
U008738,2024-05-28,Referral,Mobile,South,25-34,2024-05,2024-05-28,2024-05-29,,,,,0,stage2,1,0,0,0
U008739,2024-05-10,Organic,Mobile,East,25-34,2024-05,2024-05-10,2024-05-10,2024-05-12,2024-05-12,,,0,stage4,1,1,1,0
U008741,2024-06-09,Paid_Search,Mobile,South,45-54,2024-06,2024-06-09,,,,,,0,stage1,0,0,0,0
U008742,2024-06-08,Email,Mobile,North,35-44,2024-06,2024-06-08,2024-06-09,2024-06-11,2024-06-13,2024-06-16,,0,stage5,1,1,1,1
U008743,2024-05-10,Referral,Mobile,East,35-44,2024-05,2024-05-10,,,,,,0,stage1,0,0,0,0
U008744,2024-04-09,Social,Mobile,Central,18-24,2024-04,2024-04-09,2024-04-09,2024-04-10,2024-04-12,,,0,stage4,1,1,1,0
U008749,2024-06-15,Social,Desktop,Central,35-44,2024-06,2024-06-15,2024-06-16,,,,,0,stage2,1,0,0,0
U008750,2024-04-25,Social,Mobile,North,25-34,2024-04,2024-04-25,,,,,,0,stage1,0,0,0,0
U008752,2024-06-03,Paid_Search,Mobile,North,18-24,2024-06,2024-06-03,,,,,,0,stage1,0,0,0,0
U008753,2024-06-15,Organic,Desktop,East,25-34,2024-06,2024-06-15,2024-06-17,,,,,0,stage2,1,0,0,0
U008754,2024-05-11,Organic,Desktop,Central,18-24,2024-05,2024-05-11,2024-05-12,2024-05-13,2024-05-13,2024-05-14,2024-05-14,1,Converted,1,1,1,1
U008755,2024-04-09,Paid_Search,Mobile,West,45-54,2024-04,2024-04-09,2024-04-09,2024-04-12,,,,0,stage3,1,1,0,0
U008757,2024-05-25,Paid_Search,Desktop,East,18-24,2024-05,2024-05-25,2024-05-27,2024-05-30,2024-05-31,2024-06-02,2024-06-04,1,Converted,1,1,1,1
U008765,2024-05-07,Organic,Desktop,East,18-24,2024-05,2024-05-07,2024-05-09,2024-05-11,2024-05-13,2024-05-16,2024-05-17,1,Converted,1,1,1,1
U008766,2024-04-10,Organic,Mobile,South,18-24,2024-04,2024-04-10,2024-04-12,,,,,0,stage2,1,0,0,0
U008770,2024-06-06,Paid_Search,Desktop,Central,35-44,2024-06,2024-06-06,,,,,,0,stage1,0,0,0,0
U008775,2024-05-25,Referral,Mobile,South,25-34,2024-05,2024-05-25,2024-05-25,2024-05-26,2024-05-26,2024-05-29,2024-05-29,1,Converted,1,1,1,1
U008776,2024-06-14,Organic,Tablet,South,35-44,2024-06,2024-06-14,2024-06-14,,,,,0,stage2,1,0,0,0
U008777,2024-04-18,Paid_Search,Desktop,North,25-34,2024-04,2024-04-18,,,,,,0,stage1,0,0,0,0
U008778,2024-04-05,Social,Mobile,South,18-24,2024-04,2024-04-05,2024-04-05,2024-04-07,2024-04-08,,,0,stage4,1,1,1,0
U008779,2024-06-16,Paid_Search,Desktop,West,35-44,2024-06,2024-06-16,2024-06-16,,,,,0,stage2,1,0,0,0
U008784,2024-06-23,Referral,Desktop,West,25-34,2024-06,2024-06-23,,,,,,0,stage1,0,0,0,0
U008789,2024-05-28,Social,Mobile,North,45-54,2024-05,2024-05-28,2024-05-30,2024-06-02,2024-06-03,2024-06-06,2024-06-06,1,Converted,1,1,1,1
U008790,2024-06-28,Paid_Search,Desktop,Central,25-34,2024-06,2024-06-28,2024-06-30,2024-07-02,2024-07-02,,,0,stage4,1,1,1,0
U008791,2024-06-26,Paid_Search,Mobile,West,45-54,2024-06,2024-06-26,2024-06-26,2024-06-27,,,,0,stage3,1,1,0,0
U008793,2024-04-11,Referral,Mobile,East,35-44,2024-04,2024-04-11,2024-04-13,2024-04-15,2024-04-15,,,0,stage4,1,1,1,0
U008795,2024-05-07,Referral,Mobile,Central,18-24,2024-05,2024-05-07,,,,,,0,stage1,0,0,0,0
U008796,2024-04-20,Paid_Search,Desktop,West,35-44,2024-04,2024-04-20,,,,,,0,stage1,0,0,0,0
U008797,2024-04-29,Email,Mobile,North,35-44,2024-04,2024-04-29,,,,,,0,stage1,0,0,0,0
U008798,2024-04-15,Paid_Search,Mobile,West,18-24,2024-04,2024-04-15,2024-04-15,2024-04-16,,,,0,stage3,1,1,0,0
U008799,2024-05-27,Email,Mobile,North,35-44,2024-05,2024-05-27,2024-05-27,,,,,0,stage2,1,0,0,0
U008800,2024-06-17,Paid_Search,Desktop,Central,25-34,2024-06,2024-06-17,,,,,,0,stage1,0,0,0,0
U008803,2024-06-20,Referral,Mobile,West,25-34,2024-06,2024-06-20,2024-06-21,2024-06-22,2024-06-22,2024-06-26,,0,stage5,1,1,1,1
U008806,2024-05-24,Email,Mobile,South,55+,2024-05,2024-05-24,2024-05-25,,,,,0,stage2,1,0,0,0
U008807,2024-05-23,Social,Mobile,West,35-44,2024-05,2024-05-23,,,,,,0,stage1,0,0,0,0
U008808,2024-06-28,Organic,Desktop,North,35-44,2024-06,2024-06-28,2024-06-29,2024-06-30,,,,0,stage3,1,1,0,0
U008810,2024-04-30,Paid_Search,Desktop,East,45-54,2024-04,2024-04-30,2024-05-02,,,,,0,stage2,1,0,0,0
U008812,2024-04-05,Referral,Mobile,West,35-44,2024-04,2024-04-05,2024-04-07,2024-04-10,,,,0,stage3,1,1,0,0
U008813,2024-05-18,Paid_Search,Desktop,South,25-34,2024-05,2024-05-18,2024-05-18,,,,,0,stage2,1,0,0,0
U008815,2024-06-12,Paid_Search,Desktop,Central,18-24,2024-06,2024-06-12,2024-06-13,,,,,0,stage2,1,0,0,0
U008816,2024-04-14,Organic,Desktop,East,45-54,2024-04,2024-04-14,2024-04-14,2024-04-17,,,,0,stage3,1,1,0,0
U008817,2024-04-12,Referral,Desktop,South,18-24,2024-04,2024-04-12,,,,,,0,stage1,0,0,0,0
U008818,2024-04-05,Organic,Tablet,North,18-24,2024-04,2024-04-05,2024-04-06,2024-04-08,,,,0,stage3,1,1,0,0
U008821,2024-05-06,Organic,Desktop,North,25-34,2024-05,2024-05-06,2024-05-08,,,,,0,stage2,1,0,0,0
U008822,2024-05-18,Organic,Tablet,West,25-34,2024-05,2024-05-18,,,,,,0,stage1,0,0,0,0
U008823,2024-04-14,Referral,Desktop,Central,35-44,2024-04,2024-04-14,2024-04-15,,,,,0,stage2,1,0,0,0
U008824,2024-04-20,Referral,Desktop,South,55+,2024-04,2024-04-20,2024-04-20,2024-04-23,2024-04-24,,,0,stage4,1,1,1,0
U008826,2024-04-01,Paid_Search,Mobile,East,55+,2024-04,2024-04-01,,,,,,0,stage1,0,0,0,0
U008827,2024-06-14,Paid_Search,Tablet,West,25-34,2024-06,2024-06-14,2024-06-15,2024-06-17,2024-06-19,,,0,stage4,1,1,1,0
U008828,2024-06-23,Organic,Mobile,West,55+,2024-06,2024-06-23,2024-06-23,2024-06-24,,,,0,stage3,1,1,0,0
U008830,2024-06-09,Organic,Desktop,North,45-54,2024-06,2024-06-09,2024-06-09,2024-06-12,2024-06-13,2024-06-15,2024-06-17,1,Converted,1,1,1,1
U008834,2024-04-17,Social,Desktop,South,25-34,2024-04,2024-04-17,2024-04-17,2024-04-20,,,,0,stage3,1,1,0,0
U008835,2024-05-19,Organic,Desktop,East,45-54,2024-05,2024-05-19,2024-05-19,,,,,0,stage2,1,0,0,0
U008836,2024-05-13,Email,Mobile,North,25-34,2024-05,2024-05-13,2024-05-13,2024-05-16,2024-05-16,2024-05-19,,0,stage5,1,1,1,1
U008837,2024-05-20,Paid_Search,Desktop,South,35-44,2024-05,2024-05-20,2024-05-22,,,,,0,stage2,1,0,0,0
U008842,2024-04-05,Social,Desktop,East,25-34,2024-04,2024-04-05,2024-04-07,,,,,0,stage2,1,0,0,0
U008843,2024-04-11,Social,Desktop,North,25-34,2024-04,2024-04-11,2024-04-13,,,,,0,stage2,1,0,0,0
U008844,2024-06-17,Organic,Desktop,West,18-24,2024-06,2024-06-17,2024-06-18,2024-06-19,,,,0,stage3,1,1,0,0
U008845,2024-05-27,Paid_Search,Mobile,West,25-34,2024-05,2024-05-27,2024-05-28,,,,,0,stage2,1,0,0,0
U008846,2024-04-14,Referral,Mobile,North,35-44,2024-04,2024-04-14,2024-04-16,2024-04-17,,,,0,stage3,1,1,0,0
U008848,2024-06-13,Social,Desktop,South,45-54,2024-06,2024-06-13,2024-06-14,2024-06-15,2024-06-17,,,0,stage4,1,1,1,0
U008850,2024-05-09,Organic,Mobile,Central,45-54,2024-05,2024-05-09,2024-05-09,,,,,0,stage2,1,0,0,0
U008851,2024-05-06,Referral,Mobile,South,25-34,2024-05,2024-05-06,2024-05-06,2024-05-07,2024-05-09,2024-05-12,2024-05-12,1,Converted,1,1,1,1
U008852,2024-04-13,Paid_Search,Mobile,West,45-54,2024-04,2024-04-13,2024-04-14,2024-04-15,,,,0,stage3,1,1,0,0
U008853,2024-05-18,Email,Mobile,North,18-24,2024-05,2024-05-18,,,,,,0,stage1,0,0,0,0
U008854,2024-06-12,Email,Desktop,East,35-44,2024-06,2024-06-12,2024-06-12,,,,,0,stage2,1,0,0,0
U008860,2024-04-25,Organic,Desktop,North,18-24,2024-04,2024-04-25,2024-04-25,,,,,0,stage2,1,0,0,0
U008861,2024-04-18,Organic,Mobile,North,25-34,2024-04,2024-04-18,2024-04-19,2024-04-22,2024-04-23,2024-04-24,2024-04-26,1,Converted,1,1,1,1
U008862,2024-06-01,Organic,Mobile,South,25-34,2024-06,2024-06-01,,,,,,0,stage1,0,0,0,0
U008865,2024-04-05,Referral,Mobile,West,35-44,2024-04,2024-04-05,2024-04-05,,,,,0,stage2,1,0,0,0
U008867,2024-06-07,Referral,Mobile,Central,35-44,2024-06,2024-06-07,2024-06-09,,,,,0,stage2,1,0,0,0
U008868,2024-05-02,Email,Mobile,South,45-54,2024-05,2024-05-02,,,,,,0,stage1,0,0,0,0
U008869,2024-06-11,Email,Mobile,Central,45-54,2024-06,2024-06-11,,,,,,0,stage1,0,0,0,0
U008870,2024-06-06,Referral,Mobile,East,25-34,2024-06,2024-06-06,2024-06-08,,,,,0,stage2,1,0,0,0
U008873,2024-05-07,Email,Desktop,North,25-34,2024-05,2024-05-07,2024-05-08,,,,,0,stage2,1,0,0,0
U008875,2024-06-28,Paid_Search,Desktop,West,18-24,2024-06,2024-06-28,2024-06-29,,,,,0,stage2,1,0,0,0
U008876,2024-04-08,Email,Mobile,East,45-54,2024-04,2024-04-08,,,,,,0,stage1,0,0,0,0
U008877,2024-05-17,Email,Mobile,North,45-54,2024-05,2024-05-17,2024-05-17,2024-05-19,,,,0,stage3,1,1,0,0
U008878,2024-06-25,Referral,Desktop,North,55+,2024-06,2024-06-25,2024-06-27,2024-06-30,2024-07-01,,,0,stage4,1,1,1,0
U008879,2024-06-24,Referral,Desktop,East,18-24,2024-06,2024-06-24,2024-06-25,2024-06-26,,,,0,stage3,1,1,0,0
U008880,2024-04-07,Organic,Mobile,East,25-34,2024-04,2024-04-07,2024-04-07,2024-04-09,2024-04-09,,,0,stage4,1,1,1,0
U008881,2024-05-01,Paid_Search,Desktop,East,35-44,2024-05,2024-05-01,,,,,,0,stage1,0,0,0,0
U008884,2024-04-07,Organic,Mobile,North,25-34,2024-04,2024-04-07,2024-04-09,,,,,0,stage2,1,0,0,0
U008888,2024-04-25,Paid_Search,Tablet,South,35-44,2024-04,2024-04-25,,,,,,0,stage1,0,0,0,0
U008890,2024-04-15,Organic,Mobile,East,25-34,2024-04,2024-04-15,,,,,,0,stage1,0,0,0,0
U008894,2024-05-08,Email,Mobile,West,25-34,2024-05,2024-05-08,2024-05-08,2024-05-10,2024-05-11,2024-05-15,2024-05-17,1,Converted,1,1,1,1
U008895,2024-06-16,Referral,Mobile,North,18-24,2024-06,2024-06-16,2024-06-18,,,,,0,stage2,1,0,0,0
U008897,2024-05-29,Organic,Tablet,East,18-24,2024-05,2024-05-29,2024-05-29,2024-06-01,2024-06-03,,,0,stage4,1,1,1,0
U008898,2024-05-05,Referral,Desktop,North,18-24,2024-05,2024-05-05,2024-05-05,,,,,0,stage2,1,0,0,0
U008899,2024-04-25,Referral,Mobile,East,25-34,2024-04,2024-04-25,2024-04-26,,,,,0,stage2,1,0,0,0
U008902,2024-06-02,Paid_Search,Mobile,West,25-34,2024-06,2024-06-02,2024-06-03,2024-06-05,,,,0,stage3,1,1,0,0
U008904,2024-06-24,Referral,Mobile,West,25-34,2024-06,2024-06-24,,,,,,0,stage1,0,0,0,0
U008908,2024-06-16,Paid_Search,Mobile,West,35-44,2024-06,2024-06-16,2024-06-16,,,,,0,stage2,1,0,0,0
U008909,2024-04-06,Paid_Search,Desktop,South,25-34,2024-04,2024-04-06,,,,,,0,stage1,0,0,0,0
U008912,2024-04-23,Organic,Desktop,North,55+,2024-04,2024-04-23,,,,,,0,stage1,0,0,0,0
U008913,2024-06-28,Paid_Search,Tablet,Central,18-24,2024-06,2024-06-28,,,,,,0,stage1,0,0,0,0
U008917,2024-06-03,Social,Desktop,Central,45-54,2024-06,2024-06-03,2024-06-05,,,,,0,stage2,1,0,0,0
U008919,2024-04-03,Organic,Mobile,West,25-34,2024-04,2024-04-03,2024-04-05,,,,,0,stage2,1,0,0,0
U008920,2024-04-20,Email,Mobile,North,35-44,2024-04,2024-04-20,2024-04-20,2024-04-23,2024-04-25,2024-04-28,,0,stage5,1,1,1,1
U008921,2024-06-11,Organic,Mobile,West,18-24,2024-06,2024-06-11,,,,,,0,stage1,0,0,0,0
U008922,2024-05-19,Paid_Search,Mobile,South,25-34,2024-05,2024-05-19,,,,,,0,stage1,0,0,0,0
U008924,2024-04-17,Referral,Mobile,North,25-34,2024-04,2024-04-17,2024-04-18,,,,,0,stage2,1,0,0,0
U008926,2024-04-21,Paid_Search,Mobile,East,25-34,2024-04,2024-04-21,2024-04-23,2024-04-26,2024-04-27,2024-04-28,2024-04-28,1,Converted,1,1,1,1
U008928,2024-04-01,Organic,Desktop,North,55+,2024-04,2024-04-01,,,,,,0,stage1,0,0,0,0
U008929,2024-05-01,Referral,Desktop,East,55+,2024-05,2024-05-01,2024-05-02,2024-05-05,2024-05-05,2024-05-07,2024-05-07,1,Converted,1,1,1,1
U008933,2024-06-19,Organic,Desktop,West,18-24,2024-06,2024-06-19,2024-06-19,2024-06-21,,,,0,stage3,1,1,0,0
U008934,2024-06-17,Organic,Mobile,South,18-24,2024-06,2024-06-17,2024-06-19,2024-06-21,2024-06-23,,,0,stage4,1,1,1,0
U008936,2024-06-17,Social,Mobile,North,45-54,2024-06,2024-06-17,2024-06-17,,,,,0,stage2,1,0,0,0
U008937,2024-05-29,Email,Mobile,Central,25-34,2024-05,2024-05-29,,,,,,0,stage1,0,0,0,0
U008938,2024-04-15,Paid_Search,Mobile,West,18-24,2024-04,2024-04-15,,,,,,0,stage1,0,0,0,0
U008945,2024-04-10,Social,Mobile,North,35-44,2024-04,2024-04-10,,,,,,0,stage1,0,0,0,0
U008948,2024-05-14,Email,Mobile,Central,25-34,2024-05,2024-05-14,2024-05-16,,,,,0,stage2,1,0,0,0
U008950,2024-05-15,Referral,Mobile,Central,25-34,2024-05,2024-05-15,2024-05-15,2024-05-17,,,,0,stage3,1,1,0,0
U008953,2024-05-02,Paid_Search,Mobile,Central,18-24,2024-05,2024-05-02,2024-05-02,2024-05-03,2024-05-05,2024-05-09,,0,stage5,1,1,1,1
U008954,2024-05-02,Organic,Mobile,Central,25-34,2024-05,2024-05-02,2024-05-03,,,,,0,stage2,1,0,0,0
U008957,2024-05-21,Email,Desktop,North,35-44,2024-05,2024-05-21,,,,,,0,stage1,0,0,0,0
U008958,2024-06-11,Organic,Mobile,North,25-34,2024-06,2024-06-11,2024-06-13,,,,,0,stage2,1,0,0,0
U008959,2024-05-18,Organic,Mobile,Central,35-44,2024-05,2024-05-18,,,,,,0,stage1,0,0,0,0
U008961,2024-06-19,Paid_Search,Desktop,East,35-44,2024-06,2024-06-19,2024-06-19,,,,,0,stage2,1,0,0,0
U008962,2024-05-10,Paid_Search,Mobile,South,45-54,2024-05,2024-05-10,,,,,,0,stage1,0,0,0,0
U008965,2024-06-09,Email,Mobile,East,55+,2024-06,2024-06-09,2024-06-10,2024-06-13,,,,0,stage3,1,1,0,0
U008966,2024-04-02,Email,Mobile,South,25-34,2024-04,2024-04-02,2024-04-02,2024-04-04,,,,0,stage3,1,1,0,0
U008967,2024-04-14,Referral,Mobile,West,18-24,2024-04,2024-04-14,,,,,,0,stage1,0,0,0,0
U008970,2024-04-05,Referral,Desktop,Central,45-54,2024-04,2024-04-05,2024-04-06,2024-04-08,2024-04-10,2024-04-12,,0,stage5,1,1,1,1
U008972,2024-06-14,Email,Desktop,West,18-24,2024-06,2024-06-14,2024-06-16,2024-06-17,2024-06-17,2024-06-20,2024-06-21,1,Converted,1,1,1,1
U008976,2024-05-23,Social,Mobile,Central,25-34,2024-05,2024-05-23,,,,,,0,stage1,0,0,0,0
U008978,2024-06-13,Organic,Mobile,North,25-34,2024-06,2024-06-13,,,,,,0,stage1,0,0,0,0
U008980,2024-04-10,Organic,Mobile,South,45-54,2024-04,2024-04-10,2024-04-11,2024-04-13,2024-04-15,2024-04-18,2024-04-19,1,Converted,1,1,1,1
U008981,2024-05-17,Social,Desktop,Central,45-54,2024-05,2024-05-17,,,,,,0,stage1,0,0,0,0
U008982,2024-06-03,Social,Tablet,Central,25-34,2024-06,2024-06-03,2024-06-04,,,,,0,stage2,1,0,0,0
U008984,2024-05-04,Referral,Mobile,Central,25-34,2024-05,2024-05-04,2024-05-05,2024-05-08,,,,0,stage3,1,1,0,0
U008985,2024-05-30,Referral,Mobile,Central,55+,2024-05,2024-05-30,2024-06-01,,,,,0,stage2,1,0,0,0
U008986,2024-05-23,Referral,Desktop,East,25-34,2024-05,2024-05-23,2024-05-25,,,,,0,stage2,1,0,0,0
U008987,2024-06-03,Organic,Mobile,South,25-34,2024-06,2024-06-03,2024-06-05,,,,,0,stage2,1,0,0,0
U008988,2024-06-18,Email,Tablet,East,55+,2024-06,2024-06-18,2024-06-20,2024-06-21,2024-06-22,,,0,stage4,1,1,1,0
U008990,2024-06-26,Social,Mobile,West,45-54,2024-06,2024-06-26,,,,,,0,stage1,0,0,0,0
U008991,2024-05-05,Paid_Search,Mobile,South,35-44,2024-05,2024-05-05,,,,,,0,stage1,0,0,0,0
U008993,2024-06-06,Referral,Mobile,North,25-34,2024-06,2024-06-06,2024-06-08,,,,,0,stage2,1,0,0,0
U008997,2024-05-11,Referral,Desktop,Central,45-54,2024-05,2024-05-11,,,,,,0,stage1,0,0,0,0
U009002,2024-05-12,Social,Mobile,Central,25-34,2024-05,2024-05-12,2024-05-14,,,,,0,stage2,1,0,0,0
U009003,2024-04-15,Paid_Search,Mobile,West,55+,2024-04,2024-04-15,2024-04-16,2024-04-18,2024-04-20,,,0,stage4,1,1,1,0
U009004,2024-04-18,Referral,Desktop,Central,45-54,2024-04,2024-04-18,2024-04-20,2024-04-23,2024-04-23,2024-04-25,2024-04-27,1,Converted,1,1,1,1
U009008,2024-04-28,Organic,Mobile,East,18-24,2024-04,2024-04-28,,,,,,0,stage1,0,0,0,0
U009009,2024-05-28,Referral,Mobile,East,45-54,2024-05,2024-05-28,2024-05-30,2024-05-31,,,,0,stage3,1,1,0,0
U009012,2024-06-12,Paid_Search,Mobile,West,35-44,2024-06,2024-06-12,2024-06-12,,,,,0,stage2,1,0,0,0
U009014,2024-06-02,Paid_Search,Mobile,West,45-54,2024-06,2024-06-02,,,,,,0,stage1,0,0,0,0
U009015,2024-06-11,Organic,Mobile,North,25-34,2024-06,2024-06-11,2024-06-12,,,,,0,stage2,1,0,0,0
U009017,2024-06-14,Social,Tablet,Central,25-34,2024-06,2024-06-14,,,,,,0,stage1,0,0,0,0
U009018,2024-05-07,Organic,Mobile,North,25-34,2024-05,2024-05-07,2024-05-08,,,,,0,stage2,1,0,0,0
U009020,2024-04-10,Referral,Mobile,East,45-54,2024-04,2024-04-10,,,,,,0,stage1,0,0,0,0
U009021,2024-05-03,Email,Desktop,East,55+,2024-05,2024-05-03,,,,,,0,stage1,0,0,0,0
U009023,2024-05-25,Organic,Mobile,East,35-44,2024-05,2024-05-25,2024-05-26,2024-05-29,,,,0,stage3,1,1,0,0
U009027,2024-04-06,Email,Mobile,South,25-34,2024-04,2024-04-06,,,,,,0,stage1,0,0,0,0
U009028,2024-05-20,Paid_Search,Mobile,Central,25-34,2024-05,2024-05-20,2024-05-21,2024-05-22,2024-05-22,2024-05-24,2024-05-25,1,Converted,1,1,1,1
U009029,2024-05-06,Paid_Search,Mobile,North,18-24,2024-05,2024-05-06,2024-05-07,2024-05-10,2024-05-12,,,0,stage4,1,1,1,0
U009031,2024-05-25,Referral,Desktop,North,25-34,2024-05,2024-05-25,2024-05-26,,,,,0,stage2,1,0,0,0
U009034,2024-04-19,Paid_Search,Desktop,Central,25-34,2024-04,2024-04-19,2024-04-21,,,,,0,stage2,1,0,0,0
U009035,2024-05-05,Organic,Mobile,North,25-34,2024-05,2024-05-05,2024-05-07,2024-05-08,,,,0,stage3,1,1,0,0
U009036,2024-05-01,Referral,Desktop,South,18-24,2024-05,2024-05-01,2024-05-02,,,,,0,stage2,1,0,0,0
U009037,2024-04-09,Paid_Search,Mobile,East,35-44,2024-04,2024-04-09,,,,,,0,stage1,0,0,0,0
U009040,2024-05-17,Organic,Desktop,North,25-34,2024-05,2024-05-17,2024-05-18,,,,,0,stage2,1,0,0,0
U009042,2024-06-24,Organic,Mobile,South,45-54,2024-06,2024-06-24,2024-06-25,,,,,0,stage2,1,0,0,0
U009052,2024-06-03,Referral,Mobile,Central,25-34,2024-06,2024-06-03,2024-06-05,2024-06-07,2024-06-09,2024-06-12,2024-06-12,1,Converted,1,1,1,1
U009054,2024-05-29,Paid_Search,Mobile,South,35-44,2024-05,2024-05-29,2024-05-30,2024-05-31,2024-05-31,,,0,stage4,1,1,1,0
U009055,2024-04-08,Email,Desktop,North,35-44,2024-04,2024-04-08,2024-04-08,,,,,0,stage2,1,0,0,0
U009056,2024-05-18,Paid_Search,Mobile,East,35-44,2024-05,2024-05-18,,,,,,0,stage1,0,0,0,0
U009057,2024-06-06,Organic,Desktop,Central,18-24,2024-06,2024-06-06,2024-06-06,,,,,0,stage2,1,0,0,0
U009060,2024-06-06,Social,Desktop,North,45-54,2024-06,2024-06-06,2024-06-07,2024-06-09,2024-06-09,,,0,stage4,1,1,1,0
U009063,2024-06-05,Organic,Desktop,West,18-24,2024-06,2024-06-05,,,,,,0,stage1,0,0,0,0
U009067,2024-04-21,Referral,Mobile,North,55+,2024-04,2024-04-21,2024-04-23,,,,,0,stage2,1,0,0,0
U009068,2024-06-02,Organic,Desktop,South,18-24,2024-06,2024-06-02,2024-06-03,2024-06-05,2024-06-05,,,0,stage4,1,1,1,0
U009071,2024-04-23,Organic,Mobile,Central,25-34,2024-04,2024-04-23,2024-04-24,,,,,0,stage2,1,0,0,0
U009073,2024-05-18,Social,Desktop,North,35-44,2024-05,2024-05-18,,,,,,0,stage1,0,0,0,0
U009076,2024-05-14,Social,Mobile,West,18-24,2024-05,2024-05-14,2024-05-15,,,,,0,stage2,1,0,0,0
U009078,2024-05-07,Organic,Mobile,East,25-34,2024-05,2024-05-07,2024-05-09,2024-05-12,2024-05-13,2024-05-17,2024-05-19,1,Converted,1,1,1,1
U009080,2024-04-05,Organic,Desktop,West,35-44,2024-04,2024-04-05,,,,,,0,stage1,0,0,0,0
U009083,2024-06-27,Email,Mobile,North,45-54,2024-06,2024-06-27,,,,,,0,stage1,0,0,0,0
U009084,2024-06-23,Email,Desktop,East,35-44,2024-06,2024-06-23,2024-06-24,,,,,0,stage2,1,0,0,0
U009088,2024-04-13,Email,Mobile,East,35-44,2024-04,2024-04-13,2024-04-14,2024-04-15,2024-04-17,,,0,stage4,1,1,1,0
U009090,2024-04-30,Paid_Search,Mobile,South,25-34,2024-04,2024-04-30,,,,,,0,stage1,0,0,0,0
U009092,2024-05-24,Paid_Search,Desktop,East,18-24,2024-05,2024-05-24,2024-05-24,2024-05-27,2024-05-29,2024-05-30,2024-05-31,1,Converted,1,1,1,1
U009094,2024-04-02,Organic,Desktop,Central,35-44,2024-04,2024-04-02,2024-04-03,,,,,0,stage2,1,0,0,0
U009096,2024-04-21,Social,Mobile,North,18-24,2024-04,2024-04-21,2024-04-23,2024-04-25,2024-04-26,2024-04-27,,0,stage5,1,1,1,1
U009097,2024-04-21,Referral,Desktop,West,18-24,2024-04,2024-04-21,2024-04-22,2024-04-24,2024-04-24,2024-04-27,2024-04-28,1,Converted,1,1,1,1
U009099,2024-05-02,Paid_Search,Mobile,West,25-34,2024-05,2024-05-02,,,,,,0,stage1,0,0,0,0
U009102,2024-05-29,Organic,Desktop,East,18-24,2024-05,2024-05-29,2024-05-31,2024-06-03,2024-06-05,2024-06-07,,0,stage5,1,1,1,1
U009104,2024-04-03,Referral,Tablet,West,45-54,2024-04,2024-04-03,,,,,,0,stage1,0,0,0,0
U009108,2024-06-06,Referral,Mobile,West,45-54,2024-06,2024-06-06,,,,,,0,stage1,0,0,0,0
U009109,2024-06-27,Organic,Mobile,West,25-34,2024-06,2024-06-27,2024-06-29,2024-06-30,,,,0,stage3,1,1,0,0
U009111,2024-05-14,Paid_Search,Desktop,North,18-24,2024-05,2024-05-14,2024-05-15,,,,,0,stage2,1,0,0,0
U009112,2024-04-25,Organic,Desktop,North,25-34,2024-04,2024-04-25,2024-04-25,,,,,0,stage2,1,0,0,0
U009116,2024-04-14,Organic,Desktop,East,18-24,2024-04,2024-04-14,2024-04-15,,,,,0,stage2,1,0,0,0
U009118,2024-05-13,Organic,Desktop,South,55+,2024-05,2024-05-13,2024-05-13,2024-05-14,2024-05-14,2024-05-15,2024-05-17,1,Converted,1,1,1,1
U009119,2024-06-16,Social,Desktop,West,18-24,2024-06,2024-06-16,2024-06-18,,,,,0,stage2,1,0,0,0
U009121,2024-04-30,Paid_Search,Desktop,North,35-44,2024-04,2024-04-30,2024-05-01,,,,,0,stage2,1,0,0,0
U009129,2024-05-21,Referral,Mobile,Central,25-34,2024-05,2024-05-21,,,,,,0,stage1,0,0,0,0
U009130,2024-04-04,Organic,Desktop,Central,18-24,2024-04,2024-04-04,,,,,,0,stage1,0,0,0,0
U009132,2024-05-16,Referral,Mobile,Central,25-34,2024-05,2024-05-16,2024-05-16,,,,,0,stage2,1,0,0,0
U009136,2024-05-11,Referral,Mobile,Central,25-34,2024-05,2024-05-11,2024-05-11,,,,,0,stage2,1,0,0,0
U009137,2024-05-08,Social,Desktop,North,25-34,2024-05,2024-05-08,2024-05-10,,,,,0,stage2,1,0,0,0
U009139,2024-04-10,Referral,Tablet,Central,18-24,2024-04,2024-04-10,,,,,,0,stage1,0,0,0,0
U009143,2024-06-04,Social,Mobile,South,45-54,2024-06,2024-06-04,,,,,,0,stage1,0,0,0,0
U009144,2024-04-04,Social,Mobile,East,35-44,2024-04,2024-04-04,2024-04-06,,,,,0,stage2,1,0,0,0
U009147,2024-04-26,Social,Desktop,Central,25-34,2024-04,2024-04-26,2024-04-26,2024-04-29,,,,0,stage3,1,1,0,0
U009152,2024-04-06,Organic,Desktop,West,18-24,2024-04,2024-04-06,2024-04-06,2024-04-07,,,,0,stage3,1,1,0,0
U009154,2024-04-27,Organic,Desktop,South,18-24,2024-04,2024-04-27,2024-04-29,2024-05-01,,,,0,stage3,1,1,0,0
U009155,2024-06-22,Paid_Search,Mobile,Central,25-34,2024-06,2024-06-22,,,,,,0,stage1,0,0,0,0
U009156,2024-04-11,Email,Mobile,North,35-44,2024-04,2024-04-11,,,,,,0,stage1,0,0,0,0
U009157,2024-05-20,Paid_Search,Mobile,West,35-44,2024-05,2024-05-20,2024-05-22,,,,,0,stage2,1,0,0,0
U009158,2024-04-13,Email,Mobile,North,35-44,2024-04,2024-04-13,2024-04-15,2024-04-17,,,,0,stage3,1,1,0,0
U009159,2024-06-14,Email,Mobile,West,18-24,2024-06,2024-06-14,2024-06-16,2024-06-18,2024-06-20,2024-06-24,,0,stage5,1,1,1,1
U009162,2024-06-02,Organic,Desktop,South,35-44,2024-06,2024-06-02,2024-06-03,2024-06-05,2024-06-05,2024-06-09,2024-06-10,1,Converted,1,1,1,1
U009163,2024-04-06,Referral,Desktop,East,18-24,2024-04,2024-04-06,2024-04-07,,,,,0,stage2,1,0,0,0
U009164,2024-04-05,Organic,Desktop,Central,18-24,2024-04,2024-04-05,,,,,,0,stage1,0,0,0,0
U009166,2024-05-04,Social,Desktop,North,25-34,2024-05,2024-05-04,,,,,,0,stage1,0,0,0,0
U009168,2024-04-21,Social,Mobile,West,25-34,2024-04,2024-04-21,,,,,,0,stage1,0,0,0,0
U009169,2024-06-12,Referral,Mobile,East,45-54,2024-06,2024-06-12,,,,,,0,stage1,0,0,0,0
U009171,2024-05-31,Organic,Desktop,Central,55+,2024-05,2024-05-31,2024-06-02,2024-06-03,,,,0,stage3,1,1,0,0
U009172,2024-06-15,Referral,Desktop,Central,25-34,2024-06,2024-06-15,2024-06-16,2024-06-18,,,,0,stage3,1,1,0,0
U009175,2024-04-22,Paid_Search,Desktop,North,45-54,2024-04,2024-04-22,,,,,,0,stage1,0,0,0,0
U009177,2024-04-29,Organic,Mobile,East,25-34,2024-04,2024-04-29,2024-05-01,2024-05-03,,,,0,stage3,1,1,0,0
U009178,2024-04-05,Referral,Mobile,South,25-34,2024-04,2024-04-05,2024-04-05,2024-04-07,,,,0,stage3,1,1,0,0
U009182,2024-04-05,Referral,Desktop,South,45-54,2024-04,2024-04-05,,,,,,0,stage1,0,0,0,0
U009185,2024-06-02,Organic,Mobile,North,45-54,2024-06,2024-06-02,,,,,,0,stage1,0,0,0,0
U009187,2024-05-11,Social,Mobile,East,25-34,2024-05,2024-05-11,,,,,,0,stage1,0,0,0,0
U009188,2024-05-21,Paid_Search,Mobile,East,18-24,2024-05,2024-05-21,,,,,,0,stage1,0,0,0,0
U009189,2024-05-02,Paid_Search,Mobile,North,18-24,2024-05,2024-05-02,2024-05-02,2024-05-04,,,,0,stage3,1,1,0,0
U009196,2024-05-23,Email,Mobile,South,35-44,2024-05,2024-05-23,,,,,,0,stage1,0,0,0,0
U009199,2024-06-10,Paid_Search,Desktop,South,18-24,2024-06,2024-06-10,2024-06-12,2024-06-14,2024-06-14,2024-06-18,2024-06-19,1,Converted,1,1,1,1
U009201,2024-06-08,Paid_Search,Mobile,West,35-44,2024-06,2024-06-08,2024-06-09,2024-06-11,,,,0,stage3,1,1,0,0
U009202,2024-04-04,Paid_Search,Mobile,North,45-54,2024-04,2024-04-04,2024-04-04,2024-04-07,2024-04-09,2024-04-10,,0,stage5,1,1,1,1
U009203,2024-04-22,Organic,Mobile,North,35-44,2024-04,2024-04-22,2024-04-23,,,,,0,stage2,1,0,0,0
U009204,2024-04-20,Paid_Search,Desktop,East,25-34,2024-04,2024-04-20,2024-04-22,2024-04-23,,,,0,stage3,1,1,0,0
U009205,2024-06-19,Paid_Search,Desktop,South,18-24,2024-06,2024-06-19,2024-06-21,2024-06-24,2024-06-26,2024-06-27,,0,stage5,1,1,1,1
U009207,2024-04-06,Paid_Search,Mobile,West,25-34,2024-04,2024-04-06,,,,,,0,stage1,0,0,0,0
U009209,2024-06-18,Organic,Desktop,South,25-34,2024-06,2024-06-18,,,,,,0,stage1,0,0,0,0
U009210,2024-04-22,Social,Tablet,South,18-24,2024-04,2024-04-22,,,,,,0,stage1,0,0,0,0
U009211,2024-06-11,Paid_Search,Desktop,West,45-54,2024-06,2024-06-11,2024-06-12,,,,,0,stage2,1,0,0,0
U009214,2024-04-08,Social,Desktop,North,18-24,2024-04,2024-04-08,2024-04-09,,,,,0,stage2,1,0,0,0
U009215,2024-04-10,Paid_Search,Mobile,West,25-34,2024-04,2024-04-10,2024-04-10,2024-04-11,2024-04-11,,,0,stage4,1,1,1,0
U009218,2024-04-17,Organic,Mobile,North,25-34,2024-04,2024-04-17,2024-04-19,2024-04-20,,,,0,stage3,1,1,0,0
U009219,2024-04-16,Social,Desktop,East,25-34,2024-04,2024-04-16,2024-04-16,2024-04-18,,,,0,stage3,1,1,0,0
U009220,2024-05-20,Social,Mobile,North,55+,2024-05,2024-05-20,2024-05-22,,,,,0,stage2,1,0,0,0
U009223,2024-05-03,Organic,Mobile,Central,35-44,2024-05,2024-05-03,2024-05-03,,,,,0,stage2,1,0,0,0
U009225,2024-04-29,Referral,Mobile,Central,45-54,2024-04,2024-04-29,,,,,,0,stage1,0,0,0,0
U009227,2024-04-27,Organic,Tablet,West,35-44,2024-04,2024-04-27,,,,,,0,stage1,0,0,0,0
U009229,2024-05-27,Referral,Mobile,West,55+,2024-05,2024-05-27,,,,,,0,stage1,0,0,0,0
U009230,2024-05-22,Referral,Mobile,West,35-44,2024-05,2024-05-22,,,,,,0,stage1,0,0,0,0
U009231,2024-05-20,Social,Mobile,West,25-34,2024-05,2024-05-20,2024-05-22,,,,,0,stage2,1,0,0,0
U009233,2024-06-10,Referral,Tablet,West,35-44,2024-06,2024-06-10,2024-06-12,,,,,0,stage2,1,0,0,0
U009235,2024-06-19,Organic,Tablet,West,25-34,2024-06,2024-06-19,2024-06-21,,,,,0,stage2,1,0,0,0
U009236,2024-05-30,Organic,Mobile,South,45-54,2024-05,2024-05-30,,,,,,0,stage1,0,0,0,0
U009237,2024-05-13,Paid_Search,Desktop,Central,35-44,2024-05,2024-05-13,2024-05-15,,,,,0,stage2,1,0,0,0
U009243,2024-04-13,Email,Desktop,Central,18-24,2024-04,2024-04-13,2024-04-13,2024-04-16,2024-04-17,2024-04-20,2024-04-20,1,Converted,1,1,1,1
U009247,2024-05-09,Organic,Desktop,North,25-34,2024-05,2024-05-09,2024-05-10,2024-05-12,,,,0,stage3,1,1,0,0
U009248,2024-04-12,Social,Mobile,East,25-34,2024-04,2024-04-12,,,,,,0,stage1,0,0,0,0
U009249,2024-04-17,Referral,Mobile,Central,18-24,2024-04,2024-04-17,2024-04-19,,,,,0,stage2,1,0,0,0
U009251,2024-05-03,Paid_Search,Desktop,West,25-34,2024-05,2024-05-03,2024-05-05,,,,,0,stage2,1,0,0,0
U009254,2024-04-16,Organic,Mobile,West,25-34,2024-04,2024-04-16,,,,,,0,stage1,0,0,0,0
U009255,2024-05-01,Social,Desktop,South,35-44,2024-05,2024-05-01,2024-05-01,,,,,0,stage2,1,0,0,0
U009258,2024-05-04,Referral,Mobile,North,35-44,2024-05,2024-05-04,,,,,,0,stage1,0,0,0,0
U009259,2024-05-05,Organic,Mobile,Central,18-24,2024-05,2024-05-05,2024-05-06,,,,,0,stage2,1,0,0,0
U009260,2024-05-30,Organic,Desktop,East,18-24,2024-05,2024-05-30,2024-05-30,2024-06-01,,,,0,stage3,1,1,0,0
U009261,2024-04-20,Organic,Desktop,East,25-34,2024-04,2024-04-20,2024-04-20,2024-04-22,2024-04-22,2024-04-24,2024-04-25,1,Converted,1,1,1,1
U009263,2024-06-02,Email,Desktop,South,45-54,2024-06,2024-06-02,2024-06-03,2024-06-06,2024-06-07,,,0,stage4,1,1,1,0
U009266,2024-05-18,Social,Desktop,North,25-34,2024-05,2024-05-18,2024-05-19,,,,,0,stage2,1,0,0,0
U009267,2024-05-06,Social,Mobile,North,25-34,2024-05,2024-05-06,,,,,,0,stage1,0,0,0,0
U009269,2024-06-27,Organic,Mobile,South,25-34,2024-06,2024-06-27,2024-06-29,,,,,0,stage2,1,0,0,0
U009271,2024-04-30,Organic,Desktop,West,55+,2024-04,2024-04-30,,,,,,0,stage1,0,0,0,0
U009274,2024-06-22,Social,Desktop,East,35-44,2024-06,2024-06-22,,,,,,0,stage1,0,0,0,0
U009275,2024-06-24,Organic,Desktop,North,45-54,2024-06,2024-06-24,,,,,,0,stage1,0,0,0,0
U009276,2024-06-28,Paid_Search,Desktop,North,35-44,2024-06,2024-06-28,,,,,,0,stage1,0,0,0,0
U009277,2024-04-01,Referral,Tablet,North,25-34,2024-04,2024-04-01,,,,,,0,stage1,0,0,0,0
U009278,2024-06-19,Referral,Desktop,East,45-54,2024-06,2024-06-19,,,,,,0,stage1,0,0,0,0
U009279,2024-05-26,Social,Desktop,North,25-34,2024-05,2024-05-26,2024-05-26,2024-05-27,2024-05-27,,,0,stage4,1,1,1,0
U009285,2024-05-31,Social,Mobile,East,35-44,2024-05,2024-05-31,,,,,,0,stage1,0,0,0,0
U009287,2024-06-06,Paid_Search,Desktop,North,55+,2024-06,2024-06-06,,,,,,0,stage1,0,0,0,0
U009288,2024-05-14,Organic,Desktop,North,35-44,2024-05,2024-05-14,2024-05-14,2024-05-17,,,,0,stage3,1,1,0,0
U009291,2024-06-28,Referral,Mobile,West,18-24,2024-06,2024-06-28,,,,,,0,stage1,0,0,0,0
U009292,2024-05-11,Email,Tablet,North,35-44,2024-05,2024-05-11,2024-05-11,2024-05-13,2024-05-15,2024-05-17,2024-05-19,1,Converted,1,1,1,1
U009296,2024-06-26,Paid_Search,Desktop,West,18-24,2024-06,2024-06-26,,,,,,0,stage1,0,0,0,0
U009297,2024-05-01,Organic,Mobile,South,18-24,2024-05,2024-05-01,,,,,,0,stage1,0,0,0,0
U009298,2024-04-25,Paid_Search,Desktop,East,55+,2024-04,2024-04-25,,,,,,0,stage1,0,0,0,0
U009299,2024-04-01,Social,Mobile,North,35-44,2024-04,2024-04-01,2024-04-03,2024-04-05,2024-04-06,2024-04-10,2024-04-11,1,Converted,1,1,1,1
U009301,2024-06-19,Organic,Mobile,South,18-24,2024-06,2024-06-19,2024-06-20,,,,,0,stage2,1,0,0,0
U009304,2024-06-29,Referral,Desktop,North,55+,2024-06,2024-06-29,2024-06-29,2024-06-30,2024-06-30,2024-07-01,2024-07-03,1,Converted,1,1,1,1
U009309,2024-05-03,Email,Desktop,South,18-24,2024-05,2024-05-03,2024-05-04,2024-05-06,,,,0,stage3,1,1,0,0
U009311,2024-06-20,Paid_Search,Tablet,South,18-24,2024-06,2024-06-20,2024-06-22,2024-06-25,2024-06-27,2024-06-30,,0,stage5,1,1,1,1
U009312,2024-06-30,Paid_Search,Desktop,Central,55+,2024-06,2024-06-30,2024-06-30,,,,,0,stage2,1,0,0,0
U009313,2024-05-01,Referral,Mobile,Central,25-34,2024-05,2024-05-01,2024-05-03,,,,,0,stage2,1,0,0,0
U009318,2024-05-07,Referral,Mobile,West,25-34,2024-05,2024-05-07,,,,,,0,stage1,0,0,0,0
U009319,2024-04-28,Referral,Mobile,Central,45-54,2024-04,2024-04-28,,,,,,0,stage1,0,0,0,0
U009320,2024-06-17,Referral,Desktop,Central,18-24,2024-06,2024-06-17,,,,,,0,stage1,0,0,0,0
U009321,2024-04-11,Organic,Mobile,South,35-44,2024-04,2024-04-11,2024-04-13,2024-04-15,,,,0,stage3,1,1,0,0
U009322,2024-04-25,Paid_Search,Desktop,South,25-34,2024-04,2024-04-25,2024-04-25,,,,,0,stage2,1,0,0,0
U009324,2024-06-30,Organic,Mobile,South,25-34,2024-06,2024-06-30,2024-07-01,,,,,0,stage2,1,0,0,0
U009325,2024-06-17,Social,Desktop,South,45-54,2024-06,2024-06-17,,,,,,0,stage1,0,0,0,0
U009327,2024-05-25,Social,Desktop,East,45-54,2024-05,2024-05-25,,,,,,0,stage1,0,0,0,0
U009328,2024-06-28,Email,Desktop,East,18-24,2024-06,2024-06-28,2024-06-28,,,,,0,stage2,1,0,0,0
U009334,2024-05-11,Referral,Mobile,South,35-44,2024-05,2024-05-11,2024-05-13,,,,,0,stage2,1,0,0,0
U009335,2024-05-06,Email,Desktop,South,45-54,2024-05,2024-05-06,2024-05-07,,,,,0,stage2,1,0,0,0
U009339,2024-06-10,Referral,Desktop,South,25-34,2024-06,2024-06-10,,,,,,0,stage1,0,0,0,0
U009340,2024-04-02,Paid_Search,Desktop,East,35-44,2024-04,2024-04-02,2024-04-04,2024-04-06,2024-04-08,2024-04-11,,0,stage5,1,1,1,1
U009342,2024-05-03,Paid_Search,Mobile,North,18-24,2024-05,2024-05-03,,,,,,0,stage1,0,0,0,0
U009343,2024-05-08,Email,Mobile,East,18-24,2024-05,2024-05-08,2024-05-08,2024-05-09,,,,0,stage3,1,1,0,0
U009345,2024-06-17,Organic,Mobile,North,25-34,2024-06,2024-06-17,2024-06-19,2024-06-22,2024-06-24,2024-06-27,,0,stage5,1,1,1,1
U009346,2024-05-15,Social,Mobile,West,35-44,2024-05,2024-05-15,2024-05-16,2024-05-19,,,,0,stage3,1,1,0,0
U009347,2024-05-31,Referral,Desktop,East,35-44,2024-05,2024-05-31,2024-06-02,,,,,0,stage2,1,0,0,0
U009348,2024-06-05,Referral,Mobile,West,35-44,2024-06,2024-06-05,2024-06-05,2024-06-07,,,,0,stage3,1,1,0,0
U009350,2024-05-31,Social,Desktop,Central,18-24,2024-05,2024-05-31,2024-06-02,,,,,0,stage2,1,0,0,0
U009352,2024-05-17,Organic,Mobile,East,25-34,2024-05,2024-05-17,,,,,,0,stage1,0,0,0,0
U009353,2024-04-26,Organic,Desktop,East,25-34,2024-04,2024-04-26,2024-04-26,2024-04-28,2024-04-29,2024-04-30,2024-05-01,1,Converted,1,1,1,1
U009354,2024-05-30,Organic,Desktop,West,18-24,2024-05,2024-05-30,,,,,,0,stage1,0,0,0,0
U009355,2024-06-09,Organic,Mobile,North,35-44,2024-06,2024-06-09,2024-06-09,2024-06-11,2024-06-12,2024-06-16,2024-06-18,1,Converted,1,1,1,1
U009356,2024-05-26,Social,Mobile,West,35-44,2024-05,2024-05-26,,,,,,0,stage1,0,0,0,0
U009358,2024-05-31,Paid_Search,Mobile,South,25-34,2024-05,2024-05-31,2024-05-31,2024-06-02,,,,0,stage3,1,1,0,0
U009360,2024-06-15,Social,Mobile,East,25-34,2024-06,2024-06-15,,,,,,0,stage1,0,0,0,0
U009365,2024-04-25,Social,Mobile,North,25-34,2024-04,2024-04-25,2024-04-25,,,,,0,stage2,1,0,0,0
U009366,2024-04-11,Organic,Desktop,West,25-34,2024-04,2024-04-11,2024-04-11,2024-04-13,2024-04-13,,,0,stage4,1,1,1,0
U009368,2024-05-08,Referral,Tablet,South,18-24,2024-05,2024-05-08,2024-05-10,2024-05-13,2024-05-14,2024-05-15,,0,stage5,1,1,1,1
U009369,2024-05-07,Social,Mobile,North,25-34,2024-05,2024-05-07,2024-05-09,,,,,0,stage2,1,0,0,0
U009371,2024-06-18,Paid_Search,Desktop,North,35-44,2024-06,2024-06-18,,,,,,0,stage1,0,0,0,0
U009372,2024-05-21,Organic,Mobile,East,35-44,2024-05,2024-05-21,2024-05-22,,,,,0,stage2,1,0,0,0
U009374,2024-05-23,Social,Desktop,East,25-34,2024-05,2024-05-23,2024-05-25,2024-05-27,,,,0,stage3,1,1,0,0
U009376,2024-06-16,Social,Mobile,North,45-54,2024-06,2024-06-16,2024-06-16,,,,,0,stage2,1,0,0,0
U009378,2024-06-24,Referral,Desktop,South,55+,2024-06,2024-06-24,2024-06-25,2024-06-26,2024-06-27,2024-06-29,2024-06-30,1,Converted,1,1,1,1
U009380,2024-06-17,Paid_Search,Desktop,East,35-44,2024-06,2024-06-17,,,,,,0,stage1,0,0,0,0
U009388,2024-05-18,Referral,Desktop,East,35-44,2024-05,2024-05-18,2024-05-20,2024-05-23,2024-05-25,2024-05-26,2024-05-26,1,Converted,1,1,1,1
U009393,2024-05-16,Referral,Desktop,West,45-54,2024-05,2024-05-16,,,,,,0,stage1,0,0,0,0
U009394,2024-04-29,Social,Desktop,East,35-44,2024-04,2024-04-29,2024-05-01,2024-05-02,2024-05-03,2024-05-06,2024-05-06,1,Converted,1,1,1,1
U009395,2024-04-01,Paid_Search,Mobile,East,55+,2024-04,2024-04-01,2024-04-01,2024-04-03,2024-04-03,,,0,stage4,1,1,1,0
U009396,2024-04-09,Email,Desktop,South,25-34,2024-04,2024-04-09,,,,,,0,stage1,0,0,0,0
U009399,2024-06-07,Email,Mobile,North,35-44,2024-06,2024-06-07,,,,,,0,stage1,0,0,0,0
U009404,2024-06-25,Referral,Desktop,West,25-34,2024-06,2024-06-25,2024-06-27,,,,,0,stage2,1,0,0,0
U009406,2024-05-02,Paid_Search,Desktop,North,35-44,2024-05,2024-05-02,2024-05-04,,,,,0,stage2,1,0,0,0
U009410,2024-04-09,Organic,Desktop,North,18-24,2024-04,2024-04-09,2024-04-10,,,,,0,stage2,1,0,0,0
U009412,2024-04-13,Social,Mobile,West,25-34,2024-04,2024-04-13,,,,,,0,stage1,0,0,0,0
U009414,2024-06-07,Paid_Search,Desktop,East,55+,2024-06,2024-06-07,2024-06-09,2024-06-11,,,,0,stage3,1,1,0,0
U009415,2024-05-30,Organic,Mobile,Central,35-44,2024-05,2024-05-30,2024-06-01,,,,,0,stage2,1,0,0,0
U009416,2024-06-27,Organic,Desktop,North,18-24,2024-06,2024-06-27,2024-06-27,,,,,0,stage2,1,0,0,0
U009418,2024-05-22,Email,Mobile,North,45-54,2024-05,2024-05-22,,,,,,0,stage1,0,0,0,0
U009419,2024-04-27,Paid_Search,Mobile,North,25-34,2024-04,2024-04-27,2024-04-28,,,,,0,stage2,1,0,0,0
U009421,2024-04-04,Paid_Search,Desktop,North,18-24,2024-04,2024-04-04,,,,,,0,stage1,0,0,0,0
U009424,2024-04-25,Organic,Mobile,North,25-34,2024-04,2024-04-25,,,,,,0,stage1,0,0,0,0
U009426,2024-05-26,Email,Mobile,North,18-24,2024-05,2024-05-26,,,,,,0,stage1,0,0,0,0
U009428,2024-06-19,Organic,Desktop,East,35-44,2024-06,2024-06-19,2024-06-20,2024-06-23,2024-06-24,2024-06-28,,0,stage5,1,1,1,1
U009432,2024-06-01,Referral,Tablet,North,18-24,2024-06,2024-06-01,2024-06-03,,,,,0,stage2,1,0,0,0
U009433,2024-05-23,Paid_Search,Desktop,North,25-34,2024-05,2024-05-23,2024-05-23,2024-05-26,2024-05-26,2024-05-30,,0,stage5,1,1,1,1
U009434,2024-05-06,Email,Mobile,West,45-54,2024-05,2024-05-06,2024-05-08,,,,,0,stage2,1,0,0,0
U009435,2024-05-21,Referral,Mobile,North,25-34,2024-05,2024-05-21,2024-05-23,2024-05-25,2024-05-25,,,0,stage4,1,1,1,0
U009436,2024-06-08,Paid_Search,Mobile,South,55+,2024-06,2024-06-08,2024-06-08,2024-06-11,2024-06-12,2024-06-14,2024-06-15,1,Converted,1,1,1,1
U009437,2024-05-17,Email,Desktop,South,25-34,2024-05,2024-05-17,2024-05-18,2024-05-20,,,,0,stage3,1,1,0,0
U009441,2024-06-19,Referral,Mobile,West,45-54,2024-06,2024-06-19,2024-06-19,2024-06-22,,,,0,stage3,1,1,0,0
U009444,2024-04-15,Paid_Search,Mobile,Central,35-44,2024-04,2024-04-15,,,,,,0,stage1,0,0,0,0
U009446,2024-05-15,Paid_Search,Tablet,West,35-44,2024-05,2024-05-15,2024-05-16,2024-05-17,2024-05-18,2024-05-21,2024-05-23,1,Converted,1,1,1,1
U009453,2024-05-14,Paid_Search,Desktop,South,18-24,2024-05,2024-05-14,2024-05-16,2024-05-19,2024-05-19,,,0,stage4,1,1,1,0
U009454,2024-04-02,Paid_Search,Tablet,Central,35-44,2024-04,2024-04-02,2024-04-02,2024-04-03,2024-04-04,,,0,stage4,1,1,1,0
U009458,2024-05-29,Organic,Desktop,West,25-34,2024-05,2024-05-29,,,,,,0,stage1,0,0,0,0
U009462,2024-05-20,Referral,Desktop,West,25-34,2024-05,2024-05-20,2024-05-22,2024-05-23,2024-05-25,,,0,stage4,1,1,1,0
U009463,2024-05-20,Paid_Search,Mobile,North,25-34,2024-05,2024-05-20,,,,,,0,stage1,0,0,0,0
U009464,2024-05-27,Paid_Search,Mobile,North,35-44,2024-05,2024-05-27,2024-05-29,2024-06-01,,,,0,stage3,1,1,0,0
U009466,2024-05-21,Referral,Mobile,South,18-24,2024-05,2024-05-21,2024-05-23,2024-05-25,,,,0,stage3,1,1,0,0
U009473,2024-04-02,Paid_Search,Mobile,Central,35-44,2024-04,2024-04-02,,,,,,0,stage1,0,0,0,0
U009474,2024-04-13,Referral,Mobile,East,35-44,2024-04,2024-04-13,2024-04-15,,,,,0,stage2,1,0,0,0
U009476,2024-05-31,Organic,Tablet,West,35-44,2024-05,2024-05-31,2024-06-02,2024-06-03,,,,0,stage3,1,1,0,0
U009480,2024-05-25,Social,Mobile,South,25-34,2024-05,2024-05-25,2024-05-27,,,,,0,stage2,1,0,0,0
U009485,2024-06-23,Paid_Search,Mobile,East,45-54,2024-06,2024-06-23,2024-06-25,2024-06-26,2024-06-27,2024-06-28,2024-06-30,1,Converted,1,1,1,1
U009486,2024-05-13,Organic,Mobile,Central,35-44,2024-05,2024-05-13,,,,,,0,stage1,0,0,0,0
U009491,2024-04-20,Email,Mobile,South,25-34,2024-04,2024-04-20,2024-04-20,,,,,0,stage2,1,0,0,0
U009492,2024-06-05,Paid_Search,Tablet,Central,45-54,2024-06,2024-06-05,2024-06-07,2024-06-09,2024-06-09,,,0,stage4,1,1,1,0
U009493,2024-05-15,Organic,Desktop,East,35-44,2024-05,2024-05-15,2024-05-16,2024-05-18,2024-05-18,2024-05-22,2024-05-24,1,Converted,1,1,1,1
U009494,2024-04-15,Referral,Mobile,West,45-54,2024-04,2024-04-15,2024-04-17,2024-04-19,2024-04-20,2024-04-22,,0,stage5,1,1,1,1
U009495,2024-06-06,Email,Desktop,Central,35-44,2024-06,2024-06-06,2024-06-06,2024-06-09,2024-06-10,2024-06-13,2024-06-15,1,Converted,1,1,1,1
U009496,2024-06-03,Referral,Mobile,West,18-24,2024-06,2024-06-03,2024-06-04,2024-06-05,2024-06-05,,,0,stage4,1,1,1,0
U009497,2024-04-13,Referral,Mobile,West,35-44,2024-04,2024-04-13,2024-04-15,,,,,0,stage2,1,0,0,0
U009499,2024-06-25,Social,Desktop,East,35-44,2024-06,2024-06-25,,,,,,0,stage1,0,0,0,0
U009501,2024-05-28,Email,Tablet,East,45-54,2024-05,2024-05-28,2024-05-28,,,,,0,stage2,1,0,0,0
U009502,2024-06-20,Paid_Search,Desktop,North,45-54,2024-06,2024-06-20,2024-06-20,2024-06-21,2024-06-23,2024-06-24,2024-06-24,1,Converted,1,1,1,1
U009505,2024-04-11,Email,Mobile,Central,18-24,2024-04,2024-04-11,2024-04-11,,,,,0,stage2,1,0,0,0
U009509,2024-06-15,Organic,Desktop,North,25-34,2024-06,2024-06-15,,,,,,0,stage1,0,0,0,0
U009516,2024-06-14,Paid_Search,Mobile,West,35-44,2024-06,2024-06-14,2024-06-14,2024-06-16,,,,0,stage3,1,1,0,0
U009518,2024-04-06,Referral,Mobile,East,25-34,2024-04,2024-04-06,,,,,,0,stage1,0,0,0,0
U009519,2024-06-17,Email,Mobile,West,25-34,2024-06,2024-06-17,2024-06-19,2024-06-22,,,,0,stage3,1,1,0,0
U009521,2024-04-23,Organic,Desktop,Central,18-24,2024-04,2024-04-23,,,,,,0,stage1,0,0,0,0
U009522,2024-06-18,Organic,Desktop,West,55+,2024-06,2024-06-18,2024-06-18,,,,,0,stage2,1,0,0,0
U009523,2024-06-11,Organic,Mobile,East,35-44,2024-06,2024-06-11,2024-06-11,,,,,0,stage2,1,0,0,0
U009525,2024-05-05,Referral,Desktop,Central,25-34,2024-05,2024-05-05,2024-05-06,2024-05-08,2024-05-08,,,0,stage4,1,1,1,0
U009527,2024-04-28,Email,Mobile,South,25-34,2024-04,2024-04-28,2024-04-28,2024-04-29,,,,0,stage3,1,1,0,0
U009529,2024-04-15,Paid_Search,Mobile,West,35-44,2024-04,2024-04-15,2024-04-15,,,,,0,stage2,1,0,0,0
U009533,2024-04-19,Email,Mobile,Central,25-34,2024-04,2024-04-19,,,,,,0,stage1,0,0,0,0
U009536,2024-06-13,Email,Mobile,South,35-44,2024-06,2024-06-13,2024-06-13,2024-06-15,2024-06-15,2024-06-18,2024-06-19,1,Converted,1,1,1,1
U009537,2024-04-09,Email,Desktop,North,25-34,2024-04,2024-04-09,,,,,,0,stage1,0,0,0,0
U009539,2024-05-02,Referral,Mobile,North,25-34,2024-05,2024-05-02,,,,,,0,stage1,0,0,0,0
U009544,2024-04-08,Organic,Desktop,West,18-24,2024-04,2024-04-08,,,,,,0,stage1,0,0,0,0
U009546,2024-05-10,Organic,Desktop,North,25-34,2024-05,2024-05-10,2024-05-12,,,,,0,stage2,1,0,0,0
U009548,2024-04-04,Organic,Desktop,East,25-34,2024-04,2024-04-04,,,,,,0,stage1,0,0,0,0
U009549,2024-05-13,Paid_Search,Mobile,Central,35-44,2024-05,2024-05-13,2024-05-14,2024-05-17,,,,0,stage3,1,1,0,0
U009552,2024-06-17,Social,Mobile,South,45-54,2024-06,2024-06-17,,,,,,0,stage1,0,0,0,0
U009553,2024-05-12,Email,Mobile,West,35-44,2024-05,2024-05-12,,,,,,0,stage1,0,0,0,0
U009558,2024-05-22,Referral,Mobile,West,35-44,2024-05,2024-05-22,2024-05-24,2024-05-27,,,,0,stage3,1,1,0,0
U009559,2024-05-15,Social,Desktop,South,55+,2024-05,2024-05-15,,,,,,0,stage1,0,0,0,0
U009561,2024-06-09,Social,Mobile,Central,25-34,2024-06,2024-06-09,2024-06-10,,,,,0,stage2,1,0,0,0
U009562,2024-05-15,Referral,Mobile,South,35-44,2024-05,2024-05-15,2024-05-15,,,,,0,stage2,1,0,0,0
U009564,2024-06-25,Organic,Mobile,South,18-24,2024-06,2024-06-25,2024-06-27,2024-06-29,2024-07-01,2024-07-04,2024-07-04,1,Converted,1,1,1,1
U009565,2024-05-03,Paid_Search,Desktop,South,35-44,2024-05,2024-05-03,2024-05-03,2024-05-04,2024-05-04,2024-05-07,2024-05-09,1,Converted,1,1,1,1
U009566,2024-04-18,Organic,Mobile,West,25-34,2024-04,2024-04-18,2024-04-19,,,,,0,stage2,1,0,0,0
U009567,2024-06-27,Organic,Mobile,South,25-34,2024-06,2024-06-27,2024-06-28,,,,,0,stage2,1,0,0,0
U009568,2024-05-30,Social,Mobile,East,35-44,2024-05,2024-05-30,2024-05-30,,,,,0,stage2,1,0,0,0
U009569,2024-06-09,Paid_Search,Mobile,North,55+,2024-06,2024-06-09,2024-06-10,,,,,0,stage2,1,0,0,0
U009570,2024-06-20,Referral,Mobile,North,25-34,2024-06,2024-06-20,2024-06-22,,,,,0,stage2,1,0,0,0
U009571,2024-05-24,Referral,Mobile,South,45-54,2024-05,2024-05-24,,,,,,0,stage1,0,0,0,0
U009572,2024-05-24,Email,Desktop,North,18-24,2024-05,2024-05-24,2024-05-25,,,,,0,stage2,1,0,0,0
U009574,2024-04-07,Paid_Search,Mobile,Central,55+,2024-04,2024-04-07,,,,,,0,stage1,0,0,0,0
U009575,2024-04-30,Social,Desktop,East,35-44,2024-04,2024-04-30,2024-05-02,2024-05-03,,,,0,stage3,1,1,0,0
U009578,2024-04-01,Paid_Search,Desktop,West,25-34,2024-04,2024-04-01,,,,,,0,stage1,0,0,0,0
U009579,2024-04-30,Paid_Search,Mobile,North,18-24,2024-04,2024-04-30,,,,,,0,stage1,0,0,0,0
U009583,2024-05-24,Social,Mobile,East,35-44,2024-05,2024-05-24,,,,,,0,stage1,0,0,0,0
U009586,2024-04-29,Referral,Mobile,Central,45-54,2024-04,2024-04-29,2024-04-30,2024-05-03,2024-05-05,,,0,stage4,1,1,1,0
U009591,2024-06-13,Organic,Mobile,West,25-34,2024-06,2024-06-13,2024-06-15,,,,,0,stage2,1,0,0,0
U009592,2024-04-25,Paid_Search,Mobile,Central,18-24,2024-04,2024-04-25,,,,,,0,stage1,0,0,0,0
U009597,2024-06-05,Paid_Search,Mobile,West,45-54,2024-06,2024-06-05,2024-06-05,2024-06-06,,,,0,stage3,1,1,0,0
U009599,2024-06-02,Paid_Search,Mobile,East,25-34,2024-06,2024-06-02,2024-06-04,2024-06-07,,,,0,stage3,1,1,0,0
U009600,2024-06-10,Paid_Search,Desktop,South,25-34,2024-06,2024-06-10,,,,,,0,stage1,0,0,0,0
U009602,2024-05-01,Organic,Mobile,West,25-34,2024-05,2024-05-01,,,,,,0,stage1,0,0,0,0
U009603,2024-06-25,Organic,Mobile,East,35-44,2024-06,2024-06-25,2024-06-26,2024-06-29,,,,0,stage3,1,1,0,0
U009605,2024-06-17,Referral,Desktop,Central,35-44,2024-06,2024-06-17,2024-06-19,2024-06-22,,,,0,stage3,1,1,0,0
U009608,2024-04-15,Organic,Desktop,West,45-54,2024-04,2024-04-15,2024-04-16,2024-04-17,2024-04-17,2024-04-19,,0,stage5,1,1,1,1
U009609,2024-05-27,Paid_Search,Tablet,East,35-44,2024-05,2024-05-27,,,,,,0,stage1,0,0,0,0
U009612,2024-04-19,Paid_Search,Tablet,West,18-24,2024-04,2024-04-19,2024-04-21,2024-04-23,2024-04-24,,,0,stage4,1,1,1,0
U009613,2024-04-25,Paid_Search,Mobile,East,25-34,2024-04,2024-04-25,2024-04-27,,,,,0,stage2,1,0,0,0
U009614,2024-06-27,Social,Mobile,East,35-44,2024-06,2024-06-27,,,,,,0,stage1,0,0,0,0
U009618,2024-05-26,Organic,Mobile,East,45-54,2024-05,2024-05-26,2024-05-26,,,,,0,stage2,1,0,0,0
U009619,2024-06-19,Organic,Desktop,South,35-44,2024-06,2024-06-19,2024-06-20,2024-06-21,2024-06-21,2024-06-23,,0,stage5,1,1,1,1
U009623,2024-06-18,Organic,Desktop,Central,55+,2024-06,2024-06-18,2024-06-19,,,,,0,stage2,1,0,0,0
U009628,2024-04-03,Organic,Mobile,South,25-34,2024-04,2024-04-03,2024-04-05,2024-04-07,2024-04-09,2024-04-13,2024-04-13,1,Converted,1,1,1,1
U009629,2024-06-25,Social,Mobile,South,25-34,2024-06,2024-06-25,2024-06-25,2024-06-26,,,,0,stage3,1,1,0,0
U009630,2024-05-01,Paid_Search,Mobile,North,18-24,2024-05,2024-05-01,2024-05-02,2024-05-03,,,,0,stage3,1,1,0,0
U009632,2024-04-05,Email,Mobile,South,18-24,2024-04,2024-04-05,2024-04-05,2024-04-08,,,,0,stage3,1,1,0,0
U009637,2024-04-16,Referral,Mobile,East,18-24,2024-04,2024-04-16,2024-04-16,,,,,0,stage2,1,0,0,0
U009638,2024-04-21,Paid_Search,Mobile,West,45-54,2024-04,2024-04-21,2024-04-21,,,,,0,stage2,1,0,0,0
U009639,2024-06-28,Organic,Desktop,East,25-34,2024-06,2024-06-28,2024-06-28,,,,,0,stage2,1,0,0,0
U009641,2024-05-22,Organic,Mobile,South,55+,2024-05,2024-05-22,2024-05-24,,,,,0,stage2,1,0,0,0
U009642,2024-05-15,Referral,Mobile,South,25-34,2024-05,2024-05-15,,,,,,0,stage1,0,0,0,0
U009643,2024-05-31,Social,Desktop,South,25-34,2024-05,2024-05-31,2024-06-02,,,,,0,stage2,1,0,0,0
U009645,2024-04-25,Referral,Mobile,East,45-54,2024-04,2024-04-25,2024-04-25,2024-04-28,2024-04-30,,,0,stage4,1,1,1,0
U009646,2024-06-18,Social,Mobile,West,25-34,2024-06,2024-06-18,2024-06-20,,,,,0,stage2,1,0,0,0
U009650,2024-06-04,Organic,Desktop,North,25-34,2024-06,2024-06-04,,,,,,0,stage1,0,0,0,0
U009654,2024-05-17,Referral,Mobile,North,18-24,2024-05,2024-05-17,2024-05-18,2024-05-19,2024-05-21,2024-05-22,,0,stage5,1,1,1,1
U009655,2024-06-26,Organic,Desktop,North,35-44,2024-06,2024-06-26,,,,,,0,stage1,0,0,0,0
U009657,2024-06-28,Referral,Desktop,North,25-34,2024-06,2024-06-28,2024-06-30,2024-07-01,2024-07-03,2024-07-07,2024-07-08,1,Converted,1,1,1,1
U009658,2024-06-15,Paid_Search,Desktop,South,25-34,2024-06,2024-06-15,2024-06-17,,,,,0,stage2,1,0,0,0
U009661,2024-05-12,Social,Mobile,South,18-24,2024-05,2024-05-12,,,,,,0,stage1,0,0,0,0
U009666,2024-05-10,Social,Desktop,East,45-54,2024-05,2024-05-10,2024-05-12,,,,,0,stage2,1,0,0,0
U009667,2024-05-19,Organic,Mobile,Central,25-34,2024-05,2024-05-19,2024-05-19,,,,,0,stage2,1,0,0,0
U009669,2024-05-17,Paid_Search,Mobile,South,18-24,2024-05,2024-05-17,2024-05-19,2024-05-20,,,,0,stage3,1,1,0,0
U009671,2024-05-17,Paid_Search,Desktop,East,35-44,2024-05,2024-05-17,2024-05-17,2024-05-19,2024-05-20,,,0,stage4,1,1,1,0
U009676,2024-06-11,Paid_Search,Tablet,South,18-24,2024-06,2024-06-11,2024-06-11,,,,,0,stage2,1,0,0,0
U009677,2024-05-12,Social,Desktop,Central,25-34,2024-05,2024-05-12,,,,,,0,stage1,0,0,0,0
U009679,2024-04-23,Organic,Desktop,West,18-24,2024-04,2024-04-23,2024-04-23,2024-04-25,,,,0,stage3,1,1,0,0
U009680,2024-06-11,Referral,Mobile,West,25-34,2024-06,2024-06-11,2024-06-13,2024-06-14,2024-06-16,,,0,stage4,1,1,1,0
U009682,2024-06-23,Referral,Mobile,South,45-54,2024-06,2024-06-23,2024-06-24,,,,,0,stage2,1,0,0,0
U009685,2024-06-19,Referral,Mobile,South,25-34,2024-06,2024-06-19,2024-06-21,,,,,0,stage2,1,0,0,0
U009690,2024-06-12,Email,Mobile,North,25-34,2024-06,2024-06-12,2024-06-14,2024-06-15,2024-06-15,,,0,stage4,1,1,1,0
U009691,2024-06-25,Referral,Desktop,Central,25-34,2024-06,2024-06-25,2024-06-25,2024-06-27,2024-06-27,2024-07-01,2024-07-03,1,Converted,1,1,1,1
U009692,2024-06-14,Organic,Desktop,Central,18-24,2024-06,2024-06-14,2024-06-15,,,,,0,stage2,1,0,0,0
U009694,2024-06-03,Organic,Mobile,West,18-24,2024-06,2024-06-03,2024-06-03,,,,,0,stage2,1,0,0,0
U009697,2024-04-07,Organic,Desktop,East,25-34,2024-04,2024-04-07,,,,,,0,stage1,0,0,0,0
U009698,2024-06-21,Referral,Desktop,West,35-44,2024-06,2024-06-21,,,,,,0,stage1,0,0,0,0
U009700,2024-05-09,Referral,Desktop,North,18-24,2024-05,2024-05-09,,,,,,0,stage1,0,0,0,0
U009701,2024-06-14,Referral,Mobile,South,25-34,2024-06,2024-06-14,,,,,,0,stage1,0,0,0,0
U009707,2024-05-27,Paid_Search,Mobile,South,18-24,2024-05,2024-05-27,,,,,,0,stage1,0,0,0,0
U009708,2024-05-18,Organic,Mobile,West,25-34,2024-05,2024-05-18,2024-05-19,,,,,0,stage2,1,0,0,0
U009712,2024-05-08,Social,Mobile,Central,35-44,2024-05,2024-05-08,,,,,,0,stage1,0,0,0,0
U009713,2024-06-08,Paid_Search,Mobile,West,55+,2024-06,2024-06-08,2024-06-08,,,,,0,stage2,1,0,0,0
U009715,2024-04-07,Social,Desktop,South,35-44,2024-04,2024-04-07,2024-04-08,2024-04-09,2024-04-11,2024-04-15,2024-04-16,1,Converted,1,1,1,1
U009717,2024-06-02,Paid_Search,Desktop,North,35-44,2024-06,2024-06-02,2024-06-02,2024-06-03,2024-06-05,,,0,stage4,1,1,1,0
U009720,2024-06-11,Paid_Search,Desktop,Central,25-34,2024-06,2024-06-11,2024-06-12,2024-06-13,,,,0,stage3,1,1,0,0
U009721,2024-04-02,Organic,Tablet,West,25-34,2024-04,2024-04-02,,,,,,0,stage1,0,0,0,0
U009722,2024-05-12,Organic,Mobile,South,25-34,2024-05,2024-05-12,2024-05-13,2024-05-16,,,,0,stage3,1,1,0,0
U009724,2024-04-15,Referral,Tablet,South,35-44,2024-04,2024-04-15,,,,,,0,stage1,0,0,0,0
U009727,2024-05-10,Organic,Mobile,East,45-54,2024-05,2024-05-10,2024-05-10,2024-05-12,,,,0,stage3,1,1,0,0
U009728,2024-04-04,Paid_Search,Tablet,Central,18-24,2024-04,2024-04-04,2024-04-06,2024-04-07,2024-04-08,,,0,stage4,1,1,1,0
U009730,2024-05-27,Paid_Search,Mobile,West,45-54,2024-05,2024-05-27,2024-05-28,2024-05-31,2024-05-31,2024-06-01,,0,stage5,1,1,1,1
U009731,2024-06-09,Paid_Search,Desktop,Central,35-44,2024-06,2024-06-09,2024-06-10,2024-06-11,2024-06-12,,,0,stage4,1,1,1,0
U009733,2024-04-15,Email,Desktop,North,25-34,2024-04,2024-04-15,2024-04-17,2024-04-20,2024-04-22,,,0,stage4,1,1,1,0
U009734,2024-04-27,Referral,Desktop,East,25-34,2024-04,2024-04-27,,,,,,0,stage1,0,0,0,0
U009735,2024-06-07,Referral,Mobile,South,18-24,2024-06,2024-06-07,,,,,,0,stage1,0,0,0,0
U009737,2024-06-11,Paid_Search,Mobile,Central,45-54,2024-06,2024-06-11,2024-06-13,,,,,0,stage2,1,0,0,0
U009741,2024-04-10,Paid_Search,Desktop,West,25-34,2024-04,2024-04-10,2024-04-11,2024-04-14,,,,0,stage3,1,1,0,0
U009743,2024-06-09,Email,Mobile,Central,35-44,2024-06,2024-06-09,,,,,,0,stage1,0,0,0,0
U009745,2024-06-13,Organic,Mobile,Central,25-34,2024-06,2024-06-13,2024-06-13,2024-06-16,,,,0,stage3,1,1,0,0
U009746,2024-05-01,Referral,Tablet,Central,35-44,2024-05,2024-05-01,2024-05-02,2024-05-03,2024-05-05,,,0,stage4,1,1,1,0
U009749,2024-05-15,Social,Mobile,Central,18-24,2024-05,2024-05-15,2024-05-17,2024-05-18,,,,0,stage3,1,1,0,0
U009750,2024-04-12,Paid_Search,Mobile,North,18-24,2024-04,2024-04-12,,,,,,0,stage1,0,0,0,0
U009753,2024-06-21,Paid_Search,Mobile,East,25-34,2024-06,2024-06-21,2024-06-21,2024-06-22,2024-06-24,,,0,stage4,1,1,1,0
U009754,2024-04-12,Organic,Mobile,Central,35-44,2024-04,2024-04-12,2024-04-14,,,,,0,stage2,1,0,0,0
U009755,2024-06-22,Paid_Search,Mobile,East,45-54,2024-06,2024-06-22,,,,,,0,stage1,0,0,0,0
U009758,2024-05-13,Referral,Mobile,South,25-34,2024-05,2024-05-13,,,,,,0,stage1,0,0,0,0
U009759,2024-05-26,Social,Desktop,West,25-34,2024-05,2024-05-26,,,,,,0,stage1,0,0,0,0
U009760,2024-06-14,Referral,Mobile,Central,35-44,2024-06,2024-06-14,,,,,,0,stage1,0,0,0,0
U009761,2024-06-20,Paid_Search,Tablet,North,35-44,2024-06,2024-06-20,2024-06-22,2024-06-25,2024-06-26,2024-06-30,,0,stage5,1,1,1,1
U009764,2024-05-15,Email,Desktop,East,35-44,2024-05,2024-05-15,2024-05-16,2024-05-17,,,,0,stage3,1,1,0,0
U009769,2024-04-05,Referral,Mobile,Central,35-44,2024-04,2024-04-05,2024-04-06,2024-04-07,,,,0,stage3,1,1,0,0
U009776,2024-04-06,Organic,Mobile,West,25-34,2024-04,2024-04-06,2024-04-07,2024-04-09,2024-04-10,,,0,stage4,1,1,1,0
U009778,2024-05-27,Organic,Desktop,South,45-54,2024-05,2024-05-27,2024-05-29,,,,,0,stage2,1,0,0,0
U009779,2024-05-09,Social,Mobile,West,35-44,2024-05,2024-05-09,2024-05-09,,,,,0,stage2,1,0,0,0
U009785,2024-04-29,Email,Mobile,East,45-54,2024-04,2024-04-29,,,,,,0,stage1,0,0,0,0
U009786,2024-06-05,Paid_Search,Mobile,Central,25-34,2024-06,2024-06-05,2024-06-07,,,,,0,stage2,1,0,0,0
U009796,2024-04-11,Referral,Mobile,North,45-54,2024-04,2024-04-11,2024-04-13,,,,,0,stage2,1,0,0,0
U009798,2024-06-02,Referral,Mobile,South,25-34,2024-06,2024-06-02,,,,,,0,stage1,0,0,0,0
U009799,2024-04-26,Social,Mobile,West,18-24,2024-04,2024-04-26,,,,,,0,stage1,0,0,0,0
U009800,2024-05-14,Organic,Desktop,East,25-34,2024-05,2024-05-14,2024-05-15,2024-05-18,2024-05-18,,,0,stage4,1,1,1,0
U009801,2024-05-19,Paid_Search,Mobile,East,25-34,2024-05,2024-05-19,2024-05-19,2024-05-22,,,,0,stage3,1,1,0,0
U009805,2024-04-13,Social,Mobile,Central,35-44,2024-04,2024-04-13,2024-04-15,,,,,0,stage2,1,0,0,0
U009808,2024-05-09,Referral,Desktop,East,18-24,2024-05,2024-05-09,2024-05-10,,,,,0,stage2,1,0,0,0
U009810,2024-04-09,Paid_Search,Desktop,Central,45-54,2024-04,2024-04-09,2024-04-09,,,,,0,stage2,1,0,0,0
U009811,2024-04-28,Referral,Mobile,Central,18-24,2024-04,2024-04-28,2024-04-30,2024-05-02,,,,0,stage3,1,1,0,0
U009812,2024-05-21,Organic,Desktop,South,18-24,2024-05,2024-05-21,,,,,,0,stage1,0,0,0,0
U009813,2024-05-14,Organic,Mobile,North,35-44,2024-05,2024-05-14,,,,,,0,stage1,0,0,0,0
U009819,2024-06-01,Paid_Search,Tablet,East,35-44,2024-06,2024-06-01,,,,,,0,stage1,0,0,0,0
U009820,2024-05-14,Organic,Mobile,North,35-44,2024-05,2024-05-14,2024-05-14,2024-05-15,2024-05-17,2024-05-21,2024-05-22,1,Converted,1,1,1,1
U009821,2024-04-30,Social,Mobile,West,45-54,2024-04,2024-04-30,2024-05-02,2024-05-05,,,,0,stage3,1,1,0,0
U009822,2024-05-07,Paid_Search,Desktop,East,35-44,2024-05,2024-05-07,,,,,,0,stage1,0,0,0,0
U009824,2024-06-01,Organic,Desktop,North,18-24,2024-06,2024-06-01,,,,,,0,stage1,0,0,0,0
U009827,2024-04-10,Referral,Mobile,South,25-34,2024-04,2024-04-10,,,,,,0,stage1,0,0,0,0
U009828,2024-04-04,Social,Mobile,North,25-34,2024-04,2024-04-04,,,,,,0,stage1,0,0,0,0
U009829,2024-06-05,Paid_Search,Mobile,North,25-34,2024-06,2024-06-05,2024-06-06,,,,,0,stage2,1,0,0,0
U009831,2024-06-03,Referral,Mobile,South,18-24,2024-06,2024-06-03,2024-06-03,2024-06-04,2024-06-06,,,0,stage4,1,1,1,0
U009832,2024-06-12,Social,Mobile,East,18-24,2024-06,2024-06-12,2024-06-14,,,,,0,stage2,1,0,0,0
U009836,2024-05-15,Email,Desktop,North,25-34,2024-05,2024-05-15,2024-05-16,2024-05-18,,,,0,stage3,1,1,0,0
U009838,2024-05-30,Social,Mobile,Central,35-44,2024-05,2024-05-30,2024-05-30,,,,,0,stage2,1,0,0,0
U009839,2024-04-14,Organic,Tablet,North,25-34,2024-04,2024-04-14,2024-04-14,2024-04-15,,,,0,stage3,1,1,0,0
U009842,2024-06-03,Referral,Desktop,West,35-44,2024-06,2024-06-03,2024-06-05,2024-06-06,2024-06-06,2024-06-08,2024-06-09,1,Converted,1,1,1,1
U009847,2024-05-17,Paid_Search,Mobile,North,25-34,2024-05,2024-05-17,,,,,,0,stage1,0,0,0,0
U009848,2024-04-14,Email,Mobile,North,35-44,2024-04,2024-04-14,,,,,,0,stage1,0,0,0,0
U009850,2024-04-03,Paid_Search,Mobile,West,45-54,2024-04,2024-04-03,2024-04-05,2024-04-06,,,,0,stage3,1,1,0,0
U009852,2024-04-19,Paid_Search,Desktop,West,35-44,2024-04,2024-04-19,,,,,,0,stage1,0,0,0,0
U009853,2024-04-21,Social,Mobile,North,55+,2024-04,2024-04-21,,,,,,0,stage1,0,0,0,0
U009855,2024-05-12,Referral,Desktop,East,55+,2024-05,2024-05-12,2024-05-14,,,,,0,stage2,1,0,0,0
U009858,2024-04-19,Referral,Tablet,South,35-44,2024-04,2024-04-19,2024-04-19,,,,,0,stage2,1,0,0,0
U009861,2024-05-13,Referral,Desktop,South,35-44,2024-05,2024-05-13,,,,,,0,stage1,0,0,0,0
U009863,2024-04-09,Referral,Mobile,East,45-54,2024-04,2024-04-09,,,,,,0,stage1,0,0,0,0
U009864,2024-04-11,Organic,Mobile,East,25-34,2024-04,2024-04-11,,,,,,0,stage1,0,0,0,0
U009865,2024-06-04,Paid_Search,Desktop,West,18-24,2024-06,2024-06-04,,,,,,0,stage1,0,0,0,0
U009873,2024-04-20,Social,Tablet,North,45-54,2024-04,2024-04-20,2024-04-22,2024-04-25,2024-04-25,,,0,stage4,1,1,1,0
U009874,2024-04-21,Email,Desktop,North,45-54,2024-04,2024-04-21,2024-04-23,2024-04-24,2024-04-25,2024-04-29,2024-04-30,1,Converted,1,1,1,1
U009875,2024-05-23,Social,Mobile,East,35-44,2024-05,2024-05-23,,,,,,0,stage1,0,0,0,0
U009876,2024-06-13,Organic,Desktop,South,25-34,2024-06,2024-06-13,2024-06-13,2024-06-16,2024-06-16,,,0,stage4,1,1,1,0
U009877,2024-05-14,Referral,Tablet,South,35-44,2024-05,2024-05-14,,,,,,0,stage1,0,0,0,0
U009881,2024-05-21,Organic,Desktop,West,55+,2024-05,2024-05-21,2024-05-21,2024-05-24,2024-05-25,2024-05-27,2024-05-28,1,Converted,1,1,1,1
U009883,2024-05-02,Organic,Desktop,South,18-24,2024-05,2024-05-02,2024-05-04,,,,,0,stage2,1,0,0,0
U009884,2024-05-20,Social,Mobile,South,18-24,2024-05,2024-05-20,,,,,,0,stage1,0,0,0,0
U009885,2024-05-15,Organic,Desktop,East,35-44,2024-05,2024-05-15,,,,,,0,stage1,0,0,0,0
U009888,2024-06-14,Social,Mobile,Central,25-34,2024-06,2024-06-14,2024-06-15,2024-06-18,2024-06-20,,,0,stage4,1,1,1,0
U009892,2024-05-09,Email,Mobile,South,25-34,2024-05,2024-05-09,2024-05-10,,,,,0,stage2,1,0,0,0
U009893,2024-05-24,Social,Mobile,Central,35-44,2024-05,2024-05-24,2024-05-26,,,,,0,stage2,1,0,0,0
U009894,2024-06-30,Organic,Mobile,South,18-24,2024-06,2024-06-30,,,,,,0,stage1,0,0,0,0
U009897,2024-04-25,Organic,Mobile,East,45-54,2024-04,2024-04-25,2024-04-26,,,,,0,stage2,1,0,0,0
U009898,2024-05-29,Referral,Desktop,Central,18-24,2024-05,2024-05-29,2024-05-29,,,,,0,stage2,1,0,0,0
U009899,2024-04-13,Social,Mobile,South,18-24,2024-04,2024-04-13,,,,,,0,stage1,0,0,0,0
U009900,2024-06-02,Social,Mobile,North,18-24,2024-06,2024-06-02,,,,,,0,stage1,0,0,0,0
U009901,2024-06-29,Email,Desktop,West,25-34,2024-06,2024-06-29,,,,,,0,stage1,0,0,0,0
U009902,2024-05-26,Social,Mobile,West,25-34,2024-05,2024-05-26,,,,,,0,stage1,0,0,0,0
U009903,2024-06-08,Email,Mobile,West,35-44,2024-06,2024-06-08,,,,,,0,stage1,0,0,0,0
U009904,2024-06-09,Organic,Desktop,North,25-34,2024-06,2024-06-09,2024-06-10,2024-06-13,,,,0,stage3,1,1,0,0
U009905,2024-05-26,Organic,Mobile,North,25-34,2024-05,2024-05-26,2024-05-27,,,,,0,stage2,1,0,0,0
U009906,2024-06-17,Referral,Desktop,West,35-44,2024-06,2024-06-17,,,,,,0,stage1,0,0,0,0
U009908,2024-06-13,Organic,Mobile,West,18-24,2024-06,2024-06-13,2024-06-15,,,,,0,stage2,1,0,0,0
U009909,2024-06-02,Paid_Search,Mobile,Central,55+,2024-06,2024-06-02,2024-06-04,2024-06-07,,,,0,stage3,1,1,0,0
U009910,2024-06-22,Organic,Desktop,South,35-44,2024-06,2024-06-22,2024-06-24,2024-06-26,2024-06-26,2024-06-29,2024-06-29,1,Converted,1,1,1,1
U009911,2024-05-17,Organic,Desktop,Central,45-54,2024-05,2024-05-17,2024-05-18,2024-05-21,2024-05-22,2024-05-24,2024-05-24,1,Converted,1,1,1,1
U009914,2024-05-08,Organic,Desktop,South,45-54,2024-05,2024-05-08,2024-05-09,2024-05-12,,,,0,stage3,1,1,0,0
U009915,2024-06-07,Social,Mobile,West,18-24,2024-06,2024-06-07,,,,,,0,stage1,0,0,0,0
U009919,2024-04-13,Paid_Search,Desktop,West,55+,2024-04,2024-04-13,2024-04-15,2024-04-18,2024-04-18,2024-04-22,2024-04-24,1,Converted,1,1,1,1
U009920,2024-06-28,Social,Mobile,Central,35-44,2024-06,2024-06-28,,,,,,0,stage1,0,0,0,0
U009922,2024-05-22,Organic,Mobile,North,25-34,2024-05,2024-05-22,,,,,,0,stage1,0,0,0,0
U009923,2024-05-01,Organic,Desktop,Central,45-54,2024-05,2024-05-01,2024-05-01,,,,,0,stage2,1,0,0,0
U009924,2024-04-11,Email,Mobile,North,45-54,2024-04,2024-04-11,2024-04-13,,,,,0,stage2,1,0,0,0
U009928,2024-05-23,Social,Desktop,South,55+,2024-05,2024-05-23,2024-05-25,2024-05-26,,,,0,stage3,1,1,0,0
U009929,2024-05-13,Social,Mobile,North,45-54,2024-05,2024-05-13,2024-05-15,2024-05-16,2024-05-17,,,0,stage4,1,1,1,0
U009930,2024-06-20,Referral,Desktop,North,45-54,2024-06,2024-06-20,,,,,,0,stage1,0,0,0,0
U009931,2024-06-18,Paid_Search,Mobile,Central,18-24,2024-06,2024-06-18,2024-06-20,,,,,0,stage2,1,0,0,0
U009932,2024-04-02,Social,Mobile,East,45-54,2024-04,2024-04-02,,,,,,0,stage1,0,0,0,0
U009933,2024-06-15,Paid_Search,Mobile,Central,45-54,2024-06,2024-06-15,2024-06-15,,,,,0,stage2,1,0,0,0
U009934,2024-05-13,Organic,Desktop,Central,18-24,2024-05,2024-05-13,2024-05-13,2024-05-16,,,,0,stage3,1,1,0,0
U009935,2024-05-23,Referral,Mobile,South,35-44,2024-05,2024-05-23,2024-05-23,,,,,0,stage2,1,0,0,0
U009938,2024-06-18,Organic,Mobile,North,35-44,2024-06,2024-06-18,,,,,,0,stage1,0,0,0,0
U009940,2024-05-24,Organic,Desktop,South,55+,2024-05,2024-05-24,2024-05-26,2024-05-28,,,,0,stage3,1,1,0,0
U009942,2024-05-20,Organic,Desktop,East,35-44,2024-05,2024-05-20,2024-05-20,,,,,0,stage2,1,0,0,0
U009943,2024-04-13,Social,Mobile,West,25-34,2024-04,2024-04-13,,,,,,0,stage1,0,0,0,0
U009944,2024-05-31,Organic,Mobile,East,35-44,2024-05,2024-05-31,2024-06-01,2024-06-04,,,,0,stage3,1,1,0,0
U009945,2024-06-22,Organic,Mobile,West,45-54,2024-06,2024-06-22,,,,,,0,stage1,0,0,0,0
U009948,2024-04-07,Social,Mobile,South,55+,2024-04,2024-04-07,2024-04-09,,,,,0,stage2,1,0,0,0
U009949,2024-04-06,Social,Desktop,North,25-34,2024-04,2024-04-06,2024-04-07,2024-04-09,2024-04-11,2024-04-12,2024-04-12,1,Converted,1,1,1,1
U009951,2024-05-23,Paid_Search,Desktop,East,35-44,2024-05,2024-05-23,2024-05-24,,,,,0,stage2,1,0,0,0
U009952,2024-04-19,Organic,Mobile,North,25-34,2024-04,2024-04-19,2024-04-19,,,,,0,stage2,1,0,0,0
U009953,2024-06-21,Referral,Mobile,West,18-24,2024-06,2024-06-21,2024-06-23,,,,,0,stage2,1,0,0,0
U009956,2024-05-15,Paid_Search,Mobile,North,25-34,2024-05,2024-05-15,2024-05-16,,,,,0,stage2,1,0,0,0
U009957,2024-05-26,Paid_Search,Mobile,East,35-44,2024-05,2024-05-26,,,,,,0,stage1,0,0,0,0
U009960,2024-04-12,Email,Desktop,Central,45-54,2024-04,2024-04-12,2024-04-14,,,,,0,stage2,1,0,0,0
U009964,2024-06-19,Referral,Mobile,North,25-34,2024-06,2024-06-19,2024-06-21,,,,,0,stage2,1,0,0,0
U009965,2024-04-21,Paid_Search,Desktop,North,35-44,2024-04,2024-04-21,2024-04-23,2024-04-25,2024-04-26,2024-04-27,2024-04-27,1,Converted,1,1,1,1
U009967,2024-05-08,Paid_Search,Desktop,West,18-24,2024-05,2024-05-08,,,,,,0,stage1,0,0,0,0
U009974,2024-06-14,Social,Desktop,West,35-44,2024-06,2024-06-14,2024-06-15,2024-06-16,2024-06-17,,,0,stage4,1,1,1,0
U009975,2024-06-10,Email,Mobile,West,35-44,2024-06,2024-06-10,,,,,,0,stage1,0,0,0,0
U009976,2024-06-04,Social,Desktop,North,25-34,2024-06,2024-06-04,2024-06-04,,,,,0,stage2,1,0,0,0
U009980,2024-06-10,Paid_Search,Mobile,North,35-44,2024-06,2024-06-10,,,,,,0,stage1,0,0,0,0
U009981,2024-05-13,Email,Tablet,East,35-44,2024-05,2024-05-13,2024-05-13,2024-05-16,2024-05-17,2024-05-21,2024-05-23,1,Converted,1,1,1,1
U009983,2024-04-04,Referral,Mobile,West,45-54,2024-04,2024-04-04,,,,,,0,stage1,0,0,0,0
U009985,2024-06-12,Organic,Desktop,North,35-44,2024-06,2024-06-12,,,,,,0,stage1,0,0,0,0
U009988,2024-04-22,Paid_Search,Mobile,North,35-44,2024-04,2024-04-22,2024-04-23,2024-04-26,2024-04-27,2024-05-01,2024-05-01,1,Converted,1,1,1,1
U009990,2024-04-24,Referral,Mobile,South,45-54,2024-04,2024-04-24,,,,,,0,stage1,0,0,0,0
U009992,2024-04-13,Email,Desktop,West,25-34,2024-04,2024-04-13,2024-04-14,,,,,0,stage2,1,0,0,0
U009993,2024-06-20,Paid_Search,Mobile,South,55+,2024-06,2024-06-20,,,,,,0,stage1,0,0,0,0
U009996,2024-05-22,Organic,Desktop,East,45-54,2024-05,2024-05-22,,,,,,0,stage1,0,0,0,0
U009998,2024-05-05,Organic,Mobile,Central,55+,2024-05,2024-05-05,2024-05-07,,,,,0,stage2,1,0,0,0
U009999,2024-06-09,Paid_Search,Mobile,North,35-44,2024-06,2024-06-09,2024-06-10,2024-06-12,2024-06-12,2024-06-14,2024-06-16,1,Converted,1,1,1,1
U010000,2024-06-28,Email,Tablet,North,18-24,2024-06,2024-06-28,,,,,,0,stage1,0,0,0,0
U010001,2024-06-03,Organic,Tablet,South,35-44,2024-06,2024-06-03,,,,,,0,stage1,0,0,0,0
U010004,2024-05-14,Organic,Mobile,South,18-24,2024-05,2024-05-14,2024-05-16,2024-05-19,,,,0,stage3,1,1,0,0
U010007,2024-04-26,Social,Mobile,West,18-24,2024-04,2024-04-26,2024-04-26,2024-04-27,,,,0,stage3,1,1,0,0
U010012,2024-05-19,Referral,Desktop,Central,18-24,2024-05,2024-05-19,2024-05-19,2024-05-21,2024-05-21,,,0,stage4,1,1,1,0
U010015,2024-04-07,Organic,Mobile,North,55+,2024-04,2024-04-07,2024-04-07,2024-04-08,2024-04-09,2024-04-11,2024-04-13,1,Converted,1,1,1,1
U010016,2024-06-20,Organic,Desktop,North,25-34,2024-06,2024-06-20,2024-06-21,,,,,0,stage2,1,0,0,0
U010018,2024-04-29,Referral,Mobile,Central,18-24,2024-04,2024-04-29,2024-04-30,2024-05-03,,,,0,stage3,1,1,0,0
U010019,2024-05-26,Referral,Mobile,South,18-24,2024-05,2024-05-26,2024-05-27,,,,,0,stage2,1,0,0,0
U010020,2024-04-06,Social,Mobile,North,25-34,2024-04,2024-04-06,2024-04-06,,,,,0,stage2,1,0,0,0
U010027,2024-05-10,Paid_Search,Mobile,Central,25-34,2024-05,2024-05-10,,,,,,0,stage1,0,0,0,0
U010032,2024-04-25,Organic,Desktop,South,35-44,2024-04,2024-04-25,2024-04-25,2024-04-28,,,,0,stage3,1,1,0,0
U010035,2024-04-30,Paid_Search,Mobile,Central,25-34,2024-04,2024-04-30,2024-05-02,2024-05-03,2024-05-03,,,0,stage4,1,1,1,0
U010036,2024-04-28,Paid_Search,Mobile,North,45-54,2024-04,2024-04-28,,,,,,0,stage1,0,0,0,0
U010037,2024-05-07,Social,Mobile,East,18-24,2024-05,2024-05-07,2024-05-09,2024-05-12,,,,0,stage3,1,1,0,0
U010040,2024-06-12,Referral,Desktop,South,25-34,2024-06,2024-06-12,2024-06-12,2024-06-14,,,,0,stage3,1,1,0,0
U010041,2024-05-30,Paid_Search,Tablet,South,18-24,2024-05,2024-05-30,2024-06-01,2024-06-02,,,,0,stage3,1,1,0,0
U010044,2024-04-17,Social,Desktop,East,18-24,2024-04,2024-04-17,2024-04-17,2024-04-20,2024-04-22,,,0,stage4,1,1,1,0
U010046,2024-05-05,Social,Mobile,West,25-34,2024-05,2024-05-05,,,,,,0,stage1,0,0,0,0
U010047,2024-06-24,Organic,Mobile,East,35-44,2024-06,2024-06-24,2024-06-26,,,,,0,stage2,1,0,0,0
U010048,2024-04-22,Organic,Desktop,North,25-34,2024-04,2024-04-22,2024-04-22,2024-04-24,2024-04-24,,,0,stage4,1,1,1,0
U010049,2024-05-18,Organic,Mobile,West,25-34,2024-05,2024-05-18,2024-05-18,2024-05-19,2024-05-21,,,0,stage4,1,1,1,0
U010051,2024-04-14,Organic,Mobile,North,35-44,2024-04,2024-04-14,2024-04-14,,,,,0,stage2,1,0,0,0
U010053,2024-04-25,Paid_Search,Desktop,East,45-54,2024-04,2024-04-25,,,,,,0,stage1,0,0,0,0
U010055,2024-06-28,Organic,Mobile,East,18-24,2024-06,2024-06-28,,,,,,0,stage1,0,0,0,0
U010056,2024-05-30,Paid_Search,Desktop,Central,35-44,2024-05,2024-05-30,,,,,,0,stage1,0,0,0,0
U010057,2024-05-19,Organic,Mobile,East,35-44,2024-05,2024-05-19,2024-05-21,,,,,0,stage2,1,0,0,0
U010058,2024-06-11,Organic,Mobile,East,35-44,2024-06,2024-06-11,,,,,,0,stage1,0,0,0,0
U010059,2024-04-19,Referral,Desktop,North,18-24,2024-04,2024-04-19,2024-04-20,2024-04-23,,,,0,stage3,1,1,0,0
U010061,2024-06-28,Social,Desktop,South,25-34,2024-06,2024-06-28,2024-06-28,2024-06-30,2024-07-01,2024-07-03,,0,stage5,1,1,1,1
U010062,2024-04-13,Paid_Search,Desktop,Central,25-34,2024-04,2024-04-13,2024-04-15,2024-04-16,,,,0,stage3,1,1,0,0
U010065,2024-05-18,Referral,Mobile,Central,35-44,2024-05,2024-05-18,2024-05-18,2024-05-19,2024-05-21,,,0,stage4,1,1,1,0
U010069,2024-06-10,Referral,Mobile,East,55+,2024-06,2024-06-10,2024-06-11,,,,,0,stage2,1,0,0,0
U010071,2024-06-21,Paid_Search,Desktop,West,18-24,2024-06,2024-06-21,2024-06-21,2024-06-22,2024-06-23,,,0,stage4,1,1,1,0
U010072,2024-06-22,Organic,Desktop,North,18-24,2024-06,2024-06-22,2024-06-24,2024-06-26,2024-06-26,2024-06-29,,0,stage5,1,1,1,1
U010073,2024-05-18,Email,Mobile,East,55+,2024-05,2024-05-18,,,,,,0,stage1,0,0,0,0
U010074,2024-04-24,Organic,Desktop,South,25-34,2024-04,2024-04-24,2024-04-24,,,,,0,stage2,1,0,0,0
U010075,2024-06-24,Organic,Mobile,Central,45-54,2024-06,2024-06-24,2024-06-25,,,,,0,stage2,1,0,0,0
U010076,2024-04-13,Referral,Mobile,South,25-34,2024-04,2024-04-13,,,,,,0,stage1,0,0,0,0
U010077,2024-05-25,Social,Mobile,South,45-54,2024-05,2024-05-25,,,,,,0,stage1,0,0,0,0
U010080,2024-06-15,Organic,Mobile,East,35-44,2024-06,2024-06-15,,,,,,0,stage1,0,0,0,0
U010082,2024-05-26,Organic,Mobile,Central,35-44,2024-05,2024-05-26,,,,,,0,stage1,0,0,0,0
U010085,2024-05-22,Paid_Search,Mobile,South,35-44,2024-05,2024-05-22,,,,,,0,stage1,0,0,0,0
U010086,2024-05-31,Paid_Search,Mobile,East,18-24,2024-05,2024-05-31,,,,,,0,stage1,0,0,0,0
U010087,2024-05-16,Paid_Search,Desktop,Central,18-24,2024-05,2024-05-16,,,,,,0,stage1,0,0,0,0
U010088,2024-06-23,Email,Desktop,Central,18-24,2024-06,2024-06-23,,,,,,0,stage1,0,0,0,0
U010090,2024-06-08,Referral,Desktop,East,55+,2024-06,2024-06-08,2024-06-10,2024-06-13,,,,0,stage3,1,1,0,0
U010092,2024-05-19,Referral,Desktop,Central,25-34,2024-05,2024-05-19,2024-05-19,2024-05-20,2024-05-20,2024-05-21,2024-05-22,1,Converted,1,1,1,1
U010095,2024-06-18,Paid_Search,Mobile,South,55+,2024-06,2024-06-18,2024-06-20,2024-06-22,,,,0,stage3,1,1,0,0
U010096,2024-06-02,Social,Mobile,East,45-54,2024-06,2024-06-02,2024-06-04,,,,,0,stage2,1,0,0,0
U010097,2024-06-26,Referral,Mobile,Central,18-24,2024-06,2024-06-26,,,,,,0,stage1,0,0,0,0
U010102,2024-06-04,Referral,Mobile,South,25-34,2024-06,2024-06-04,2024-06-05,2024-06-08,2024-06-10,2024-06-11,,0,stage5,1,1,1,1
U010103,2024-06-14,Referral,Mobile,South,45-54,2024-06,2024-06-14,,,,,,0,stage1,0,0,0,0
U010106,2024-05-19,Paid_Search,Mobile,North,35-44,2024-05,2024-05-19,,,,,,0,stage1,0,0,0,0
U010107,2024-05-09,Organic,Mobile,North,25-34,2024-05,2024-05-09,,,,,,0,stage1,0,0,0,0
U010108,2024-04-27,Organic,Mobile,East,35-44,2024-04,2024-04-27,2024-04-27,,,,,0,stage2,1,0,0,0
U010109,2024-06-26,Organic,Mobile,North,25-34,2024-06,2024-06-26,2024-06-28,2024-06-30,2024-06-30,2024-07-03,2024-07-03,1,Converted,1,1,1,1
U010111,2024-04-12,Paid_Search,Desktop,West,35-44,2024-04,2024-04-12,2024-04-13,,,,,0,stage2,1,0,0,0
U010112,2024-04-09,Referral,Mobile,Central,55+,2024-04,2024-04-09,2024-04-10,,,,,0,stage2,1,0,0,0
U010114,2024-05-18,Referral,Mobile,West,35-44,2024-05,2024-05-18,2024-05-20,2024-05-21,,,,0,stage3,1,1,0,0
U010116,2024-06-06,Referral,Desktop,North,18-24,2024-06,2024-06-06,2024-06-07,2024-06-09,2024-06-10,,,0,stage4,1,1,1,0
U010118,2024-06-09,Organic,Tablet,East,35-44,2024-06,2024-06-09,2024-06-11,,,,,0,stage2,1,0,0,0
U010119,2024-04-28,Referral,Desktop,Central,45-54,2024-04,2024-04-28,2024-04-29,2024-05-02,2024-05-04,2024-05-08,,0,stage5,1,1,1,1
U010120,2024-04-08,Paid_Search,Mobile,North,55+,2024-04,2024-04-08,,,,,,0,stage1,0,0,0,0
U010121,2024-05-18,Referral,Desktop,West,35-44,2024-05,2024-05-18,2024-05-18,,,,,0,stage2,1,0,0,0
U010122,2024-06-08,Referral,Desktop,East,55+,2024-06,2024-06-08,2024-06-10,2024-06-12,,,,0,stage3,1,1,0,0
U010123,2024-05-09,Paid_Search,Mobile,East,35-44,2024-05,2024-05-09,2024-05-10,,,,,0,stage2,1,0,0,0
U010127,2024-05-16,Paid_Search,Mobile,East,45-54,2024-05,2024-05-16,2024-05-17,2024-05-20,2024-05-22,2024-05-23,,0,stage5,1,1,1,1
U010128,2024-04-12,Referral,Mobile,West,18-24,2024-04,2024-04-12,,,,,,0,stage1,0,0,0,0
U010129,2024-06-13,Email,Desktop,Central,18-24,2024-06,2024-06-13,2024-06-13,2024-06-16,,,,0,stage3,1,1,0,0
U010130,2024-06-09,Paid_Search,Mobile,North,45-54,2024-06,2024-06-09,2024-06-09,2024-06-11,2024-06-11,2024-06-14,2024-06-14,1,Converted,1,1,1,1
U010131,2024-06-18,Paid_Search,Mobile,East,35-44,2024-06,2024-06-18,,,,,,0,stage1,0,0,0,0
U010132,2024-04-02,Organic,Mobile,South,35-44,2024-04,2024-04-02,2024-04-03,,,,,0,stage2,1,0,0,0
U010133,2024-04-07,Referral,Desktop,South,25-34,2024-04,2024-04-07,,,,,,0,stage1,0,0,0,0
U010134,2024-06-07,Organic,Mobile,North,35-44,2024-06,2024-06-07,,,,,,0,stage1,0,0,0,0
U010136,2024-04-26,Organic,Mobile,Central,25-34,2024-04,2024-04-26,,,,,,0,stage1,0,0,0,0
U010137,2024-05-25,Paid_Search,Desktop,West,25-34,2024-05,2024-05-25,2024-05-25,2024-05-26,2024-05-28,,,0,stage4,1,1,1,0
U010140,2024-05-18,Organic,Mobile,North,35-44,2024-05,2024-05-18,2024-05-18,,,,,0,stage2,1,0,0,0
U010144,2024-05-14,Referral,Tablet,Central,45-54,2024-05,2024-05-14,2024-05-15,2024-05-17,2024-05-19,2024-05-23,,0,stage5,1,1,1,1
U010146,2024-06-05,Paid_Search,Tablet,North,18-24,2024-06,2024-06-05,2024-06-06,,,,,0,stage2,1,0,0,0
U010148,2024-05-16,Paid_Search,Desktop,West,25-34,2024-05,2024-05-16,,,,,,0,stage1,0,0,0,0
U010149,2024-05-27,Email,Desktop,East,25-34,2024-05,2024-05-27,2024-05-28,2024-05-30,2024-05-30,2024-06-01,2024-06-03,1,Converted,1,1,1,1
U010150,2024-05-26,Referral,Mobile,West,25-34,2024-05,2024-05-26,2024-05-26,2024-05-28,2024-05-29,,,0,stage4,1,1,1,0
U010152,2024-05-16,Organic,Mobile,North,45-54,2024-05,2024-05-16,2024-05-17,2024-05-20,,,,0,stage3,1,1,0,0
U010153,2024-05-03,Paid_Search,Mobile,South,35-44,2024-05,2024-05-03,2024-05-03,2024-05-05,,,,0,stage3,1,1,0,0
U010154,2024-04-09,Email,Mobile,South,55+,2024-04,2024-04-09,2024-04-09,2024-04-12,,,,0,stage3,1,1,0,0
U010156,2024-05-15,Organic,Desktop,West,18-24,2024-05,2024-05-15,2024-05-17,,,,,0,stage2,1,0,0,0
U010157,2024-06-24,Paid_Search,Desktop,South,18-24,2024-06,2024-06-24,,,,,,0,stage1,0,0,0,0
U010158,2024-04-04,Referral,Tablet,South,25-34,2024-04,2024-04-04,2024-04-04,,,,,0,stage2,1,0,0,0
U010161,2024-06-30,Organic,Mobile,South,35-44,2024-06,2024-06-30,2024-07-01,,,,,0,stage2,1,0,0,0
U010162,2024-04-04,Organic,Desktop,South,35-44,2024-04,2024-04-04,2024-04-05,2024-04-06,,,,0,stage3,1,1,0,0
U010163,2024-06-14,Social,Mobile,East,18-24,2024-06,2024-06-14,2024-06-15,2024-06-18,2024-06-19,,,0,stage4,1,1,1,0
U010164,2024-04-08,Organic,Mobile,East,35-44,2024-04,2024-04-08,2024-04-10,,,,,0,stage2,1,0,0,0
U010166,2024-06-05,Referral,Desktop,West,25-34,2024-06,2024-06-05,2024-06-06,,,,,0,stage2,1,0,0,0
U010167,2024-05-04,Paid_Search,Mobile,Central,25-34,2024-05,2024-05-04,2024-05-06,,,,,0,stage2,1,0,0,0
U010171,2024-05-11,Organic,Desktop,Central,45-54,2024-05,2024-05-11,2024-05-13,,,,,0,stage2,1,0,0,0
U010174,2024-05-03,Referral,Mobile,South,35-44,2024-05,2024-05-03,2024-05-03,,,,,0,stage2,1,0,0,0
U010176,2024-06-29,Referral,Mobile,East,35-44,2024-06,2024-06-29,2024-06-30,,,,,0,stage2,1,0,0,0
U010177,2024-05-28,Email,Tablet,Central,35-44,2024-05,2024-05-28,2024-05-28,,,,,0,stage2,1,0,0,0
U010188,2024-04-03,Organic,Mobile,West,25-34,2024-04,2024-04-03,2024-04-05,2024-04-06,,,,0,stage3,1,1,0,0
U010189,2024-04-17,Paid_Search,Mobile,West,35-44,2024-04,2024-04-17,2024-04-18,2024-04-21,2024-04-23,,,0,stage4,1,1,1,0
U010192,2024-04-24,Organic,Mobile,North,18-24,2024-04,2024-04-24,,,,,,0,stage1,0,0,0,0
U010195,2024-06-07,Paid_Search,Mobile,South,45-54,2024-06,2024-06-07,2024-06-08,,,,,0,stage2,1,0,0,0
U010199,2024-04-26,Organic,Mobile,North,35-44,2024-04,2024-04-26,2024-04-27,,,,,0,stage2,1,0,0,0
U010200,2024-06-06,Organic,Mobile,North,35-44,2024-06,2024-06-06,2024-06-08,,,,,0,stage2,1,0,0,0
U010202,2024-05-14,Organic,Desktop,South,45-54,2024-05,2024-05-14,,,,,,0,stage1,0,0,0,0
U010203,2024-05-01,Email,Mobile,West,18-24,2024-05,2024-05-01,2024-05-03,,,,,0,stage2,1,0,0,0
U010206,2024-05-02,Organic,Desktop,West,18-24,2024-05,2024-05-02,2024-05-02,2024-05-04,2024-05-05,2024-05-07,2024-05-07,1,Converted,1,1,1,1
U010207,2024-05-11,Organic,Desktop,Central,25-34,2024-05,2024-05-11,2024-05-13,2024-05-16,2024-05-17,,,0,stage4,1,1,1,0
U010208,2024-04-12,Organic,Desktop,East,18-24,2024-04,2024-04-12,2024-04-12,,,,,0,stage2,1,0,0,0
U010211,2024-05-22,Organic,Mobile,East,18-24,2024-05,2024-05-22,2024-05-23,2024-05-25,2024-05-25,2024-05-28,,0,stage5,1,1,1,1
U010212,2024-05-29,Paid_Search,Mobile,North,18-24,2024-05,2024-05-29,2024-05-31,,,,,0,stage2,1,0,0,0
U010213,2024-04-16,Social,Mobile,South,35-44,2024-04,2024-04-16,2024-04-17,2024-04-20,,,,0,stage3,1,1,0,0
U010214,2024-04-23,Paid_Search,Mobile,West,45-54,2024-04,2024-04-23,,,,,,0,stage1,0,0,0,0
U010218,2024-06-29,Referral,Desktop,Central,45-54,2024-06,2024-06-29,2024-06-30,2024-07-03,,,,0,stage3,1,1,0,0
U010221,2024-05-18,Referral,Mobile,East,18-24,2024-05,2024-05-18,2024-05-20,,,,,0,stage2,1,0,0,0
U010223,2024-05-30,Paid_Search,Desktop,West,45-54,2024-05,2024-05-30,2024-05-31,2024-06-02,,,,0,stage3,1,1,0,0
U010225,2024-06-06,Referral,Mobile,Central,35-44,2024-06,2024-06-06,2024-06-07,2024-06-08,2024-06-10,2024-06-12,,0,stage5,1,1,1,1
U010227,2024-06-06,Paid_Search,Desktop,East,18-24,2024-06,2024-06-06,,,,,,0,stage1,0,0,0,0
U010235,2024-06-12,Organic,Desktop,West,18-24,2024-06,2024-06-12,2024-06-12,,,,,0,stage2,1,0,0,0
U010236,2024-05-30,Social,Desktop,North,18-24,2024-05,2024-05-30,2024-06-01,,,,,0,stage2,1,0,0,0
U010245,2024-06-11,Organic,Mobile,South,18-24,2024-06,2024-06-11,2024-06-13,,,,,0,stage2,1,0,0,0
U010246,2024-04-18,Organic,Desktop,South,18-24,2024-04,2024-04-18,2024-04-20,2024-04-23,2024-04-23,2024-04-24,,0,stage5,1,1,1,1
U010248,2024-05-14,Organic,Mobile,West,25-34,2024-05,2024-05-14,2024-05-16,2024-05-18,2024-05-19,,,0,stage4,1,1,1,0
U010249,2024-05-30,Paid_Search,Desktop,North,25-34,2024-05,2024-05-30,2024-06-01,2024-06-04,2024-06-05,2024-06-07,2024-06-08,1,Converted,1,1,1,1
U010250,2024-06-25,Organic,Desktop,East,35-44,2024-06,2024-06-25,,,,,,0,stage1,0,0,0,0
U010252,2024-06-12,Organic,Mobile,South,25-34,2024-06,2024-06-12,2024-06-13,,,,,0,stage2,1,0,0,0
U010256,2024-04-03,Organic,Desktop,Central,45-54,2024-04,2024-04-03,2024-04-05,,,,,0,stage2,1,0,0,0
U010257,2024-06-29,Email,Desktop,North,45-54,2024-06,2024-06-29,2024-06-29,2024-07-01,2024-07-02,2024-07-04,2024-07-04,1,Converted,1,1,1,1
U010258,2024-05-14,Paid_Search,Desktop,Central,35-44,2024-05,2024-05-14,,,,,,0,stage1,0,0,0,0
U010260,2024-05-19,Paid_Search,Mobile,Central,35-44,2024-05,2024-05-19,,,,,,0,stage1,0,0,0,0
U010265,2024-06-09,Organic,Desktop,South,25-34,2024-06,2024-06-09,,,,,,0,stage1,0,0,0,0
U010271,2024-04-16,Organic,Desktop,South,45-54,2024-04,2024-04-16,2024-04-17,2024-04-19,2024-04-19,2024-04-21,2024-04-23,1,Converted,1,1,1,1
U010272,2024-05-21,Referral,Desktop,South,35-44,2024-05,2024-05-21,2024-05-22,2024-05-24,2024-05-24,,,0,stage4,1,1,1,0
U010273,2024-05-16,Paid_Search,Mobile,Central,25-34,2024-05,2024-05-16,,,,,,0,stage1,0,0,0,0
U010275,2024-04-13,Email,Mobile,East,25-34,2024-04,2024-04-13,,,,,,0,stage1,0,0,0,0
U010276,2024-05-12,Email,Mobile,West,35-44,2024-05,2024-05-12,2024-05-14,2024-05-15,2024-05-17,,,0,stage4,1,1,1,0
U010277,2024-04-26,Organic,Desktop,Central,18-24,2024-04,2024-04-26,2024-04-26,2024-04-27,,,,0,stage3,1,1,0,0
U010279,2024-04-28,Organic,Tablet,West,25-34,2024-04,2024-04-28,2024-04-29,2024-05-01,2024-05-03,2024-05-06,,0,stage5,1,1,1,1
U010280,2024-05-23,Paid_Search,Mobile,South,18-24,2024-05,2024-05-23,,,,,,0,stage1,0,0,0,0
U010281,2024-06-09,Organic,Mobile,West,35-44,2024-06,2024-06-09,2024-06-10,,,,,0,stage2,1,0,0,0
U010282,2024-05-03,Referral,Mobile,Central,18-24,2024-05,2024-05-03,2024-05-03,,,,,0,stage2,1,0,0,0
U010283,2024-04-07,Email,Mobile,North,35-44,2024-04,2024-04-07,,,,,,0,stage1,0,0,0,0
U010285,2024-05-26,Paid_Search,Mobile,East,25-34,2024-05,2024-05-26,2024-05-26,2024-05-28,2024-05-28,,,0,stage4,1,1,1,0
U010286,2024-06-07,Paid_Search,Tablet,West,25-34,2024-06,2024-06-07,2024-06-07,,,,,0,stage2,1,0,0,0
U010287,2024-05-10,Paid_Search,Desktop,North,18-24,2024-05,2024-05-10,2024-05-12,,,,,0,stage2,1,0,0,0
U010288,2024-04-26,Social,Mobile,East,18-24,2024-04,2024-04-26,,,,,,0,stage1,0,0,0,0
U010289,2024-04-07,Organic,Desktop,East,18-24,2024-04,2024-04-07,2024-04-09,2024-04-12,2024-04-12,2024-04-13,2024-04-14,1,Converted,1,1,1,1
U010291,2024-05-20,Email,Mobile,Central,25-34,2024-05,2024-05-20,2024-05-20,,,,,0,stage2,1,0,0,0
U010292,2024-04-22,Organic,Desktop,Central,18-24,2024-04,2024-04-22,2024-04-22,,,,,0,stage2,1,0,0,0
U010293,2024-06-14,Social,Desktop,Central,18-24,2024-06,2024-06-14,2024-06-15,,,,,0,stage2,1,0,0,0
U010296,2024-04-27,Email,Desktop,North,18-24,2024-04,2024-04-27,2024-04-29,,,,,0,stage2,1,0,0,0
U010300,2024-05-24,Organic,Desktop,Central,35-44,2024-05,2024-05-24,2024-05-26,2024-05-29,,,,0,stage3,1,1,0,0
U010305,2024-06-06,Referral,Mobile,Central,45-54,2024-06,2024-06-06,2024-06-06,2024-06-09,2024-06-10,,,0,stage4,1,1,1,0
U010308,2024-04-19,Social,Desktop,North,25-34,2024-04,2024-04-19,2024-04-20,,,,,0,stage2,1,0,0,0
U010309,2024-06-17,Paid_Search,Mobile,South,55+,2024-06,2024-06-17,2024-06-19,2024-06-20,2024-06-22,2024-06-25,,0,stage5,1,1,1,1
U010314,2024-05-18,Organic,Desktop,North,25-34,2024-05,2024-05-18,2024-05-18,2024-05-20,,,,0,stage3,1,1,0,0
U010315,2024-05-22,Paid_Search,Tablet,North,18-24,2024-05,2024-05-22,2024-05-23,2024-05-25,,,,0,stage3,1,1,0,0
U010316,2024-04-16,Paid_Search,Mobile,Central,18-24,2024-04,2024-04-16,2024-04-16,2024-04-18,,,,0,stage3,1,1,0,0
U010317,2024-06-14,Organic,Mobile,East,55+,2024-06,2024-06-14,,,,,,0,stage1,0,0,0,0
U010318,2024-04-28,Organic,Mobile,West,35-44,2024-04,2024-04-28,2024-04-30,2024-05-03,2024-05-04,2024-05-06,2024-05-06,1,Converted,1,1,1,1
U010319,2024-04-10,Referral,Mobile,West,25-34,2024-04,2024-04-10,2024-04-11,,,,,0,stage2,1,0,0,0
U010321,2024-05-26,Organic,Desktop,South,35-44,2024-05,2024-05-26,2024-05-27,,,,,0,stage2,1,0,0,0
U010323,2024-05-27,Organic,Desktop,South,45-54,2024-05,2024-05-27,2024-05-28,2024-05-31,2024-06-02,2024-06-03,,0,stage5,1,1,1,1
U010325,2024-04-24,Organic,Desktop,South,18-24,2024-04,2024-04-24,2024-04-26,,,,,0,stage2,1,0,0,0
U010326,2024-05-29,Social,Mobile,Central,18-24,2024-05,2024-05-29,2024-05-30,,,,,0,stage2,1,0,0,0
U010328,2024-04-22,Referral,Mobile,East,35-44,2024-04,2024-04-22,2024-04-22,,,,,0,stage2,1,0,0,0
U010332,2024-06-01,Referral,Desktop,North,55+,2024-06,2024-06-01,2024-06-02,2024-06-05,,,,0,stage3,1,1,0,0
U010333,2024-05-07,Organic,Mobile,West,25-34,2024-05,2024-05-07,,,,,,0,stage1,0,0,0,0
U010336,2024-05-28,Referral,Desktop,South,25-34,2024-05,2024-05-28,2024-05-30,2024-06-02,2024-06-02,2024-06-04,2024-06-04,1,Converted,1,1,1,1
U010338,2024-06-21,Organic,Desktop,West,18-24,2024-06,2024-06-21,2024-06-21,2024-06-22,2024-06-23,,,0,stage4,1,1,1,0
U010339,2024-04-11,Social,Mobile,West,18-24,2024-04,2024-04-11,2024-04-13,2024-04-16,2024-04-16,2024-04-18,,0,stage5,1,1,1,1
U010343,2024-05-05,Email,Mobile,East,18-24,2024-05,2024-05-05,,,,,,0,stage1,0,0,0,0
U010344,2024-06-04,Organic,Mobile,West,45-54,2024-06,2024-06-04,2024-06-06,,,,,0,stage2,1,0,0,0
U010345,2024-04-29,Email,Desktop,West,55+,2024-04,2024-04-29,,,,,,0,stage1,0,0,0,0
U010346,2024-05-12,Referral,Desktop,West,35-44,2024-05,2024-05-12,2024-05-14,2024-05-17,2024-05-19,2024-05-23,2024-05-24,1,Converted,1,1,1,1
U010347,2024-06-24,Social,Tablet,East,18-24,2024-06,2024-06-24,,,,,,0,stage1,0,0,0,0
U010349,2024-05-11,Paid_Search,Mobile,Central,55+,2024-05,2024-05-11,2024-05-12,,,,,0,stage2,1,0,0,0
U010351,2024-06-12,Organic,Desktop,North,25-34,2024-06,2024-06-12,2024-06-14,,,,,0,stage2,1,0,0,0
U010352,2024-04-10,Referral,Mobile,Central,35-44,2024-04,2024-04-10,2024-04-10,2024-04-11,,,,0,stage3,1,1,0,0
U010356,2024-04-09,Organic,Tablet,North,25-34,2024-04,2024-04-09,2024-04-11,,,,,0,stage2,1,0,0,0
U010358,2024-05-26,Paid_Search,Desktop,West,35-44,2024-05,2024-05-26,2024-05-28,,,,,0,stage2,1,0,0,0
U010361,2024-04-27,Paid_Search,Mobile,Central,35-44,2024-04,2024-04-27,2024-04-27,2024-04-29,,,,0,stage3,1,1,0,0
U010364,2024-05-26,Paid_Search,Mobile,South,35-44,2024-05,2024-05-26,2024-05-26,,,,,0,stage2,1,0,0,0
U010368,2024-05-02,Paid_Search,Mobile,East,45-54,2024-05,2024-05-02,2024-05-03,,,,,0,stage2,1,0,0,0
U010369,2024-06-16,Referral,Tablet,West,35-44,2024-06,2024-06-16,,,,,,0,stage1,0,0,0,0
U010370,2024-05-10,Email,Desktop,North,35-44,2024-05,2024-05-10,,,,,,0,stage1,0,0,0,0
U010373,2024-04-16,Email,Desktop,West,25-34,2024-04,2024-04-16,2024-04-17,,,,,0,stage2,1,0,0,0
U010375,2024-05-31,Paid_Search,Desktop,East,25-34,2024-05,2024-05-31,2024-06-01,,,,,0,stage2,1,0,0,0
U010381,2024-06-24,Paid_Search,Mobile,South,18-24,2024-06,2024-06-24,2024-06-26,2024-06-28,2024-06-29,2024-07-03,2024-07-05,1,Converted,1,1,1,1
U010389,2024-06-18,Organic,Desktop,West,25-34,2024-06,2024-06-18,2024-06-20,,,,,0,stage2,1,0,0,0
U010390,2024-05-15,Paid_Search,Mobile,Central,55+,2024-05,2024-05-15,2024-05-16,,,,,0,stage2,1,0,0,0
U010394,2024-05-26,Referral,Desktop,West,18-24,2024-05,2024-05-26,,,,,,0,stage1,0,0,0,0
U010396,2024-04-07,Paid_Search,Desktop,Central,55+,2024-04,2024-04-07,2024-04-08,2024-04-09,,,,0,stage3,1,1,0,0
U010397,2024-05-17,Organic,Desktop,East,35-44,2024-05,2024-05-17,2024-05-17,,,,,0,stage2,1,0,0,0
U010398,2024-06-18,Organic,Desktop,South,25-34,2024-06,2024-06-18,2024-06-18,2024-06-20,,,,0,stage3,1,1,0,0
U010399,2024-06-15,Social,Mobile,West,25-34,2024-06,2024-06-15,,,,,,0,stage1,0,0,0,0
U010400,2024-06-19,Social,Mobile,North,25-34,2024-06,2024-06-19,2024-06-20,,,,,0,stage2,1,0,0,0
U010401,2024-05-13,Organic,Mobile,East,45-54,2024-05,2024-05-13,2024-05-13,2024-05-14,2024-05-15,2024-05-17,2024-05-17,1,Converted,1,1,1,1
U010404,2024-06-23,Referral,Desktop,East,35-44,2024-06,2024-06-23,,,,,,0,stage1,0,0,0,0
U010405,2024-04-11,Email,Mobile,South,35-44,2024-04,2024-04-11,2024-04-13,2024-04-16,2024-04-16,,,0,stage4,1,1,1,0
U010407,2024-06-19,Email,Mobile,West,35-44,2024-06,2024-06-19,2024-06-20,2024-06-21,,,,0,stage3,1,1,0,0
U010410,2024-06-28,Organic,Mobile,South,55+,2024-06,2024-06-28,2024-06-29,2024-07-01,,,,0,stage3,1,1,0,0
U010411,2024-04-07,Social,Desktop,North,25-34,2024-04,2024-04-07,2024-04-07,,,,,0,stage2,1,0,0,0
U010412,2024-06-16,Organic,Mobile,South,55+,2024-06,2024-06-16,,,,,,0,stage1,0,0,0,0
U010415,2024-06-19,Referral,Mobile,Central,55+,2024-06,2024-06-19,,,,,,0,stage1,0,0,0,0
U010416,2024-05-25,Organic,Mobile,Central,25-34,2024-05,2024-05-25,,,,,,0,stage1,0,0,0,0
U010417,2024-06-01,Referral,Desktop,North,25-34,2024-06,2024-06-01,,,,,,0,stage1,0,0,0,0
U010419,2024-06-26,Organic,Mobile,Central,35-44,2024-06,2024-06-26,,,,,,0,stage1,0,0,0,0
U010420,2024-05-29,Paid_Search,Desktop,South,18-24,2024-05,2024-05-29,,,,,,0,stage1,0,0,0,0
U010421,2024-05-07,Organic,Mobile,Central,45-54,2024-05,2024-05-07,,,,,,0,stage1,0,0,0,0
U010423,2024-04-26,Referral,Mobile,Central,25-34,2024-04,2024-04-26,,,,,,0,stage1,0,0,0,0
U010428,2024-05-20,Organic,Tablet,Central,45-54,2024-05,2024-05-20,2024-05-21,2024-05-24,2024-05-25,,,0,stage4,1,1,1,0
U010429,2024-04-09,Organic,Mobile,Central,25-34,2024-04,2024-04-09,2024-04-10,,,,,0,stage2,1,0,0,0
U010435,2024-04-18,Organic,Mobile,South,18-24,2024-04,2024-04-18,2024-04-18,,,,,0,stage2,1,0,0,0
U010436,2024-04-02,Organic,Desktop,West,35-44,2024-04,2024-04-02,,,,,,0,stage1,0,0,0,0
U010437,2024-06-06,Social,Desktop,East,25-34,2024-06,2024-06-06,,,,,,0,stage1,0,0,0,0
U010439,2024-05-22,Email,Mobile,North,25-34,2024-05,2024-05-22,,,,,,0,stage1,0,0,0,0
U010440,2024-05-06,Referral,Desktop,East,35-44,2024-05,2024-05-06,2024-05-07,2024-05-08,,,,0,stage3,1,1,0,0
U010446,2024-06-28,Organic,Desktop,East,55+,2024-06,2024-06-28,2024-06-30,2024-07-02,2024-07-02,2024-07-04,2024-07-04,1,Converted,1,1,1,1
U010448,2024-06-06,Paid_Search,Desktop,East,25-34,2024-06,2024-06-06,2024-06-07,2024-06-09,2024-06-10,,,0,stage4,1,1,1,0
U010449,2024-05-24,Organic,Mobile,East,45-54,2024-05,2024-05-24,2024-05-26,2024-05-28,2024-05-29,2024-06-02,2024-06-03,1,Converted,1,1,1,1
U010450,2024-06-08,Social,Desktop,North,18-24,2024-06,2024-06-08,,,,,,0,stage1,0,0,0,0
U010452,2024-06-22,Organic,Mobile,West,55+,2024-06,2024-06-22,,,,,,0,stage1,0,0,0,0
U010454,2024-04-05,Organic,Mobile,East,45-54,2024-04,2024-04-05,2024-04-06,,,,,0,stage2,1,0,0,0
U010455,2024-04-18,Organic,Mobile,West,35-44,2024-04,2024-04-18,2024-04-18,,,,,0,stage2,1,0,0,0
U010459,2024-04-21,Organic,Mobile,South,18-24,2024-04,2024-04-21,2024-04-21,,,,,0,stage2,1,0,0,0
U010462,2024-05-11,Paid_Search,Mobile,South,25-34,2024-05,2024-05-11,,,,,,0,stage1,0,0,0,0
U010466,2024-04-15,Organic,Desktop,West,55+,2024-04,2024-04-15,2024-04-17,,,,,0,stage2,1,0,0,0
U010470,2024-05-05,Social,Mobile,North,35-44,2024-05,2024-05-05,2024-05-05,,,,,0,stage2,1,0,0,0
U010471,2024-04-18,Paid_Search,Mobile,Central,25-34,2024-04,2024-04-18,,,,,,0,stage1,0,0,0,0
U010472,2024-05-12,Referral,Mobile,North,45-54,2024-05,2024-05-12,,,,,,0,stage1,0,0,0,0
U010474,2024-05-19,Referral,Desktop,South,18-24,2024-05,2024-05-19,2024-05-19,,,,,0,stage2,1,0,0,0
U010475,2024-05-12,Social,Mobile,East,18-24,2024-05,2024-05-12,,,,,,0,stage1,0,0,0,0
U010477,2024-04-03,Paid_Search,Mobile,West,35-44,2024-04,2024-04-03,2024-04-04,,,,,0,stage2,1,0,0,0
U010480,2024-06-29,Paid_Search,Mobile,South,25-34,2024-06,2024-06-29,,,,,,0,stage1,0,0,0,0
U010482,2024-04-28,Referral,Mobile,West,18-24,2024-04,2024-04-28,,,,,,0,stage1,0,0,0,0
U010485,2024-05-10,Referral,Mobile,West,25-34,2024-05,2024-05-10,,,,,,0,stage1,0,0,0,0
U010487,2024-04-28,Paid_Search,Tablet,South,45-54,2024-04,2024-04-28,2024-04-30,2024-05-01,2024-05-02,2024-05-03,2024-05-03,1,Converted,1,1,1,1
U010489,2024-05-15,Paid_Search,Tablet,West,55+,2024-05,2024-05-15,2024-05-16,2024-05-18,2024-05-19,2024-05-21,,0,stage5,1,1,1,1
U010490,2024-04-12,Social,Mobile,South,25-34,2024-04,2024-04-12,,,,,,0,stage1,0,0,0,0
U010495,2024-04-19,Referral,Tablet,North,55+,2024-04,2024-04-19,2024-04-21,2024-04-23,,,,0,stage3,1,1,0,0
U010496,2024-06-01,Paid_Search,Mobile,North,25-34,2024-06,2024-06-01,,,,,,0,stage1,0,0,0,0
U010499,2024-05-23,Social,Desktop,South,25-34,2024-05,2024-05-23,,,,,,0,stage1,0,0,0,0
U010501,2024-04-13,Paid_Search,Desktop,South,25-34,2024-04,2024-04-13,2024-04-13,,,,,0,stage2,1,0,0,0
U010502,2024-04-22,Paid_Search,Mobile,West,18-24,2024-04,2024-04-22,2024-04-23,2024-04-25,2024-04-26,2024-04-30,2024-04-30,1,Converted,1,1,1,1
U010505,2024-05-14,Email,Desktop,North,55+,2024-05,2024-05-14,2024-05-14,2024-05-15,2024-05-17,,,0,stage4,1,1,1,0
U010506,2024-05-01,Social,Desktop,Central,25-34,2024-05,2024-05-01,,,,,,0,stage1,0,0,0,0
U010511,2024-06-09,Organic,Mobile,North,25-34,2024-06,2024-06-09,2024-06-11,2024-06-12,2024-06-12,,,0,stage4,1,1,1,0
U010513,2024-05-04,Paid_Search,Tablet,West,25-34,2024-05,2024-05-04,,,,,,0,stage1,0,0,0,0
U010514,2024-06-19,Paid_Search,Mobile,East,45-54,2024-06,2024-06-19,,,,,,0,stage1,0,0,0,0
U010515,2024-04-29,Referral,Mobile,North,25-34,2024-04,2024-04-29,,,,,,0,stage1,0,0,0,0
U010517,2024-06-16,Paid_Search,Desktop,Central,45-54,2024-06,2024-06-16,2024-06-17,2024-06-20,2024-06-20,,,0,stage4,1,1,1,0
U010518,2024-05-19,Social,Mobile,South,45-54,2024-05,2024-05-19,2024-05-21,,,,,0,stage2,1,0,0,0
U010520,2024-05-24,Paid_Search,Desktop,East,55+,2024-05,2024-05-24,2024-05-26,2024-05-29,2024-05-31,2024-06-03,2024-06-05,1,Converted,1,1,1,1
U010522,2024-06-30,Paid_Search,Desktop,North,35-44,2024-06,2024-06-30,,,,,,0,stage1,0,0,0,0
U010527,2024-06-02,Organic,Desktop,South,35-44,2024-06,2024-06-02,,,,,,0,stage1,0,0,0,0
U010528,2024-05-07,Paid_Search,Mobile,North,18-24,2024-05,2024-05-07,,,,,,0,stage1,0,0,0,0
U010529,2024-04-11,Organic,Mobile,West,25-34,2024-04,2024-04-11,2024-04-13,2024-04-16,2024-04-17,2024-04-19,2024-04-21,1,Converted,1,1,1,1
U010531,2024-04-28,Paid_Search,Mobile,South,25-34,2024-04,2024-04-28,2024-04-30,,,,,0,stage2,1,0,0,0
U010532,2024-04-22,Social,Mobile,South,45-54,2024-04,2024-04-22,2024-04-24,2024-04-25,2024-04-26,,,0,stage4,1,1,1,0
U010533,2024-04-07,Organic,Mobile,East,35-44,2024-04,2024-04-07,2024-04-09,,,,,0,stage2,1,0,0,0
U010534,2024-05-22,Paid_Search,Mobile,North,45-54,2024-05,2024-05-22,,,,,,0,stage1,0,0,0,0
U010537,2024-04-07,Organic,Mobile,East,45-54,2024-04,2024-04-07,2024-04-07,,,,,0,stage2,1,0,0,0
U010541,2024-05-26,Organic,Mobile,East,25-34,2024-05,2024-05-26,,,,,,0,stage1,0,0,0,0
U010547,2024-06-25,Organic,Mobile,North,25-34,2024-06,2024-06-25,2024-06-27,2024-06-30,,,,0,stage3,1,1,0,0
U010548,2024-05-31,Referral,Desktop,South,35-44,2024-05,2024-05-31,2024-06-02,,,,,0,stage2,1,0,0,0
U010550,2024-05-29,Referral,Desktop,West,18-24,2024-05,2024-05-29,2024-05-31,,,,,0,stage2,1,0,0,0
U010552,2024-04-24,Organic,Mobile,South,35-44,2024-04,2024-04-24,,,,,,0,stage1,0,0,0,0
U010555,2024-04-20,Referral,Mobile,Central,18-24,2024-04,2024-04-20,,,,,,0,stage1,0,0,0,0
U010556,2024-06-18,Organic,Mobile,East,35-44,2024-06,2024-06-18,,,,,,0,stage1,0,0,0,0
U010560,2024-06-18,Referral,Desktop,East,25-34,2024-06,2024-06-18,2024-06-20,,,,,0,stage2,1,0,0,0
U010561,2024-06-17,Organic,Mobile,North,45-54,2024-06,2024-06-17,,,,,,0,stage1,0,0,0,0
U010564,2024-05-19,Organic,Mobile,West,55+,2024-05,2024-05-19,,,,,,0,stage1,0,0,0,0
U010566,2024-06-24,Email,Mobile,West,25-34,2024-06,2024-06-24,2024-06-26,,,,,0,stage2,1,0,0,0
U010567,2024-06-06,Email,Desktop,West,25-34,2024-06,2024-06-06,2024-06-08,,,,,0,stage2,1,0,0,0
U010568,2024-05-11,Organic,Desktop,East,35-44,2024-05,2024-05-11,2024-05-13,,,,,0,stage2,1,0,0,0
U010569,2024-05-09,Referral,Mobile,East,35-44,2024-05,2024-05-09,,,,,,0,stage1,0,0,0,0
U010570,2024-05-29,Organic,Mobile,North,55+,2024-05,2024-05-29,,,,,,0,stage1,0,0,0,0
U010571,2024-04-24,Referral,Mobile,South,35-44,2024-04,2024-04-24,,,,,,0,stage1,0,0,0,0
U010574,2024-04-23,Referral,Desktop,East,45-54,2024-04,2024-04-23,,,,,,0,stage1,0,0,0,0
U010576,2024-05-17,Referral,Desktop,East,35-44,2024-05,2024-05-17,2024-05-19,,,,,0,stage2,1,0,0,0
U010577,2024-06-09,Paid_Search,Mobile,South,25-34,2024-06,2024-06-09,2024-06-11,2024-06-13,,,,0,stage3,1,1,0,0
U010578,2024-06-18,Email,Desktop,North,25-34,2024-06,2024-06-18,2024-06-20,2024-06-21,2024-06-21,2024-06-25,2024-06-26,1,Converted,1,1,1,1
U010581,2024-04-01,Social,Tablet,West,35-44,2024-04,2024-04-01,2024-04-03,,,,,0,stage2,1,0,0,0
U010582,2024-05-11,Email,Mobile,East,18-24,2024-05,2024-05-11,,,,,,0,stage1,0,0,0,0
U010590,2024-05-24,Social,Mobile,East,55+,2024-05,2024-05-24,2024-05-24,2024-05-26,,,,0,stage3,1,1,0,0
U010591,2024-06-01,Referral,Mobile,West,25-34,2024-06,2024-06-01,2024-06-02,2024-06-03,2024-06-05,2024-06-06,2024-06-06,1,Converted,1,1,1,1
U010592,2024-05-10,Paid_Search,Mobile,North,25-34,2024-05,2024-05-10,2024-05-11,2024-05-14,,,,0,stage3,1,1,0,0
U010593,2024-05-31,Paid_Search,Mobile,Central,25-34,2024-05,2024-05-31,,,,,,0,stage1,0,0,0,0
U010596,2024-04-18,Paid_Search,Desktop,North,18-24,2024-04,2024-04-18,2024-04-20,2024-04-23,,,,0,stage3,1,1,0,0
U010598,2024-04-10,Paid_Search,Mobile,West,25-34,2024-04,2024-04-10,2024-04-12,,,,,0,stage2,1,0,0,0
U010599,2024-06-20,Paid_Search,Desktop,West,18-24,2024-06,2024-06-20,2024-06-21,2024-06-24,2024-06-26,2024-06-27,2024-06-28,1,Converted,1,1,1,1
U010604,2024-04-19,Referral,Desktop,West,18-24,2024-04,2024-04-19,2024-04-19,2024-04-21,,,,0,stage3,1,1,0,0
U010605,2024-05-21,Organic,Tablet,North,35-44,2024-05,2024-05-21,2024-05-23,,,,,0,stage2,1,0,0,0
U010607,2024-05-04,Organic,Desktop,West,45-54,2024-05,2024-05-04,2024-05-05,2024-05-08,2024-05-10,,,0,stage4,1,1,1,0
U010608,2024-05-21,Email,Mobile,South,18-24,2024-05,2024-05-21,,,,,,0,stage1,0,0,0,0
U010609,2024-05-22,Paid_Search,Desktop,North,18-24,2024-05,2024-05-22,,,,,,0,stage1,0,0,0,0
U010611,2024-04-06,Organic,Desktop,East,25-34,2024-04,2024-04-06,2024-04-07,2024-04-08,2024-04-09,2024-04-13,2024-04-13,1,Converted,1,1,1,1
U010613,2024-06-12,Organic,Mobile,East,25-34,2024-06,2024-06-12,,,,,,0,stage1,0,0,0,0
U010615,2024-06-03,Social,Mobile,East,18-24,2024-06,2024-06-03,,,,,,0,stage1,0,0,0,0
U010616,2024-04-17,Organic,Mobile,Central,25-34,2024-04,2024-04-17,2024-04-19,,,,,0,stage2,1,0,0,0
U010617,2024-06-12,Referral,Desktop,South,55+,2024-06,2024-06-12,2024-06-13,,,,,0,stage2,1,0,0,0
U010618,2024-06-05,Referral,Desktop,South,18-24,2024-06,2024-06-05,2024-06-06,,,,,0,stage2,1,0,0,0
U010619,2024-04-08,Referral,Desktop,Central,55+,2024-04,2024-04-08,2024-04-10,2024-04-11,2024-04-13,,,0,stage4,1,1,1,0
U010621,2024-06-05,Paid_Search,Tablet,South,45-54,2024-06,2024-06-05,2024-06-06,,,,,0,stage2,1,0,0,0
U010623,2024-05-10,Referral,Desktop,East,35-44,2024-05,2024-05-10,2024-05-11,2024-05-12,,,,0,stage3,1,1,0,0
U010626,2024-05-23,Referral,Mobile,East,25-34,2024-05,2024-05-23,,,,,,0,stage1,0,0,0,0
U010629,2024-05-18,Email,Mobile,North,18-24,2024-05,2024-05-18,2024-05-20,,,,,0,stage2,1,0,0,0
U010632,2024-05-26,Social,Mobile,Central,35-44,2024-05,2024-05-26,2024-05-26,2024-05-28,2024-05-30,2024-06-03,2024-06-05,1,Converted,1,1,1,1
U010633,2024-06-27,Paid_Search,Mobile,North,25-34,2024-06,2024-06-27,2024-06-29,2024-06-30,2024-07-02,2024-07-03,2024-07-04,1,Converted,1,1,1,1
U010635,2024-04-11,Email,Mobile,South,35-44,2024-04,2024-04-11,2024-04-12,,,,,0,stage2,1,0,0,0
U010637,2024-04-23,Paid_Search,Mobile,South,45-54,2024-04,2024-04-23,2024-04-25,2024-04-28,2024-04-28,2024-05-02,,0,stage5,1,1,1,1
U010639,2024-06-08,Referral,Mobile,South,45-54,2024-06,2024-06-08,2024-06-08,2024-06-09,2024-06-10,2024-06-11,2024-06-11,1,Converted,1,1,1,1
U010641,2024-06-02,Organic,Desktop,North,18-24,2024-06,2024-06-02,,,,,,0,stage1,0,0,0,0
U010642,2024-06-12,Paid_Search,Mobile,Central,25-34,2024-06,2024-06-12,,,,,,0,stage1,0,0,0,0
U010644,2024-04-14,Paid_Search,Desktop,West,35-44,2024-04,2024-04-14,2024-04-14,,,,,0,stage2,1,0,0,0
U010647,2024-04-14,Organic,Mobile,South,25-34,2024-04,2024-04-14,,,,,,0,stage1,0,0,0,0
U010652,2024-05-22,Referral,Mobile,North,25-34,2024-05,2024-05-22,2024-05-24,,,,,0,stage2,1,0,0,0
U010657,2024-06-27,Paid_Search,Tablet,West,55+,2024-06,2024-06-27,2024-06-28,2024-06-30,2024-06-30,,,0,stage4,1,1,1,0
U010658,2024-05-25,Organic,Tablet,North,45-54,2024-05,2024-05-25,2024-05-26,2024-05-28,,,,0,stage3,1,1,0,0
U010660,2024-04-30,Social,Desktop,West,35-44,2024-04,2024-04-30,,,,,,0,stage1,0,0,0,0
U010661,2024-05-03,Paid_Search,Desktop,South,35-44,2024-05,2024-05-03,2024-05-05,,,,,0,stage2,1,0,0,0
U010664,2024-06-01,Social,Desktop,South,18-24,2024-06,2024-06-01,2024-06-03,,,,,0,stage2,1,0,0,0
U010665,2024-05-26,Referral,Mobile,South,18-24,2024-05,2024-05-26,2024-05-28,2024-05-31,,,,0,stage3,1,1,0,0
U010667,2024-05-18,Email,Desktop,North,55+,2024-05,2024-05-18,2024-05-20,,,,,0,stage2,1,0,0,0
U010669,2024-04-28,Organic,Desktop,Central,35-44,2024-04,2024-04-28,,,,,,0,stage1,0,0,0,0
U010670,2024-05-21,Organic,Desktop,North,35-44,2024-05,2024-05-21,2024-05-21,,,,,0,stage2,1,0,0,0
U010673,2024-04-15,Referral,Mobile,West,35-44,2024-04,2024-04-15,2024-04-17,,,,,0,stage2,1,0,0,0
U010676,2024-04-10,Referral,Mobile,West,25-34,2024-04,2024-04-10,2024-04-12,2024-04-14,,,,0,stage3,1,1,0,0
U010678,2024-05-19,Referral,Mobile,North,35-44,2024-05,2024-05-19,2024-05-20,2024-05-23,2024-05-25,,,0,stage4,1,1,1,0
U010679,2024-05-17,Organic,Desktop,Central,55+,2024-05,2024-05-17,,,,,,0,stage1,0,0,0,0
U010680,2024-06-07,Email,Desktop,North,25-34,2024-06,2024-06-07,2024-06-07,2024-06-10,2024-06-12,,,0,stage4,1,1,1,0
U010681,2024-04-11,Email,Mobile,East,25-34,2024-04,2024-04-11,2024-04-13,,,,,0,stage2,1,0,0,0
U010682,2024-06-07,Email,Desktop,North,25-34,2024-06,2024-06-07,,,,,,0,stage1,0,0,0,0
U010683,2024-05-20,Referral,Desktop,Central,25-34,2024-05,2024-05-20,2024-05-21,,,,,0,stage2,1,0,0,0
U010686,2024-06-25,Social,Desktop,North,25-34,2024-06,2024-06-25,,,,,,0,stage1,0,0,0,0
U010690,2024-06-17,Paid_Search,Mobile,West,45-54,2024-06,2024-06-17,2024-06-17,2024-06-18,,,,0,stage3,1,1,0,0
U010692,2024-06-02,Social,Desktop,North,35-44,2024-06,2024-06-02,2024-06-04,,,,,0,stage2,1,0,0,0
U010695,2024-06-24,Organic,Mobile,West,25-34,2024-06,2024-06-24,2024-06-25,2024-06-27,2024-06-27,2024-07-01,2024-07-03,1,Converted,1,1,1,1
U010698,2024-06-01,Referral,Mobile,South,35-44,2024-06,2024-06-01,2024-06-03,,,,,0,stage2,1,0,0,0
U010699,2024-05-22,Organic,Mobile,South,25-34,2024-05,2024-05-22,,,,,,0,stage1,0,0,0,0
U010700,2024-04-11,Paid_Search,Mobile,North,25-34,2024-04,2024-04-11,2024-04-11,2024-04-13,,,,0,stage3,1,1,0,0
U010703,2024-06-30,Paid_Search,Tablet,South,35-44,2024-06,2024-06-30,2024-07-02,,,,,0,stage2,1,0,0,0
U010705,2024-05-11,Organic,Mobile,East,25-34,2024-05,2024-05-11,2024-05-13,,,,,0,stage2,1,0,0,0
U010707,2024-04-05,Social,Mobile,South,35-44,2024-04,2024-04-05,2024-04-07,2024-04-08,,,,0,stage3,1,1,0,0
U010708,2024-04-07,Organic,Desktop,South,25-34,2024-04,2024-04-07,2024-04-08,,,,,0,stage2,1,0,0,0
U010712,2024-05-22,Social,Desktop,North,18-24,2024-05,2024-05-22,2024-05-24,2024-05-26,,,,0,stage3,1,1,0,0
U010713,2024-04-20,Email,Mobile,West,35-44,2024-04,2024-04-20,2024-04-21,2024-04-23,2024-04-23,2024-04-26,2024-04-27,1,Converted,1,1,1,1
U010716,2024-04-18,Paid_Search,Mobile,East,25-34,2024-04,2024-04-18,2024-04-19,,,,,0,stage2,1,0,0,0
U010717,2024-05-05,Organic,Desktop,North,25-34,2024-05,2024-05-05,2024-05-06,2024-05-08,,,,0,stage3,1,1,0,0
U010718,2024-05-17,Referral,Mobile,South,25-34,2024-05,2024-05-17,2024-05-17,,,,,0,stage2,1,0,0,0
U010719,2024-05-26,Organic,Mobile,West,35-44,2024-05,2024-05-26,2024-05-27,2024-05-29,,,,0,stage3,1,1,0,0
U010726,2024-06-10,Email,Desktop,East,35-44,2024-06,2024-06-10,2024-06-11,,,,,0,stage2,1,0,0,0
U010727,2024-06-03,Social,Mobile,West,25-34,2024-06,2024-06-03,2024-06-05,,,,,0,stage2,1,0,0,0
U010732,2024-04-19,Organic,Desktop,East,18-24,2024-04,2024-04-19,2024-04-20,2024-04-23,2024-04-25,2024-04-29,2024-04-30,1,Converted,1,1,1,1
U010733,2024-04-12,Email,Mobile,West,35-44,2024-04,2024-04-12,2024-04-12,,,,,0,stage2,1,0,0,0
U010736,2024-04-09,Referral,Mobile,South,18-24,2024-04,2024-04-09,,,,,,0,stage1,0,0,0,0
U010741,2024-05-16,Paid_Search,Desktop,Central,18-24,2024-05,2024-05-16,2024-05-18,2024-05-21,,,,0,stage3,1,1,0,0
U010742,2024-04-09,Social,Mobile,South,25-34,2024-04,2024-04-09,2024-04-09,2024-04-10,2024-04-12,2024-04-13,,0,stage5,1,1,1,1
U010744,2024-05-01,Organic,Desktop,West,55+,2024-05,2024-05-01,,,,,,0,stage1,0,0,0,0
U010745,2024-05-30,Organic,Mobile,West,55+,2024-05,2024-05-30,2024-06-01,2024-06-03,2024-06-04,2024-06-08,2024-06-10,1,Converted,1,1,1,1
U010748,2024-05-27,Email,Desktop,South,25-34,2024-05,2024-05-27,2024-05-29,2024-05-31,,,,0,stage3,1,1,0,0
U010749,2024-04-23,Email,Desktop,North,45-54,2024-04,2024-04-23,,,,,,0,stage1,0,0,0,0
U010752,2024-04-24,Social,Tablet,Central,35-44,2024-04,2024-04-24,,,,,,0,stage1,0,0,0,0
U010754,2024-04-14,Organic,Desktop,South,35-44,2024-04,2024-04-14,2024-04-15,,,,,0,stage2,1,0,0,0
U010760,2024-05-02,Referral,Mobile,West,25-34,2024-05,2024-05-02,2024-05-03,,,,,0,stage2,1,0,0,0
U010769,2024-05-22,Email,Tablet,Central,25-34,2024-05,2024-05-22,2024-05-24,2024-05-25,2024-05-27,2024-05-30,2024-05-31,1,Converted,1,1,1,1
U010770,2024-04-02,Paid_Search,Desktop,East,35-44,2024-04,2024-04-02,2024-04-03,,,,,0,stage2,1,0,0,0
U010773,2024-06-22,Social,Desktop,North,35-44,2024-06,2024-06-22,2024-06-23,,,,,0,stage2,1,0,0,0
U010775,2024-04-29,Social,Desktop,South,18-24,2024-04,2024-04-29,2024-04-30,2024-05-03,2024-05-03,2024-05-05,2024-05-05,1,Converted,1,1,1,1
U010777,2024-05-17,Organic,Mobile,West,25-34,2024-05,2024-05-17,2024-05-19,,,,,0,stage2,1,0,0,0
U010778,2024-05-05,Referral,Mobile,South,25-34,2024-05,2024-05-05,2024-05-07,,,,,0,stage2,1,0,0,0
U010779,2024-06-07,Referral,Desktop,South,45-54,2024-06,2024-06-07,,,,,,0,stage1,0,0,0,0
U010781,2024-04-22,Organic,Mobile,North,18-24,2024-04,2024-04-22,2024-04-23,2024-04-24,,,,0,stage3,1,1,0,0
U010783,2024-06-14,Referral,Desktop,North,55+,2024-06,2024-06-14,2024-06-16,,,,,0,stage2,1,0,0,0
U010784,2024-06-22,Organic,Mobile,East,45-54,2024-06,2024-06-22,2024-06-24,2024-06-25,2024-06-26,,,0,stage4,1,1,1,0
U010787,2024-05-22,Referral,Desktop,North,45-54,2024-05,2024-05-22,,,,,,0,stage1,0,0,0,0
U010788,2024-05-17,Organic,Desktop,East,25-34,2024-05,2024-05-17,,,,,,0,stage1,0,0,0,0
U010789,2024-04-07,Organic,Mobile,Central,25-34,2024-04,2024-04-07,2024-04-09,,,,,0,stage2,1,0,0,0
U010793,2024-06-16,Referral,Mobile,North,55+,2024-06,2024-06-16,2024-06-18,,,,,0,stage2,1,0,0,0
U010796,2024-06-04,Organic,Desktop,North,18-24,2024-06,2024-06-04,,,,,,0,stage1,0,0,0,0
U010797,2024-04-09,Social,Mobile,South,35-44,2024-04,2024-04-09,2024-04-09,,,,,0,stage2,1,0,0,0
U010799,2024-06-11,Social,Mobile,East,45-54,2024-06,2024-06-11,2024-06-11,,,,,0,stage2,1,0,0,0
U010802,2024-05-19,Paid_Search,Desktop,South,45-54,2024-05,2024-05-19,2024-05-21,,,,,0,stage2,1,0,0,0
U010807,2024-06-28,Organic,Mobile,Central,18-24,2024-06,2024-06-28,,,,,,0,stage1,0,0,0,0
U010808,2024-06-11,Paid_Search,Desktop,Central,55+,2024-06,2024-06-11,2024-06-13,2024-06-14,,,,0,stage3,1,1,0,0
U010809,2024-05-11,Email,Mobile,North,25-34,2024-05,2024-05-11,2024-05-11,,,,,0,stage2,1,0,0,0
U010810,2024-04-11,Referral,Mobile,West,35-44,2024-04,2024-04-11,2024-04-12,2024-04-14,,,,0,stage3,1,1,0,0
U010811,2024-05-09,Organic,Tablet,North,55+,2024-05,2024-05-09,,,,,,0,stage1,0,0,0,0
U010813,2024-05-11,Social,Mobile,Central,35-44,2024-05,2024-05-11,,,,,,0,stage1,0,0,0,0
U010816,2024-06-20,Paid_Search,Desktop,South,18-24,2024-06,2024-06-20,2024-06-21,2024-06-23,2024-06-24,2024-06-28,2024-06-28,1,Converted,1,1,1,1
U010817,2024-05-16,Referral,Mobile,East,18-24,2024-05,2024-05-16,,,,,,0,stage1,0,0,0,0
U010819,2024-04-02,Paid_Search,Desktop,South,25-34,2024-04,2024-04-02,2024-04-04,2024-04-05,,,,0,stage3,1,1,0,0
U010820,2024-05-01,Paid_Search,Mobile,South,45-54,2024-05,2024-05-01,,,,,,0,stage1,0,0,0,0
U010821,2024-06-03,Referral,Mobile,East,45-54,2024-06,2024-06-03,2024-06-05,2024-06-06,2024-06-07,,,0,stage4,1,1,1,0
U010822,2024-06-29,Referral,Mobile,North,18-24,2024-06,2024-06-29,,,,,,0,stage1,0,0,0,0
U010823,2024-05-21,Social,Desktop,East,35-44,2024-05,2024-05-21,2024-05-21,,,,,0,stage2,1,0,0,0
U010825,2024-06-24,Paid_Search,Desktop,West,45-54,2024-06,2024-06-24,,,,,,0,stage1,0,0,0,0
U010826,2024-06-15,Referral,Mobile,North,35-44,2024-06,2024-06-15,2024-06-17,,,,,0,stage2,1,0,0,0
U010827,2024-06-20,Paid_Search,Desktop,West,45-54,2024-06,2024-06-20,,,,,,0,stage1,0,0,0,0
U010830,2024-06-01,Email,Desktop,South,25-34,2024-06,2024-06-01,2024-06-01,2024-06-02,,,,0,stage3,1,1,0,0
U010831,2024-05-17,Paid_Search,Desktop,North,25-34,2024-05,2024-05-17,2024-05-18,,,,,0,stage2,1,0,0,0
U010832,2024-05-08,Paid_Search,Mobile,South,35-44,2024-05,2024-05-08,2024-05-10,2024-05-13,,,,0,stage3,1,1,0,0
U010834,2024-05-30,Paid_Search,Mobile,South,55+,2024-05,2024-05-30,2024-06-01,,,,,0,stage2,1,0,0,0
U010835,2024-05-11,Referral,Mobile,Central,18-24,2024-05,2024-05-11,2024-05-11,2024-05-14,,,,0,stage3,1,1,0,0
U010836,2024-06-02,Organic,Desktop,North,25-34,2024-06,2024-06-02,2024-06-02,,,,,0,stage2,1,0,0,0
U010839,2024-06-28,Organic,Mobile,West,45-54,2024-06,2024-06-28,,,,,,0,stage1,0,0,0,0
U010841,2024-04-25,Paid_Search,Desktop,East,18-24,2024-04,2024-04-25,2024-04-27,,,,,0,stage2,1,0,0,0
U010843,2024-04-06,Email,Desktop,South,35-44,2024-04,2024-04-06,2024-04-06,,,,,0,stage2,1,0,0,0
U010845,2024-06-02,Referral,Desktop,South,18-24,2024-06,2024-06-02,2024-06-04,,,,,0,stage2,1,0,0,0
U010846,2024-04-07,Referral,Mobile,South,18-24,2024-04,2024-04-07,,,,,,0,stage1,0,0,0,0
U010847,2024-06-30,Organic,Mobile,South,35-44,2024-06,2024-06-30,,,,,,0,stage1,0,0,0,0
U010852,2024-06-15,Organic,Desktop,Central,18-24,2024-06,2024-06-15,2024-06-15,,,,,0,stage2,1,0,0,0
U010853,2024-05-31,Organic,Desktop,North,45-54,2024-05,2024-05-31,2024-06-01,,,,,0,stage2,1,0,0,0
U010856,2024-05-25,Social,Tablet,North,25-34,2024-05,2024-05-25,,,,,,0,stage1,0,0,0,0
U010859,2024-06-14,Social,Mobile,West,25-34,2024-06,2024-06-14,2024-06-16,,,,,0,stage2,1,0,0,0
U010860,2024-05-20,Social,Mobile,Central,35-44,2024-05,2024-05-20,2024-05-21,,,,,0,stage2,1,0,0,0
U010862,2024-05-12,Organic,Desktop,Central,45-54,2024-05,2024-05-12,2024-05-14,2024-05-15,2024-05-17,2024-05-19,2024-05-19,1,Converted,1,1,1,1
U010868,2024-04-28,Referral,Mobile,West,18-24,2024-04,2024-04-28,2024-04-29,,,,,0,stage2,1,0,0,0
U010869,2024-04-07,Paid_Search,Desktop,East,55+,2024-04,2024-04-07,,,,,,0,stage1,0,0,0,0
U010872,2024-06-10,Referral,Mobile,East,35-44,2024-06,2024-06-10,2024-06-12,2024-06-15,2024-06-17,2024-06-21,,0,stage5,1,1,1,1
U010873,2024-04-08,Paid_Search,Mobile,South,35-44,2024-04,2024-04-08,2024-04-08,2024-04-09,2024-04-11,,,0,stage4,1,1,1,0
U010875,2024-04-05,Referral,Mobile,South,35-44,2024-04,2024-04-05,2024-04-06,2024-04-07,,,,0,stage3,1,1,0,0
U010881,2024-06-13,Email,Desktop,Central,35-44,2024-06,2024-06-13,2024-06-13,,,,,0,stage2,1,0,0,0
U010882,2024-05-30,Social,Desktop,West,35-44,2024-05,2024-05-30,2024-06-01,,,,,0,stage2,1,0,0,0
U010885,2024-04-17,Organic,Desktop,East,25-34,2024-04,2024-04-17,,,,,,0,stage1,0,0,0,0
U010886,2024-05-20,Paid_Search,Mobile,South,25-34,2024-05,2024-05-20,,,,,,0,stage1,0,0,0,0
U010887,2024-06-13,Organic,Mobile,West,25-34,2024-06,2024-06-13,,,,,,0,stage1,0,0,0,0
U010891,2024-05-30,Email,Desktop,South,45-54,2024-05,2024-05-30,,,,,,0,stage1,0,0,0,0
U010893,2024-06-22,Organic,Desktop,Central,18-24,2024-06,2024-06-22,2024-06-22,,,,,0,stage2,1,0,0,0
U010897,2024-04-27,Email,Desktop,West,45-54,2024-04,2024-04-27,2024-04-28,,,,,0,stage2,1,0,0,0
U010904,2024-06-20,Social,Tablet,South,35-44,2024-06,2024-06-20,2024-06-21,,,,,0,stage2,1,0,0,0
U010905,2024-04-18,Email,Mobile,North,25-34,2024-04,2024-04-18,2024-04-19,2024-04-20,,,,0,stage3,1,1,0,0
U010907,2024-04-10,Social,Tablet,North,45-54,2024-04,2024-04-10,2024-04-11,,,,,0,stage2,1,0,0,0
U010912,2024-05-18,Email,Mobile,West,25-34,2024-05,2024-05-18,,,,,,0,stage1,0,0,0,0
U010915,2024-04-12,Referral,Mobile,South,35-44,2024-04,2024-04-12,2024-04-14,2024-04-17,2024-04-18,2024-04-22,2024-04-22,1,Converted,1,1,1,1
U010916,2024-05-13,Paid_Search,Mobile,West,45-54,2024-05,2024-05-13,,,,,,0,stage1,0,0,0,0
U010917,2024-06-06,Referral,Desktop,East,25-34,2024-06,2024-06-06,2024-06-06,2024-06-08,2024-06-10,2024-06-12,,0,stage5,1,1,1,1
U010918,2024-04-20,Organic,Desktop,East,35-44,2024-04,2024-04-20,2024-04-21,2024-04-24,2024-04-24,,,0,stage4,1,1,1,0
U010920,2024-04-06,Paid_Search,Desktop,East,35-44,2024-04,2024-04-06,,,,,,0,stage1,0,0,0,0
U010921,2024-05-16,Social,Desktop,East,35-44,2024-05,2024-05-16,,,,,,0,stage1,0,0,0,0
U010922,2024-05-25,Organic,Desktop,North,25-34,2024-05,2024-05-25,,,,,,0,stage1,0,0,0,0
U010923,2024-05-24,Paid_Search,Mobile,North,25-34,2024-05,2024-05-24,2024-05-26,2024-05-28,,,,0,stage3,1,1,0,0
U010925,2024-06-04,Organic,Mobile,South,55+,2024-06,2024-06-04,2024-06-05,2024-06-06,,,,0,stage3,1,1,0,0
U010926,2024-05-15,Organic,Mobile,North,35-44,2024-05,2024-05-15,2024-05-15,,,,,0,stage2,1,0,0,0
U010927,2024-05-18,Organic,Mobile,East,25-34,2024-05,2024-05-18,2024-05-19,,,,,0,stage2,1,0,0,0
U010928,2024-05-22,Email,Desktop,Central,45-54,2024-05,2024-05-22,,,,,,0,stage1,0,0,0,0
U010929,2024-05-22,Referral,Mobile,South,45-54,2024-05,2024-05-22,2024-05-24,2024-05-27,,,,0,stage3,1,1,0,0
U010930,2024-05-24,Email,Mobile,East,35-44,2024-05,2024-05-24,2024-05-24,2024-05-26,,,,0,stage3,1,1,0,0
U010931,2024-05-15,Email,Desktop,South,25-34,2024-05,2024-05-15,,,,,,0,stage1,0,0,0,0
U010932,2024-06-23,Social,Desktop,South,35-44,2024-06,2024-06-23,,,,,,0,stage1,0,0,0,0
U010933,2024-06-18,Referral,Desktop,West,45-54,2024-06,2024-06-18,2024-06-20,2024-06-22,,,,0,stage3,1,1,0,0
U010934,2024-06-06,Organic,Desktop,Central,45-54,2024-06,2024-06-06,2024-06-06,2024-06-08,2024-06-08,2024-06-11,2024-06-13,1,Converted,1,1,1,1
U010935,2024-04-19,Organic,Mobile,East,35-44,2024-04,2024-04-19,2024-04-19,2024-04-21,,,,0,stage3,1,1,0,0
U010936,2024-04-26,Paid_Search,Mobile,North,18-24,2024-04,2024-04-26,2024-04-26,,,,,0,stage2,1,0,0,0
U010937,2024-05-25,Email,Mobile,West,55+,2024-05,2024-05-25,2024-05-26,2024-05-28,2024-05-28,,,0,stage4,1,1,1,0
U010938,2024-06-26,Organic,Mobile,West,35-44,2024-06,2024-06-26,2024-06-28,,,,,0,stage2,1,0,0,0
U010942,2024-04-20,Paid_Search,Mobile,West,35-44,2024-04,2024-04-20,2024-04-22,2024-04-24,,,,0,stage3,1,1,0,0
U010943,2024-04-26,Organic,Desktop,South,35-44,2024-04,2024-04-26,2024-04-28,2024-05-01,2024-05-03,2024-05-05,2024-05-06,1,Converted,1,1,1,1
U010945,2024-04-04,Organic,Mobile,West,45-54,2024-04,2024-04-04,2024-04-04,2024-04-05,,,,0,stage3,1,1,0,0
U010946,2024-04-28,Email,Mobile,West,25-34,2024-04,2024-04-28,2024-04-29,,,,,0,stage2,1,0,0,0
U010948,2024-05-10,Organic,Desktop,North,35-44,2024-05,2024-05-10,,,,,,0,stage1,0,0,0,0
U010950,2024-04-27,Email,Mobile,North,35-44,2024-04,2024-04-27,,,,,,0,stage1,0,0,0,0
U010951,2024-05-04,Organic,Mobile,South,18-24,2024-05,2024-05-04,,,,,,0,stage1,0,0,0,0
U010952,2024-04-26,Organic,Desktop,South,55+,2024-04,2024-04-26,2024-04-27,2024-04-30,,,,0,stage3,1,1,0,0
U010954,2024-06-20,Paid_Search,Desktop,North,45-54,2024-06,2024-06-20,2024-06-22,2024-06-23,,,,0,stage3,1,1,0,0
U010955,2024-05-04,Organic,Mobile,East,55+,2024-05,2024-05-04,,,,,,0,stage1,0,0,0,0
U010959,2024-05-31,Email,Tablet,Central,18-24,2024-05,2024-05-31,2024-06-01,,,,,0,stage2,1,0,0,0
U010962,2024-05-02,Paid_Search,Mobile,North,25-34,2024-05,2024-05-02,,,,,,0,stage1,0,0,0,0
U010964,2024-05-30,Paid_Search,Mobile,West,18-24,2024-05,2024-05-30,,,,,,0,stage1,0,0,0,0
U010968,2024-04-03,Organic,Mobile,South,35-44,2024-04,2024-04-03,2024-04-04,2024-04-05,2024-04-05,,,0,stage4,1,1,1,0
U010969,2024-05-21,Social,Mobile,West,18-24,2024-05,2024-05-21,,,,,,0,stage1,0,0,0,0
U010972,2024-04-05,Social,Mobile,West,35-44,2024-04,2024-04-05,,,,,,0,stage1,0,0,0,0
U010973,2024-05-04,Organic,Mobile,West,45-54,2024-05,2024-05-04,2024-05-04,2024-05-06,,,,0,stage3,1,1,0,0
U010974,2024-04-21,Paid_Search,Desktop,South,25-34,2024-04,2024-04-21,2024-04-23,,,,,0,stage2,1,0,0,0
U010976,2024-05-27,Paid_Search,Desktop,North,35-44,2024-05,2024-05-27,2024-05-27,2024-05-28,2024-05-29,2024-06-02,2024-06-02,1,Converted,1,1,1,1
U010977,2024-06-30,Organic,Mobile,East,45-54,2024-06,2024-06-30,,,,,,0,stage1,0,0,0,0
U010978,2024-05-27,Paid_Search,Mobile,Central,55+,2024-05,2024-05-27,2024-05-27,,,,,0,stage2,1,0,0,0
U010980,2024-06-10,Organic,Mobile,East,45-54,2024-06,2024-06-10,2024-06-11,,,,,0,stage2,1,0,0,0
U010982,2024-04-27,Social,Mobile,East,18-24,2024-04,2024-04-27,2024-04-27,,,,,0,stage2,1,0,0,0
U010986,2024-06-05,Paid_Search,Mobile,East,18-24,2024-06,2024-06-05,2024-06-06,,,,,0,stage2,1,0,0,0
U010989,2024-05-04,Referral,Mobile,South,35-44,2024-05,2024-05-04,2024-05-06,2024-05-09,,,,0,stage3,1,1,0,0
U010990,2024-05-12,Referral,Mobile,East,18-24,2024-05,2024-05-12,2024-05-12,2024-05-13,,,,0,stage3,1,1,0,0
U010991,2024-06-25,Email,Desktop,South,25-34,2024-06,2024-06-25,2024-06-26,2024-06-29,,,,0,stage3,1,1,0,0
U010992,2024-04-25,Organic,Mobile,East,18-24,2024-04,2024-04-25,2024-04-25,,,,,0,stage2,1,0,0,0
U010994,2024-04-17,Paid_Search,Mobile,North,35-44,2024-04,2024-04-17,,,,,,0,stage1,0,0,0,0
U010996,2024-05-18,Paid_Search,Desktop,North,18-24,2024-05,2024-05-18,2024-05-19,,,,,0,stage2,1,0,0,0
U010999,2024-05-23,Organic,Mobile,South,35-44,2024-05,2024-05-23,2024-05-25,,,,,0,stage2,1,0,0,0
U011000,2024-06-27,Email,Mobile,East,25-34,2024-06,2024-06-27,2024-06-27,2024-06-28,2024-06-28,,,0,stage4,1,1,1,0
U011001,2024-05-27,Organic,Mobile,North,35-44,2024-05,2024-05-27,2024-05-28,,,,,0,stage2,1,0,0,0
U011005,2024-04-19,Social,Tablet,North,35-44,2024-04,2024-04-19,,,,,,0,stage1,0,0,0,0
U011008,2024-04-02,Paid_Search,Mobile,North,18-24,2024-04,2024-04-02,2024-04-02,,,,,0,stage2,1,0,0,0
U011009,2024-04-22,Paid_Search,Desktop,East,55+,2024-04,2024-04-22,,,,,,0,stage1,0,0,0,0
U011013,2024-04-28,Organic,Desktop,Central,45-54,2024-04,2024-04-28,,,,,,0,stage1,0,0,0,0
U011015,2024-04-20,Organic,Mobile,South,25-34,2024-04,2024-04-20,2024-04-22,,,,,0,stage2,1,0,0,0
U011018,2024-06-28,Paid_Search,Mobile,West,18-24,2024-06,2024-06-28,2024-06-30,,,,,0,stage2,1,0,0,0
U011020,2024-06-27,Organic,Mobile,South,18-24,2024-06,2024-06-27,,,,,,0,stage1,0,0,0,0
U011023,2024-05-25,Paid_Search,Desktop,South,45-54,2024-05,2024-05-25,2024-05-27,,,,,0,stage2,1,0,0,0
U011024,2024-04-29,Paid_Search,Mobile,South,25-34,2024-04,2024-04-29,,,,,,0,stage1,0,0,0,0
U011025,2024-04-15,Social,Mobile,South,45-54,2024-04,2024-04-15,,,,,,0,stage1,0,0,0,0
U011026,2024-05-31,Paid_Search,Desktop,South,18-24,2024-05,2024-05-31,2024-06-02,,,,,0,stage2,1,0,0,0
U011027,2024-05-26,Social,Desktop,North,25-34,2024-05,2024-05-26,2024-05-26,,,,,0,stage2,1,0,0,0
U011028,2024-04-15,Organic,Desktop,West,45-54,2024-04,2024-04-15,2024-04-16,2024-04-17,2024-04-19,2024-04-22,2024-04-23,1,Converted,1,1,1,1
U011029,2024-04-30,Organic,Tablet,South,25-34,2024-04,2024-04-30,2024-04-30,,,,,0,stage2,1,0,0,0
U011030,2024-04-15,Paid_Search,Mobile,East,55+,2024-04,2024-04-15,2024-04-17,,,,,0,stage2,1,0,0,0
U011032,2024-05-11,Paid_Search,Mobile,South,25-34,2024-05,2024-05-11,2024-05-11,2024-05-13,2024-05-13,,,0,stage4,1,1,1,0
U011041,2024-05-23,Social,Desktop,North,35-44,2024-05,2024-05-23,2024-05-25,2024-05-28,,,,0,stage3,1,1,0,0
U011042,2024-04-13,Referral,Mobile,West,35-44,2024-04,2024-04-13,,,,,,0,stage1,0,0,0,0
U011045,2024-04-02,Social,Mobile,South,35-44,2024-04,2024-04-02,,,,,,0,stage1,0,0,0,0
U011046,2024-04-22,Organic,Desktop,North,35-44,2024-04,2024-04-22,2024-04-23,,,,,0,stage2,1,0,0,0
U011047,2024-05-14,Paid_Search,Desktop,North,25-34,2024-05,2024-05-14,,,,,,0,stage1,0,0,0,0
U011051,2024-05-15,Organic,Mobile,South,25-34,2024-05,2024-05-15,2024-05-15,,,,,0,stage2,1,0,0,0
U011052,2024-04-13,Paid_Search,Mobile,South,55+,2024-04,2024-04-13,,,,,,0,stage1,0,0,0,0
U011054,2024-04-21,Email,Desktop,Central,25-34,2024-04,2024-04-21,,,,,,0,stage1,0,0,0,0
U011056,2024-04-19,Paid_Search,Mobile,South,55+,2024-04,2024-04-19,2024-04-20,2024-04-21,2024-04-23,,,0,stage4,1,1,1,0
U011057,2024-05-20,Paid_Search,Mobile,South,55+,2024-05,2024-05-20,,,,,,0,stage1,0,0,0,0
U011059,2024-05-18,Referral,Desktop,West,35-44,2024-05,2024-05-18,2024-05-20,2024-05-21,2024-05-23,,,0,stage4,1,1,1,0
U011062,2024-04-07,Organic,Mobile,North,25-34,2024-04,2024-04-07,2024-04-09,2024-04-11,2024-04-12,2024-04-14,2024-04-16,1,Converted,1,1,1,1
U011065,2024-04-24,Paid_Search,Desktop,West,25-34,2024-04,2024-04-24,2024-04-25,,,,,0,stage2,1,0,0,0
U011068,2024-04-24,Organic,Mobile,South,18-24,2024-04,2024-04-24,2024-04-26,2024-04-28,2024-04-29,,,0,stage4,1,1,1,0
U011070,2024-05-24,Email,Desktop,West,25-34,2024-05,2024-05-24,2024-05-24,2024-05-27,,,,0,stage3,1,1,0,0
U011073,2024-05-18,Email,Mobile,South,25-34,2024-05,2024-05-18,2024-05-19,2024-05-21,,,,0,stage3,1,1,0,0
U011075,2024-05-06,Referral,Mobile,West,18-24,2024-05,2024-05-06,2024-05-08,2024-05-11,,,,0,stage3,1,1,0,0
U011078,2024-06-19,Organic,Desktop,Central,35-44,2024-06,2024-06-19,2024-06-21,2024-06-22,,,,0,stage3,1,1,0,0
U011081,2024-04-28,Organic,Mobile,East,55+,2024-04,2024-04-28,2024-04-30,2024-05-02,,,,0,stage3,1,1,0,0
U011084,2024-06-23,Referral,Desktop,South,18-24,2024-06,2024-06-23,2024-06-24,2024-06-25,,,,0,stage3,1,1,0,0
U011085,2024-06-24,Social,Desktop,Central,18-24,2024-06,2024-06-24,,,,,,0,stage1,0,0,0,0
U011086,2024-06-28,Referral,Mobile,West,35-44,2024-06,2024-06-28,2024-06-28,2024-06-29,2024-07-01,2024-07-02,2024-07-03,1,Converted,1,1,1,1
U011087,2024-06-07,Social,Desktop,South,25-34,2024-06,2024-06-07,,,,,,0,stage1,0,0,0,0
U011088,2024-04-04,Paid_Search,Mobile,West,25-34,2024-04,2024-04-04,,,,,,0,stage1,0,0,0,0
U011091,2024-06-27,Organic,Mobile,North,35-44,2024-06,2024-06-27,2024-06-27,2024-06-30,,,,0,stage3,1,1,0,0
U011094,2024-06-19,Referral,Tablet,West,18-24,2024-06,2024-06-19,2024-06-19,2024-06-20,2024-06-21,2024-06-24,2024-06-26,1,Converted,1,1,1,1
U011095,2024-04-01,Organic,Desktop,West,18-24,2024-04,2024-04-01,2024-04-01,2024-04-02,,,,0,stage3,1,1,0,0
U011101,2024-06-11,Email,Mobile,South,55+,2024-06,2024-06-11,2024-06-13,2024-06-15,2024-06-15,2024-06-19,,0,stage5,1,1,1,1
U011104,2024-06-29,Paid_Search,Mobile,East,45-54,2024-06,2024-06-29,,,,,,0,stage1,0,0,0,0
U011107,2024-04-28,Organic,Tablet,North,25-34,2024-04,2024-04-28,,,,,,0,stage1,0,0,0,0
U011108,2024-06-01,Organic,Mobile,South,45-54,2024-06,2024-06-01,2024-06-03,2024-06-04,,,,0,stage3,1,1,0,0
U011110,2024-06-30,Organic,Mobile,West,35-44,2024-06,2024-06-30,,,,,,0,stage1,0,0,0,0
U011111,2024-05-31,Organic,Desktop,North,45-54,2024-05,2024-05-31,2024-06-02,,,,,0,stage2,1,0,0,0
U011112,2024-04-03,Organic,Mobile,West,55+,2024-04,2024-04-03,2024-04-05,,,,,0,stage2,1,0,0,0
U011114,2024-04-10,Paid_Search,Mobile,South,55+,2024-04,2024-04-10,2024-04-11,2024-04-14,,,,0,stage3,1,1,0,0
U011115,2024-06-08,Email,Mobile,East,55+,2024-06,2024-06-08,2024-06-08,,,,,0,stage2,1,0,0,0
U011118,2024-06-25,Organic,Desktop,South,35-44,2024-06,2024-06-25,2024-06-27,2024-06-28,2024-06-28,2024-07-01,2024-07-02,1,Converted,1,1,1,1
U011125,2024-06-16,Organic,Desktop,North,35-44,2024-06,2024-06-16,2024-06-17,2024-06-20,2024-06-22,2024-06-24,2024-06-26,1,Converted,1,1,1,1
U011126,2024-04-01,Organic,Mobile,North,55+,2024-04,2024-04-01,2024-04-02,,,,,0,stage2,1,0,0,0
U011128,2024-04-05,Paid_Search,Mobile,East,25-34,2024-04,2024-04-05,,,,,,0,stage1,0,0,0,0
U011129,2024-06-24,Referral,Mobile,West,35-44,2024-06,2024-06-24,2024-06-26,,,,,0,stage2,1,0,0,0
U011135,2024-04-14,Social,Desktop,Central,25-34,2024-04,2024-04-14,2024-04-15,,,,,0,stage2,1,0,0,0
U011136,2024-05-25,Paid_Search,Mobile,South,35-44,2024-05,2024-05-25,2024-05-27,,,,,0,stage2,1,0,0,0
U011139,2024-05-26,Paid_Search,Mobile,North,18-24,2024-05,2024-05-26,2024-05-27,,,,,0,stage2,1,0,0,0
U011140,2024-05-20,Organic,Desktop,Central,35-44,2024-05,2024-05-20,2024-05-20,,,,,0,stage2,1,0,0,0
U011142,2024-04-22,Organic,Mobile,North,35-44,2024-04,2024-04-22,2024-04-23,,,,,0,stage2,1,0,0,0
U011146,2024-06-26,Social,Desktop,East,25-34,2024-06,2024-06-26,2024-06-28,2024-06-29,2024-07-01,,,0,stage4,1,1,1,0
U011148,2024-06-18,Paid_Search,Mobile,North,25-34,2024-06,2024-06-18,2024-06-18,,,,,0,stage2,1,0,0,0
U011149,2024-05-25,Email,Desktop,South,45-54,2024-05,2024-05-25,,,,,,0,stage1,0,0,0,0
U011151,2024-05-28,Paid_Search,Tablet,North,45-54,2024-05,2024-05-28,2024-05-30,2024-06-01,,,,0,stage3,1,1,0,0
U011154,2024-05-05,Referral,Desktop,Central,45-54,2024-05,2024-05-05,2024-05-06,2024-05-08,2024-05-08,2024-05-11,2024-05-12,1,Converted,1,1,1,1
U011159,2024-04-07,Referral,Mobile,East,35-44,2024-04,2024-04-07,2024-04-08,,,,,0,stage2,1,0,0,0
U011161,2024-04-10,Paid_Search,Desktop,Central,18-24,2024-04,2024-04-10,2024-04-10,,,,,0,stage2,1,0,0,0
U011163,2024-04-27,Social,Desktop,East,25-34,2024-04,2024-04-27,2024-04-29,2024-05-01,,,,0,stage3,1,1,0,0
U011166,2024-05-26,Paid_Search,Mobile,West,25-34,2024-05,2024-05-26,,,,,,0,stage1,0,0,0,0
U011167,2024-06-28,Referral,Desktop,Central,45-54,2024-06,2024-06-28,2024-06-28,,,,,0,stage2,1,0,0,0
U011173,2024-04-17,Social,Desktop,West,45-54,2024-04,2024-04-17,,,,,,0,stage1,0,0,0,0
U011174,2024-06-22,Email,Tablet,South,25-34,2024-06,2024-06-22,2024-06-22,2024-06-24,2024-06-24,,,0,stage4,1,1,1,0
U011179,2024-04-23,Referral,Mobile,East,25-34,2024-04,2024-04-23,2024-04-23,2024-04-24,2024-04-26,2024-04-27,2024-04-28,1,Converted,1,1,1,1
U011180,2024-06-22,Referral,Mobile,East,55+,2024-06,2024-06-22,2024-06-23,,,,,0,stage2,1,0,0,0
U011181,2024-04-26,Paid_Search,Desktop,West,25-34,2024-04,2024-04-26,2024-04-27,,,,,0,stage2,1,0,0,0
U011182,2024-05-24,Referral,Desktop,East,25-34,2024-05,2024-05-24,,,,,,0,stage1,0,0,0,0
U011183,2024-05-22,Organic,Desktop,North,35-44,2024-05,2024-05-22,2024-05-24,,,,,0,stage2,1,0,0,0
U011184,2024-04-25,Organic,Desktop,Central,25-34,2024-04,2024-04-25,2024-04-26,2024-04-29,2024-04-29,2024-04-30,2024-04-30,1,Converted,1,1,1,1
U011185,2024-05-31,Paid_Search,Mobile,North,25-34,2024-05,2024-05-31,2024-06-02,2024-06-05,,,,0,stage3,1,1,0,0
U011186,2024-04-18,Organic,Mobile,West,35-44,2024-04,2024-04-18,2024-04-19,,,,,0,stage2,1,0,0,0
U011189,2024-04-17,Paid_Search,Mobile,East,35-44,2024-04,2024-04-17,2024-04-19,,,,,0,stage2,1,0,0,0
U011191,2024-06-26,Referral,Tablet,East,18-24,2024-06,2024-06-26,2024-06-26,,,,,0,stage2,1,0,0,0
U011192,2024-04-27,Paid_Search,Desktop,North,45-54,2024-04,2024-04-27,,,,,,0,stage1,0,0,0,0
U011193,2024-04-04,Paid_Search,Desktop,North,25-34,2024-04,2024-04-04,2024-04-05,2024-04-08,,,,0,stage3,1,1,0,0
U011196,2024-06-01,Referral,Mobile,West,35-44,2024-06,2024-06-01,2024-06-01,,,,,0,stage2,1,0,0,0
U011198,2024-04-23,Paid_Search,Desktop,South,35-44,2024-04,2024-04-23,2024-04-23,,,,,0,stage2,1,0,0,0
U011201,2024-05-20,Paid_Search,Mobile,Central,25-34,2024-05,2024-05-20,,,,,,0,stage1,0,0,0,0
U011206,2024-06-14,Organic,Desktop,West,25-34,2024-06,2024-06-14,2024-06-16,2024-06-19,2024-06-21,2024-06-23,2024-06-23,1,Converted,1,1,1,1
U011209,2024-05-13,Social,Desktop,Central,18-24,2024-05,2024-05-13,2024-05-15,,,,,0,stage2,1,0,0,0
U011210,2024-05-05,Social,Desktop,Central,25-34,2024-05,2024-05-05,,,,,,0,stage1,0,0,0,0
U011212,2024-06-24,Organic,Mobile,North,18-24,2024-06,2024-06-24,,,,,,0,stage1,0,0,0,0
U011213,2024-04-03,Paid_Search,Tablet,East,45-54,2024-04,2024-04-03,,,,,,0,stage1,0,0,0,0
U011214,2024-05-24,Organic,Mobile,South,45-54,2024-05,2024-05-24,,,,,,0,stage1,0,0,0,0
U011217,2024-05-08,Email,Mobile,West,35-44,2024-05,2024-05-08,2024-05-09,2024-05-10,2024-05-12,2024-05-15,2024-05-16,1,Converted,1,1,1,1
U011218,2024-05-20,Organic,Desktop,South,45-54,2024-05,2024-05-20,2024-05-22,,,,,0,stage2,1,0,0,0
U011220,2024-05-30,Social,Desktop,South,35-44,2024-05,2024-05-30,,,,,,0,stage1,0,0,0,0
U011222,2024-04-28,Referral,Mobile,West,55+,2024-04,2024-04-28,2024-04-30,,,,,0,stage2,1,0,0,0
U011223,2024-04-30,Organic,Mobile,East,45-54,2024-04,2024-04-30,2024-04-30,,,,,0,stage2,1,0,0,0
U011224,2024-06-29,Paid_Search,Mobile,South,18-24,2024-06,2024-06-29,2024-07-01,2024-07-02,2024-07-03,,,0,stage4,1,1,1,0
U011225,2024-05-22,Social,Mobile,East,18-24,2024-05,2024-05-22,,,,,,0,stage1,0,0,0,0
U011226,2024-05-12,Email,Desktop,North,18-24,2024-05,2024-05-12,,,,,,0,stage1,0,0,0,0
U011229,2024-05-16,Paid_Search,Desktop,South,18-24,2024-05,2024-05-16,,,,,,0,stage1,0,0,0,0
U011230,2024-06-28,Organic,Desktop,North,35-44,2024-06,2024-06-28,,,,,,0,stage1,0,0,0,0
U011231,2024-06-03,Email,Mobile,East,18-24,2024-06,2024-06-03,,,,,,0,stage1,0,0,0,0
U011234,2024-05-20,Organic,Desktop,Central,35-44,2024-05,2024-05-20,2024-05-21,,,,,0,stage2,1,0,0,0
U011235,2024-06-04,Social,Desktop,Central,18-24,2024-06,2024-06-04,,,,,,0,stage1,0,0,0,0
U011237,2024-05-28,Organic,Desktop,West,18-24,2024-05,2024-05-28,2024-05-29,2024-05-30,2024-06-01,2024-06-04,2024-06-05,1,Converted,1,1,1,1
U011239,2024-05-02,Organic,Mobile,North,35-44,2024-05,2024-05-02,,,,,,0,stage1,0,0,0,0
U011243,2024-06-06,Email,Desktop,South,35-44,2024-06,2024-06-06,2024-06-07,,,,,0,stage2,1,0,0,0
U011244,2024-05-17,Referral,Mobile,Central,45-54,2024-05,2024-05-17,2024-05-17,2024-05-20,2024-05-20,2024-05-22,2024-05-24,1,Converted,1,1,1,1
U011248,2024-05-04,Organic,Desktop,North,35-44,2024-05,2024-05-04,2024-05-05,2024-05-08,,,,0,stage3,1,1,0,0
U011250,2024-05-14,Organic,Desktop,Central,45-54,2024-05,2024-05-14,2024-05-16,,,,,0,stage2,1,0,0,0
U011255,2024-06-09,Paid_Search,Mobile,East,35-44,2024-06,2024-06-09,2024-06-11,,,,,0,stage2,1,0,0,0
U011260,2024-06-27,Referral,Desktop,North,25-34,2024-06,2024-06-27,2024-06-27,,,,,0,stage2,1,0,0,0
U011262,2024-04-22,Organic,Mobile,West,35-44,2024-04,2024-04-22,,,,,,0,stage1,0,0,0,0
U011263,2024-05-07,Paid_Search,Mobile,Central,18-24,2024-05,2024-05-07,,,,,,0,stage1,0,0,0,0
U011264,2024-04-01,Social,Mobile,North,35-44,2024-04,2024-04-01,2024-04-01,,,,,0,stage2,1,0,0,0
U011265,2024-06-27,Organic,Mobile,Central,25-34,2024-06,2024-06-27,,,,,,0,stage1,0,0,0,0
U011273,2024-06-01,Referral,Mobile,South,55+,2024-06,2024-06-01,,,,,,0,stage1,0,0,0,0
U011275,2024-04-22,Organic,Mobile,East,25-34,2024-04,2024-04-22,,,,,,0,stage1,0,0,0,0
U011276,2024-04-26,Organic,Mobile,West,35-44,2024-04,2024-04-26,2024-04-27,,,,,0,stage2,1,0,0,0
U011277,2024-04-01,Organic,Tablet,North,18-24,2024-04,2024-04-01,2024-04-02,,,,,0,stage2,1,0,0,0
U011278,2024-05-29,Organic,Mobile,North,25-34,2024-05,2024-05-29,2024-05-29,2024-06-01,2024-06-03,2024-06-05,2024-06-05,1,Converted,1,1,1,1
U011280,2024-06-24,Referral,Mobile,West,25-34,2024-06,2024-06-24,2024-06-24,2024-06-27,,,,0,stage3,1,1,0,0
U011283,2024-04-16,Organic,Desktop,North,25-34,2024-04,2024-04-16,2024-04-18,,,,,0,stage2,1,0,0,0
U011284,2024-06-24,Referral,Desktop,East,55+,2024-06,2024-06-24,2024-06-26,2024-06-27,,,,0,stage3,1,1,0,0
U011285,2024-04-30,Referral,Desktop,East,45-54,2024-04,2024-04-30,2024-05-01,2024-05-03,2024-05-05,,,0,stage4,1,1,1,0
U011287,2024-05-29,Referral,Mobile,West,18-24,2024-05,2024-05-29,,,,,,0,stage1,0,0,0,0
U011288,2024-05-15,Paid_Search,Desktop,South,18-24,2024-05,2024-05-15,2024-05-15,,,,,0,stage2,1,0,0,0
U011290,2024-06-07,Paid_Search,Desktop,East,25-34,2024-06,2024-06-07,2024-06-08,2024-06-10,2024-06-10,2024-06-12,2024-06-14,1,Converted,1,1,1,1
U011292,2024-04-17,Paid_Search,Desktop,North,45-54,2024-04,2024-04-17,2024-04-18,,,,,0,stage2,1,0,0,0
U011295,2024-04-10,Organic,Tablet,Central,35-44,2024-04,2024-04-10,2024-04-11,,,,,0,stage2,1,0,0,0
U011298,2024-05-11,Paid_Search,Mobile,West,18-24,2024-05,2024-05-11,2024-05-12,,,,,0,stage2,1,0,0,0
U011299,2024-04-02,Organic,Desktop,North,55+,2024-04,2024-04-02,2024-04-03,,,,,0,stage2,1,0,0,0
U011301,2024-06-16,Social,Mobile,East,45-54,2024-06,2024-06-16,2024-06-16,2024-06-18,2024-06-19,,,0,stage4,1,1,1,0
U011302,2024-04-10,Paid_Search,Tablet,East,35-44,2024-04,2024-04-10,,,,,,0,stage1,0,0,0,0
U011304,2024-06-24,Referral,Desktop,Central,25-34,2024-06,2024-06-24,,,,,,0,stage1,0,0,0,0
U011306,2024-04-16,Organic,Mobile,South,25-34,2024-04,2024-04-16,2024-04-17,2024-04-18,2024-04-19,2024-04-23,2024-04-23,1,Converted,1,1,1,1
U011307,2024-04-26,Social,Desktop,Central,25-34,2024-04,2024-04-26,2024-04-26,,,,,0,stage2,1,0,0,0
U011310,2024-04-08,Referral,Mobile,East,35-44,2024-04,2024-04-08,,,,,,0,stage1,0,0,0,0
U011312,2024-04-21,Referral,Desktop,East,35-44,2024-04,2024-04-21,2024-04-21,,,,,0,stage2,1,0,0,0
U011317,2024-04-15,Paid_Search,Mobile,West,55+,2024-04,2024-04-15,2024-04-17,,,,,0,stage2,1,0,0,0
U011319,2024-05-22,Referral,Desktop,North,18-24,2024-05,2024-05-22,2024-05-24,2024-05-26,,,,0,stage3,1,1,0,0
U011322,2024-05-06,Social,Desktop,South,55+,2024-05,2024-05-06,2024-05-08,2024-05-11,,,,0,stage3,1,1,0,0
U011323,2024-06-07,Email,Desktop,North,25-34,2024-06,2024-06-07,2024-06-07,,,,,0,stage2,1,0,0,0
U011324,2024-06-08,Organic,Desktop,North,45-54,2024-06,2024-06-08,2024-06-09,,,,,0,stage2,1,0,0,0
U011329,2024-06-02,Social,Desktop,South,55+,2024-06,2024-06-02,2024-06-04,,,,,0,stage2,1,0,0,0
U011330,2024-06-23,Organic,Mobile,East,18-24,2024-06,2024-06-23,2024-06-24,2024-06-26,,,,0,stage3,1,1,0,0
U011334,2024-04-27,Organic,Mobile,North,35-44,2024-04,2024-04-27,2024-04-27,,,,,0,stage2,1,0,0,0
U011335,2024-04-03,Organic,Mobile,West,35-44,2024-04,2024-04-03,2024-04-05,2024-04-06,,,,0,stage3,1,1,0,0
U011336,2024-04-03,Paid_Search,Desktop,East,25-34,2024-04,2024-04-03,2024-04-05,2024-04-06,,,,0,stage3,1,1,0,0
U011340,2024-06-25,Social,Desktop,West,18-24,2024-06,2024-06-25,2024-06-25,,,,,0,stage2,1,0,0,0
U011344,2024-05-24,Email,Mobile,Central,45-54,2024-05,2024-05-24,2024-05-26,,,,,0,stage2,1,0,0,0
U011349,2024-04-02,Email,Tablet,West,25-34,2024-04,2024-04-02,,,,,,0,stage1,0,0,0,0
U011351,2024-04-21,Referral,Mobile,West,35-44,2024-04,2024-04-21,2024-04-22,2024-04-25,2024-04-26,2024-04-29,2024-04-30,1,Converted,1,1,1,1
U011352,2024-04-08,Organic,Desktop,West,45-54,2024-04,2024-04-08,2024-04-10,,,,,0,stage2,1,0,0,0
U011353,2024-06-01,Organic,Mobile,North,45-54,2024-06,2024-06-01,2024-06-03,2024-06-05,,,,0,stage3,1,1,0,0
U011360,2024-06-27,Email,Desktop,West,45-54,2024-06,2024-06-27,,,,,,0,stage1,0,0,0,0
U011365,2024-06-01,Paid_Search,Mobile,East,35-44,2024-06,2024-06-01,2024-06-01,2024-06-03,2024-06-04,2024-06-08,2024-06-09,1,Converted,1,1,1,1
U011371,2024-04-04,Paid_Search,Mobile,North,35-44,2024-04,2024-04-04,2024-04-06,2024-04-09,2024-04-09,,,0,stage4,1,1,1,0
U011377,2024-04-16,Organic,Mobile,East,25-34,2024-04,2024-04-16,2024-04-16,,,,,0,stage2,1,0,0,0
U011380,2024-05-25,Email,Desktop,South,18-24,2024-05,2024-05-25,,,,,,0,stage1,0,0,0,0
U011381,2024-04-15,Social,Desktop,East,45-54,2024-04,2024-04-15,2024-04-15,2024-04-18,2024-04-19,2024-04-21,2024-04-21,1,Converted,1,1,1,1
U011382,2024-06-23,Organic,Mobile,South,35-44,2024-06,2024-06-23,2024-06-23,2024-06-24,2024-06-26,2024-06-27,2024-06-28,1,Converted,1,1,1,1
U011383,2024-05-15,Organic,Mobile,West,18-24,2024-05,2024-05-15,,,,,,0,stage1,0,0,0,0
U011384,2024-04-01,Referral,Mobile,South,55+,2024-04,2024-04-01,2024-04-01,,,,,0,stage2,1,0,0,0
U011387,2024-05-22,Organic,Desktop,West,45-54,2024-05,2024-05-22,,,,,,0,stage1,0,0,0,0
U011392,2024-04-27,Organic,Tablet,Central,18-24,2024-04,2024-04-27,2024-04-28,,,,,0,stage2,1,0,0,0
U011394,2024-06-22,Email,Desktop,North,25-34,2024-06,2024-06-22,2024-06-23,,,,,0,stage2,1,0,0,0
U011397,2024-06-14,Organic,Mobile,East,45-54,2024-06,2024-06-14,,,,,,0,stage1,0,0,0,0
U011398,2024-06-22,Organic,Mobile,North,55+,2024-06,2024-06-22,,,,,,0,stage1,0,0,0,0
U011402,2024-04-23,Organic,Desktop,South,25-34,2024-04,2024-04-23,2024-04-24,,,,,0,stage2,1,0,0,0
U011403,2024-04-25,Referral,Desktop,West,18-24,2024-04,2024-04-25,2024-04-25,2024-04-28,2024-04-29,2024-05-03,2024-05-05,1,Converted,1,1,1,1
U011407,2024-06-14,Referral,Mobile,North,25-34,2024-06,2024-06-14,2024-06-14,,,,,0,stage2,1,0,0,0
U011408,2024-06-10,Organic,Desktop,West,25-34,2024-06,2024-06-10,2024-06-12,2024-06-14,2024-06-14,2024-06-18,2024-06-20,1,Converted,1,1,1,1
U011413,2024-05-03,Email,Desktop,West,18-24,2024-05,2024-05-03,2024-05-05,,,,,0,stage2,1,0,0,0
U011419,2024-04-11,Social,Desktop,North,25-34,2024-04,2024-04-11,,,,,,0,stage1,0,0,0,0
U011420,2024-05-15,Social,Mobile,East,45-54,2024-05,2024-05-15,,,,,,0,stage1,0,0,0,0
U011421,2024-06-09,Social,Mobile,West,18-24,2024-06,2024-06-09,,,,,,0,stage1,0,0,0,0
U011422,2024-06-26,Paid_Search,Desktop,North,35-44,2024-06,2024-06-26,,,,,,0,stage1,0,0,0,0
U011425,2024-06-08,Paid_Search,Desktop,North,35-44,2024-06,2024-06-08,2024-06-09,,,,,0,stage2,1,0,0,0
U011427,2024-05-12,Paid_Search,Desktop,Central,25-34,2024-05,2024-05-12,2024-05-13,,,,,0,stage2,1,0,0,0
U011431,2024-05-27,Organic,Mobile,Central,25-34,2024-05,2024-05-27,2024-05-29,,,,,0,stage2,1,0,0,0
U011432,2024-06-10,Organic,Desktop,South,45-54,2024-06,2024-06-10,2024-06-11,,,,,0,stage2,1,0,0,0
U011435,2024-04-05,Social,Mobile,Central,25-34,2024-04,2024-04-05,2024-04-07,2024-04-09,,,,0,stage3,1,1,0,0
U011436,2024-06-17,Referral,Mobile,East,25-34,2024-06,2024-06-17,2024-06-19,2024-06-20,2024-06-20,2024-06-22,2024-06-22,1,Converted,1,1,1,1
U011438,2024-04-23,Paid_Search,Mobile,East,18-24,2024-04,2024-04-23,,,,,,0,stage1,0,0,0,0
U011440,2024-06-06,Referral,Mobile,Central,18-24,2024-06,2024-06-06,2024-06-06,,,,,0,stage2,1,0,0,0
U011441,2024-05-13,Social,Mobile,East,18-24,2024-05,2024-05-13,2024-05-15,2024-05-18,,,,0,stage3,1,1,0,0
U011443,2024-04-03,Paid_Search,Mobile,North,18-24,2024-04,2024-04-03,2024-04-04,,,,,0,stage2,1,0,0,0
U011444,2024-06-25,Social,Mobile,West,45-54,2024-06,2024-06-25,2024-06-27,2024-06-28,2024-06-29,2024-07-01,2024-07-01,1,Converted,1,1,1,1
U011446,2024-04-19,Social,Desktop,Central,25-34,2024-04,2024-04-19,,,,,,0,stage1,0,0,0,0
U011449,2024-04-30,Organic,Desktop,South,25-34,2024-04,2024-04-30,2024-05-01,2024-05-02,2024-05-02,,,0,stage4,1,1,1,0
U011450,2024-05-21,Paid_Search,Mobile,West,18-24,2024-05,2024-05-21,,,,,,0,stage1,0,0,0,0
U011451,2024-04-27,Paid_Search,Desktop,East,18-24,2024-04,2024-04-27,,,,,,0,stage1,0,0,0,0
U011454,2024-05-07,Paid_Search,Mobile,Central,35-44,2024-05,2024-05-07,,,,,,0,stage1,0,0,0,0
U011458,2024-05-05,Paid_Search,Mobile,East,45-54,2024-05,2024-05-05,2024-05-05,,,,,0,stage2,1,0,0,0
U011460,2024-06-14,Social,Desktop,North,25-34,2024-06,2024-06-14,,,,,,0,stage1,0,0,0,0
U011461,2024-05-21,Organic,Desktop,East,25-34,2024-05,2024-05-21,,,,,,0,stage1,0,0,0,0
U011463,2024-05-22,Social,Desktop,West,35-44,2024-05,2024-05-22,,,,,,0,stage1,0,0,0,0
U011464,2024-06-22,Organic,Mobile,North,45-54,2024-06,2024-06-22,2024-06-24,2024-06-27,2024-06-27,2024-06-28,,0,stage5,1,1,1,1
U011465,2024-05-06,Social,Desktop,West,18-24,2024-05,2024-05-06,,,,,,0,stage1,0,0,0,0
U011466,2024-06-19,Paid_Search,Desktop,East,25-34,2024-06,2024-06-19,2024-06-21,,,,,0,stage2,1,0,0,0
U011467,2024-04-21,Paid_Search,Desktop,North,25-34,2024-04,2024-04-21,,,,,,0,stage1,0,0,0,0
U011468,2024-06-30,Organic,Mobile,South,35-44,2024-06,2024-06-30,2024-07-01,2024-07-04,,,,0,stage3,1,1,0,0
U011470,2024-05-02,Organic,Desktop,North,35-44,2024-05,2024-05-02,2024-05-02,,,,,0,stage2,1,0,0,0
U011472,2024-04-23,Referral,Mobile,North,45-54,2024-04,2024-04-23,2024-04-24,2024-04-25,,,,0,stage3,1,1,0,0
U011475,2024-06-25,Paid_Search,Desktop,South,18-24,2024-06,2024-06-25,2024-06-25,2024-06-26,2024-06-26,2024-06-27,2024-06-29,1,Converted,1,1,1,1
U011480,2024-06-20,Organic,Desktop,North,18-24,2024-06,2024-06-20,2024-06-22,,,,,0,stage2,1,0,0,0
U011481,2024-05-24,Referral,Desktop,West,25-34,2024-05,2024-05-24,2024-05-24,2024-05-27,2024-05-29,2024-05-31,2024-05-31,1,Converted,1,1,1,1
U011484,2024-04-05,Email,Mobile,North,35-44,2024-04,2024-04-05,2024-04-07,2024-04-08,,,,0,stage3,1,1,0,0
U011485,2024-04-09,Organic,Desktop,East,45-54,2024-04,2024-04-09,2024-04-09,2024-04-12,2024-04-14,2024-04-18,2024-04-18,1,Converted,1,1,1,1
U011488,2024-05-16,Social,Desktop,Central,35-44,2024-05,2024-05-16,,,,,,0,stage1,0,0,0,0
U011490,2024-04-11,Email,Desktop,Central,25-34,2024-04,2024-04-11,,,,,,0,stage1,0,0,0,0
U011491,2024-06-24,Paid_Search,Desktop,West,55+,2024-06,2024-06-24,,,,,,0,stage1,0,0,0,0
U011492,2024-05-05,Paid_Search,Mobile,Central,35-44,2024-05,2024-05-05,,,,,,0,stage1,0,0,0,0
U011495,2024-05-04,Email,Mobile,East,55+,2024-05,2024-05-04,,,,,,0,stage1,0,0,0,0
U011496,2024-06-20,Social,Tablet,Central,45-54,2024-06,2024-06-20,2024-06-21,2024-06-22,2024-06-24,2024-06-27,2024-06-27,1,Converted,1,1,1,1
U011497,2024-06-16,Organic,Mobile,North,18-24,2024-06,2024-06-16,2024-06-18,2024-06-20,,,,0,stage3,1,1,0,0
U011500,2024-06-17,Paid_Search,Desktop,North,25-34,2024-06,2024-06-17,2024-06-17,,,,,0,stage2,1,0,0,0
U011503,2024-06-18,Organic,Mobile,West,55+,2024-06,2024-06-18,2024-06-18,,,,,0,stage2,1,0,0,0
U011504,2024-05-10,Organic,Mobile,Central,35-44,2024-05,2024-05-10,2024-05-11,,,,,0,stage2,1,0,0,0
U011505,2024-06-18,Paid_Search,Desktop,East,18-24,2024-06,2024-06-18,2024-06-19,2024-06-20,2024-06-22,2024-06-26,2024-06-28,1,Converted,1,1,1,1
U011506,2024-04-03,Paid_Search,Mobile,West,35-44,2024-04,2024-04-03,,,,,,0,stage1,0,0,0,0
U011507,2024-04-08,Email,Tablet,West,35-44,2024-04,2024-04-08,2024-04-08,2024-04-10,,,,0,stage3,1,1,0,0
U011509,2024-04-02,Organic,Desktop,West,25-34,2024-04,2024-04-02,2024-04-03,2024-04-05,,,,0,stage3,1,1,0,0
U011510,2024-05-25,Organic,Mobile,South,45-54,2024-05,2024-05-25,,,,,,0,stage1,0,0,0,0
U011513,2024-06-09,Organic,Mobile,West,18-24,2024-06,2024-06-09,2024-06-11,2024-06-12,2024-06-13,2024-06-14,,0,stage5,1,1,1,1
U011514,2024-04-19,Paid_Search,Mobile,East,18-24,2024-04,2024-04-19,,,,,,0,stage1,0,0,0,0
U011518,2024-04-19,Organic,Desktop,North,35-44,2024-04,2024-04-19,2024-04-20,,,,,0,stage2,1,0,0,0
U011520,2024-05-25,Social,Mobile,South,55+,2024-05,2024-05-25,,,,,,0,stage1,0,0,0,0
U011521,2024-06-20,Organic,Desktop,West,18-24,2024-06,2024-06-20,2024-06-20,,,,,0,stage2,1,0,0,0
U011522,2024-05-27,Organic,Desktop,North,35-44,2024-05,2024-05-27,2024-05-29,2024-05-31,,,,0,stage3,1,1,0,0
U011523,2024-05-31,Social,Desktop,North,25-34,2024-05,2024-05-31,2024-05-31,,,,,0,stage2,1,0,0,0
U011524,2024-05-31,Social,Desktop,West,25-34,2024-05,2024-05-31,2024-06-01,2024-06-03,2024-06-05,2024-06-09,2024-06-10,1,Converted,1,1,1,1
U011530,2024-04-21,Organic,Desktop,North,25-34,2024-04,2024-04-21,2024-04-21,2024-04-24,,,,0,stage3,1,1,0,0
U011532,2024-06-15,Paid_Search,Mobile,South,35-44,2024-06,2024-06-15,2024-06-16,,,,,0,stage2,1,0,0,0
U011535,2024-06-18,Email,Mobile,East,18-24,2024-06,2024-06-18,,,,,,0,stage1,0,0,0,0
U011541,2024-04-13,Email,Mobile,West,45-54,2024-04,2024-04-13,2024-04-14,2024-04-17,2024-04-19,2024-04-23,,0,stage5,1,1,1,1
U011542,2024-04-13,Paid_Search,Desktop,East,25-34,2024-04,2024-04-13,2024-04-13,2024-04-16,,,,0,stage3,1,1,0,0
U011543,2024-05-13,Social,Mobile,North,45-54,2024-05,2024-05-13,2024-05-14,,,,,0,stage2,1,0,0,0
U011545,2024-05-05,Organic,Desktop,North,18-24,2024-05,2024-05-05,,,,,,0,stage1,0,0,0,0
U011546,2024-05-03,Social,Desktop,South,45-54,2024-05,2024-05-03,2024-05-03,2024-05-04,2024-05-06,2024-05-08,2024-05-08,1,Converted,1,1,1,1
U011547,2024-04-22,Referral,Tablet,East,25-34,2024-04,2024-04-22,,,,,,0,stage1,0,0,0,0
U011548,2024-06-15,Paid_Search,Mobile,North,25-34,2024-06,2024-06-15,2024-06-16,,,,,0,stage2,1,0,0,0
U011549,2024-06-21,Organic,Desktop,Central,25-34,2024-06,2024-06-21,,,,,,0,stage1,0,0,0,0
U011552,2024-05-19,Referral,Mobile,East,25-34,2024-05,2024-05-19,2024-05-20,,,,,0,stage2,1,0,0,0
U011555,2024-06-12,Organic,Mobile,South,18-24,2024-06,2024-06-12,2024-06-12,,,,,0,stage2,1,0,0,0
U011556,2024-06-10,Referral,Mobile,West,18-24,2024-06,2024-06-10,2024-06-12,2024-06-15,2024-06-17,,,0,stage4,1,1,1,0
U011557,2024-06-26,Organic,Mobile,Central,25-34,2024-06,2024-06-26,2024-06-27,,,,,0,stage2,1,0,0,0
U011559,2024-06-03,Organic,Mobile,West,25-34,2024-06,2024-06-03,2024-06-03,2024-06-06,2024-06-07,2024-06-10,2024-06-11,1,Converted,1,1,1,1
U011561,2024-05-11,Organic,Mobile,East,35-44,2024-05,2024-05-11,2024-05-13,2024-05-16,2024-05-18,2024-05-21,2024-05-21,1,Converted,1,1,1,1
U011567,2024-04-06,Paid_Search,Mobile,West,35-44,2024-04,2024-04-06,,,,,,0,stage1,0,0,0,0
U011570,2024-05-24,Paid_Search,Desktop,Central,25-34,2024-05,2024-05-24,2024-05-26,,,,,0,stage2,1,0,0,0
U011571,2024-04-26,Paid_Search,Desktop,West,18-24,2024-04,2024-04-26,,,,,,0,stage1,0,0,0,0
U011575,2024-05-23,Social,Mobile,South,35-44,2024-05,2024-05-23,2024-05-24,2024-05-26,2024-05-27,,,0,stage4,1,1,1,0
U011578,2024-04-25,Organic,Mobile,North,55+,2024-04,2024-04-25,,,,,,0,stage1,0,0,0,0
U011581,2024-04-17,Referral,Mobile,West,35-44,2024-04,2024-04-17,2024-04-17,2024-04-19,,,,0,stage3,1,1,0,0
U011583,2024-06-25,Referral,Desktop,Central,45-54,2024-06,2024-06-25,2024-06-25,2024-06-27,2024-06-28,,,0,stage4,1,1,1,0
U011588,2024-05-30,Organic,Mobile,South,25-34,2024-05,2024-05-30,2024-06-01,2024-06-03,,,,0,stage3,1,1,0,0
U011590,2024-05-24,Social,Mobile,West,35-44,2024-05,2024-05-24,2024-05-25,,,,,0,stage2,1,0,0,0
U011591,2024-06-06,Social,Tablet,Central,45-54,2024-06,2024-06-06,2024-06-06,,,,,0,stage2,1,0,0,0
U011592,2024-04-28,Paid_Search,Mobile,Central,55+,2024-04,2024-04-28,,,,,,0,stage1,0,0,0,0
U011593,2024-04-22,Social,Mobile,East,45-54,2024-04,2024-04-22,2024-04-22,2024-04-23,2024-04-25,2024-04-28,2024-04-28,1,Converted,1,1,1,1
U011594,2024-05-25,Paid_Search,Tablet,Central,25-34,2024-05,2024-05-25,,,,,,0,stage1,0,0,0,0
U011595,2024-06-27,Organic,Desktop,East,35-44,2024-06,2024-06-27,2024-06-28,2024-06-29,,,,0,stage3,1,1,0,0
U011598,2024-06-26,Organic,Mobile,South,35-44,2024-06,2024-06-26,2024-06-27,,,,,0,stage2,1,0,0,0
U011599,2024-05-31,Referral,Mobile,East,18-24,2024-05,2024-05-31,,,,,,0,stage1,0,0,0,0
U011600,2024-04-29,Organic,Desktop,East,35-44,2024-04,2024-04-29,2024-05-01,2024-05-02,2024-05-02,2024-05-05,2024-05-06,1,Converted,1,1,1,1
U011603,2024-05-15,Referral,Desktop,North,55+,2024-05,2024-05-15,2024-05-15,2024-05-17,2024-05-18,2024-05-20,2024-05-21,1,Converted,1,1,1,1
U011607,2024-05-14,Paid_Search,Desktop,South,35-44,2024-05,2024-05-14,2024-05-16,2024-05-19,,,,0,stage3,1,1,0,0
U011608,2024-05-25,Social,Desktop,North,45-54,2024-05,2024-05-25,,,,,,0,stage1,0,0,0,0
U011610,2024-06-05,Paid_Search,Mobile,North,35-44,2024-06,2024-06-05,2024-06-06,2024-06-08,,,,0,stage3,1,1,0,0
U011612,2024-06-17,Paid_Search,Mobile,Central,18-24,2024-06,2024-06-17,,,,,,0,stage1,0,0,0,0
U011613,2024-04-21,Paid_Search,Mobile,South,35-44,2024-04,2024-04-21,,,,,,0,stage1,0,0,0,0
U011620,2024-04-11,Paid_Search,Desktop,West,35-44,2024-04,2024-04-11,2024-04-13,2024-04-16,,,,0,stage3,1,1,0,0
U011621,2024-05-30,Referral,Mobile,North,25-34,2024-05,2024-05-30,2024-05-30,,,,,0,stage2,1,0,0,0
U011622,2024-06-04,Paid_Search,Desktop,East,35-44,2024-06,2024-06-04,2024-06-04,2024-06-07,,,,0,stage3,1,1,0,0
U011624,2024-04-25,Paid_Search,Desktop,East,18-24,2024-04,2024-04-25,,,,,,0,stage1,0,0,0,0
U011627,2024-05-27,Referral,Mobile,West,35-44,2024-05,2024-05-27,2024-05-28,2024-05-30,2024-05-31,2024-06-01,2024-06-03,1,Converted,1,1,1,1
U011628,2024-06-22,Organic,Desktop,West,35-44,2024-06,2024-06-22,,,,,,0,stage1,0,0,0,0
U011629,2024-06-17,Paid_Search,Mobile,South,25-34,2024-06,2024-06-17,2024-06-19,,,,,0,stage2,1,0,0,0
U011630,2024-05-23,Organic,Mobile,East,18-24,2024-05,2024-05-23,,,,,,0,stage1,0,0,0,0
U011633,2024-06-03,Paid_Search,Desktop,West,35-44,2024-06,2024-06-03,,,,,,0,stage1,0,0,0,0
U011634,2024-05-02,Referral,Desktop,West,25-34,2024-05,2024-05-02,2024-05-04,2024-05-05,2024-05-07,2024-05-10,2024-05-10,1,Converted,1,1,1,1
U011637,2024-04-24,Organic,Mobile,West,25-34,2024-04,2024-04-24,,,,,,0,stage1,0,0,0,0
U011640,2024-05-02,Organic,Desktop,West,45-54,2024-05,2024-05-02,2024-05-03,2024-05-05,2024-05-07,2024-05-10,,0,stage5,1,1,1,1
U011642,2024-06-30,Referral,Mobile,West,25-34,2024-06,2024-06-30,2024-07-01,2024-07-03,2024-07-04,2024-07-08,2024-07-10,1,Converted,1,1,1,1
U011648,2024-04-20,Organic,Desktop,Central,25-34,2024-04,2024-04-20,2024-04-21,2024-04-23,2024-04-23,2024-04-25,2024-04-27,1,Converted,1,1,1,1
U011649,2024-06-05,Social,Mobile,Central,45-54,2024-06,2024-06-05,2024-06-05,2024-06-08,2024-06-08,2024-06-09,2024-06-09,1,Converted,1,1,1,1
U011650,2024-04-01,Referral,Desktop,Central,45-54,2024-04,2024-04-01,,,,,,0,stage1,0,0,0,0
U011653,2024-04-28,Paid_Search,Desktop,West,18-24,2024-04,2024-04-28,2024-04-29,2024-05-01,,,,0,stage3,1,1,0,0
U011654,2024-04-01,Paid_Search,Desktop,North,18-24,2024-04,2024-04-01,2024-04-03,,,,,0,stage2,1,0,0,0
U011655,2024-06-29,Paid_Search,Desktop,South,18-24,2024-06,2024-06-29,2024-07-01,,,,,0,stage2,1,0,0,0
U011656,2024-04-10,Social,Mobile,North,35-44,2024-04,2024-04-10,2024-04-10,,,,,0,stage2,1,0,0,0
U011658,2024-05-22,Social,Desktop,North,35-44,2024-05,2024-05-22,,,,,,0,stage1,0,0,0,0
U011659,2024-04-20,Paid_Search,Mobile,North,35-44,2024-04,2024-04-20,2024-04-20,,,,,0,stage2,1,0,0,0
U011660,2024-05-26,Social,Desktop,Central,35-44,2024-05,2024-05-26,2024-05-28,,,,,0,stage2,1,0,0,0
U011662,2024-05-21,Organic,Desktop,West,35-44,2024-05,2024-05-21,,,,,,0,stage1,0,0,0,0
U011665,2024-06-27,Social,Mobile,South,35-44,2024-06,2024-06-27,2024-06-28,2024-06-30,,,,0,stage3,1,1,0,0
U011666,2024-04-09,Paid_Search,Mobile,East,25-34,2024-04,2024-04-09,2024-04-09,,,,,0,stage2,1,0,0,0
U011670,2024-05-18,Organic,Desktop,East,55+,2024-05,2024-05-18,2024-05-20,2024-05-22,2024-05-22,2024-05-24,2024-05-25,1,Converted,1,1,1,1
U011672,2024-06-20,Social,Desktop,East,35-44,2024-06,2024-06-20,2024-06-22,2024-06-23,2024-06-23,2024-06-25,2024-06-25,1,Converted,1,1,1,1
U011675,2024-04-14,Social,Desktop,West,18-24,2024-04,2024-04-14,2024-04-14,,,,,0,stage2,1,0,0,0
U011676,2024-06-16,Organic,Mobile,South,25-34,2024-06,2024-06-16,2024-06-16,2024-06-17,,,,0,stage3,1,1,0,0
U011678,2024-05-28,Email,Mobile,West,18-24,2024-05,2024-05-28,2024-05-29,,,,,0,stage2,1,0,0,0
U011679,2024-05-09,Organic,Desktop,South,25-34,2024-05,2024-05-09,2024-05-11,2024-05-14,,,,0,stage3,1,1,0,0
U011680,2024-06-21,Paid_Search,Tablet,North,35-44,2024-06,2024-06-21,2024-06-23,2024-06-25,2024-06-27,2024-06-28,2024-06-28,1,Converted,1,1,1,1
U011681,2024-05-21,Organic,Desktop,Central,18-24,2024-05,2024-05-21,,,,,,0,stage1,0,0,0,0
U011682,2024-06-15,Organic,Desktop,East,25-34,2024-06,2024-06-15,2024-06-16,2024-06-19,2024-06-21,2024-06-23,2024-06-25,1,Converted,1,1,1,1
U011685,2024-06-18,Paid_Search,Desktop,North,25-34,2024-06,2024-06-18,2024-06-19,2024-06-21,2024-06-22,2024-06-23,2024-06-24,1,Converted,1,1,1,1
U011692,2024-05-17,Organic,Mobile,Central,45-54,2024-05,2024-05-17,2024-05-18,,,,,0,stage2,1,0,0,0
U011694,2024-06-05,Social,Mobile,South,35-44,2024-06,2024-06-05,,,,,,0,stage1,0,0,0,0
U011696,2024-04-10,Organic,Desktop,East,25-34,2024-04,2024-04-10,2024-04-11,,,,,0,stage2,1,0,0,0
U011702,2024-06-08,Referral,Mobile,West,45-54,2024-06,2024-06-08,2024-06-08,,,,,0,stage2,1,0,0,0
U011704,2024-05-26,Social,Mobile,East,55+,2024-05,2024-05-26,2024-05-26,,,,,0,stage2,1,0,0,0
U011710,2024-04-22,Paid_Search,Desktop,Central,25-34,2024-04,2024-04-22,2024-04-22,2024-04-25,2024-04-27,,,0,stage4,1,1,1,0
U011712,2024-06-20,Paid_Search,Mobile,West,25-34,2024-06,2024-06-20,,,,,,0,stage1,0,0,0,0
U011713,2024-04-19,Email,Desktop,North,25-34,2024-04,2024-04-19,2024-04-20,2024-04-22,,,,0,stage3,1,1,0,0
U011715,2024-06-05,Paid_Search,Desktop,North,25-34,2024-06,2024-06-05,,,,,,0,stage1,0,0,0,0
U011720,2024-05-28,Paid_Search,Mobile,North,25-34,2024-05,2024-05-28,,,,,,0,stage1,0,0,0,0
U011721,2024-05-22,Organic,Mobile,North,25-34,2024-05,2024-05-22,2024-05-23,,,,,0,stage2,1,0,0,0
U011722,2024-05-04,Organic,Desktop,North,35-44,2024-05,2024-05-04,2024-05-04,2024-05-05,,,,0,stage3,1,1,0,0
U011728,2024-05-28,Paid_Search,Mobile,Central,45-54,2024-05,2024-05-28,2024-05-30,,,,,0,stage2,1,0,0,0
U011732,2024-06-18,Referral,Desktop,North,18-24,2024-06,2024-06-18,,,,,,0,stage1,0,0,0,0
U011736,2024-04-22,Paid_Search,Mobile,West,18-24,2024-04,2024-04-22,,,,,,0,stage1,0,0,0,0
U011737,2024-04-15,Organic,Mobile,East,25-34,2024-04,2024-04-15,2024-04-16,2024-04-19,2024-04-21,,,0,stage4,1,1,1,0
U011738,2024-04-28,Referral,Mobile,North,35-44,2024-04,2024-04-28,,,,,,0,stage1,0,0,0,0
U011740,2024-06-13,Organic,Mobile,South,35-44,2024-06,2024-06-13,2024-06-15,,,,,0,stage2,1,0,0,0
U011741,2024-06-25,Email,Mobile,West,18-24,2024-06,2024-06-25,,,,,,0,stage1,0,0,0,0
U011742,2024-05-06,Organic,Tablet,East,25-34,2024-05,2024-05-06,2024-05-07,2024-05-09,2024-05-10,2024-05-11,2024-05-13,1,Converted,1,1,1,1
U011743,2024-06-02,Email,Mobile,West,45-54,2024-06,2024-06-02,,,,,,0,stage1,0,0,0,0
U011746,2024-04-08,Organic,Mobile,South,18-24,2024-04,2024-04-08,2024-04-09,,,,,0,stage2,1,0,0,0
U011747,2024-06-12,Organic,Desktop,Central,25-34,2024-06,2024-06-12,,,,,,0,stage1,0,0,0,0
U011748,2024-05-18,Organic,Tablet,Central,45-54,2024-05,2024-05-18,2024-05-18,,,,,0,stage2,1,0,0,0
U011749,2024-05-17,Email,Desktop,North,18-24,2024-05,2024-05-17,2024-05-18,,,,,0,stage2,1,0,0,0
U011751,2024-04-30,Organic,Mobile,East,35-44,2024-04,2024-04-30,,,,,,0,stage1,0,0,0,0
U011752,2024-06-10,Paid_Search,Mobile,East,35-44,2024-06,2024-06-10,,,,,,0,stage1,0,0,0,0
U011756,2024-06-25,Social,Desktop,North,35-44,2024-06,2024-06-25,,,,,,0,stage1,0,0,0,0
U011758,2024-04-08,Paid_Search,Desktop,East,35-44,2024-04,2024-04-08,2024-04-09,2024-04-12,,,,0,stage3,1,1,0,0
U011768,2024-06-27,Email,Mobile,East,45-54,2024-06,2024-06-27,2024-06-28,,,,,0,stage2,1,0,0,0
U011769,2024-06-25,Social,Mobile,Central,45-54,2024-06,2024-06-25,2024-06-27,,,,,0,stage2,1,0,0,0
U011770,2024-04-16,Paid_Search,Desktop,East,25-34,2024-04,2024-04-16,2024-04-18,,,,,0,stage2,1,0,0,0
U011771,2024-06-06,Social,Desktop,West,55+,2024-06,2024-06-06,,,,,,0,stage1,0,0,0,0
U011778,2024-06-07,Referral,Mobile,South,25-34,2024-06,2024-06-07,2024-06-09,,,,,0,stage2,1,0,0,0
U011780,2024-06-26,Organic,Mobile,South,25-34,2024-06,2024-06-26,,,,,,0,stage1,0,0,0,0
U011783,2024-05-06,Paid_Search,Mobile,North,25-34,2024-05,2024-05-06,2024-05-06,,,,,0,stage2,1,0,0,0
U011787,2024-05-22,Organic,Desktop,West,18-24,2024-05,2024-05-22,,,,,,0,stage1,0,0,0,0
U011788,2024-04-26,Paid_Search,Desktop,South,35-44,2024-04,2024-04-26,,,,,,0,stage1,0,0,0,0
U011793,2024-06-14,Social,Mobile,South,25-34,2024-06,2024-06-14,2024-06-15,,,,,0,stage2,1,0,0,0
U011798,2024-05-12,Social,Tablet,Central,18-24,2024-05,2024-05-12,2024-05-13,,,,,0,stage2,1,0,0,0
U011799,2024-05-10,Referral,Mobile,North,55+,2024-05,2024-05-10,,,,,,0,stage1,0,0,0,0
U011800,2024-06-02,Organic,Mobile,Central,25-34,2024-06,2024-06-02,,,,,,0,stage1,0,0,0,0
U011801,2024-05-28,Paid_Search,Desktop,South,45-54,2024-05,2024-05-28,2024-05-29,2024-05-30,2024-05-31,2024-06-04,2024-06-04,1,Converted,1,1,1,1
U011804,2024-06-06,Organic,Desktop,West,55+,2024-06,2024-06-06,,,,,,0,stage1,0,0,0,0
U011805,2024-06-23,Paid_Search,Mobile,South,25-34,2024-06,2024-06-23,2024-06-24,2024-06-27,,,,0,stage3,1,1,0,0
U011806,2024-06-24,Organic,Mobile,East,45-54,2024-06,2024-06-24,2024-06-25,2024-06-26,2024-06-28,2024-07-01,2024-07-01,1,Converted,1,1,1,1
U011807,2024-06-23,Referral,Desktop,Central,55+,2024-06,2024-06-23,2024-06-24,2024-06-26,2024-06-27,2024-06-29,,0,stage5,1,1,1,1
U011808,2024-04-11,Paid_Search,Tablet,South,18-24,2024-04,2024-04-11,,,,,,0,stage1,0,0,0,0
U011809,2024-04-19,Social,Mobile,North,18-24,2024-04,2024-04-19,2024-04-21,,,,,0,stage2,1,0,0,0
U011810,2024-06-17,Organic,Mobile,East,25-34,2024-06,2024-06-17,2024-06-17,,,,,0,stage2,1,0,0,0
U011812,2024-04-16,Email,Desktop,Central,35-44,2024-04,2024-04-16,,,,,,0,stage1,0,0,0,0
U011814,2024-04-25,Referral,Desktop,Central,25-34,2024-04,2024-04-25,,,,,,0,stage1,0,0,0,0
U011815,2024-05-07,Social,Mobile,East,25-34,2024-05,2024-05-07,2024-05-08,,,,,0,stage2,1,0,0,0
U011818,2024-05-25,Referral,Mobile,West,55+,2024-05,2024-05-25,2024-05-25,,,,,0,stage2,1,0,0,0
U011820,2024-04-17,Social,Mobile,East,55+,2024-04,2024-04-17,2024-04-17,,,,,0,stage2,1,0,0,0
U011821,2024-04-12,Email,Desktop,South,18-24,2024-04,2024-04-12,2024-04-13,,,,,0,stage2,1,0,0,0
U011822,2024-05-18,Paid_Search,Mobile,Central,25-34,2024-05,2024-05-18,,,,,,0,stage1,0,0,0,0
U011827,2024-05-31,Organic,Desktop,South,25-34,2024-05,2024-05-31,2024-06-01,2024-06-02,2024-06-02,,,0,stage4,1,1,1,0
U011833,2024-06-19,Email,Desktop,West,45-54,2024-06,2024-06-19,2024-06-21,2024-06-24,,,,0,stage3,1,1,0,0
U011834,2024-04-12,Email,Desktop,North,55+,2024-04,2024-04-12,,,,,,0,stage1,0,0,0,0
U011837,2024-06-20,Organic,Mobile,West,18-24,2024-06,2024-06-20,,,,,,0,stage1,0,0,0,0
U011840,2024-06-08,Paid_Search,Mobile,South,35-44,2024-06,2024-06-08,,,,,,0,stage1,0,0,0,0
U011843,2024-04-06,Paid_Search,Tablet,East,35-44,2024-04,2024-04-06,2024-04-06,2024-04-08,,,,0,stage3,1,1,0,0
U011844,2024-06-18,Paid_Search,Desktop,South,25-34,2024-06,2024-06-18,2024-06-19,,,,,0,stage2,1,0,0,0
U011845,2024-06-08,Referral,Desktop,South,45-54,2024-06,2024-06-08,2024-06-10,2024-06-11,2024-06-13,2024-06-16,2024-06-16,1,Converted,1,1,1,1
U011848,2024-05-17,Paid_Search,Desktop,South,55+,2024-05,2024-05-17,,,,,,0,stage1,0,0,0,0
U011850,2024-05-16,Paid_Search,Mobile,West,35-44,2024-05,2024-05-16,2024-05-16,,,,,0,stage2,1,0,0,0
U011851,2024-06-29,Social,Mobile,West,35-44,2024-06,2024-06-29,2024-06-29,,,,,0,stage2,1,0,0,0
U011855,2024-04-05,Organic,Desktop,South,35-44,2024-04,2024-04-05,2024-04-07,2024-04-09,,,,0,stage3,1,1,0,0
U011856,2024-05-10,Organic,Mobile,East,25-34,2024-05,2024-05-10,2024-05-12,2024-05-13,2024-05-15,2024-05-18,2024-05-20,1,Converted,1,1,1,1
U011858,2024-05-19,Referral,Desktop,Central,45-54,2024-05,2024-05-19,2024-05-20,2024-05-23,2024-05-24,2024-05-28,2024-05-29,1,Converted,1,1,1,1
U011862,2024-05-15,Organic,Desktop,Central,55+,2024-05,2024-05-15,,,,,,0,stage1,0,0,0,0
U011866,2024-06-21,Email,Tablet,South,45-54,2024-06,2024-06-21,2024-06-21,,,,,0,stage2,1,0,0,0
U011868,2024-04-09,Referral,Mobile,West,45-54,2024-04,2024-04-09,,,,,,0,stage1,0,0,0,0
U011870,2024-05-08,Referral,Desktop,South,55+,2024-05,2024-05-08,2024-05-09,2024-05-11,,,,0,stage3,1,1,0,0
U011871,2024-06-12,Paid_Search,Desktop,East,25-34,2024-06,2024-06-12,2024-06-14,,,,,0,stage2,1,0,0,0
U011872,2024-05-02,Paid_Search,Desktop,North,35-44,2024-05,2024-05-02,,,,,,0,stage1,0,0,0,0
U011874,2024-05-13,Paid_Search,Mobile,North,55+,2024-05,2024-05-13,,,,,,0,stage1,0,0,0,0
U011876,2024-04-09,Paid_Search,Tablet,South,35-44,2024-04,2024-04-09,,,,,,0,stage1,0,0,0,0
U011877,2024-06-12,Organic,Tablet,North,25-34,2024-06,2024-06-12,2024-06-13,,,,,0,stage2,1,0,0,0
U011879,2024-04-21,Organic,Desktop,North,45-54,2024-04,2024-04-21,2024-04-23,,,,,0,stage2,1,0,0,0
U011881,2024-06-17,Paid_Search,Desktop,East,45-54,2024-06,2024-06-17,,,,,,0,stage1,0,0,0,0
U011884,2024-06-05,Organic,Desktop,North,35-44,2024-06,2024-06-05,,,,,,0,stage1,0,0,0,0
U011889,2024-06-05,Paid_Search,Mobile,North,25-34,2024-06,2024-06-05,2024-06-06,,,,,0,stage2,1,0,0,0
U011890,2024-05-16,Organic,Mobile,Central,55+,2024-05,2024-05-16,2024-05-16,2024-05-17,,,,0,stage3,1,1,0,0
U011892,2024-05-04,Paid_Search,Mobile,West,25-34,2024-05,2024-05-04,,,,,,0,stage1,0,0,0,0
U011893,2024-05-10,Email,Mobile,North,55+,2024-05,2024-05-10,2024-05-12,2024-05-15,,,,0,stage3,1,1,0,0
U011896,2024-04-30,Organic,Tablet,Central,35-44,2024-04,2024-04-30,,,,,,0,stage1,0,0,0,0
U011897,2024-06-06,Organic,Desktop,North,35-44,2024-06,2024-06-06,,,,,,0,stage1,0,0,0,0
U011898,2024-04-24,Paid_Search,Desktop,North,35-44,2024-04,2024-04-24,2024-04-24,2024-04-26,,,,0,stage3,1,1,0,0
U011899,2024-05-30,Referral,Mobile,East,35-44,2024-05,2024-05-30,2024-06-01,2024-06-04,,,,0,stage3,1,1,0,0
U011900,2024-06-05,Referral,Desktop,Central,35-44,2024-06,2024-06-05,,,,,,0,stage1,0,0,0,0
U011902,2024-05-27,Organic,Mobile,Central,35-44,2024-05,2024-05-27,2024-05-29,,,,,0,stage2,1,0,0,0
U011903,2024-05-14,Referral,Mobile,South,35-44,2024-05,2024-05-14,,,,,,0,stage1,0,0,0,0
U011905,2024-06-15,Referral,Mobile,South,35-44,2024-06,2024-06-15,,,,,,0,stage1,0,0,0,0
U011907,2024-06-27,Referral,Tablet,Central,35-44,2024-06,2024-06-27,2024-06-27,,,,,0,stage2,1,0,0,0
U011909,2024-04-20,Paid_Search,Mobile,South,18-24,2024-04,2024-04-20,,,,,,0,stage1,0,0,0,0
U011910,2024-04-18,Social,Mobile,North,25-34,2024-04,2024-04-18,2024-04-19,2024-04-20,2024-04-22,2024-04-24,,0,stage5,1,1,1,1
U011911,2024-06-29,Social,Desktop,West,18-24,2024-06,2024-06-29,2024-06-29,2024-06-30,,,,0,stage3,1,1,0,0
U011921,2024-06-30,Referral,Mobile,East,35-44,2024-06,2024-06-30,,,,,,0,stage1,0,0,0,0
U011923,2024-05-21,Social,Desktop,North,25-34,2024-05,2024-05-21,2024-05-23,,,,,0,stage2,1,0,0,0
U011925,2024-06-06,Social,Mobile,Central,18-24,2024-06,2024-06-06,2024-06-06,2024-06-09,,,,0,stage3,1,1,0,0
U011926,2024-05-24,Social,Desktop,North,35-44,2024-05,2024-05-24,2024-05-26,,,,,0,stage2,1,0,0,0
U011928,2024-04-11,Paid_Search,Mobile,North,35-44,2024-04,2024-04-11,,,,,,0,stage1,0,0,0,0
U011929,2024-05-16,Email,Tablet,East,45-54,2024-05,2024-05-16,2024-05-18,2024-05-20,,,,0,stage3,1,1,0,0
U011931,2024-04-27,Social,Mobile,West,35-44,2024-04,2024-04-27,2024-04-28,2024-04-29,,,,0,stage3,1,1,0,0
U011935,2024-05-03,Organic,Mobile,South,18-24,2024-05,2024-05-03,2024-05-04,2024-05-07,,,,0,stage3,1,1,0,0
U011938,2024-06-11,Social,Mobile,Central,35-44,2024-06,2024-06-11,,,,,,0,stage1,0,0,0,0
U011940,2024-05-18,Paid_Search,Mobile,East,18-24,2024-05,2024-05-18,2024-05-19,2024-05-20,,,,0,stage3,1,1,0,0
U011941,2024-04-11,Organic,Desktop,North,25-34,2024-04,2024-04-11,2024-04-12,,,,,0,stage2,1,0,0,0
U011943,2024-05-21,Email,Desktop,East,25-34,2024-05,2024-05-21,2024-05-22,2024-05-23,2024-05-23,2024-05-24,2024-05-24,1,Converted,1,1,1,1
U011945,2024-06-18,Paid_Search,Mobile,East,35-44,2024-06,2024-06-18,2024-06-20,,,,,0,stage2,1,0,0,0
U011947,2024-06-04,Paid_Search,Mobile,South,25-34,2024-06,2024-06-04,,,,,,0,stage1,0,0,0,0
U011949,2024-05-10,Referral,Mobile,Central,35-44,2024-05,2024-05-10,2024-05-12,2024-05-13,,,,0,stage3,1,1,0,0
U011951,2024-06-02,Referral,Tablet,West,18-24,2024-06,2024-06-02,2024-06-04,2024-06-05,,,,0,stage3,1,1,0,0
U011952,2024-05-15,Paid_Search,Desktop,North,25-34,2024-05,2024-05-15,2024-05-16,,,,,0,stage2,1,0,0,0
U011954,2024-06-28,Organic,Desktop,North,55+,2024-06,2024-06-28,2024-06-28,,,,,0,stage2,1,0,0,0
U011955,2024-04-13,Social,Mobile,East,45-54,2024-04,2024-04-13,2024-04-14,2024-04-16,2024-04-17,2024-04-18,2024-04-20,1,Converted,1,1,1,1
U011957,2024-06-10,Paid_Search,Desktop,North,25-34,2024-06,2024-06-10,,,,,,0,stage1,0,0,0,0
U011958,2024-04-04,Referral,Tablet,West,25-34,2024-04,2024-04-04,,,,,,0,stage1,0,0,0,0
U011959,2024-05-28,Paid_Search,Mobile,North,45-54,2024-05,2024-05-28,2024-05-28,,,,,0,stage2,1,0,0,0
U011961,2024-05-13,Social,Tablet,South,25-34,2024-05,2024-05-13,2024-05-13,,,,,0,stage2,1,0,0,0
U011962,2024-06-16,Referral,Mobile,North,35-44,2024-06,2024-06-16,2024-06-17,2024-06-18,2024-06-18,,,0,stage4,1,1,1,0
U011963,2024-06-08,Paid_Search,Desktop,Central,18-24,2024-06,2024-06-08,2024-06-08,,,,,0,stage2,1,0,0,0
U011964,2024-04-29,Organic,Tablet,South,25-34,2024-04,2024-04-29,,,,,,0,stage1,0,0,0,0
U011965,2024-06-04,Paid_Search,Desktop,East,35-44,2024-06,2024-06-04,2024-06-05,2024-06-07,,,,0,stage3,1,1,0,0
U011967,2024-04-27,Organic,Desktop,Central,35-44,2024-04,2024-04-27,2024-04-29,,,,,0,stage2,1,0,0,0
U011968,2024-06-26,Email,Mobile,South,25-34,2024-06,2024-06-26,,,,,,0,stage1,0,0,0,0
U011970,2024-05-31,Organic,Mobile,East,25-34,2024-05,2024-05-31,,,,,,0,stage1,0,0,0,0
U011971,2024-04-17,Social,Desktop,Central,25-34,2024-04,2024-04-17,,,,,,0,stage1,0,0,0,0
U011972,2024-05-28,Organic,Desktop,North,35-44,2024-05,2024-05-28,2024-05-30,,,,,0,stage2,1,0,0,0
U011973,2024-06-13,Referral,Mobile,Central,45-54,2024-06,2024-06-13,2024-06-13,,,,,0,stage2,1,0,0,0
U011974,2024-05-18,Paid_Search,Desktop,North,18-24,2024-05,2024-05-18,,,,,,0,stage1,0,0,0,0
U011975,2024-06-26,Organic,Desktop,West,35-44,2024-06,2024-06-26,2024-06-27,,,,,0,stage2,1,0,0,0
U011977,2024-05-07,Organic,Mobile,South,35-44,2024-05,2024-05-07,2024-05-07,,,,,0,stage2,1,0,0,0
U011978,2024-06-21,Email,Tablet,North,55+,2024-06,2024-06-21,2024-06-21,,,,,0,stage2,1,0,0,0
U011980,2024-04-10,Social,Desktop,North,25-34,2024-04,2024-04-10,2024-04-11,2024-04-13,,,,0,stage3,1,1,0,0
U011981,2024-06-27,Social,Mobile,Central,35-44,2024-06,2024-06-27,2024-06-28,,,,,0,stage2,1,0,0,0
U011982,2024-05-16,Social,Desktop,East,18-24,2024-05,2024-05-16,2024-05-17,,,,,0,stage2,1,0,0,0
U011987,2024-05-09,Email,Mobile,Central,45-54,2024-05,2024-05-09,2024-05-11,,,,,0,stage2,1,0,0,0
U011988,2024-05-24,Referral,Mobile,East,25-34,2024-05,2024-05-24,2024-05-24,2024-05-26,2024-05-27,,,0,stage4,1,1,1,0
U011990,2024-06-20,Paid_Search,Mobile,North,25-34,2024-06,2024-06-20,,,,,,0,stage1,0,0,0,0
U011991,2024-04-21,Organic,Mobile,Central,18-24,2024-04,2024-04-21,2024-04-23,,,,,0,stage2,1,0,0,0
U011992,2024-06-11,Organic,Mobile,East,25-34,2024-06,2024-06-11,2024-06-11,2024-06-13,2024-06-15,,,0,stage4,1,1,1,0
U011994,2024-05-28,Social,Mobile,North,55+,2024-05,2024-05-28,,,,,,0,stage1,0,0,0,0
U011995,2024-06-04,Paid_Search,Desktop,West,25-34,2024-06,2024-06-04,,,,,,0,stage1,0,0,0,0
U011998,2024-06-09,Paid_Search,Desktop,South,35-44,2024-06,2024-06-09,,,,,,0,stage1,0,0,0,0
U011999,2024-05-01,Social,Desktop,South,35-44,2024-05,2024-05-01,,,,,,0,stage1,0,0,0,0
U012001,2024-06-07,Social,Desktop,South,45-54,2024-06,2024-06-07,,,,,,0,stage1,0,0,0,0
U012002,2024-04-15,Organic,Mobile,North,25-34,2024-04,2024-04-15,,,,,,0,stage1,0,0,0,0
U012003,2024-04-18,Organic,Desktop,Central,45-54,2024-04,2024-04-18,2024-04-20,2024-04-22,2024-04-22,2024-04-26,2024-04-28,1,Converted,1,1,1,1
U012004,2024-06-07,Organic,Mobile,North,25-34,2024-06,2024-06-07,,,,,,0,stage1,0,0,0,0
U012005,2024-04-11,Referral,Desktop,West,18-24,2024-04,2024-04-11,2024-04-12,2024-04-13,2024-04-15,2024-04-16,2024-04-18,1,Converted,1,1,1,1
U012006,2024-06-01,Organic,Tablet,East,25-34,2024-06,2024-06-01,,,,,,0,stage1,0,0,0,0
U012007,2024-04-27,Social,Mobile,West,55+,2024-04,2024-04-27,,,,,,0,stage1,0,0,0,0
U012009,2024-06-23,Referral,Mobile,Central,55+,2024-06,2024-06-23,2024-06-24,,,,,0,stage2,1,0,0,0
U012011,2024-05-23,Organic,Desktop,North,45-54,2024-05,2024-05-23,2024-05-24,2024-05-27,,,,0,stage3,1,1,0,0
U012012,2024-06-07,Referral,Desktop,West,25-34,2024-06,2024-06-07,2024-06-09,2024-06-11,2024-06-12,,,0,stage4,1,1,1,0
U012014,2024-05-10,Organic,Desktop,West,25-34,2024-05,2024-05-10,2024-05-10,2024-05-13,2024-05-15,2024-05-18,2024-05-18,1,Converted,1,1,1,1
U012015,2024-04-15,Social,Desktop,Central,35-44,2024-04,2024-04-15,2024-04-16,,,,,0,stage2,1,0,0,0
U012017,2024-05-12,Referral,Mobile,East,45-54,2024-05,2024-05-12,2024-05-14,2024-05-16,2024-05-16,,,0,stage4,1,1,1,0
U012018,2024-04-12,Social,Mobile,East,25-34,2024-04,2024-04-12,2024-04-14,,,,,0,stage2,1,0,0,0
U012019,2024-05-28,Paid_Search,Mobile,North,18-24,2024-05,2024-05-28,,,,,,0,stage1,0,0,0,0
U012020,2024-05-17,Organic,Mobile,Central,18-24,2024-05,2024-05-17,2024-05-19,2024-05-20,2024-05-21,2024-05-24,2024-05-26,1,Converted,1,1,1,1
U012021,2024-05-16,Organic,Tablet,South,35-44,2024-05,2024-05-16,,,,,,0,stage1,0,0,0,0
U012026,2024-06-18,Social,Mobile,North,18-24,2024-06,2024-06-18,2024-06-20,,,,,0,stage2,1,0,0,0
U012027,2024-05-11,Organic,Mobile,West,35-44,2024-05,2024-05-11,2024-05-12,2024-05-13,,,,0,stage3,1,1,0,0
U012030,2024-04-12,Referral,Desktop,Central,35-44,2024-04,2024-04-12,2024-04-12,,,,,0,stage2,1,0,0,0
U012031,2024-04-27,Paid_Search,Mobile,East,25-34,2024-04,2024-04-27,,,,,,0,stage1,0,0,0,0
U012034,2024-06-03,Paid_Search,Mobile,South,35-44,2024-06,2024-06-03,,,,,,0,stage1,0,0,0,0
U012038,2024-04-01,Email,Desktop,West,35-44,2024-04,2024-04-01,2024-04-03,,,,,0,stage2,1,0,0,0
U012041,2024-05-22,Organic,Desktop,East,18-24,2024-05,2024-05-22,2024-05-24,2024-05-27,2024-05-29,,,0,stage4,1,1,1,0
U012043,2024-06-19,Referral,Mobile,West,55+,2024-06,2024-06-19,,,,,,0,stage1,0,0,0,0
U012046,2024-05-03,Paid_Search,Desktop,North,25-34,2024-05,2024-05-03,,,,,,0,stage1,0,0,0,0
U012048,2024-06-19,Paid_Search,Tablet,South,35-44,2024-06,2024-06-19,,,,,,0,stage1,0,0,0,0
U012049,2024-05-18,Email,Mobile,South,35-44,2024-05,2024-05-18,2024-05-20,,,,,0,stage2,1,0,0,0
U012051,2024-06-01,Organic,Desktop,South,18-24,2024-06,2024-06-01,,,,,,0,stage1,0,0,0,0
U012052,2024-05-01,Organic,Mobile,East,25-34,2024-05,2024-05-01,2024-05-02,2024-05-05,2024-05-05,,,0,stage4,1,1,1,0
U012053,2024-05-21,Organic,Mobile,East,55+,2024-05,2024-05-21,2024-05-22,,,,,0,stage2,1,0,0,0
U012054,2024-04-16,Organic,Desktop,North,55+,2024-04,2024-04-16,,,,,,0,stage1,0,0,0,0
U012056,2024-04-24,Paid_Search,Mobile,North,25-34,2024-04,2024-04-24,2024-04-25,,,,,0,stage2,1,0,0,0
U012061,2024-06-22,Organic,Mobile,South,18-24,2024-06,2024-06-22,2024-06-23,,,,,0,stage2,1,0,0,0
U012063,2024-06-01,Paid_Search,Desktop,West,25-34,2024-06,2024-06-01,2024-06-02,2024-06-05,2024-06-05,2024-06-06,2024-06-07,1,Converted,1,1,1,1
U012064,2024-04-09,Organic,Desktop,Central,45-54,2024-04,2024-04-09,2024-04-10,2024-04-11,2024-04-13,2024-04-16,2024-04-18,1,Converted,1,1,1,1
U012066,2024-04-22,Referral,Mobile,South,18-24,2024-04,2024-04-22,2024-04-24,2024-04-27,,,,0,stage3,1,1,0,0
U012068,2024-04-24,Paid_Search,Mobile,East,55+,2024-04,2024-04-24,2024-04-26,,,,,0,stage2,1,0,0,0
U012070,2024-05-02,Paid_Search,Desktop,West,55+,2024-05,2024-05-02,2024-05-04,2024-05-05,2024-05-07,2024-05-08,2024-05-10,1,Converted,1,1,1,1
U012071,2024-04-30,Referral,Desktop,Central,55+,2024-04,2024-04-30,2024-04-30,,,,,0,stage2,1,0,0,0
U012072,2024-04-16,Organic,Desktop,South,55+,2024-04,2024-04-16,2024-04-18,,,,,0,stage2,1,0,0,0
U012075,2024-06-10,Email,Mobile,North,18-24,2024-06,2024-06-10,,,,,,0,stage1,0,0,0,0
U012077,2024-04-19,Social,Desktop,East,35-44,2024-04,2024-04-19,,,,,,0,stage1,0,0,0,0
U012078,2024-04-05,Organic,Mobile,West,25-34,2024-04,2024-04-05,2024-04-07,,,,,0,stage2,1,0,0,0
U012081,2024-06-02,Organic,Tablet,South,45-54,2024-06,2024-06-02,2024-06-04,,,,,0,stage2,1,0,0,0
U012085,2024-05-23,Email,Desktop,North,25-34,2024-05,2024-05-23,2024-05-24,,,,,0,stage2,1,0,0,0
U012086,2024-04-05,Organic,Desktop,West,55+,2024-04,2024-04-05,2024-04-05,2024-04-07,2024-04-07,2024-04-11,2024-04-11,1,Converted,1,1,1,1
U012089,2024-06-05,Social,Mobile,East,55+,2024-06,2024-06-05,2024-06-07,2024-06-09,2024-06-10,,,0,stage4,1,1,1,0
U012093,2024-06-11,Organic,Desktop,South,35-44,2024-06,2024-06-11,2024-06-13,2024-06-16,2024-06-17,2024-06-21,2024-06-21,1,Converted,1,1,1,1
U012095,2024-05-02,Email,Mobile,East,18-24,2024-05,2024-05-02,,,,,,0,stage1,0,0,0,0
U012096,2024-04-09,Organic,Desktop,Central,45-54,2024-04,2024-04-09,2024-04-10,,,,,0,stage2,1,0,0,0
U012097,2024-05-18,Paid_Search,Mobile,West,25-34,2024-05,2024-05-18,,,,,,0,stage1,0,0,0,0
U012099,2024-06-24,Email,Desktop,North,45-54,2024-06,2024-06-24,2024-06-25,2024-06-27,2024-06-29,2024-07-01,2024-07-03,1,Converted,1,1,1,1
U012100,2024-04-21,Organic,Tablet,Central,35-44,2024-04,2024-04-21,2024-04-22,2024-04-23,2024-04-23,,,0,stage4,1,1,1,0
U012103,2024-05-05,Paid_Search,Mobile,West,25-34,2024-05,2024-05-05,2024-05-05,,,,,0,stage2,1,0,0,0
U012108,2024-06-28,Paid_Search,Mobile,West,25-34,2024-06,2024-06-28,2024-06-30,2024-07-01,,,,0,stage3,1,1,0,0
U012111,2024-04-10,Organic,Mobile,West,45-54,2024-04,2024-04-10,2024-04-10,,,,,0,stage2,1,0,0,0
U012112,2024-06-17,Social,Mobile,North,25-34,2024-06,2024-06-17,,,,,,0,stage1,0,0,0,0
U012114,2024-04-30,Paid_Search,Mobile,West,35-44,2024-04,2024-04-30,,,,,,0,stage1,0,0,0,0
U012117,2024-05-06,Paid_Search,Mobile,West,18-24,2024-05,2024-05-06,,,,,,0,stage1,0,0,0,0
U012120,2024-05-19,Referral,Desktop,North,25-34,2024-05,2024-05-19,2024-05-21,2024-05-22,2024-05-24,2024-05-27,2024-05-29,1,Converted,1,1,1,1
U012123,2024-05-21,Referral,Mobile,East,55+,2024-05,2024-05-21,2024-05-22,2024-05-23,,,,0,stage3,1,1,0,0
U012125,2024-06-20,Paid_Search,Mobile,Central,55+,2024-06,2024-06-20,2024-06-21,,,,,0,stage2,1,0,0,0
U012129,2024-04-13,Paid_Search,Tablet,Central,18-24,2024-04,2024-04-13,,,,,,0,stage1,0,0,0,0
U012131,2024-05-05,Organic,Mobile,South,35-44,2024-05,2024-05-05,2024-05-06,,,,,0,stage2,1,0,0,0
U012132,2024-06-06,Email,Desktop,North,25-34,2024-06,2024-06-06,2024-06-06,,,,,0,stage2,1,0,0,0
U012133,2024-04-24,Paid_Search,Mobile,East,18-24,2024-04,2024-04-24,2024-04-24,2024-04-25,2024-04-26,2024-04-27,2024-04-29,1,Converted,1,1,1,1
U012134,2024-06-12,Organic,Desktop,Central,35-44,2024-06,2024-06-12,2024-06-12,2024-06-14,2024-06-15,,,0,stage4,1,1,1,0
U012135,2024-06-02,Organic,Mobile,East,55+,2024-06,2024-06-02,2024-06-02,,,,,0,stage2,1,0,0,0
U012137,2024-04-24,Referral,Mobile,East,35-44,2024-04,2024-04-24,,,,,,0,stage1,0,0,0,0
U012138,2024-04-26,Email,Mobile,West,25-34,2024-04,2024-04-26,2024-04-27,2024-04-29,,,,0,stage3,1,1,0,0
U012139,2024-04-30,Email,Mobile,West,25-34,2024-04,2024-04-30,2024-04-30,,,,,0,stage2,1,0,0,0
U012140,2024-04-03,Paid_Search,Mobile,Central,35-44,2024-04,2024-04-03,,,,,,0,stage1,0,0,0,0
U012141,2024-06-12,Social,Desktop,South,55+,2024-06,2024-06-12,,,,,,0,stage1,0,0,0,0
U012144,2024-05-15,Social,Mobile,North,25-34,2024-05,2024-05-15,,,,,,0,stage1,0,0,0,0
U012147,2024-04-01,Paid_Search,Desktop,South,25-34,2024-04,2024-04-01,,,,,,0,stage1,0,0,0,0
U012148,2024-05-28,Referral,Mobile,East,18-24,2024-05,2024-05-28,2024-05-29,,,,,0,stage2,1,0,0,0
U012149,2024-06-28,Paid_Search,Mobile,East,25-34,2024-06,2024-06-28,,,,,,0,stage1,0,0,0,0
U012150,2024-05-26,Organic,Desktop,North,25-34,2024-05,2024-05-26,2024-05-27,2024-05-28,,,,0,stage3,1,1,0,0
U012156,2024-05-05,Paid_Search,Tablet,East,35-44,2024-05,2024-05-05,2024-05-07,2024-05-10,2024-05-10,2024-05-12,2024-05-12,1,Converted,1,1,1,1
U012158,2024-05-15,Paid_Search,Mobile,South,18-24,2024-05,2024-05-15,2024-05-15,2024-05-17,2024-05-17,2024-05-18,2024-05-20,1,Converted,1,1,1,1
U012160,2024-05-13,Organic,Mobile,West,35-44,2024-05,2024-05-13,2024-05-15,,,,,0,stage2,1,0,0,0
U012162,2024-04-19,Email,Mobile,North,18-24,2024-04,2024-04-19,,,,,,0,stage1,0,0,0,0
U012164,2024-05-11,Organic,Mobile,South,25-34,2024-05,2024-05-11,2024-05-12,,,,,0,stage2,1,0,0,0
U012165,2024-05-09,Social,Mobile,North,25-34,2024-05,2024-05-09,2024-05-11,2024-05-12,2024-05-14,2024-05-15,2024-05-16,1,Converted,1,1,1,1
U012167,2024-05-19,Organic,Desktop,Central,18-24,2024-05,2024-05-19,2024-05-20,2024-05-21,2024-05-21,2024-05-24,2024-05-26,1,Converted,1,1,1,1
U012168,2024-04-21,Organic,Mobile,North,25-34,2024-04,2024-04-21,2024-04-21,,,,,0,stage2,1,0,0,0
U012172,2024-04-23,Referral,Desktop,Central,35-44,2024-04,2024-04-23,2024-04-25,2024-04-27,2024-04-28,2024-05-01,2024-05-03,1,Converted,1,1,1,1
U012175,2024-05-03,Organic,Mobile,East,45-54,2024-05,2024-05-03,2024-05-05,,,,,0,stage2,1,0,0,0
U012178,2024-05-11,Email,Desktop,West,25-34,2024-05,2024-05-11,2024-05-13,,,,,0,stage2,1,0,0,0
U012180,2024-06-24,Referral,Mobile,North,35-44,2024-06,2024-06-24,,,,,,0,stage1,0,0,0,0
U012181,2024-05-02,Organic,Desktop,South,55+,2024-05,2024-05-02,2024-05-02,2024-05-04,2024-05-05,,,0,stage4,1,1,1,0
U012182,2024-04-07,Email,Desktop,West,18-24,2024-04,2024-04-07,2024-04-08,,,,,0,stage2,1,0,0,0
U012184,2024-05-02,Referral,Mobile,East,45-54,2024-05,2024-05-02,2024-05-03,2024-05-06,2024-05-07,2024-05-09,2024-05-11,1,Converted,1,1,1,1
U012185,2024-04-11,Referral,Tablet,West,35-44,2024-04,2024-04-11,,,,,,0,stage1,0,0,0,0
U012186,2024-05-30,Social,Desktop,North,25-34,2024-05,2024-05-30,2024-05-30,,,,,0,stage2,1,0,0,0
U012188,2024-04-11,Referral,Mobile,South,18-24,2024-04,2024-04-11,2024-04-11,,,,,0,stage2,1,0,0,0
U012189,2024-05-30,Paid_Search,Tablet,Central,35-44,2024-05,2024-05-30,,,,,,0,stage1,0,0,0,0
U012190,2024-06-03,Social,Desktop,East,25-34,2024-06,2024-06-03,2024-06-05,,,,,0,stage2,1,0,0,0
U012192,2024-04-20,Organic,Mobile,Central,45-54,2024-04,2024-04-20,2024-04-21,,,,,0,stage2,1,0,0,0
U012195,2024-05-30,Paid_Search,Mobile,South,55+,2024-05,2024-05-30,,,,,,0,stage1,0,0,0,0
U012196,2024-05-27,Email,Desktop,North,45-54,2024-05,2024-05-27,2024-05-29,,,,,0,stage2,1,0,0,0
U012198,2024-06-25,Referral,Desktop,South,35-44,2024-06,2024-06-25,2024-06-25,2024-06-26,2024-06-26,,,0,stage4,1,1,1,0
U012199,2024-05-16,Referral,Mobile,North,18-24,2024-05,2024-05-16,2024-05-18,2024-05-21,2024-05-22,2024-05-26,2024-05-26,1,Converted,1,1,1,1
U012200,2024-05-27,Social,Mobile,East,18-24,2024-05,2024-05-27,2024-05-27,2024-05-30,2024-05-30,,,0,stage4,1,1,1,0
U012201,2024-06-24,Paid_Search,Mobile,North,25-34,2024-06,2024-06-24,,,,,,0,stage1,0,0,0,0
U012202,2024-06-30,Paid_Search,Mobile,South,35-44,2024-06,2024-06-30,,,,,,0,stage1,0,0,0,0
U012205,2024-06-29,Social,Desktop,East,45-54,2024-06,2024-06-29,2024-06-29,,,,,0,stage2,1,0,0,0
U012206,2024-05-18,Paid_Search,Mobile,East,25-34,2024-05,2024-05-18,2024-05-20,2024-05-22,2024-05-24,,,0,stage4,1,1,1,0
U012207,2024-05-13,Organic,Mobile,West,18-24,2024-05,2024-05-13,,,,,,0,stage1,0,0,0,0
U012210,2024-06-15,Referral,Mobile,South,25-34,2024-06,2024-06-15,2024-06-16,2024-06-18,,,,0,stage3,1,1,0,0
U012212,2024-06-20,Paid_Search,Mobile,North,45-54,2024-06,2024-06-20,,,,,,0,stage1,0,0,0,0
U012213,2024-06-06,Referral,Mobile,West,35-44,2024-06,2024-06-06,,,,,,0,stage1,0,0,0,0
U012214,2024-04-27,Organic,Desktop,Central,18-24,2024-04,2024-04-27,2024-04-29,2024-05-01,,,,0,stage3,1,1,0,0
U012215,2024-04-22,Organic,Desktop,Central,18-24,2024-04,2024-04-22,2024-04-22,,,,,0,stage2,1,0,0,0
U012216,2024-05-23,Social,Desktop,South,45-54,2024-05,2024-05-23,,,,,,0,stage1,0,0,0,0
U012217,2024-04-04,Referral,Mobile,East,18-24,2024-04,2024-04-04,2024-04-05,,,,,0,stage2,1,0,0,0
U012219,2024-05-26,Organic,Mobile,South,18-24,2024-05,2024-05-26,,,,,,0,stage1,0,0,0,0
U012222,2024-05-12,Paid_Search,Desktop,West,35-44,2024-05,2024-05-12,2024-05-14,,,,,0,stage2,1,0,0,0
U012224,2024-05-31,Social,Desktop,West,45-54,2024-05,2024-05-31,2024-05-31,2024-06-01,2024-06-01,2024-06-02,2024-06-03,1,Converted,1,1,1,1
U012225,2024-05-29,Referral,Mobile,West,55+,2024-05,2024-05-29,2024-05-30,2024-06-02,,,,0,stage3,1,1,0,0
U012226,2024-05-17,Paid_Search,Mobile,West,35-44,2024-05,2024-05-17,2024-05-19,,,,,0,stage2,1,0,0,0
U012227,2024-06-18,Email,Desktop,South,25-34,2024-06,2024-06-18,,,,,,0,stage1,0,0,0,0
U012228,2024-06-18,Referral,Mobile,South,45-54,2024-06,2024-06-18,2024-06-20,,,,,0,stage2,1,0,0,0
U012230,2024-06-04,Social,Desktop,South,45-54,2024-06,2024-06-04,,,,,,0,stage1,0,0,0,0
U012231,2024-04-25,Paid_Search,Mobile,South,35-44,2024-04,2024-04-25,2024-04-25,2024-04-27,2024-04-27,,,0,stage4,1,1,1,0
U012236,2024-04-18,Paid_Search,Mobile,South,18-24,2024-04,2024-04-18,2024-04-19,,,,,0,stage2,1,0,0,0
U012238,2024-04-10,Email,Mobile,West,45-54,2024-04,2024-04-10,2024-04-12,,,,,0,stage2,1,0,0,0
U012242,2024-06-12,Organic,Mobile,North,18-24,2024-06,2024-06-12,2024-06-12,2024-06-13,2024-06-15,,,0,stage4,1,1,1,0
U012243,2024-05-08,Paid_Search,Mobile,South,25-34,2024-05,2024-05-08,2024-05-09,2024-05-11,2024-05-13,,,0,stage4,1,1,1,0
U012246,2024-05-27,Referral,Desktop,East,45-54,2024-05,2024-05-27,2024-05-27,,,,,0,stage2,1,0,0,0
U012247,2024-06-05,Paid_Search,Desktop,West,45-54,2024-06,2024-06-05,2024-06-06,2024-06-09,,,,0,stage3,1,1,0,0
U012249,2024-06-07,Paid_Search,Tablet,South,45-54,2024-06,2024-06-07,2024-06-09,2024-06-12,2024-06-14,2024-06-16,2024-06-16,1,Converted,1,1,1,1
U012250,2024-04-23,Paid_Search,Desktop,South,35-44,2024-04,2024-04-23,2024-04-24,,,,,0,stage2,1,0,0,0
U012251,2024-05-27,Organic,Mobile,East,45-54,2024-05,2024-05-27,,,,,,0,stage1,0,0,0,0
U012253,2024-04-04,Social,Desktop,Central,25-34,2024-04,2024-04-04,,,,,,0,stage1,0,0,0,0
U012255,2024-05-23,Organic,Mobile,Central,45-54,2024-05,2024-05-23,,,,,,0,stage1,0,0,0,0
U012256,2024-04-18,Social,Mobile,North,55+,2024-04,2024-04-18,,,,,,0,stage1,0,0,0,0
U012257,2024-04-18,Email,Desktop,West,35-44,2024-04,2024-04-18,2024-04-20,2024-04-21,,,,0,stage3,1,1,0,0
U012260,2024-06-09,Paid_Search,Desktop,South,18-24,2024-06,2024-06-09,2024-06-11,,,,,0,stage2,1,0,0,0
U012263,2024-04-28,Organic,Mobile,Central,25-34,2024-04,2024-04-28,2024-04-30,,,,,0,stage2,1,0,0,0
U012267,2024-04-11,Paid_Search,Mobile,North,25-34,2024-04,2024-04-11,,,,,,0,stage1,0,0,0,0
U012270,2024-05-27,Organic,Desktop,East,35-44,2024-05,2024-05-27,,,,,,0,stage1,0,0,0,0
U012272,2024-05-16,Paid_Search,Desktop,North,25-34,2024-05,2024-05-16,2024-05-16,2024-05-19,2024-05-20,,,0,stage4,1,1,1,0
U012277,2024-04-19,Referral,Mobile,North,25-34,2024-04,2024-04-19,2024-04-19,2024-04-22,2024-04-22,,,0,stage4,1,1,1,0
U012278,2024-06-25,Paid_Search,Mobile,Central,35-44,2024-06,2024-06-25,2024-06-27,2024-06-29,,,,0,stage3,1,1,0,0
U012279,2024-05-16,Organic,Desktop,North,18-24,2024-05,2024-05-16,,,,,,0,stage1,0,0,0,0
U012285,2024-04-28,Referral,Mobile,West,25-34,2024-04,2024-04-28,2024-04-28,2024-04-30,,,,0,stage3,1,1,0,0
U012287,2024-06-27,Paid_Search,Mobile,West,45-54,2024-06,2024-06-27,2024-06-29,,,,,0,stage2,1,0,0,0
U012288,2024-05-07,Social,Desktop,North,35-44,2024-05,2024-05-07,2024-05-07,2024-05-09,2024-05-10,2024-05-12,2024-05-13,1,Converted,1,1,1,1
U012291,2024-06-25,Organic,Tablet,West,25-34,2024-06,2024-06-25,,,,,,0,stage1,0,0,0,0
U012293,2024-05-10,Organic,Desktop,South,18-24,2024-05,2024-05-10,,,,,,0,stage1,0,0,0,0
U012294,2024-06-02,Organic,Desktop,South,35-44,2024-06,2024-06-02,2024-06-03,2024-06-06,,,,0,stage3,1,1,0,0
U012299,2024-06-11,Referral,Mobile,North,25-34,2024-06,2024-06-11,2024-06-12,,,,,0,stage2,1,0,0,0
U012300,2024-04-25,Organic,Desktop,North,45-54,2024-04,2024-04-25,2024-04-27,2024-04-28,2024-04-28,2024-05-01,2024-05-02,1,Converted,1,1,1,1
U012301,2024-04-06,Social,Mobile,West,35-44,2024-04,2024-04-06,2024-04-06,,,,,0,stage2,1,0,0,0
U012302,2024-05-29,Paid_Search,Desktop,Central,45-54,2024-05,2024-05-29,2024-05-30,,,,,0,stage2,1,0,0,0
U012303,2024-05-25,Organic,Mobile,South,25-34,2024-05,2024-05-25,,,,,,0,stage1,0,0,0,0
U012307,2024-06-22,Referral,Desktop,Central,45-54,2024-06,2024-06-22,2024-06-24,,,,,0,stage2,1,0,0,0
U012310,2024-05-10,Referral,Desktop,North,25-34,2024-05,2024-05-10,,,,,,0,stage1,0,0,0,0
U012313,2024-05-19,Paid_Search,Mobile,Central,35-44,2024-05,2024-05-19,2024-05-21,,,,,0,stage2,1,0,0,0
U012314,2024-04-17,Paid_Search,Mobile,East,55+,2024-04,2024-04-17,,,,,,0,stage1,0,0,0,0
U012315,2024-06-15,Social,Mobile,Central,25-34,2024-06,2024-06-15,,,,,,0,stage1,0,0,0,0
U012316,2024-04-06,Organic,Desktop,South,45-54,2024-04,2024-04-06,2024-04-07,2024-04-08,,,,0,stage3,1,1,0,0
U012320,2024-06-29,Social,Mobile,East,18-24,2024-06,2024-06-29,2024-07-01,2024-07-03,2024-07-03,2024-07-04,2024-07-04,1,Converted,1,1,1,1
U012321,2024-06-08,Organic,Mobile,Central,25-34,2024-06,2024-06-08,,,,,,0,stage1,0,0,0,0
U012322,2024-06-27,Referral,Mobile,North,25-34,2024-06,2024-06-27,2024-06-28,2024-06-30,2024-07-02,,,0,stage4,1,1,1,0
U012324,2024-05-17,Organic,Desktop,North,55+,2024-05,2024-05-17,2024-05-19,2024-05-21,,,,0,stage3,1,1,0,0
U012325,2024-04-14,Organic,Mobile,West,55+,2024-04,2024-04-14,2024-04-15,,,,,0,stage2,1,0,0,0
U012328,2024-06-20,Referral,Desktop,East,45-54,2024-06,2024-06-20,2024-06-22,2024-06-25,2024-06-25,2024-06-27,2024-06-28,1,Converted,1,1,1,1
U012332,2024-05-04,Organic,Mobile,West,45-54,2024-05,2024-05-04,2024-05-05,2024-05-06,,,,0,stage3,1,1,0,0
U012333,2024-04-18,Paid_Search,Mobile,Central,25-34,2024-04,2024-04-18,2024-04-18,2024-04-21,2024-04-21,,,0,stage4,1,1,1,0
U012335,2024-06-11,Organic,Mobile,Central,25-34,2024-06,2024-06-11,2024-06-12,2024-06-15,2024-06-16,2024-06-20,2024-06-20,1,Converted,1,1,1,1
U012336,2024-05-15,Email,Desktop,North,25-34,2024-05,2024-05-15,2024-05-17,2024-05-18,2024-05-20,,,0,stage4,1,1,1,0
U012339,2024-05-27,Organic,Desktop,North,35-44,2024-05,2024-05-27,,,,,,0,stage1,0,0,0,0
U012340,2024-04-15,Social,Mobile,South,45-54,2024-04,2024-04-15,2024-04-17,2024-04-18,,,,0,stage3,1,1,0,0
U012341,2024-04-17,Paid_Search,Desktop,Central,18-24,2024-04,2024-04-17,2024-04-18,,,,,0,stage2,1,0,0,0
U012342,2024-04-12,Social,Mobile,South,35-44,2024-04,2024-04-12,2024-04-13,,,,,0,stage2,1,0,0,0
U012343,2024-06-26,Paid_Search,Mobile,Central,25-34,2024-06,2024-06-26,2024-06-28,2024-07-01,2024-07-03,,,0,stage4,1,1,1,0
U012344,2024-06-26,Email,Desktop,East,45-54,2024-06,2024-06-26,,,,,,0,stage1,0,0,0,0
U012347,2024-05-09,Referral,Tablet,South,18-24,2024-05,2024-05-09,2024-05-11,2024-05-13,2024-05-15,2024-05-19,2024-05-20,1,Converted,1,1,1,1
U012354,2024-04-26,Paid_Search,Desktop,South,18-24,2024-04,2024-04-26,,,,,,0,stage1,0,0,0,0
U012357,2024-05-21,Organic,Mobile,North,35-44,2024-05,2024-05-21,2024-05-23,,,,,0,stage2,1,0,0,0
U012363,2024-05-08,Paid_Search,Mobile,South,35-44,2024-05,2024-05-08,2024-05-10,2024-05-11,2024-05-13,2024-05-17,,0,stage5,1,1,1,1
U012365,2024-05-20,Paid_Search,Desktop,North,25-34,2024-05,2024-05-20,2024-05-21,,,,,0,stage2,1,0,0,0
U012366,2024-04-23,Organic,Desktop,South,25-34,2024-04,2024-04-23,2024-04-25,,,,,0,stage2,1,0,0,0
U012367,2024-04-01,Email,Desktop,North,25-34,2024-04,2024-04-01,2024-04-03,,,,,0,stage2,1,0,0,0
U012370,2024-04-13,Referral,Desktop,West,35-44,2024-04,2024-04-13,2024-04-14,,,,,0,stage2,1,0,0,0
U012371,2024-05-01,Organic,Mobile,West,18-24,2024-05,2024-05-01,,,,,,0,stage1,0,0,0,0
U012372,2024-04-25,Paid_Search,Mobile,West,18-24,2024-04,2024-04-25,2024-04-25,2024-04-27,2024-04-27,,,0,stage4,1,1,1,0
U012377,2024-04-17,Paid_Search,Mobile,North,18-24,2024-04,2024-04-17,2024-04-17,2024-04-18,2024-04-20,2024-04-22,,0,stage5,1,1,1,1
U012378,2024-04-11,Paid_Search,Desktop,North,25-34,2024-04,2024-04-11,2024-04-11,2024-04-13,2024-04-14,,,0,stage4,1,1,1,0
U012381,2024-06-16,Referral,Desktop,North,35-44,2024-06,2024-06-16,2024-06-16,,,,,0,stage2,1,0,0,0
U012383,2024-06-05,Organic,Mobile,East,45-54,2024-06,2024-06-05,2024-06-05,2024-06-08,,,,0,stage3,1,1,0,0
U012384,2024-06-16,Paid_Search,Mobile,East,18-24,2024-06,2024-06-16,,,,,,0,stage1,0,0,0,0
U012385,2024-04-01,Paid_Search,Mobile,South,18-24,2024-04,2024-04-01,,,,,,0,stage1,0,0,0,0
U012386,2024-04-25,Referral,Mobile,South,45-54,2024-04,2024-04-25,2024-04-26,,,,,0,stage2,1,0,0,0
U012392,2024-06-25,Email,Mobile,North,18-24,2024-06,2024-06-25,2024-06-26,,,,,0,stage2,1,0,0,0
U012393,2024-06-25,Organic,Mobile,South,25-34,2024-06,2024-06-25,,,,,,0,stage1,0,0,0,0
U012394,2024-05-31,Referral,Desktop,Central,25-34,2024-05,2024-05-31,2024-06-02,,,,,0,stage2,1,0,0,0
U012397,2024-05-24,Organic,Mobile,North,18-24,2024-05,2024-05-24,,,,,,0,stage1,0,0,0,0
U012400,2024-04-05,Paid_Search,Mobile,West,45-54,2024-04,2024-04-05,2024-04-05,,,,,0,stage2,1,0,0,0
U012401,2024-05-21,Organic,Mobile,West,25-34,2024-05,2024-05-21,2024-05-23,,,,,0,stage2,1,0,0,0
U012404,2024-06-06,Organic,Mobile,South,45-54,2024-06,2024-06-06,2024-06-07,,,,,0,stage2,1,0,0,0
U012408,2024-04-29,Organic,Desktop,East,25-34,2024-04,2024-04-29,2024-04-29,,,,,0,stage2,1,0,0,0
U012409,2024-05-30,Referral,Desktop,East,18-24,2024-05,2024-05-30,2024-06-01,2024-06-04,,,,0,stage3,1,1,0,0
U012410,2024-05-22,Paid_Search,Desktop,North,35-44,2024-05,2024-05-22,2024-05-23,2024-05-24,2024-05-26,,,0,stage4,1,1,1,0
U012411,2024-04-09,Paid_Search,Mobile,South,25-34,2024-04,2024-04-09,2024-04-10,,,,,0,stage2,1,0,0,0
U012412,2024-05-27,Organic,Mobile,East,25-34,2024-05,2024-05-27,2024-05-28,2024-05-29,,,,0,stage3,1,1,0,0
U012416,2024-06-26,Organic,Mobile,West,25-34,2024-06,2024-06-26,2024-06-28,,,,,0,stage2,1,0,0,0
U012417,2024-06-21,Email,Mobile,Central,18-24,2024-06,2024-06-21,2024-06-21,2024-06-22,,,,0,stage3,1,1,0,0
U012418,2024-04-17,Email,Mobile,West,25-34,2024-04,2024-04-17,,,,,,0,stage1,0,0,0,0
U012420,2024-06-08,Social,Tablet,North,25-34,2024-06,2024-06-08,,,,,,0,stage1,0,0,0,0
U012423,2024-04-07,Social,Desktop,South,35-44,2024-04,2024-04-07,,,,,,0,stage1,0,0,0,0
U012424,2024-05-14,Paid_Search,Desktop,South,18-24,2024-05,2024-05-14,2024-05-15,,,,,0,stage2,1,0,0,0
U012426,2024-06-25,Organic,Tablet,South,35-44,2024-06,2024-06-25,2024-06-26,,,,,0,stage2,1,0,0,0
U012429,2024-06-16,Paid_Search,Desktop,West,45-54,2024-06,2024-06-16,2024-06-16,2024-06-17,2024-06-17,,,0,stage4,1,1,1,0
U012432,2024-06-01,Organic,Mobile,South,18-24,2024-06,2024-06-01,,,,,,0,stage1,0,0,0,0
U012434,2024-04-10,Organic,Mobile,East,25-34,2024-04,2024-04-10,2024-04-11,,,,,0,stage2,1,0,0,0
U012436,2024-05-19,Organic,Desktop,West,25-34,2024-05,2024-05-19,2024-05-21,2024-05-22,2024-05-22,2024-05-25,2024-05-26,1,Converted,1,1,1,1
U012437,2024-05-01,Referral,Desktop,East,35-44,2024-05,2024-05-01,2024-05-03,2024-05-05,,,,0,stage3,1,1,0,0
U012440,2024-05-06,Paid_Search,Desktop,North,18-24,2024-05,2024-05-06,2024-05-06,,,,,0,stage2,1,0,0,0
U012445,2024-06-06,Paid_Search,Desktop,Central,25-34,2024-06,2024-06-06,2024-06-07,2024-06-08,2024-06-08,2024-06-09,2024-06-11,1,Converted,1,1,1,1
U012446,2024-04-25,Email,Desktop,North,25-34,2024-04,2024-04-25,2024-04-25,2024-04-26,2024-04-26,2024-04-27,2024-04-27,1,Converted,1,1,1,1
U012447,2024-05-18,Paid_Search,Mobile,East,35-44,2024-05,2024-05-18,2024-05-19,2024-05-22,2024-05-22,2024-05-26,2024-05-26,1,Converted,1,1,1,1
U012448,2024-06-16,Organic,Mobile,West,35-44,2024-06,2024-06-16,2024-06-17,2024-06-19,2024-06-19,2024-06-21,2024-06-21,1,Converted,1,1,1,1
U012452,2024-04-14,Paid_Search,Desktop,East,25-34,2024-04,2024-04-14,2024-04-14,2024-04-16,2024-04-16,2024-04-18,2024-04-20,1,Converted,1,1,1,1
U012456,2024-04-14,Paid_Search,Desktop,South,35-44,2024-04,2024-04-14,2024-04-14,,,,,0,stage2,1,0,0,0
U012460,2024-04-02,Referral,Tablet,North,18-24,2024-04,2024-04-02,2024-04-02,,,,,0,stage2,1,0,0,0
U012462,2024-04-11,Organic,Mobile,North,45-54,2024-04,2024-04-11,,,,,,0,stage1,0,0,0,0
U012466,2024-05-30,Organic,Desktop,North,18-24,2024-05,2024-05-30,2024-05-31,,,,,0,stage2,1,0,0,0
U012468,2024-06-19,Organic,Tablet,Central,45-54,2024-06,2024-06-19,,,,,,0,stage1,0,0,0,0
U012470,2024-05-29,Paid_Search,Desktop,West,45-54,2024-05,2024-05-29,,,,,,0,stage1,0,0,0,0
U012473,2024-04-24,Paid_Search,Mobile,Central,35-44,2024-04,2024-04-24,,,,,,0,stage1,0,0,0,0
U012474,2024-05-01,Paid_Search,Desktop,North,55+,2024-05,2024-05-01,2024-05-01,,,,,0,stage2,1,0,0,0
U012475,2024-04-06,Referral,Desktop,North,55+,2024-04,2024-04-06,,,,,,0,stage1,0,0,0,0
U012476,2024-06-06,Social,Mobile,West,35-44,2024-06,2024-06-06,2024-06-06,,,,,0,stage2,1,0,0,0
U012478,2024-06-21,Email,Desktop,South,25-34,2024-06,2024-06-21,2024-06-21,2024-06-23,2024-06-25,2024-06-28,2024-06-29,1,Converted,1,1,1,1
U012482,2024-05-22,Email,Mobile,North,45-54,2024-05,2024-05-22,2024-05-22,,,,,0,stage2,1,0,0,0
U012483,2024-06-22,Paid_Search,Mobile,South,35-44,2024-06,2024-06-22,2024-06-22,2024-06-24,,,,0,stage3,1,1,0,0
U012485,2024-04-01,Social,Mobile,South,25-34,2024-04,2024-04-01,,,,,,0,stage1,0,0,0,0
U012486,2024-05-29,Organic,Mobile,East,35-44,2024-05,2024-05-29,2024-05-31,,,,,0,stage2,1,0,0,0
U012492,2024-05-28,Paid_Search,Mobile,South,18-24,2024-05,2024-05-28,,,,,,0,stage1,0,0,0,0
U012495,2024-05-18,Organic,Mobile,East,25-34,2024-05,2024-05-18,2024-05-19,,,,,0,stage2,1,0,0,0
U012496,2024-06-28,Social,Mobile,East,25-34,2024-06,2024-06-28,,,,,,0,stage1,0,0,0,0
U012498,2024-06-04,Email,Desktop,East,35-44,2024-06,2024-06-04,2024-06-06,2024-06-08,2024-06-09,,,0,stage4,1,1,1,0
U012499,2024-05-02,Email,Mobile,South,25-34,2024-05,2024-05-02,,,,,,0,stage1,0,0,0,0
U012500,2024-05-22,Paid_Search,Mobile,East,45-54,2024-05,2024-05-22,2024-05-23,,,,,0,stage2,1,0,0,0
U012501,2024-05-11,Organic,Desktop,South,45-54,2024-05,2024-05-11,,,,,,0,stage1,0,0,0,0
U012502,2024-06-21,Organic,Mobile,South,18-24,2024-06,2024-06-21,,,,,,0,stage1,0,0,0,0
U012503,2024-04-17,Email,Desktop,South,35-44,2024-04,2024-04-17,,,,,,0,stage1,0,0,0,0
U012505,2024-04-28,Paid_Search,Mobile,North,25-34,2024-04,2024-04-28,,,,,,0,stage1,0,0,0,0
U012506,2024-04-07,Organic,Desktop,South,25-34,2024-04,2024-04-07,,,,,,0,stage1,0,0,0,0
U012508,2024-05-14,Referral,Desktop,Central,45-54,2024-05,2024-05-14,2024-05-15,2024-05-17,,,,0,stage3,1,1,0,0
U012509,2024-04-26,Organic,Mobile,North,18-24,2024-04,2024-04-26,2024-04-27,,,,,0,stage2,1,0,0,0
U012511,2024-05-10,Referral,Mobile,North,55+,2024-05,2024-05-10,2024-05-12,2024-05-13,2024-05-14,,,0,stage4,1,1,1,0
U012512,2024-06-17,Referral,Desktop,West,45-54,2024-06,2024-06-17,2024-06-19,2024-06-20,2024-06-22,2024-06-23,2024-06-25,1,Converted,1,1,1,1
U012514,2024-06-07,Email,Desktop,East,35-44,2024-06,2024-06-07,,,,,,0,stage1,0,0,0,0
U012515,2024-05-25,Organic,Mobile,South,35-44,2024-05,2024-05-25,2024-05-25,2024-05-26,2024-05-27,2024-05-30,2024-05-30,1,Converted,1,1,1,1
U012517,2024-06-04,Referral,Mobile,South,35-44,2024-06,2024-06-04,2024-06-06,2024-06-09,,,,0,stage3,1,1,0,0
U012522,2024-04-21,Referral,Mobile,Central,35-44,2024-04,2024-04-21,,,,,,0,stage1,0,0,0,0
U012525,2024-05-09,Organic,Mobile,East,55+,2024-05,2024-05-09,2024-05-09,2024-05-10,2024-05-10,2024-05-14,2024-05-15,1,Converted,1,1,1,1
U012529,2024-05-05,Social,Mobile,East,45-54,2024-05,2024-05-05,2024-05-07,2024-05-10,2024-05-10,2024-05-11,,0,stage5,1,1,1,1
U012530,2024-04-01,Social,Desktop,North,18-24,2024-04,2024-04-01,,,,,,0,stage1,0,0,0,0
U012536,2024-04-13,Social,Desktop,East,35-44,2024-04,2024-04-13,2024-04-14,2024-04-15,,,,0,stage3,1,1,0,0
U012537,2024-05-31,Email,Mobile,Central,55+,2024-05,2024-05-31,2024-05-31,,,,,0,stage2,1,0,0,0
U012538,2024-06-05,Referral,Mobile,South,35-44,2024-06,2024-06-05,,,,,,0,stage1,0,0,0,0
U012541,2024-05-12,Organic,Desktop,North,18-24,2024-05,2024-05-12,2024-05-14,2024-05-17,,,,0,stage3,1,1,0,0
U012542,2024-05-25,Organic,Desktop,Central,35-44,2024-05,2024-05-25,,,,,,0,stage1,0,0,0,0
U012547,2024-05-25,Social,Tablet,West,35-44,2024-05,2024-05-25,2024-05-27,2024-05-30,2024-05-30,,,0,stage4,1,1,1,0
U012549,2024-06-24,Social,Desktop,East,18-24,2024-06,2024-06-24,,,,,,0,stage1,0,0,0,0
U012550,2024-05-06,Social,Desktop,North,35-44,2024-05,2024-05-06,,,,,,0,stage1,0,0,0,0
U012552,2024-05-28,Organic,Tablet,West,25-34,2024-05,2024-05-28,2024-05-30,2024-06-02,,,,0,stage3,1,1,0,0
U012553,2024-05-27,Organic,Mobile,North,18-24,2024-05,2024-05-27,,,,,,0,stage1,0,0,0,0
U012554,2024-04-27,Organic,Mobile,North,25-34,2024-04,2024-04-27,,,,,,0,stage1,0,0,0,0
U012555,2024-06-07,Referral,Desktop,South,18-24,2024-06,2024-06-07,,,,,,0,stage1,0,0,0,0
U012557,2024-05-18,Referral,Desktop,South,25-34,2024-05,2024-05-18,2024-05-20,2024-05-22,2024-05-23,2024-05-24,2024-05-26,1,Converted,1,1,1,1
U012558,2024-04-18,Social,Mobile,Central,25-34,2024-04,2024-04-18,,,,,,0,stage1,0,0,0,0
U012559,2024-05-02,Email,Tablet,East,18-24,2024-05,2024-05-02,,,,,,0,stage1,0,0,0,0
U012563,2024-05-30,Social,Mobile,East,25-34,2024-05,2024-05-30,2024-06-01,,,,,0,stage2,1,0,0,0
U012565,2024-06-24,Email,Desktop,East,18-24,2024-06,2024-06-24,,,,,,0,stage1,0,0,0,0
U012568,2024-04-21,Social,Mobile,West,55+,2024-04,2024-04-21,,,,,,0,stage1,0,0,0,0
U012573,2024-06-18,Paid_Search,Tablet,South,35-44,2024-06,2024-06-18,,,,,,0,stage1,0,0,0,0
U012574,2024-06-03,Organic,Desktop,West,55+,2024-06,2024-06-03,,,,,,0,stage1,0,0,0,0
U012575,2024-05-22,Paid_Search,Desktop,Central,18-24,2024-05,2024-05-22,2024-05-24,2024-05-26,,,,0,stage3,1,1,0,0
U012576,2024-06-26,Social,Desktop,Central,25-34,2024-06,2024-06-26,2024-06-27,2024-06-29,,,,0,stage3,1,1,0,0
U012577,2024-05-08,Email,Tablet,Central,45-54,2024-05,2024-05-08,,,,,,0,stage1,0,0,0,0
U012579,2024-05-26,Social,Mobile,Central,45-54,2024-05,2024-05-26,,,,,,0,stage1,0,0,0,0
U012584,2024-06-19,Organic,Desktop,South,35-44,2024-06,2024-06-19,2024-06-19,,,,,0,stage2,1,0,0,0
U012586,2024-04-02,Paid_Search,Mobile,West,25-34,2024-04,2024-04-02,2024-04-02,,,,,0,stage2,1,0,0,0
U012590,2024-04-15,Email,Desktop,East,55+,2024-04,2024-04-15,2024-04-16,,,,,0,stage2,1,0,0,0
U012593,2024-05-27,Organic,Desktop,East,55+,2024-05,2024-05-27,2024-05-29,2024-06-01,2024-06-02,2024-06-05,2024-06-07,1,Converted,1,1,1,1
U012594,2024-06-29,Paid_Search,Desktop,Central,25-34,2024-06,2024-06-29,2024-06-30,,,,,0,stage2,1,0,0,0
U012595,2024-04-13,Referral,Mobile,North,25-34,2024-04,2024-04-13,2024-04-14,,,,,0,stage2,1,0,0,0
U012596,2024-04-23,Referral,Desktop,Central,18-24,2024-04,2024-04-23,2024-04-23,,,,,0,stage2,1,0,0,0
U012598,2024-06-13,Organic,Mobile,East,55+,2024-06,2024-06-13,,,,,,0,stage1,0,0,0,0
U012601,2024-06-29,Organic,Desktop,South,18-24,2024-06,2024-06-29,2024-07-01,,,,,0,stage2,1,0,0,0
U012603,2024-05-09,Social,Desktop,North,25-34,2024-05,2024-05-09,,,,,,0,stage1,0,0,0,0
U012606,2024-05-11,Social,Desktop,East,35-44,2024-05,2024-05-11,,,,,,0,stage1,0,0,0,0
U012607,2024-04-24,Email,Mobile,South,55+,2024-04,2024-04-24,2024-04-26,,,,,0,stage2,1,0,0,0
U012610,2024-04-10,Paid_Search,Mobile,North,45-54,2024-04,2024-04-10,2024-04-10,2024-04-11,2024-04-13,,,0,stage4,1,1,1,0
U012612,2024-05-08,Organic,Desktop,West,45-54,2024-05,2024-05-08,2024-05-08,2024-05-10,,,,0,stage3,1,1,0,0
U012616,2024-04-29,Organic,Desktop,South,25-34,2024-04,2024-04-29,2024-04-29,2024-05-01,,,,0,stage3,1,1,0,0
U012617,2024-06-12,Email,Mobile,West,45-54,2024-06,2024-06-12,2024-06-12,,,,,0,stage2,1,0,0,0
U012618,2024-04-15,Organic,Desktop,Central,18-24,2024-04,2024-04-15,,,,,,0,stage1,0,0,0,0
U012621,2024-04-26,Organic,Desktop,Central,18-24,2024-04,2024-04-26,2024-04-26,2024-04-27,2024-04-28,2024-04-29,2024-04-29,1,Converted,1,1,1,1
U012622,2024-06-07,Email,Mobile,North,35-44,2024-06,2024-06-07,,,,,,0,stage1,0,0,0,0
U012624,2024-05-23,Referral,Mobile,West,45-54,2024-05,2024-05-23,,,,,,0,stage1,0,0,0,0
U012626,2024-05-21,Organic,Mobile,Central,18-24,2024-05,2024-05-21,2024-05-23,2024-05-25,,,,0,stage3,1,1,0,0
U012630,2024-05-24,Social,Mobile,West,45-54,2024-05,2024-05-24,2024-05-24,,,,,0,stage2,1,0,0,0
U012632,2024-04-11,Referral,Mobile,East,35-44,2024-04,2024-04-11,2024-04-11,2024-04-12,2024-04-12,2024-04-16,2024-04-18,1,Converted,1,1,1,1
U012636,2024-04-14,Organic,Mobile,South,35-44,2024-04,2024-04-14,2024-04-14,,,,,0,stage2,1,0,0,0
U012639,2024-05-23,Paid_Search,Desktop,Central,35-44,2024-05,2024-05-23,,,,,,0,stage1,0,0,0,0
U012641,2024-05-13,Organic,Mobile,North,18-24,2024-05,2024-05-13,,,,,,0,stage1,0,0,0,0
U012643,2024-04-27,Referral,Desktop,South,55+,2024-04,2024-04-27,2024-04-27,2024-04-28,,,,0,stage3,1,1,0,0
U012646,2024-05-25,Organic,Tablet,South,25-34,2024-05,2024-05-25,2024-05-27,2024-05-30,,,,0,stage3,1,1,0,0
U012647,2024-04-19,Referral,Mobile,Central,45-54,2024-04,2024-04-19,2024-04-19,2024-04-21,2024-04-21,2024-04-23,2024-04-23,1,Converted,1,1,1,1
U012648,2024-06-16,Paid_Search,Desktop,Central,35-44,2024-06,2024-06-16,2024-06-17,2024-06-20,2024-06-22,,,0,stage4,1,1,1,0
U012649,2024-04-05,Social,Desktop,North,45-54,2024-04,2024-04-05,,,,,,0,stage1,0,0,0,0
U012651,2024-04-19,Organic,Desktop,North,45-54,2024-04,2024-04-19,,,,,,0,stage1,0,0,0,0
U012652,2024-04-21,Referral,Desktop,North,25-34,2024-04,2024-04-21,,,,,,0,stage1,0,0,0,0
U012660,2024-04-17,Social,Desktop,Central,35-44,2024-04,2024-04-17,2024-04-17,,,,,0,stage2,1,0,0,0
U012661,2024-06-11,Paid_Search,Mobile,West,18-24,2024-06,2024-06-11,,,,,,0,stage1,0,0,0,0
U012663,2024-06-08,Paid_Search,Mobile,Central,35-44,2024-06,2024-06-08,2024-06-08,,,,,0,stage2,1,0,0,0
U012666,2024-04-03,Social,Desktop,East,25-34,2024-04,2024-04-03,2024-04-04,,,,,0,stage2,1,0,0,0
U012667,2024-06-09,Organic,Desktop,North,18-24,2024-06,2024-06-09,2024-06-09,2024-06-12,2024-06-13,2024-06-17,2024-06-17,1,Converted,1,1,1,1
U012669,2024-05-22,Organic,Mobile,West,25-34,2024-05,2024-05-22,2024-05-23,2024-05-24,2024-05-25,2024-05-29,2024-05-31,1,Converted,1,1,1,1
U012674,2024-06-22,Organic,Mobile,East,35-44,2024-06,2024-06-22,2024-06-22,2024-06-24,,,,0,stage3,1,1,0,0
U012675,2024-06-20,Social,Tablet,South,25-34,2024-06,2024-06-20,,,,,,0,stage1,0,0,0,0
U012677,2024-06-29,Organic,Mobile,West,18-24,2024-06,2024-06-29,,,,,,0,stage1,0,0,0,0
U012678,2024-04-09,Referral,Mobile,South,25-34,2024-04,2024-04-09,2024-04-10,2024-04-13,2024-04-14,2024-04-16,2024-04-16,1,Converted,1,1,1,1
U012680,2024-04-23,Paid_Search,Mobile,West,25-34,2024-04,2024-04-23,,,,,,0,stage1,0,0,0,0
U012681,2024-05-10,Organic,Mobile,East,25-34,2024-05,2024-05-10,,,,,,0,stage1,0,0,0,0
U012684,2024-05-01,Organic,Mobile,West,35-44,2024-05,2024-05-01,,,,,,0,stage1,0,0,0,0
U012685,2024-04-29,Organic,Desktop,East,45-54,2024-04,2024-04-29,2024-04-29,2024-05-02,2024-05-02,2024-05-03,,0,stage5,1,1,1,1
U012686,2024-06-12,Referral,Desktop,North,25-34,2024-06,2024-06-12,,,,,,0,stage1,0,0,0,0
U012688,2024-04-02,Email,Desktop,West,25-34,2024-04,2024-04-02,2024-04-02,,,,,0,stage2,1,0,0,0
U012690,2024-05-10,Referral,Mobile,West,18-24,2024-05,2024-05-10,2024-05-11,2024-05-14,,,,0,stage3,1,1,0,0
U012691,2024-05-24,Email,Mobile,North,55+,2024-05,2024-05-24,2024-05-25,2024-05-27,,,,0,stage3,1,1,0,0
U012696,2024-04-17,Social,Desktop,South,35-44,2024-04,2024-04-17,2024-04-19,,,,,0,stage2,1,0,0,0
U012697,2024-04-06,Paid_Search,Mobile,North,25-34,2024-04,2024-04-06,2024-04-08,2024-04-09,2024-04-09,2024-04-11,2024-04-11,1,Converted,1,1,1,1
U012699,2024-04-20,Organic,Desktop,West,18-24,2024-04,2024-04-20,2024-04-21,,,,,0,stage2,1,0,0,0
U012700,2024-06-03,Email,Desktop,West,18-24,2024-06,2024-06-03,2024-06-05,2024-06-07,2024-06-07,2024-06-10,2024-06-11,1,Converted,1,1,1,1
U012701,2024-05-27,Paid_Search,Desktop,West,35-44,2024-05,2024-05-27,,,,,,0,stage1,0,0,0,0
U012703,2024-04-12,Organic,Tablet,East,18-24,2024-04,2024-04-12,2024-04-14,,,,,0,stage2,1,0,0,0
U012704,2024-06-25,Organic,Mobile,North,45-54,2024-06,2024-06-25,2024-06-26,2024-06-28,2024-06-30,2024-07-01,,0,stage5,1,1,1,1
U012707,2024-06-20,Organic,Mobile,Central,35-44,2024-06,2024-06-20,2024-06-22,2024-06-25,2024-06-26,2024-06-28,,0,stage5,1,1,1,1
U012708,2024-05-19,Referral,Mobile,South,45-54,2024-05,2024-05-19,2024-05-21,2024-05-22,2024-05-24,2024-05-26,2024-05-27,1,Converted,1,1,1,1
U012710,2024-06-20,Organic,Desktop,North,55+,2024-06,2024-06-20,,,,,,0,stage1,0,0,0,0
U012711,2024-04-19,Organic,Mobile,North,25-34,2024-04,2024-04-19,2024-04-19,2024-04-21,,,,0,stage3,1,1,0,0
U012713,2024-05-08,Paid_Search,Desktop,South,18-24,2024-05,2024-05-08,2024-05-08,2024-05-11,,,,0,stage3,1,1,0,0
U012715,2024-05-12,Referral,Mobile,North,35-44,2024-05,2024-05-12,,,,,,0,stage1,0,0,0,0
U012717,2024-05-30,Organic,Desktop,South,18-24,2024-05,2024-05-30,2024-05-31,,,,,0,stage2,1,0,0,0
U012718,2024-05-17,Organic,Tablet,East,35-44,2024-05,2024-05-17,,,,,,0,stage1,0,0,0,0
U012720,2024-04-13,Social,Desktop,South,25-34,2024-04,2024-04-13,2024-04-14,2024-04-16,,,,0,stage3,1,1,0,0
U012725,2024-04-04,Organic,Mobile,Central,35-44,2024-04,2024-04-04,2024-04-05,2024-04-06,2024-04-08,2024-04-11,2024-04-11,1,Converted,1,1,1,1
U012730,2024-05-15,Organic,Mobile,Central,25-34,2024-05,2024-05-15,2024-05-16,,,,,0,stage2,1,0,0,0
U012734,2024-06-13,Organic,Mobile,West,25-34,2024-06,2024-06-13,2024-06-15,,,,,0,stage2,1,0,0,0
U012735,2024-04-08,Paid_Search,Mobile,Central,45-54,2024-04,2024-04-08,2024-04-08,,,,,0,stage2,1,0,0,0
U012738,2024-06-27,Paid_Search,Mobile,East,25-34,2024-06,2024-06-27,2024-06-27,2024-06-28,2024-06-30,,,0,stage4,1,1,1,0
U012739,2024-04-24,Referral,Mobile,East,45-54,2024-04,2024-04-24,,,,,,0,stage1,0,0,0,0
U012740,2024-05-20,Organic,Desktop,Central,25-34,2024-05,2024-05-20,,,,,,0,stage1,0,0,0,0
U012741,2024-05-31,Email,Desktop,Central,25-34,2024-05,2024-05-31,,,,,,0,stage1,0,0,0,0
U012742,2024-06-08,Referral,Mobile,Central,45-54,2024-06,2024-06-08,2024-06-10,2024-06-11,2024-06-11,,,0,stage4,1,1,1,0
U012748,2024-04-29,Social,Desktop,East,35-44,2024-04,2024-04-29,,,,,,0,stage1,0,0,0,0
U012749,2024-06-15,Email,Desktop,South,25-34,2024-06,2024-06-15,,,,,,0,stage1,0,0,0,0
U012750,2024-05-22,Email,Desktop,West,35-44,2024-05,2024-05-22,2024-05-23,2024-05-24,2024-05-26,,,0,stage4,1,1,1,0
U012752,2024-04-09,Referral,Mobile,South,35-44,2024-04,2024-04-09,2024-04-09,2024-04-11,2024-04-13,2024-04-14,,0,stage5,1,1,1,1
U012753,2024-05-09,Organic,Desktop,Central,25-34,2024-05,2024-05-09,2024-05-10,2024-05-11,2024-05-13,2024-05-16,2024-05-18,1,Converted,1,1,1,1
U012754,2024-04-29,Paid_Search,Mobile,North,45-54,2024-04,2024-04-29,2024-05-01,,,,,0,stage2,1,0,0,0
U012756,2024-04-03,Social,Mobile,East,45-54,2024-04,2024-04-03,,,,,,0,stage1,0,0,0,0
U012758,2024-06-09,Organic,Desktop,Central,18-24,2024-06,2024-06-09,2024-06-09,2024-06-10,2024-06-10,2024-06-14,2024-06-15,1,Converted,1,1,1,1
U012761,2024-06-29,Paid_Search,Mobile,West,18-24,2024-06,2024-06-29,2024-06-29,,,,,0,stage2,1,0,0,0
U012763,2024-05-22,Referral,Mobile,South,18-24,2024-05,2024-05-22,2024-05-24,,,,,0,stage2,1,0,0,0
U012764,2024-06-22,Organic,Mobile,North,25-34,2024-06,2024-06-22,2024-06-23,,,,,0,stage2,1,0,0,0
U012765,2024-05-13,Organic,Desktop,Central,45-54,2024-05,2024-05-13,2024-05-15,2024-05-16,2024-05-17,2024-05-19,2024-05-20,1,Converted,1,1,1,1
U012766,2024-06-02,Organic,Mobile,South,18-24,2024-06,2024-06-02,2024-06-02,2024-06-05,,,,0,stage3,1,1,0,0
U012769,2024-06-25,Referral,Desktop,North,25-34,2024-06,2024-06-25,,,,,,0,stage1,0,0,0,0
U012770,2024-05-11,Organic,Desktop,East,18-24,2024-05,2024-05-11,2024-05-11,,,,,0,stage2,1,0,0,0
U012771,2024-06-06,Social,Mobile,South,55+,2024-06,2024-06-06,,,,,,0,stage1,0,0,0,0
U012772,2024-04-30,Organic,Mobile,Central,35-44,2024-04,2024-04-30,2024-04-30,2024-05-01,,,,0,stage3,1,1,0,0
U012774,2024-06-01,Referral,Mobile,North,25-34,2024-06,2024-06-01,2024-06-03,,,,,0,stage2,1,0,0,0
U012775,2024-06-11,Paid_Search,Tablet,West,35-44,2024-06,2024-06-11,2024-06-12,2024-06-14,2024-06-15,2024-06-19,2024-06-19,1,Converted,1,1,1,1
U012776,2024-05-17,Social,Mobile,East,25-34,2024-05,2024-05-17,2024-05-17,2024-05-19,2024-05-20,2024-05-22,2024-05-22,1,Converted,1,1,1,1
U012777,2024-04-24,Paid_Search,Tablet,South,45-54,2024-04,2024-04-24,,,,,,0,stage1,0,0,0,0
U012778,2024-04-17,Paid_Search,Mobile,Central,25-34,2024-04,2024-04-17,,,,,,0,stage1,0,0,0,0
U012779,2024-05-23,Social,Desktop,North,55+,2024-05,2024-05-23,,,,,,0,stage1,0,0,0,0
U012783,2024-05-20,Organic,Mobile,West,55+,2024-05,2024-05-20,2024-05-20,2024-05-23,2024-05-25,2024-05-28,2024-05-29,1,Converted,1,1,1,1
U012784,2024-04-29,Organic,Mobile,Central,45-54,2024-04,2024-04-29,2024-05-01,2024-05-02,,,,0,stage3,1,1,0,0
U012787,2024-06-15,Referral,Desktop,Central,25-34,2024-06,2024-06-15,,,,,,0,stage1,0,0,0,0
U012789,2024-06-20,Paid_Search,Mobile,South,45-54,2024-06,2024-06-20,2024-06-21,,,,,0,stage2,1,0,0,0
U012791,2024-04-11,Social,Desktop,East,45-54,2024-04,2024-04-11,2024-04-11,,,,,0,stage2,1,0,0,0
U012794,2024-05-29,Organic,Desktop,South,18-24,2024-05,2024-05-29,2024-05-29,2024-05-31,2024-06-02,2024-06-06,2024-06-08,1,Converted,1,1,1,1
U012797,2024-04-11,Paid_Search,Desktop,West,18-24,2024-04,2024-04-11,2024-04-13,,,,,0,stage2,1,0,0,0
U012798,2024-04-30,Email,Desktop,Central,35-44,2024-04,2024-04-30,2024-04-30,2024-05-02,2024-05-03,2024-05-06,2024-05-06,1,Converted,1,1,1,1
U012799,2024-04-21,Referral,Desktop,South,55+,2024-04,2024-04-21,2024-04-23,2024-04-26,2024-04-26,2024-04-28,2024-04-30,1,Converted,1,1,1,1
U012800,2024-04-03,Paid_Search,Desktop,Central,45-54,2024-04,2024-04-03,2024-04-05,,,,,0,stage2,1,0,0,0
U012809,2024-06-07,Paid_Search,Desktop,West,25-34,2024-06,2024-06-07,,,,,,0,stage1,0,0,0,0
U012810,2024-05-17,Social,Mobile,South,18-24,2024-05,2024-05-17,2024-05-17,2024-05-20,,,,0,stage3,1,1,0,0
U012812,2024-05-18,Paid_Search,Desktop,South,18-24,2024-05,2024-05-18,2024-05-19,,,,,0,stage2,1,0,0,0
U012813,2024-05-08,Referral,Desktop,East,25-34,2024-05,2024-05-08,2024-05-08,2024-05-09,2024-05-09,2024-05-10,2024-05-11,1,Converted,1,1,1,1
U012815,2024-04-18,Referral,Mobile,South,25-34,2024-04,2024-04-18,2024-04-20,2024-04-21,2024-04-21,2024-04-24,2024-04-24,1,Converted,1,1,1,1
U012818,2024-04-06,Organic,Mobile,West,25-34,2024-04,2024-04-06,2024-04-07,2024-04-10,,,,0,stage3,1,1,0,0
U012819,2024-04-03,Paid_Search,Desktop,North,45-54,2024-04,2024-04-03,2024-04-05,,,,,0,stage2,1,0,0,0
U012820,2024-05-20,Paid_Search,Mobile,Central,45-54,2024-05,2024-05-20,2024-05-21,,,,,0,stage2,1,0,0,0
U012821,2024-06-27,Referral,Mobile,Central,18-24,2024-06,2024-06-27,2024-06-28,2024-06-30,,,,0,stage3,1,1,0,0
U012829,2024-04-17,Paid_Search,Desktop,Central,18-24,2024-04,2024-04-17,2024-04-18,,,,,0,stage2,1,0,0,0
U012831,2024-05-05,Referral,Mobile,Central,55+,2024-05,2024-05-05,2024-05-07,,,,,0,stage2,1,0,0,0
U012832,2024-05-29,Organic,Desktop,West,25-34,2024-05,2024-05-29,2024-05-30,2024-05-31,,,,0,stage3,1,1,0,0
U012837,2024-05-19,Organic,Desktop,North,18-24,2024-05,2024-05-19,2024-05-19,2024-05-21,2024-05-22,2024-05-25,2024-05-25,1,Converted,1,1,1,1
U012840,2024-04-05,Social,Mobile,North,18-24,2024-04,2024-04-05,,,,,,0,stage1,0,0,0,0
U012841,2024-05-24,Paid_Search,Mobile,North,35-44,2024-05,2024-05-24,2024-05-25,2024-05-28,,,,0,stage3,1,1,0,0
U012843,2024-04-02,Referral,Desktop,East,25-34,2024-04,2024-04-02,,,,,,0,stage1,0,0,0,0
U012846,2024-06-12,Organic,Mobile,South,45-54,2024-06,2024-06-12,2024-06-12,,,,,0,stage2,1,0,0,0
U012847,2024-06-20,Paid_Search,Mobile,East,35-44,2024-06,2024-06-20,,,,,,0,stage1,0,0,0,0
U012848,2024-06-02,Paid_Search,Mobile,South,55+,2024-06,2024-06-02,,,,,,0,stage1,0,0,0,0
U012849,2024-04-28,Social,Mobile,West,45-54,2024-04,2024-04-28,2024-04-28,2024-04-29,,,,0,stage3,1,1,0,0
U012850,2024-04-08,Referral,Desktop,North,25-34,2024-04,2024-04-08,2024-04-08,2024-04-09,2024-04-10,,,0,stage4,1,1,1,0
U012852,2024-04-04,Organic,Desktop,North,25-34,2024-04,2024-04-04,2024-04-05,2024-04-07,2024-04-08,2024-04-12,2024-04-12,1,Converted,1,1,1,1
U012854,2024-04-23,Referral,Tablet,North,18-24,2024-04,2024-04-23,,,,,,0,stage1,0,0,0,0
U012856,2024-04-27,Email,Mobile,North,25-34,2024-04,2024-04-27,,,,,,0,stage1,0,0,0,0
U012858,2024-05-08,Organic,Mobile,West,18-24,2024-05,2024-05-08,,,,,,0,stage1,0,0,0,0
U012859,2024-04-28,Organic,Mobile,East,18-24,2024-04,2024-04-28,2024-04-28,,,,,0,stage2,1,0,0,0
U012860,2024-04-02,Email,Mobile,East,45-54,2024-04,2024-04-02,2024-04-03,,,,,0,stage2,1,0,0,0
U012862,2024-05-03,Referral,Tablet,East,45-54,2024-05,2024-05-03,,,,,,0,stage1,0,0,0,0
U012863,2024-06-19,Referral,Desktop,South,35-44,2024-06,2024-06-19,2024-06-21,2024-06-22,2024-06-22,,,0,stage4,1,1,1,0
U012865,2024-05-04,Social,Mobile,South,18-24,2024-05,2024-05-04,,,,,,0,stage1,0,0,0,0
U012869,2024-04-23,Referral,Mobile,East,25-34,2024-04,2024-04-23,,,,,,0,stage1,0,0,0,0
U012873,2024-06-29,Referral,Desktop,East,25-34,2024-06,2024-06-29,2024-06-30,2024-07-03,,,,0,stage3,1,1,0,0
U012875,2024-04-08,Organic,Mobile,South,18-24,2024-04,2024-04-08,,,,,,0,stage1,0,0,0,0
U012880,2024-06-24,Referral,Desktop,South,55+,2024-06,2024-06-24,2024-06-26,2024-06-28,2024-06-28,,,0,stage4,1,1,1,0
U012881,2024-04-25,Paid_Search,Desktop,North,55+,2024-04,2024-04-25,2024-04-25,,,,,0,stage2,1,0,0,0
U012882,2024-05-22,Social,Desktop,West,25-34,2024-05,2024-05-22,2024-05-24,,,,,0,stage2,1,0,0,0
U012884,2024-04-16,Email,Desktop,East,55+,2024-04,2024-04-16,2024-04-17,2024-04-19,2024-04-19,,,0,stage4,1,1,1,0
U012886,2024-04-24,Organic,Desktop,South,18-24,2024-04,2024-04-24,2024-04-26,,,,,0,stage2,1,0,0,0
U012887,2024-04-06,Paid_Search,Mobile,Central,45-54,2024-04,2024-04-06,2024-04-08,2024-04-09,,,,0,stage3,1,1,0,0
U012890,2024-05-20,Organic,Mobile,West,25-34,2024-05,2024-05-20,2024-05-21,2024-05-23,2024-05-24,2024-05-26,2024-05-27,1,Converted,1,1,1,1
U012891,2024-06-03,Paid_Search,Tablet,East,35-44,2024-06,2024-06-03,2024-06-03,,,,,0,stage2,1,0,0,0
U012893,2024-04-20,Organic,Mobile,West,35-44,2024-04,2024-04-20,2024-04-22,2024-04-25,2024-04-26,,,0,stage4,1,1,1,0
U012894,2024-06-04,Social,Tablet,Central,25-34,2024-06,2024-06-04,,,,,,0,stage1,0,0,0,0
U012896,2024-06-20,Paid_Search,Desktop,North,35-44,2024-06,2024-06-20,,,,,,0,stage1,0,0,0,0
U012897,2024-06-26,Paid_Search,Mobile,East,18-24,2024-06,2024-06-26,2024-06-26,2024-06-28,,,,0,stage3,1,1,0,0
U012898,2024-05-12,Organic,Mobile,East,35-44,2024-05,2024-05-12,2024-05-14,2024-05-16,2024-05-18,,,0,stage4,1,1,1,0
U012899,2024-06-22,Referral,Desktop,West,55+,2024-06,2024-06-22,2024-06-22,2024-06-23,2024-06-23,2024-06-26,2024-06-27,1,Converted,1,1,1,1
U012904,2024-06-01,Social,Desktop,West,35-44,2024-06,2024-06-01,2024-06-02,2024-06-04,2024-06-05,2024-06-06,2024-06-07,1,Converted,1,1,1,1
U012906,2024-06-16,Referral,Mobile,West,25-34,2024-06,2024-06-16,,,,,,0,stage1,0,0,0,0
U012908,2024-04-25,Organic,Mobile,South,35-44,2024-04,2024-04-25,2024-04-25,,,,,0,stage2,1,0,0,0
U012909,2024-05-01,Organic,Mobile,East,18-24,2024-05,2024-05-01,2024-05-03,,,,,0,stage2,1,0,0,0
U012910,2024-06-01,Social,Mobile,West,25-34,2024-06,2024-06-01,,,,,,0,stage1,0,0,0,0
U012911,2024-04-28,Organic,Mobile,Central,18-24,2024-04,2024-04-28,,,,,,0,stage1,0,0,0,0
U012912,2024-05-07,Paid_Search,Desktop,Central,18-24,2024-05,2024-05-07,,,,,,0,stage1,0,0,0,0
U012913,2024-06-30,Organic,Mobile,East,18-24,2024-06,2024-06-30,2024-07-01,,,,,0,stage2,1,0,0,0
U012915,2024-04-21,Paid_Search,Mobile,East,18-24,2024-04,2024-04-21,,,,,,0,stage1,0,0,0,0
U012920,2024-05-02,Referral,Desktop,West,18-24,2024-05,2024-05-02,2024-05-02,,,,,0,stage2,1,0,0,0
U012921,2024-04-13,Social,Desktop,South,25-34,2024-04,2024-04-13,2024-04-15,2024-04-16,2024-04-17,2024-04-19,,0,stage5,1,1,1,1
U012923,2024-06-29,Paid_Search,Desktop,South,18-24,2024-06,2024-06-29,2024-06-29,2024-06-30,,,,0,stage3,1,1,0,0
U012924,2024-06-13,Organic,Mobile,North,45-54,2024-06,2024-06-13,,,,,,0,stage1,0,0,0,0
U012926,2024-05-03,Organic,Desktop,North,25-34,2024-05,2024-05-03,,,,,,0,stage1,0,0,0,0
U012930,2024-04-28,Organic,Mobile,South,18-24,2024-04,2024-04-28,2024-04-29,,,,,0,stage2,1,0,0,0
U012931,2024-06-15,Organic,Mobile,West,35-44,2024-06,2024-06-15,,,,,,0,stage1,0,0,0,0
U012932,2024-05-05,Referral,Mobile,East,18-24,2024-05,2024-05-05,2024-05-06,,,,,0,stage2,1,0,0,0
U012933,2024-06-04,Referral,Desktop,North,25-34,2024-06,2024-06-04,2024-06-04,2024-06-06,,,,0,stage3,1,1,0,0
U012938,2024-04-13,Organic,Mobile,North,35-44,2024-04,2024-04-13,2024-04-15,2024-04-18,,,,0,stage3,1,1,0,0
U012941,2024-04-18,Social,Mobile,Central,25-34,2024-04,2024-04-18,2024-04-20,,,,,0,stage2,1,0,0,0
U012945,2024-04-15,Paid_Search,Mobile,East,35-44,2024-04,2024-04-15,2024-04-17,,,,,0,stage2,1,0,0,0
U012946,2024-05-20,Paid_Search,Desktop,North,35-44,2024-05,2024-05-20,,,,,,0,stage1,0,0,0,0
U012949,2024-06-22,Paid_Search,Mobile,West,25-34,2024-06,2024-06-22,,,,,,0,stage1,0,0,0,0
U012950,2024-04-11,Social,Mobile,West,18-24,2024-04,2024-04-11,2024-04-12,2024-04-14,2024-04-14,2024-04-15,2024-04-16,1,Converted,1,1,1,1
U012951,2024-05-19,Organic,Desktop,East,25-34,2024-05,2024-05-19,,,,,,0,stage1,0,0,0,0
U012953,2024-04-28,Organic,Desktop,Central,18-24,2024-04,2024-04-28,2024-04-28,2024-04-29,,,,0,stage3,1,1,0,0
U012956,2024-04-24,Organic,Mobile,East,18-24,2024-04,2024-04-24,2024-04-24,,,,,0,stage2,1,0,0,0
U012958,2024-06-24,Organic,Mobile,East,18-24,2024-06,2024-06-24,2024-06-24,,,,,0,stage2,1,0,0,0
U012960,2024-05-29,Social,Mobile,South,35-44,2024-05,2024-05-29,2024-05-29,,,,,0,stage2,1,0,0,0
U012963,2024-04-15,Organic,Mobile,Central,18-24,2024-04,2024-04-15,2024-04-16,,,,,0,stage2,1,0,0,0
U012969,2024-04-23,Paid_Search,Desktop,South,18-24,2024-04,2024-04-23,2024-04-24,2024-04-25,,,,0,stage3,1,1,0,0
U012970,2024-05-22,Organic,Desktop,Central,25-34,2024-05,2024-05-22,2024-05-22,2024-05-25,,,,0,stage3,1,1,0,0
U012973,2024-04-11,Email,Desktop,West,35-44,2024-04,2024-04-11,2024-04-12,,,,,0,stage2,1,0,0,0
U012976,2024-06-27,Paid_Search,Mobile,South,25-34,2024-06,2024-06-27,2024-06-29,,,,,0,stage2,1,0,0,0
U012978,2024-06-03,Email,Desktop,Central,45-54,2024-06,2024-06-03,,,,,,0,stage1,0,0,0,0
U012981,2024-04-28,Organic,Tablet,West,18-24,2024-04,2024-04-28,2024-04-30,,,,,0,stage2,1,0,0,0
U012983,2024-05-06,Social,Desktop,North,25-34,2024-05,2024-05-06,,,,,,0,stage1,0,0,0,0
U012985,2024-05-18,Organic,Desktop,West,45-54,2024-05,2024-05-18,2024-05-18,2024-05-19,2024-05-21,2024-05-22,2024-05-23,1,Converted,1,1,1,1
U012987,2024-06-15,Organic,Tablet,Central,25-34,2024-06,2024-06-15,2024-06-15,,,,,0,stage2,1,0,0,0
U012991,2024-04-17,Email,Desktop,South,18-24,2024-04,2024-04-17,,,,,,0,stage1,0,0,0,0
U012992,2024-04-25,Organic,Tablet,South,45-54,2024-04,2024-04-25,2024-04-26,,,,,0,stage2,1,0,0,0
U012993,2024-06-14,Paid_Search,Desktop,South,25-34,2024-06,2024-06-14,,,,,,0,stage1,0,0,0,0
U012996,2024-06-08,Organic,Mobile,North,35-44,2024-06,2024-06-08,2024-06-10,2024-06-13,2024-06-15,2024-06-18,2024-06-18,1,Converted,1,1,1,1
U012997,2024-04-25,Referral,Mobile,North,35-44,2024-04,2024-04-25,,,,,,0,stage1,0,0,0,0
U012999,2024-05-09,Organic,Desktop,Central,25-34,2024-05,2024-05-09,2024-05-11,2024-05-13,,,,0,stage3,1,1,0,0
